DATETIME,price
2010-03-15 23:00:00,1.4187999999999998
2010-03-16 23:00:00,1.4273999999999998
2010-03-17 23:00:00,1.4264999999999999
2010-03-18 23:00:00,1.4121999999999997
2010-03-19 23:00:00,1.4042999999999999
2010-03-22 23:00:00,1.4038999999999997
2010-03-23 23:00:00,1.4058999999999997
2010-03-24 23:00:00,1.3875999999999997
2010-03-25 23:00:00,1.3876999999999997
2010-03-26 23:00:00,1.3927999999999998
2010-03-29 23:00:00,1.3980999999999997
2010-03-30 23:00:00,1.3965999999999998
2010-03-31 23:00:00,1.4054999999999997
2010-04-01 23:00:00,1.4059999999999997
2010-04-02 23:00:00,1.4014999999999997
2010-04-05 23:00:00,1.4039999999999997
2010-04-06 23:00:00,1.3896999999999997
2010-04-07 23:00:00,1.3868999999999998
2010-04-08 23:00:00,1.3870999999999998
2010-04-09 23:00:00,1.3973999999999998
2010-04-12 23:00:00,1.4120999999999997
2010-04-13 23:00:00,1.4091999999999998
2010-04-14 23:00:00,1.4148999999999998
2010-04-15 23:00:00,1.4095999999999997
2010-04-16 23:00:00,1.4044999999999999
2010-04-19 23:00:00,1.3993999999999998
2010-04-20 23:00:00,1.3992999999999998
2010-04-21 23:00:00,1.3915999999999997
2010-04-22 23:00:00,1.3821999999999999
2010-04-23 23:00:00,1.3894999999999997
2010-04-26 23:00:00,1.3842999999999999
2010-04-27 23:00:00,1.3859999999999997
2010-04-28 23:00:00,1.3713999999999997
2010-04-29 23:00:00,1.3771999999999998
2010-04-30 23:00:00,1.3837999999999997
2010-05-04 23:00:00,1.3566999999999998
2010-05-05 23:00:00,1.3390999999999997
2010-05-06 23:00:00,1.3235999999999999
2010-05-07 23:00:00,1.3148999999999997
2010-05-11 23:00:00,1.3226999999999998
2010-05-12 23:00:00,1.3194999999999997
2010-05-13 23:00:00,1.3103999999999998
2010-05-14 23:00:00,1.2956999999999999
2010-05-17 23:00:00,1.2864999999999998
2010-05-18 23:00:00,1.2915999999999999
2010-05-19 23:00:00,1.2886999999999997
2010-05-20 23:00:00,1.2858999999999998
2010-05-21 23:00:00,1.3082999999999998
2010-05-24 23:00:00,1.2904999999999998
2010-05-25 23:00:00,1.2753999999999999
2010-05-26 23:00:00,1.2770999999999997
2010-05-27 23:00:00,1.2779999999999998
2010-05-28 23:00:00,1.2876999999999998
2010-05-31 23:00:00,1.2816999999999998
2010-06-01 23:00:00,1.2829999999999997
2010-06-02 23:00:00,1.2727999999999997
2010-06-03 23:00:00,1.2722999999999998
2010-06-04 23:00:00,1.2591999999999999
2010-06-07 23:00:00,1.2463999999999997
2010-06-08 23:00:00,1.2448999999999997
2010-06-09 23:00:00,1.2554999999999998
2010-06-10 23:00:00,1.2648999999999997
2010-06-11 23:00:00,1.2631
2010-06-15 23:00:00,1.2832999999999999
2010-06-16 23:00:00,1.2839999999999998
2010-06-17 23:00:00,1.2892
2010-06-18 23:00:00,1.291
2010-06-21 23:00:00,1.2919999999999998
2010-06-22 23:00:00,1.2801999999999998
2010-06-23 23:00:00,1.2758999999999998
2010-06-24 23:00:00,1.2842999999999998
2010-06-25 23:00:00,1.2817999999999998
2010-06-28 23:00:00,1.2857999999999998
2010-06-29 23:00:00,1.2695999999999998
2010-06-30 23:00:00,1.2784999999999997
2010-07-01 23:00:00,1.2979999999999998
2010-07-02 23:00:00,1.3119999999999998
2010-07-05 23:00:00,1.3037999999999998
2010-07-06 23:00:00,1.3159999999999998
2010-07-07 23:00:00,1.3146999999999998
2010-07-08 23:00:00,1.3195
2010-07-09 23:00:00,1.3160999999999998
2010-07-12 23:00:00,1.3099999999999998
2010-07-13 23:00:00,1.3182999999999998
2010-07-14 23:00:00,1.3236999999999999
2010-07-15 23:00:00,1.3400999999999998
2010-07-16 23:00:00,1.3455
2010-07-19 23:00:00,1.3483999999999998
2010-07-20 23:00:00,1.3412999999999997
2010-07-21 23:00:00,1.3340999999999998
2010-07-22 23:00:00,1.3430999999999997
2010-07-23 23:00:00,1.3331999999999997
2010-07-26 23:00:00,1.3449999999999998
2010-07-27 23:00:00,1.3469999999999998
2010-07-28 23:00:00,1.3543999999999998
2010-07-29 23:00:00,1.3608999999999998
2010-07-30 23:00:00,1.3551999999999997
2010-08-02 23:00:00,1.3694999999999997
2010-08-03 23:00:00,1.3731999999999998
2010-08-04 23:00:00,1.3663999999999998
2010-08-05 23:00:00,1.3689999999999998
2010-08-06 23:00:00,1.3824999999999998
2010-08-09 23:00:00,1.3763999999999998
2010-08-10 23:00:00,1.3607999999999998
2010-08-11 23:00:00,1.3424999999999998
2010-08-12 23:00:00,1.3365999999999998
2010-08-13 23:00:00,1.3287999999999998
2010-08-16 23:00:00,1.3369999999999997
2010-08-17 23:00:00,1.3367999999999998
2010-08-18 23:00:00,1.3378999999999999
2010-08-19 23:00:00,1.3385999999999998
2010-08-20 23:00:00,1.3217999999999999
2010-08-23 23:00:00,1.3186999999999998
2010-08-24 23:00:00,1.3218999999999999
2010-08-25 23:00:00,1.3149999999999997
2010-08-26 23:00:00,1.3269999999999997
2010-08-27 23:00:00,1.3229999999999997
2010-08-30 23:00:00,1.3203999999999998
2010-08-31 23:00:00,1.3226999999999998
2010-09-01 23:00:00,1.3336
2010-09-02 23:00:00,1.3336999999999999
2010-09-03 23:00:00,1.3377999999999999
2010-09-06 23:00:00,1.3399999999999999
2010-09-07 23:00:00,1.3261999999999998
2010-09-08 23:00:00,1.3262999999999998
2010-09-09 23:00:00,1.3256
2010-09-10 23:00:00,1.3234
2010-09-13 23:00:00,1.3363999999999998
2010-09-14 23:00:00,1.3484999999999998
2010-09-15 23:00:00,1.3537
2010-09-16 23:00:00,1.3612999999999997
2010-09-17 23:00:00,1.3563999999999998
2010-09-20 23:00:00,1.3598
2010-09-21 23:00:00,1.3645999999999998
2010-09-22 23:00:00,1.3921999999999999
2010-09-23 23:00:00,1.3860999999999999
2010-09-24 23:00:00,1.3982999999999999
2010-09-27 23:00:00,1.4001
2010-09-28 23:00:00,1.4062999999999999
2010-09-29 23:00:00,1.4107999999999998
2010-09-30 23:00:00,1.4165999999999999
2010-10-01 23:00:00,1.4259999999999997
2010-10-04 23:00:00,1.4207999999999998
2010-10-05 23:00:00,1.4348999999999998
2010-10-06 23:00:00,1.4401999999999997
2010-10-07 23:00:00,1.4444
2010-10-08 23:00:00,1.4451999999999998
2010-10-11 23:00:00,1.4436999999999998
2010-10-12 23:00:00,1.4351999999999998
2010-10-13 23:00:00,1.4451999999999998
2010-10-14 23:00:00,1.4592999999999998
2010-10-15 23:00:00,1.4541999999999997
2010-10-18 23:00:00,1.4459999999999997
2010-10-19 23:00:00,1.4307999999999998
2010-10-20 23:00:00,1.4452999999999998
2010-10-21 23:00:00,1.4516999999999998
2010-10-22 23:00:00,1.4428999999999998
2010-10-25 23:00:00,1.4500999999999997
2010-10-26 23:00:00,1.4386999999999999
2010-10-27 23:00:00,1.4308999999999998
2010-10-28 23:00:00,1.4407999999999999
2010-10-29 23:00:00,1.4421999999999997
2010-11-01 23:00:00,1.4384
2010-11-02 23:00:00,1.4537999999999998
2010-11-03 23:00:00,1.4531999999999998
2010-11-08 23:00:00,1.4420999999999997
2010-11-09 23:00:00,1.4425
2010-11-10 23:00:00,1.4223
2010-11-11 23:00:00,1.4186999999999999
2010-11-12 23:00:00,1.4239999999999997
2010-11-13 23:00:00,1.4219999999999997
2010-11-15 23:00:00,1.4124999999999999
2010-11-16 23:00:00,1.4071999999999998
2010-11-17 23:00:00,1.4062
2010-11-18 23:00:00,1.4122
2010-11-19 23:00:00,1.4186999999999999
2010-11-22 23:00:00,1.4143
2010-11-23 23:00:00,1.3936999999999997
2010-11-24 23:00:00,1.3928999999999998
2010-11-25 23:00:00,1.3889999999999998
2010-11-26 23:00:00,1.3760999999999999
2010-11-29 23:00:00,1.3618
2010-11-30 23:00:00,1.3538
2010-12-01 23:00:00,1.3595999999999997
2010-12-02 23:00:00,1.3692999999999997
2010-12-03 23:00:00,1.3873999999999997
2010-12-06 23:00:00,1.3799
2010-12-07 23:00:00,1.3854999999999997
2010-12-08 23:00:00,1.3739
2010-12-09 23:00:00,1.3705999999999998
2010-12-10 23:00:00,1.3716999999999997
2010-12-13 23:00:00,1.3889999999999998
2010-12-14 23:00:00,1.39
2010-12-15 23:00:00,1.3869
2010-12-16 23:00:00,1.3712
2010-12-17 23:00:00,1.3667
2010-12-20 23:00:00,1.3621
2010-12-21 23:00:00,1.3658
2010-12-22 23:00:00,1.361
2010-12-23 23:00:00,1.3585
2010-12-24 23:00:00,1.3639000000000001
2010-12-27 23:00:00,1.3673
2010-12-28 23:00:00,1.3682
2010-12-29 23:00:00,1.3664
2010-12-30 23:00:00,1.3787
2011-01-11 23:00:00,1.3445
2011-01-12 23:00:00,1.3565
2011-01-13 23:00:00,1.3845
2011-01-14 23:00:00,1.3898
2011-01-17 23:00:00,1.3813
2011-01-18 23:00:00,1.3937
2011-01-19 23:00:00,1.3993
2011-01-20 23:00:00,1.3941000000000001
2011-01-21 23:00:00,1.4083
2011-01-24 23:00:00,1.4182
2011-01-25 23:00:00,1.4178
2011-01-26 23:00:00,1.4212
2011-01-27 23:00:00,1.4265
2011-01-28 23:00:00,1.4149
2011-01-31 23:00:00,1.4252
2011-02-01 23:00:00,1.4282
2011-02-02 23:00:00,1.434
2011-02-03 23:00:00,1.4154
2011-02-04 23:00:00,1.4077
2011-02-07 23:00:00,1.4055
2011-02-08 23:00:00,1.4172
2011-02-09 23:00:00,1.4231
2011-02-10 23:00:00,1.4115
2011-02-11 23:00:00,1.4067
2011-02-14 23:00:00,1.3985
2011-02-15 23:00:00,1.4021000000000001
2011-02-16 23:00:00,1.4031
2011-02-17 23:00:00,1.4117
2011-02-18 23:00:00,1.4158
2011-02-21 23:00:00,1.4173
2011-02-22 23:00:00,1.422
2011-02-24 23:00:00,1.4313
2011-02-25 23:00:00,1.4263000000000001
2011-02-28 23:00:00,1.4338
2011-03-01 23:00:00,1.4344000000000001
2011-03-02 23:00:00,1.4403
2011-03-03 23:00:00,1.446
2011-03-04 23:00:00,1.4515
2011-03-05 23:00:00,1.4527
2011-03-09 23:00:00,1.445
2011-03-10 23:00:00,1.4326
2011-03-11 23:00:00,1.4353
2011-03-14 23:00:00,1.4493
2011-03-15 23:00:00,1.4477
2011-03-16 23:00:00,1.4455
2011-03-17 23:00:00,1.4543
2011-03-18 23:00:00,1.466
2011-03-21 23:00:00,1.4713
2011-03-22 23:00:00,1.4726
2011-03-23 23:00:00,1.4649
2011-03-24 23:00:00,1.4719
2011-03-25 23:00:00,1.468
2011-03-28 23:00:00,1.4635
2011-03-29 23:00:00,1.4599
2011-03-30 23:00:00,1.4604
2011-03-31 23:00:00,1.4715
2011-04-01 23:00:00,1.466
2011-04-04 23:00:00,1.4771
2011-04-05 23:00:00,1.4722
2011-04-06 23:00:00,1.4858
2011-04-07 23:00:00,1.482
2011-04-08 23:00:00,1.4956
2011-04-11 23:00:00,1.4967
2011-04-12 23:00:00,1.5025
2011-04-13 23:00:00,1.5008
2011-04-14 23:00:00,1.4992
2011-04-15 23:00:00,1.4939
2011-04-18 23:00:00,1.4785
2011-04-19 23:00:00,1.4832
2011-04-20 23:00:00,1.5037
2011-04-21 23:00:00,1.5093
2011-04-22 23:00:00,1.5078
2011-04-25 23:00:00,1.5091999999999999
2011-04-26 23:00:00,1.5167
2011-04-27 23:00:00,1.5187
2011-04-28 23:00:00,1.5347
2011-04-29 23:00:00,1.5369
2011-05-03 23:00:00,1.5344
2011-05-04 23:00:00,1.5413999999999999
2011-05-05 23:00:00,1.5169
2011-05-06 23:00:00,1.5056
2011-05-10 23:00:00,1.488
2011-05-11 23:00:00,1.4829999999999999
2011-05-12 23:00:00,1.4727
2011-05-13 23:00:00,1.4768999999999999
2011-05-16 23:00:00,1.4747
2011-05-17 23:00:00,1.4711
2011-05-18 23:00:00,1.4785
2011-05-19 23:00:00,1.4798
2011-05-20 23:00:00,1.4687999999999999
2011-05-23 23:00:00,1.4576
2011-05-24 23:00:00,1.4646
2011-05-25 23:00:00,1.4613
2011-05-26 23:00:00,1.4655
2011-05-27 23:00:00,1.4775
2011-05-30 23:00:00,1.4826
2011-05-31 23:00:00,1.4934
2011-06-01 23:00:00,1.4972
2011-06-02 23:00:00,1.4997
2011-06-03 23:00:00,1.5115
2011-06-06 23:00:00,1.5149
2011-06-07 23:00:00,1.5226
2011-06-08 23:00:00,1.5157
2011-06-09 23:00:00,1.5059
2011-06-10 23:00:00,1.4927
2011-06-14 23:00:00,1.5028
2011-06-15 23:00:00,1.4839
2011-06-16 23:00:00,1.4731
2011-06-17 23:00:00,1.4858
2011-06-20 23:00:00,1.4886000000000001
2011-06-21 23:00:00,1.4941
2011-06-22 23:00:00,1.4988000000000001
2011-06-23 23:00:00,1.4717
2011-06-24 23:00:00,1.4742000000000002
2011-06-27 23:00:00,1.4843000000000002
2011-06-28 23:00:00,1.4955
2011-06-29 23:00:00,1.4957
2011-06-30 23:00:00,1.5057
2011-07-01 23:00:00,1.5070000000000001
2011-07-04 23:00:00,1.5089000000000001
2011-07-05 23:00:00,1.5041
2011-07-06 23:00:00,1.488
2011-07-07 23:00:00,1.4928000000000001
2011-07-08 23:00:00,1.4847000000000001
2011-07-11 23:00:00,1.4587
2011-07-12 23:00:00,1.4547
2011-07-13 23:00:00,1.4708
2011-07-14 23:00:00,1.4746000000000001
2011-07-15 23:00:00,1.47
2011-07-18 23:00:00,1.461
2011-07-19 23:00:00,1.477
2011-07-20 23:00:00,1.4777
2011-07-21 23:00:00,1.4957
2011-07-22 23:00:00,1.493
2011-07-25 23:00:00,1.4929000000000001
2011-07-26 23:00:00,1.5072
2011-07-27 23:00:00,1.4988000000000001
2011-07-28 23:00:00,1.4881
2011-07-29 23:00:00,1.4943000000000002
2011-08-01 23:00:00,1.4848000000000001
2011-08-02 23:00:00,1.4841
2011-08-03 23:00:00,1.4871
2011-08-04 23:00:00,1.4723000000000002
2011-08-05 23:00:00,1.4789
2011-08-08 23:00:00,1.476
2011-08-09 23:00:00,1.4836
2011-08-10 23:00:00,1.4774
2011-08-11 23:00:00,1.4831
2011-08-12 23:00:00,1.4814
2011-08-15 23:00:00,1.5038
2011-08-16 23:00:00,1.4984000000000002
2011-08-17 23:00:00,1.5074
2011-08-18 23:00:00,1.4872
2011-08-19 23:00:00,1.5018
2011-08-22 23:00:00,1.4992
2011-08-23 23:00:00,1.5
2011-08-24 23:00:00,1.5035
2011-08-25 23:00:00,1.4959
2011-08-26 23:00:00,1.4947000000000001
2011-08-29 23:00:00,1.5134
2011-08-30 23:00:00,1.5031
2011-08-31 23:00:00,1.5006000000000002
2011-09-01 23:00:00,1.4837
2011-09-02 23:00:00,1.4792
2011-09-05 23:00:00,1.4673
2011-09-06 23:00:00,1.4635
2011-09-07 23:00:00,1.4653
2011-09-08 23:00:00,1.4601000000000002
2011-09-09 23:00:00,1.4321000000000002
2011-09-12 23:00:00,1.4226
2011-09-13 23:00:00,1.4283000000000001
2011-09-14 23:00:00,1.4276
2011-09-15 23:00:00,1.4394
2011-09-16 23:00:00,1.4315
2011-09-19 23:00:00,1.4157000000000002
2011-09-20 23:00:00,1.4246
2011-09-21 23:00:00,1.4225
2011-09-22 23:00:00,1.4022000000000001
2011-09-23 23:00:00,1.4064
2011-09-26 23:00:00,1.4007
2011-09-27 23:00:00,1.4162000000000001
2011-09-28 23:00:00,1.415
2011-09-29 23:00:00,1.4187
2011-09-30 23:00:00,1.3977000000000002
2011-10-03 23:00:00,1.3849
2011-10-04 23:00:00,1.3823
2011-10-05 23:00:00,1.3854000000000002
2011-10-06 23:00:00,1.3960000000000001
2011-10-07 23:00:00,1.4048
2011-10-10 23:00:00,1.4193
2011-10-11 23:00:00,1.4168
2011-10-12 23:00:00,1.4342000000000001
2011-10-13 23:00:00,1.4249
2011-10-14 23:00:00,1.4422000000000001
2011-10-17 23:00:00,1.4293
2011-10-18 23:00:00,1.4233
2011-10-19 23:00:00,1.4345
2011-10-20 23:00:00,1.4263000000000001
2011-10-21 23:00:00,1.4408
2011-10-24 23:00:00,1.4425000000000001
2011-10-25 23:00:00,1.4473
2011-10-26 23:00:00,1.4380000000000002
2011-10-27 23:00:00,1.4681000000000002
2011-10-28 23:00:00,1.4723000000000002
2011-10-31 23:00:00,1.4540000000000002
2011-11-01 23:00:00,1.4236000000000002
2011-11-02 23:00:00,1.4336000000000002
2011-11-03 23:00:00,1.4311
2011-11-07 23:00:00,1.4341000000000002
2011-11-08 23:00:00,1.4368
2011-11-09 23:00:00,1.4143000000000001
2011-11-10 23:00:00,1.4174000000000002
2011-11-11 23:00:00,1.4251
2011-11-14 23:00:00,1.4202000000000001
2011-11-15 23:00:00,1.411
2011-11-16 23:00:00,1.4055000000000002
2011-11-17 23:00:00,1.4065
2011-11-18 23:00:00,1.4106
2011-11-21 23:00:00,1.4012
2011-11-22 23:00:00,1.4084
2011-11-23 23:00:00,1.3949
2011-11-24 23:00:00,1.3879000000000001
2011-11-25 23:00:00,1.3819000000000001
2011-11-28 23:00:00,1.3940000000000001
2011-11-29 23:00:00,1.3876000000000002
2011-11-30 23:00:00,1.4043
2011-12-01 23:00:00,1.4036000000000002
2011-12-02 23:00:00,1.403
2011-12-05 23:00:00,1.4029
2011-12-06 23:00:00,1.3933000000000002
2011-12-07 23:00:00,1.3916000000000002
2011-12-08 23:00:00,1.3883
2011-12-09 23:00:00,1.3917000000000002
2011-12-12 23:00:00,1.3793000000000002
2011-12-13 23:00:00,1.3749
2011-12-14 23:00:00,1.3545
2011-12-15 23:00:00,1.3574000000000002
2011-12-16 23:00:00,1.3577000000000001
2011-12-19 23:00:00,1.3573000000000002
2011-12-20 23:00:00,1.3668
2011-12-21 23:00:00,1.3592000000000002
2011-12-22 23:00:00,1.3589
2011-12-23 23:00:00,1.3586
2011-12-26 23:00:00,1.3618000000000001
2011-12-27 23:00:00,1.3612000000000002
2011-12-28 23:00:00,1.3536000000000001
2011-12-29 23:00:00,1.3457000000000001
2011-12-30 23:00:00,1.3515000000000001
2012-01-03 23:00:00,1.3577000000000001
2012-01-04 23:00:00,1.35
2012-01-05 23:00:00,1.3334000000000001
2012-01-06 23:00:00,1.3270000000000002
2012-01-09 23:00:00,1.3270000000000002
2012-01-10 23:00:00,1.3322
2012-01-11 23:00:00,1.3236
2012-01-12 23:00:00,1.3333000000000002
2012-01-13 23:00:00,1.3236
2012-01-16 23:00:00,1.322
2012-01-17 23:00:00,1.3263
2012-01-18 23:00:00,1.3362
2012-01-19 23:00:00,1.3425
2012-01-20 23:00:00,1.3462
2012-01-23 23:00:00,1.3571000000000002
2012-01-24 23:00:00,1.3501
2012-01-25 23:00:00,1.3503
2012-01-26 23:00:00,1.369
2012-01-27 23:00:00,1.3676000000000001
2012-01-30 23:00:00,1.3635000000000002
2012-01-31 23:00:00,1.3672000000000002
2012-02-01 23:00:00,1.3695000000000002
2012-02-02 23:00:00,1.3668
2012-02-03 23:00:00,1.3631000000000002
2012-02-06 23:00:00,1.3584
2012-02-07 23:00:00,1.3724
2012-02-08 23:00:00,1.3788
2012-02-09 23:00:00,1.3821
2012-02-10 23:00:00,1.3718000000000001
2012-02-13 23:00:00,1.3765
2012-02-14 23:00:00,1.3705
2012-02-15 23:00:00,1.3626
2012-02-16 23:00:00,1.3558000000000001
2012-02-17 23:00:00,1.372
2012-02-20 23:00:00,1.3793000000000002
2012-02-21 23:00:00,1.3779000000000001
2012-02-22 23:00:00,1.3768
2012-02-24 23:00:00,1.3968
2012-02-27 23:00:00,1.3907
2012-02-28 23:00:00,1.3958000000000002
2012-02-29 23:00:00,1.3988
2012-03-01 23:00:00,1.3849
2012-03-02 23:00:00,1.3744
2012-03-05 23:00:00,1.3753000000000002
2012-03-06 23:00:00,1.3666
2012-03-07 23:00:00,1.3644
2012-03-11 23:00:00,1.3675000000000002
2012-03-12 23:00:00,1.3650000000000002
2012-03-13 23:00:00,1.3610000000000002
2012-03-14 23:00:00,1.3595000000000002
2012-03-15 23:00:00,1.3594000000000002
2012-03-16 23:00:00,1.3691000000000002
2012-03-19 23:00:00,1.3713000000000002
2012-03-20 23:00:00,1.3749000000000002
2012-03-21 23:00:00,1.3756000000000002
2012-03-22 23:00:00,1.3687
2012-03-23 23:00:00,1.3787
2012-03-26 23:00:00,1.3848
2012-03-27 23:00:00,1.3859000000000001
2012-03-28 23:00:00,1.3803
2012-03-29 23:00:00,1.3785
2012-03-30 23:00:00,1.3836000000000002
2012-04-02 23:00:00,1.3808
2012-04-03 23:00:00,1.3852000000000002
2012-04-04 23:00:00,1.3647
2012-04-05 23:00:00,1.3585
2012-04-06 23:00:00,1.3599
2012-04-09 23:00:00,1.3586
2012-04-10 23:00:00,1.3622
2012-04-11 23:00:00,1.3649000000000002
2012-04-12 23:00:00,1.3690000000000002
2012-04-13 23:00:00,1.3596000000000001
2012-04-16 23:00:00,1.3570000000000002
2012-04-17 23:00:00,1.3658000000000001
2012-04-18 23:00:00,1.3642
2012-04-19 23:00:00,1.366
2012-04-20 23:00:00,1.3731000000000002
2012-04-23 23:00:00,1.3638000000000001
2012-04-24 23:00:00,1.3713000000000002
2012-04-25 23:00:00,1.3714000000000002
2012-04-26 23:00:00,1.3755000000000002
2012-04-27 23:00:00,1.3770000000000002
2012-04-28 23:00:00,1.3784
2012-05-02 23:00:00,1.3674000000000002
2012-05-03 23:00:00,1.3673000000000002
2012-05-04 23:00:00,1.3639000000000001
2012-05-05 23:00:00,1.3604
2012-05-07 23:00:00,1.3563
2012-05-08 23:00:00,1.3514000000000002
2012-05-10 23:00:00,1.3483
2012-05-11 23:00:00,1.3461
2012-05-12 23:00:00,1.3439
2012-05-14 23:00:00,1.3356000000000001
2012-05-15 23:00:00,1.3303
2012-05-16 23:00:00,1.3262
2012-05-17 23:00:00,1.3226000000000002
2012-05-18 23:00:00,1.3230000000000002
2012-05-21 23:00:00,1.3273000000000001
2012-05-22 23:00:00,1.3286000000000002
2012-05-23 23:00:00,1.3097
2012-05-24 23:00:00,1.3104000000000002
2012-05-25 23:00:00,1.3029000000000002
2012-05-28 23:00:00,1.3050000000000002
2012-05-29 23:00:00,1.3056
2012-05-30 23:00:00,1.2912000000000001
2012-05-31 23:00:00,1.288
2012-06-01 23:00:00,1.2892000000000001
2012-06-04 23:00:00,1.2994
2012-06-05 23:00:00,1.2963000000000002
2012-06-06 23:00:00,1.3007000000000002
2012-06-07 23:00:00,1.3075
2012-06-08 23:00:00,1.2973000000000001
2012-06-09 23:00:00,1.3034000000000001
2012-06-13 23:00:00,1.3085000000000002
2012-06-14 23:00:00,1.3109000000000002
2012-06-15 23:00:00,1.3109000000000002
2012-06-18 23:00:00,1.3081
2012-06-19 23:00:00,1.3144
2012-06-20 23:00:00,1.3193000000000001
2012-06-21 23:00:00,1.3096
2012-06-22 23:00:00,1.3030000000000002
2012-06-25 23:00:00,1.2970000000000002
2012-06-26 23:00:00,1.2964
2012-06-27 23:00:00,1.2948000000000002
2012-06-28 23:00:00,1.2907000000000002
2012-06-29 23:00:00,1.3173000000000001
2012-07-02 23:00:00,1.3063
2012-07-03 23:00:00,1.3088000000000002
2012-07-04 23:00:00,1.3018
2012-07-05 23:00:00,1.2871000000000001
2012-07-06 23:00:00,1.2797
2012-07-09 23:00:00,1.2778
2012-07-10 23:00:00,1.2749000000000001
2012-07-11 23:00:00,1.2754
2012-07-12 23:00:00,1.2667000000000002
2012-07-13 23:00:00,1.2723
2012-07-16 23:00:00,1.2726000000000002
2012-07-17 23:00:00,1.2684
2012-07-18 23:00:00,1.2742
2012-07-19 23:00:00,1.2751000000000001
2012-07-20 23:00:00,1.2643
2012-07-23 23:00:00,1.2596
2012-07-24 23:00:00,1.2575
2012-07-25 23:00:00,1.2608000000000001
2012-07-26 23:00:00,1.2771000000000001
2012-07-27 23:00:00,1.2852000000000001
2012-07-30 23:00:00,1.2734
2012-07-31 23:00:00,1.2789000000000001
2012-08-01 23:00:00,1.2784
2012-08-02 23:00:00,1.2670000000000001
2012-08-03 23:00:00,1.2819
2012-08-06 23:00:00,1.2885
2012-08-07 23:00:00,1.2907000000000002
2012-08-08 23:00:00,1.2827000000000002
2012-08-09 23:00:00,1.2799
2012-08-10 23:00:00,1.2791000000000001
2012-08-13 23:00:00,1.2837
2012-08-14 23:00:00,1.2801
2012-08-15 23:00:00,1.2754
2012-08-16 23:00:00,1.2838
2012-08-17 23:00:00,1.2772000000000001
2012-08-20 23:00:00,1.2811000000000001
2012-08-21 23:00:00,1.2951000000000001
2012-08-22 23:00:00,1.2949000000000002
2012-08-23 23:00:00,1.3045
2012-08-24 23:00:00,1.2992000000000001
2012-08-27 23:00:00,1.2992000000000001
2012-08-28 23:00:00,1.3038
2012-08-29 23:00:00,1.3006
2012-08-30 23:00:00,1.2986
2012-08-31 23:00:00,1.3072000000000001
2012-09-03 23:00:00,1.3057
2012-09-04 23:00:00,1.3053000000000001
2012-09-05 23:00:00,1.3071000000000002
2012-09-06 23:00:00,1.3097
2012-09-07 23:00:00,1.328
2012-09-10 23:00:00,1.3262
2012-09-11 23:00:00,1.3318
2012-09-12 23:00:00,1.3358
2012-09-13 23:00:00,1.3375000000000001
2012-09-14 23:00:00,1.3617000000000001
2012-09-17 23:00:00,1.3612000000000002
2012-09-18 23:00:00,1.3537000000000001
2012-09-19 23:00:00,1.3525000000000003
2012-09-20 23:00:00,1.3433000000000002
2012-09-21 23:00:00,1.3483000000000003
2012-09-24 23:00:00,1.3388000000000002
2012-09-25 23:00:00,1.3435000000000001
2012-09-26 23:00:00,1.3327000000000002
2012-09-27 23:00:00,1.3329000000000002
2012-09-28 23:00:00,1.3337
2012-10-01 23:00:00,1.3382000000000003
2012-10-02 23:00:00,1.3412000000000002
2012-10-03 23:00:00,1.3387000000000002
2012-10-04 23:00:00,1.3462000000000003
2012-10-05 23:00:00,1.3533000000000002
2012-10-08 23:00:00,1.3445000000000003
2012-10-09 23:00:00,1.3384000000000003
2012-10-10 23:00:00,1.338
2012-10-11 23:00:00,1.3421000000000003
2012-10-12 23:00:00,1.344
2012-10-15 23:00:00,1.3410000000000002
2012-10-16 23:00:00,1.3505000000000003
2012-10-17 23:00:00,1.3598000000000001
2012-10-18 23:00:00,1.3562000000000003
2012-10-19 23:00:00,1.3506000000000002
2012-10-22 23:00:00,1.3546000000000002
2012-10-23 23:00:00,1.3436000000000001
2012-10-24 23:00:00,1.3439
2012-10-25 23:00:00,1.3436000000000001
2012-10-26 23:00:00,1.3411000000000002
2012-10-29 23:00:00,1.3376000000000001
2012-10-30 23:00:00,1.3431000000000002
2012-10-31 23:00:00,1.3449000000000002
2012-11-01 23:00:00,1.3446000000000002
2012-11-02 23:00:00,1.3311000000000002
2012-11-06 23:00:00,1.3279
2012-11-07 23:00:00,1.3227000000000002
2012-11-08 23:00:00,1.3220000000000003
2012-11-09 23:00:00,1.3185000000000002
2012-11-12 23:00:00,1.3188000000000002
2012-11-13 23:00:00,1.3158
2012-11-14 23:00:00,1.3214000000000001
2012-11-15 23:00:00,1.3247000000000002
2012-11-16 23:00:00,1.3211000000000002
2012-11-19 23:00:00,1.3243000000000003
2012-11-20 23:00:00,1.3258
2012-11-21 23:00:00,1.3289000000000002
2012-11-22 23:00:00,1.3348000000000002
2012-11-23 23:00:00,1.3401000000000003
2012-11-26 23:00:00,1.3431000000000002
2012-11-27 23:00:00,1.3413000000000002
2012-11-28 23:00:00,1.3365000000000002
2012-11-29 23:00:00,1.3466000000000002
2012-11-30 23:00:00,1.3459
2012-12-03 23:00:00,1.3504000000000003
2012-12-04 23:00:00,1.3566000000000003
2012-12-05 23:00:00,1.3544000000000003
2012-12-06 23:00:00,1.3485000000000003
2012-12-07 23:00:00,1.3367000000000002
2012-12-10 23:00:00,1.3401000000000003
2012-12-11 23:00:00,1.3455000000000001
2012-12-12 23:00:00,1.3507000000000002
2012-12-13 23:00:00,1.3544000000000003
2012-12-14 23:00:00,1.3551000000000002
2012-12-17 23:00:00,1.3627000000000002
2012-12-18 23:00:00,1.3650000000000002
2012-12-19 23:00:00,1.3766000000000003
2012-12-20 23:00:00,1.3739000000000003
2012-12-21 23:00:00,1.3645000000000003
2012-12-24 23:00:00,1.3684000000000003
2012-12-25 23:00:00,1.3654000000000004
2012-12-26 23:00:00,1.3686000000000003
2012-12-27 23:00:00,1.3734000000000004
2012-12-28 23:00:00,1.3699000000000003
2013-01-08 23:00:00,1.3549000000000002
2013-01-09 23:00:00,1.3504000000000003
2013-01-10 23:00:00,1.3652000000000002
2013-01-11 23:00:00,1.3815000000000004
2013-01-14 23:00:00,1.3809000000000002
2013-01-15 23:00:00,1.3795000000000004
2013-01-16 23:00:00,1.3746000000000003
2013-01-17 23:00:00,1.3803000000000003
2013-01-18 23:00:00,1.3783000000000003
2013-01-21 23:00:00,1.3770000000000002
2013-01-22 23:00:00,1.3779000000000003
2013-01-23 23:00:00,1.3802000000000003
2013-01-24 23:00:00,1.3809000000000002
2013-01-25 23:00:00,1.3929000000000002
2013-01-28 23:00:00,1.3923000000000003
2013-01-29 23:00:00,1.3939000000000004
2013-01-30 23:00:00,1.4012000000000002
2013-01-31 23:00:00,1.4037000000000004
2013-02-01 23:00:00,1.4071000000000002
2013-02-04 23:00:00,1.4018000000000004
2013-02-05 23:00:00,1.3967000000000003
2013-02-06 23:00:00,1.3983000000000003
2013-02-07 23:00:00,1.3910000000000002
2013-02-08 23:00:00,1.3860000000000003
2013-02-11 23:00:00,1.3825000000000003
2013-02-12 23:00:00,1.3881000000000003
2013-02-13 23:00:00,1.3940000000000003
2013-02-14 23:00:00,1.3796000000000004
2013-02-15 23:00:00,1.3815000000000004
2013-02-18 23:00:00,1.3798000000000004
2013-02-19 23:00:00,1.3823000000000003
2013-02-20 23:00:00,1.3825000000000003
2013-02-21 23:00:00,1.3665000000000003
2013-02-22 23:00:00,1.3640000000000003
2013-02-25 23:00:00,1.3746000000000003
2013-02-26 23:00:00,1.3559000000000003
2013-02-27 23:00:00,1.3557000000000003
2013-02-28 23:00:00,1.3572000000000004
2013-03-01 23:00:00,1.3454000000000004
2013-03-04 23:00:00,1.3460000000000003
2013-03-05 23:00:00,1.3503000000000003
2013-03-06 23:00:00,1.3470000000000002
2013-03-07 23:00:00,1.3566000000000003
2013-03-11 23:00:00,1.3459000000000003
2013-03-12 23:00:00,1.3500000000000003
2013-03-13 23:00:00,1.3400000000000003
2013-03-14 23:00:00,1.3423000000000003
2013-03-15 23:00:00,1.3544000000000003
2013-03-18 23:00:00,1.3422000000000003
2013-03-19 23:00:00,1.3403000000000003
2013-03-20 23:00:00,1.3418000000000003
2013-03-21 23:00:00,1.3366000000000002
2013-03-22 23:00:00,1.3452000000000002
2013-03-25 23:00:00,1.3353000000000002
2013-03-26 23:00:00,1.3315000000000003
2013-03-27 23:00:00,1.3238000000000003
2013-03-28 23:00:00,1.3295000000000003
2013-03-29 23:00:00,1.3285000000000002
2013-04-01 23:00:00,1.3311000000000002
2013-04-02 23:00:00,1.3290000000000002
2013-04-03 23:00:00,1.3314000000000004
2013-04-04 23:00:00,1.3322000000000003
2013-04-05 23:00:00,1.3488000000000002
2013-04-08 23:00:00,1.3479000000000003
2013-04-09 23:00:00,1.3508000000000002
2013-04-10 23:00:00,1.3553000000000002
2013-04-11 23:00:00,1.3581000000000003
2013-04-12 23:00:00,1.3554000000000002
2013-04-15 23:00:00,1.3553000000000002
2013-04-16 23:00:00,1.3598000000000003
2013-04-17 23:00:00,1.3507000000000002
2013-04-18 23:00:00,1.3535000000000004
2013-04-19 23:00:00,1.3560000000000003
2013-04-22 23:00:00,1.3499000000000003
2013-04-23 23:00:00,1.3486000000000002
2013-04-24 23:00:00,1.3458000000000003
2013-04-25 23:00:00,1.3467000000000002
2013-04-26 23:00:00,1.3485000000000003
2013-04-29 23:00:00,1.3557000000000003
2013-04-30 23:00:00,1.3632000000000002
2013-05-02 23:00:00,1.3539000000000003
2013-05-03 23:00:00,1.3606000000000003
2013-05-06 23:00:00,1.3527000000000002
2013-05-07 23:00:00,1.3543000000000003
2013-05-08 23:00:00,1.3632000000000002
2013-05-10 23:00:00,1.3435000000000004
2013-05-13 23:00:00,1.3451000000000002
2013-05-14 23:00:00,1.3435000000000004
2013-05-15 23:00:00,1.3318000000000003
2013-05-16 23:00:00,1.3380000000000003
2013-05-17 23:00:00,1.3290000000000002
2013-05-20 23:00:00,1.3319000000000003
2013-05-21 23:00:00,1.3323000000000003
2013-05-22 23:00:00,1.3383000000000003
2013-05-23 23:00:00,1.3369000000000002
2013-05-24 23:00:00,1.3399000000000003
2013-05-27 23:00:00,1.3399000000000003
2013-05-28 23:00:00,1.3324000000000003
2013-05-29 23:00:00,1.3413000000000002
2013-05-30 23:00:00,1.3513000000000002
2013-05-31 23:00:00,1.3433000000000002
2013-06-03 23:00:00,1.3478000000000003
2013-06-04 23:00:00,1.3518000000000003
2013-06-05 23:00:00,1.3532000000000002
2013-06-06 23:00:00,1.3632000000000002
2013-06-07 23:00:00,1.3665000000000003
2013-06-10 23:00:00,1.3658000000000003
2013-06-11 23:00:00,1.3747000000000003
2013-06-13 23:00:00,1.3755000000000002
2013-06-14 23:00:00,1.3789000000000002
2013-06-17 23:00:00,1.3800000000000003
2013-06-18 23:00:00,1.3848000000000003
2013-06-19 23:00:00,1.3853000000000004
2013-06-20 23:00:00,1.3648000000000002
2013-06-21 23:00:00,1.3590000000000004
2013-06-24 23:00:00,1.3561000000000003
2013-06-25 23:00:00,1.3540000000000003
2013-06-26 23:00:00,1.3471000000000004
2013-06-27 23:00:00,1.3484000000000003
2013-06-28 23:00:00,1.3479000000000003
2013-07-01 23:00:00,1.3480000000000003
2013-07-02 23:00:00,1.3486000000000002
2013-07-03 23:00:00,1.3429000000000004
2013-07-04 23:00:00,1.3367000000000002
2013-07-05 23:00:00,1.3295000000000003
2013-07-08 23:00:00,1.3322000000000003
2013-07-09 23:00:00,1.3247000000000004
2013-07-10 23:00:00,1.3297000000000003
2013-07-11 23:00:00,1.3518000000000003
2013-07-12 23:00:00,1.3517000000000003
2013-07-15 23:00:00,1.3498000000000003
2013-07-16 23:00:00,1.3584000000000003
2013-07-17 23:00:00,1.3558000000000003
2013-07-18 23:00:00,1.3545000000000003
2013-07-19 23:00:00,1.3598000000000003
2013-07-22 23:00:00,1.3657000000000004
2013-07-23 23:00:00,1.3666000000000003
2013-07-24 23:00:00,1.3696000000000004
2013-07-25 23:00:00,1.3684000000000003
2013-07-26 23:00:00,1.3730000000000002
2013-07-29 23:00:00,1.3707000000000003
2013-07-30 23:00:00,1.3700000000000003
2013-07-31 23:00:00,1.3726000000000003
2013-08-01 23:00:00,1.3684000000000003
2013-08-02 23:00:00,1.3743000000000003
2013-08-05 23:00:00,1.3700000000000003
2013-08-06 23:00:00,1.3776000000000004
2013-08-07 23:00:00,1.3770000000000002
2013-08-08 23:00:00,1.3846000000000003
2013-08-09 23:00:00,1.3808000000000002
2013-08-12 23:00:00,1.3750000000000002
2013-08-13 23:00:00,1.3695000000000004
2013-08-14 23:00:00,1.3723000000000003
2013-08-15 23:00:00,1.3697000000000004
2013-08-16 23:00:00,1.3787000000000003
2013-08-19 23:00:00,1.3804000000000003
2013-08-20 23:00:00,1.3884000000000003
2013-08-21 23:00:00,1.3839000000000004
2013-08-22 23:00:00,1.3784000000000003
2013-08-23 23:00:00,1.3859000000000004
2013-08-26 23:00:00,1.3828000000000003
2013-08-27 23:00:00,1.3838000000000004
2013-08-28 23:00:00,1.3776000000000004
2013-08-29 23:00:00,1.3682000000000003
2013-08-30 23:00:00,1.3651000000000004
2013-09-02 23:00:00,1.3651000000000004
2013-09-03 23:00:00,1.3618000000000003
2013-09-04 23:00:00,1.3634000000000004
2013-09-05 23:00:00,1.3564000000000003
2013-09-06 23:00:00,1.3614000000000004
2013-09-09 23:00:00,1.3706000000000003
2013-09-10 23:00:00,1.3719000000000003
2013-09-11 23:00:00,1.3747000000000003
2013-09-12 23:00:00,1.3765000000000003
2013-09-13 23:00:00,1.3715000000000004
2013-09-16 23:00:00,1.3813000000000004
2013-09-17 23:00:00,1.3800000000000003
2013-09-18 23:00:00,1.3793000000000004
2013-09-19 23:00:00,1.3997000000000004
2013-09-20 23:00:00,1.3963000000000003
2013-09-23 23:00:00,1.3948000000000005
2013-09-24 23:00:00,1.3935000000000004
2013-09-25 23:00:00,1.3965000000000003
2013-09-26 23:00:00,1.3946000000000003
2013-09-27 23:00:00,1.3996000000000004
2013-09-30 23:00:00,1.3985000000000003
2013-10-01 23:00:00,1.3981000000000003
2013-10-02 23:00:00,1.4038000000000004
2013-10-03 23:00:00,1.4068000000000003
2013-10-04 23:00:00,1.4046000000000003
2013-10-07 23:00:00,1.4010000000000005
2013-10-08 23:00:00,1.4052000000000004
2013-10-09 23:00:00,1.3964000000000003
2013-10-10 23:00:00,1.3975000000000004
2013-10-11 23:00:00,1.4008000000000003
2013-10-14 23:00:00,1.4043000000000003
2013-10-15 23:00:00,1.3947000000000003
2013-10-16 23:00:00,1.3971000000000005
2013-10-17 23:00:00,1.4126000000000003
2013-10-18 23:00:00,1.4138000000000004
2013-10-21 23:00:00,1.4125000000000003
2013-10-22 23:00:00,1.4225000000000003
2013-10-23 23:00:00,1.4234000000000004
2013-10-24 23:00:00,1.4254000000000004
2013-10-25 23:00:00,1.4259000000000004
2013-10-28 23:00:00,1.4240000000000004
2013-10-29 23:00:00,1.4257000000000004
2013-10-30 23:00:00,1.4218000000000004
2013-10-31 23:00:00,1.4062000000000003
2013-11-01 23:00:00,1.3944000000000003
2013-11-05 23:00:00,1.3925000000000003
2013-11-06 23:00:00,1.3967000000000003
2013-11-07 23:00:00,1.3812000000000004
2013-11-08 23:00:00,1.3807000000000005
2013-11-11 23:00:00,1.3849000000000005
2013-11-12 23:00:00,1.3887000000000003
2013-11-13 23:00:00,1.3863000000000003
2013-11-14 23:00:00,1.3900000000000003
2013-11-15 23:00:00,1.3945000000000003
2013-11-18 23:00:00,1.3986000000000003
2013-11-19 23:00:00,1.3967000000000003
2013-11-20 23:00:00,1.3987000000000003
2013-11-21 23:00:00,1.3909000000000005
2013-11-22 23:00:00,1.3973000000000004
2013-11-25 23:00:00,1.3961000000000003
2013-11-26 23:00:00,1.3980000000000004
2013-11-27 23:00:00,1.4040000000000004
2013-11-28 23:00:00,1.4053000000000004
2013-11-29 23:00:00,1.4057000000000004
2013-12-02 23:00:00,1.3997000000000004
2013-12-03 23:00:00,1.4025000000000003
2013-12-04 23:00:00,1.3994000000000004
2013-12-05 23:00:00,1.4084000000000003
2013-12-06 23:00:00,1.4121000000000004
2013-12-09 23:00:00,1.4171000000000005
2013-12-10 23:00:00,1.4220000000000004
2013-12-11 23:00:00,1.4244000000000003
2013-12-12 23:00:00,1.4211000000000005
2013-12-13 23:00:00,1.4185000000000003
2013-12-16 23:00:00,1.4227000000000003
2013-12-17 23:00:00,1.4211000000000005
2013-12-18 23:00:00,1.4229000000000005
2013-12-19 23:00:00,1.4134000000000004
2013-12-20 23:00:00,1.4124000000000003
2013-12-23 23:00:00,1.4158000000000004
2013-12-24 23:00:00,1.4130000000000005
2013-12-25 23:00:00,1.4162000000000003
2013-12-26 23:00:00,1.4149000000000005
2013-12-27 23:00:00,1.4274000000000004
2013-12-30 23:00:00,1.4263000000000003
2014-01-06 23:00:00,1.4080000000000004
2014-01-08 23:00:00,1.4063000000000003
2014-01-09 23:00:00,1.4043000000000003
2014-01-10 23:00:00,1.4115000000000004
2014-01-13 23:00:00,1.4125000000000003
2014-01-14 23:00:00,1.4140000000000004
2014-01-15 23:00:00,1.4067000000000005
2014-01-16 23:00:00,1.4094000000000004
2014-01-17 23:00:00,1.4044000000000003
2014-01-20 23:00:00,1.4027000000000005
2014-01-21 23:00:00,1.4003000000000003
2014-01-22 23:00:00,1.4021000000000003
2014-01-23 23:00:00,1.4118000000000004
2014-01-24 23:00:00,1.4160000000000004
2014-01-27 23:00:00,1.4125000000000003
2014-01-28 23:00:00,1.4143000000000003
2014-01-29 23:00:00,1.4128000000000005
2014-01-30 23:00:00,1.4040000000000004
2014-01-31 23:00:00,1.3969000000000005
2014-02-03 23:00:00,1.3956000000000004
2014-02-04 23:00:00,1.3987000000000005
2014-02-05 23:00:00,1.3980000000000004
2014-02-06 23:00:00,1.4071000000000005
2014-02-07 23:00:00,1.4061000000000003
2014-02-10 23:00:00,1.4101000000000004
2014-02-11 23:00:00,1.4106000000000003
2014-02-12 23:00:00,1.4043000000000003
2014-02-13 23:00:00,1.4144000000000003
2014-02-14 23:00:00,1.4163000000000003
2014-02-17 23:00:00,1.4164000000000003
2014-02-18 23:00:00,1.4218000000000004
2014-02-19 23:00:00,1.4223000000000003
2014-02-20 23:00:00,1.4183000000000003
2014-02-21 23:00:00,1.4190000000000005
2014-02-24 23:00:00,1.4194000000000004
2014-02-25 23:00:00,1.4227000000000003
2014-02-26 23:00:00,1.4162000000000003
2014-02-27 23:00:00,1.4139000000000004
2014-02-28 23:00:00,1.4263000000000003
2014-03-03 23:00:00,1.4243000000000003
2014-03-04 23:00:00,1.4220000000000004
2014-03-05 23:00:00,1.4191000000000005
2014-03-06 23:00:00,1.4303000000000003
2014-03-07 23:00:00,1.4336000000000004
2014-03-11 23:00:00,1.4329000000000005
2014-03-12 23:00:00,1.4351000000000005
2014-03-13 23:00:00,1.4402000000000004
2014-03-14 23:00:00,1.4392000000000005
2014-03-17 23:00:00,1.4408000000000003
2014-03-18 23:00:00,1.4374000000000005
2014-03-19 23:00:00,1.4372000000000005
2014-03-20 23:00:00,1.4245000000000003
2014-03-21 23:00:00,1.4271000000000005
2014-03-24 23:00:00,1.4244000000000003
2014-03-25 23:00:00,1.4262000000000004
2014-03-26 23:00:00,1.4259000000000004
2014-03-27 23:00:00,1.4234000000000004
2014-03-28 23:00:00,1.4229000000000003
2014-03-31 23:00:00,1.4263000000000003
2014-04-01 23:00:00,1.4267000000000003
2014-04-02 23:00:00,1.4236000000000004
2014-04-03 23:00:00,1.4184000000000003
2014-04-04 23:00:00,1.4156000000000004
2014-04-07 23:00:00,1.4209000000000003
2014-04-08 23:00:00,1.4256000000000004
2014-04-09 23:00:00,1.4275000000000004
2014-04-10 23:00:00,1.4340000000000004
2014-04-11 23:00:00,1.4357000000000004
2014-04-14 23:00:00,1.4284000000000003
2014-04-15 23:00:00,1.4290000000000003
2014-04-16 23:00:00,1.4292000000000005
2014-04-17 23:00:00,1.4306000000000003
2014-04-18 23:00:00,1.4284000000000003
2014-04-21 23:00:00,1.4282000000000004
2014-04-22 23:00:00,1.4263000000000003
2014-04-23 23:00:00,1.4296000000000004
2014-04-24 23:00:00,1.4288000000000003
2014-04-25 23:00:00,1.4305000000000003
2014-04-28 23:00:00,1.4323000000000004
2014-04-29 23:00:00,1.4287000000000003
2014-04-30 23:00:00,1.4334000000000005
2014-05-02 23:00:00,1.4339000000000004
2014-05-05 23:00:00,1.4343000000000004
2014-05-06 23:00:00,1.4401000000000004
2014-05-07 23:00:00,1.4395000000000004
2014-05-08 23:00:00,1.4328000000000003
2014-05-12 23:00:00,1.4234000000000004
2014-05-13 23:00:00,1.4187000000000003
2014-05-14 23:00:00,1.4184000000000003
2014-05-15 23:00:00,1.4171000000000005
2014-05-16 23:00:00,1.4181000000000004
2014-05-19 23:00:00,1.4198000000000004
2014-05-20 23:00:00,1.4160000000000004
2014-05-21 23:00:00,1.4145000000000003
2014-05-22 23:00:00,1.4126000000000003
2014-05-23 23:00:00,1.4099000000000004
2014-05-26 23:00:00,1.4119000000000004
2014-05-27 23:00:00,1.4092000000000005
2014-05-28 23:00:00,1.4070000000000005
2014-05-29 23:00:00,1.4082000000000003
2014-05-30 23:00:00,1.4098000000000004
2014-06-02 23:00:00,1.4082000000000003
2014-06-03 23:00:00,1.4093000000000004
2014-06-04 23:00:00,1.4086000000000003
2014-06-05 23:00:00,1.4089000000000005
2014-06-06 23:00:00,1.4103000000000003
2014-06-09 23:00:00,1.4066000000000003
2014-06-10 23:00:00,1.4017000000000004
2014-06-11 23:00:00,1.4000000000000004
2014-06-13 23:00:00,1.4006000000000003
2014-06-16 23:00:00,1.4001000000000003
2014-06-17 23:00:00,1.3968000000000005
2014-06-18 23:00:00,1.4006000000000005
2014-06-19 23:00:00,1.4065000000000003
2014-06-20 23:00:00,1.4008000000000005
2014-06-23 23:00:00,1.4024000000000003
2014-06-24 23:00:00,1.4029000000000005
2014-06-25 23:00:00,1.4067000000000005
2014-06-26 23:00:00,1.4024000000000003
2014-06-27 23:00:00,1.4062000000000003
2014-06-30 23:00:00,1.4107000000000005
2014-07-01 23:00:00,1.4113000000000004
2014-07-02 23:00:00,1.4084000000000003
2014-07-03 23:00:00,1.4038000000000004
2014-07-04 23:00:00,1.4020000000000004
2014-07-07 23:00:00,1.4029000000000005
2014-07-08 23:00:00,1.4042000000000003
2014-07-09 23:00:00,1.4068000000000005
2014-07-10 23:00:00,1.4026000000000005
2014-07-11 23:00:00,1.4033000000000004
2014-07-14 23:00:00,1.4051000000000005
2014-07-15 23:00:00,1.4003000000000003
2014-07-16 23:00:00,1.3968000000000005
2014-07-17 23:00:00,1.3955000000000004
2014-07-18 23:00:00,1.3942000000000003
2014-07-21 23:00:00,1.3951000000000005
2014-07-22 23:00:00,1.3893000000000004
2014-07-23 23:00:00,1.3890000000000005
2014-07-24 23:00:00,1.3898000000000004
2014-07-25 23:00:00,1.3866000000000005
2014-07-28 23:00:00,1.3866000000000005
2014-07-29 23:00:00,1.3843000000000003
2014-07-30 23:00:00,1.3803000000000003
2014-07-31 23:00:00,1.3823000000000003
2014-08-01 23:00:00,1.3861000000000003
2014-08-04 23:00:00,1.3852000000000004
2014-08-05 23:00:00,1.3796000000000004
2014-08-06 23:00:00,1.3783000000000005
2014-08-07 23:00:00,1.3776000000000004
2014-08-08 23:00:00,1.3847000000000005
2014-08-11 23:00:00,1.3812000000000004
2014-08-12 23:00:00,1.3778000000000004
2014-08-13 23:00:00,1.3806000000000005
2014-08-14 23:00:00,1.3815000000000004
2014-08-15 23:00:00,1.3828000000000005
2014-08-18 23:00:00,1.3790000000000004
2014-08-19 23:00:00,1.3743000000000005
2014-08-20 23:00:00,1.3716000000000004
2014-08-21 23:00:00,1.3706000000000005
2014-08-22 23:00:00,1.3662000000000005
2014-08-25 23:00:00,1.3627000000000005
2014-08-26 23:00:00,1.3628000000000005
2014-08-27 23:00:00,1.3629000000000004
2014-08-28 23:00:00,1.3592000000000004
2014-08-29 23:00:00,1.3610000000000004
2014-09-01 23:00:00,1.3563000000000005
2014-09-02 23:00:00,1.3549000000000004
2014-09-03 23:00:00,1.3569000000000004
2014-09-04 23:00:00,1.3414000000000004
2014-09-05 23:00:00,1.3383000000000005
2014-09-08 23:00:00,1.3373000000000004
2014-09-09 23:00:00,1.3325000000000005
2014-09-10 23:00:00,1.3343000000000005
2014-09-11 23:00:00,1.3374000000000004
2014-09-12 23:00:00,1.3359000000000003
2014-09-15 23:00:00,1.3350000000000004
2014-09-16 23:00:00,1.3358000000000005
2014-09-17 23:00:00,1.3379000000000005
2014-09-18 23:00:00,1.3330000000000004
2014-09-19 23:00:00,1.3248000000000004
2014-09-22 23:00:00,1.3244000000000005
2014-09-23 23:00:00,1.3269000000000004
2014-09-24 23:00:00,1.3203000000000005
2014-09-25 23:00:00,1.3173000000000004
2014-09-26 23:00:00,1.3101000000000005
2014-09-29 23:00:00,1.3094000000000003
2014-09-30 23:00:00,1.3031000000000004
2014-10-01 23:00:00,1.3007000000000004
2014-10-02 23:00:00,1.3061000000000005
2014-10-03 23:00:00,1.2917000000000005
2014-10-06 23:00:00,1.2975000000000005
2014-10-07 23:00:00,1.3040000000000005
2014-10-08 23:00:00,1.3077000000000005
2014-10-09 23:00:00,1.3129000000000004
2014-10-10 23:00:00,1.3021000000000005
2014-10-13 23:00:00,1.3104000000000005
2014-10-14 23:00:00,1.3082000000000005
2014-10-15 23:00:00,1.3192000000000004
2014-10-16 23:00:00,1.3181000000000005
2014-10-17 23:00:00,1.3184000000000005
2014-10-20 23:00:00,1.3180000000000005
2014-10-21 23:00:00,1.3147000000000004
2014-10-22 23:00:00,1.3070000000000004
2014-10-23 23:00:00,1.3055000000000003
2014-10-24 23:00:00,1.3080000000000005
2014-10-27 23:00:00,1.3118000000000005
2014-10-28 23:00:00,1.3155000000000003
2014-10-29 23:00:00,1.3174000000000003
2014-10-30 23:00:00,1.3020000000000005
2014-10-31 23:00:00,1.2926000000000004
2014-11-03 23:00:00,1.2897000000000005
2014-11-05 23:00:00,1.2893000000000003
2014-11-06 23:00:00,1.2834000000000005
2014-11-07 23:00:00,1.2830000000000004
2014-11-10 23:00:00,1.2845000000000004
2014-11-11 23:00:00,1.2834000000000005
2014-11-12 23:00:00,1.2883000000000004
2014-11-13 23:00:00,1.2886000000000004
2014-11-14 23:00:00,1.2888000000000004
2014-11-17 23:00:00,1.2867000000000004
2014-11-18 23:00:00,1.2930000000000004
2014-11-19 23:00:00,1.2950000000000004
2014-11-20 23:00:00,1.2945000000000004
2014-11-21 23:00:00,1.2831000000000004
2014-11-24 23:00:00,1.2840000000000005
2014-11-25 23:00:00,1.2877000000000005
2014-11-26 23:00:00,1.2914000000000003
2014-11-27 23:00:00,1.2895000000000005
2014-11-28 23:00:00,1.2866000000000004
2014-12-01 23:00:00,1.2888000000000004
2014-12-02 23:00:00,1.2809000000000004
2014-12-03 23:00:00,1.2723000000000004
2014-12-04 23:00:00,1.2816000000000005
2014-12-05 23:00:00,1.2699000000000005
2014-12-08 23:00:00,1.2697000000000005
2014-12-09 23:00:00,1.2831000000000004
2014-12-10 23:00:00,1.2828000000000004
2014-12-11 23:00:00,1.2785000000000004
2014-12-12 23:00:00,1.2861000000000005
2014-12-15 23:00:00,1.2821000000000005
2014-12-16 23:00:00,1.2902000000000005
2014-12-17 23:00:00,1.2784000000000004
2014-12-18 23:00:00,1.2673000000000005
2014-12-19 23:00:00,1.2661000000000004
2014-12-22 23:00:00,1.2654000000000005
2014-12-23 23:00:00,1.2579000000000005
2014-12-24 23:00:00,1.2583000000000004
2014-12-25 23:00:00,1.2643000000000004
2014-12-26 23:00:00,1.2574000000000005
2014-12-29 23:00:00,1.2587000000000004
2014-12-30 23:00:00,1.2562000000000004
2015-01-05 23:00:00,1.2317000000000005
2015-01-06 23:00:00,1.2314000000000005
2015-01-08 23:00:00,1.2188000000000005
2015-01-09 23:00:00,1.2225000000000004
2015-01-12 23:00:00,1.2212000000000005
2015-01-13 23:00:00,1.2168000000000005
2015-01-14 23:00:00,1.2178000000000004
2015-01-15 23:00:00,1.2002000000000004
2015-01-16 23:00:00,1.1884000000000003
2015-01-19 23:00:00,1.2023000000000004
2015-01-20 23:00:00,1.1975000000000005
2015-01-21 23:00:00,1.1985000000000006
2015-01-22 23:00:00,1.1852000000000005
2015-01-23 23:00:00,1.1659000000000004
2015-01-26 23:00:00,1.1648000000000005
2015-01-27 23:00:00,1.1803000000000003
2015-01-28 23:00:00,1.1715000000000004
2015-01-29 23:00:00,1.1738000000000004
2015-01-30 23:00:00,1.1675000000000004
2015-02-02 23:00:00,1.1746000000000005
2015-02-03 23:00:00,1.1822000000000004
2015-02-04 23:00:00,1.1808000000000005
2015-02-05 23:00:00,1.1828000000000005
2015-02-06 23:00:00,1.1731000000000005
2015-02-09 23:00:00,1.1720000000000004
2015-02-10 23:00:00,1.1702000000000004
2015-02-11 23:00:00,1.1690000000000005
2015-02-12 23:00:00,1.1759000000000004
2015-02-13 23:00:00,1.1795000000000004
2015-02-16 23:00:00,1.1793000000000005
2015-02-17 23:00:00,1.1777000000000004
2015-02-18 23:00:00,1.1743000000000006
2015-02-19 23:00:00,1.1776000000000004
2015-02-20 23:00:00,1.1734000000000004
2015-02-24 23:00:00,1.1722000000000004
2015-02-25 23:00:00,1.1745000000000005
2015-02-26 23:00:00,1.1600000000000004
2015-02-27 23:00:00,1.1597000000000004
2015-03-02 23:00:00,1.1577000000000004
2015-03-03 23:00:00,1.1569000000000005
2015-03-04 23:00:00,1.1463000000000005
2015-03-05 23:00:00,1.1422000000000005
2015-03-06 23:00:00,1.1268000000000005
2015-03-10 23:00:00,1.1103000000000005
2015-03-11 23:00:00,1.0981000000000005
2015-03-12 23:00:00,1.1003000000000005
2015-03-13 23:00:00,1.0880000000000005
2015-03-16 23:00:00,1.0912000000000004
2015-03-17 23:00:00,1.0929000000000004
2015-03-18 23:00:00,1.0960000000000003
2015-03-19 23:00:00,1.0973000000000004
2015-03-20 23:00:00,1.1100000000000003
2015-03-23 23:00:00,1.1213000000000004
2015-03-24 23:00:00,1.1233000000000004
2015-03-25 23:00:00,1.1292000000000004
2015-03-26 23:00:00,1.1252000000000004
2015-03-27 23:00:00,1.1196000000000004
2015-03-30 23:00:00,1.1134000000000004
2015-03-31 23:00:00,1.1069000000000002
2015-04-01 23:00:00,1.1091000000000004
2015-04-02 23:00:00,1.1190000000000002
2015-04-03 23:00:00,1.1310000000000002
2015-04-06 23:00:00,1.1341000000000003
2015-04-07 23:00:00,1.1167000000000002
2015-04-08 23:00:00,1.1138000000000003
2015-04-09 23:00:00,1.1000000000000003
2015-04-10 23:00:00,1.0933000000000004
2015-04-13 23:00:00,1.0904000000000003
2015-04-14 23:00:00,1.1004000000000003
2015-04-15 23:00:00,1.0928000000000004
2015-04-16 23:00:00,1.1044000000000003
2015-04-17 23:00:00,1.1100000000000003
2015-04-20 23:00:00,1.1075000000000004
2015-04-21 23:00:00,1.1085000000000003
2015-04-22 23:00:00,1.1045000000000003
2015-04-23 23:00:00,1.1117000000000004
2015-04-24 23:00:00,1.1183000000000003
2015-04-27 23:00:00,1.1205000000000003
2015-04-28 23:00:00,1.1290000000000002
2015-04-29 23:00:00,1.1468000000000003
2015-04-30 23:00:00,1.1493000000000004
2015-05-05 23:00:00,1.1508000000000003
2015-05-06 23:00:00,1.1649000000000003
2015-05-07 23:00:00,1.1599000000000004
2015-05-08 23:00:00,1.1566000000000003
2015-05-12 23:00:00,1.1563000000000003
2015-05-13 23:00:00,1.1687000000000003
2015-05-14 23:00:00,1.1671000000000002
2015-05-15 23:00:00,1.1757000000000004
2015-05-18 23:00:00,1.1672000000000002
2015-05-19 23:00:00,1.1459000000000004
2015-05-20 23:00:00,1.1401000000000003
2015-05-21 23:00:00,1.1440000000000003
2015-05-22 23:00:00,1.1343000000000003
2015-05-25 23:00:00,1.1292000000000004
2015-05-26 23:00:00,1.1215000000000004
2015-05-27 23:00:00,1.1207000000000003
2015-05-28 23:00:00,1.1227000000000003
2015-05-29 23:00:00,1.1301000000000003
2015-06-01 23:00:00,1.1227000000000003
2015-06-02 23:00:00,1.1447000000000003
2015-06-03 23:00:00,1.1581000000000004
2015-06-04 23:00:00,1.1577000000000004
2015-06-05 23:00:00,1.1428000000000003
2015-06-08 23:00:00,1.1548000000000003
2015-06-09 23:00:00,1.1590000000000003
2015-06-10 23:00:00,1.1614000000000004
2015-06-11 23:00:00,1.1555000000000004
2015-06-15 23:00:00,1.1531000000000002
2015-06-16 23:00:00,1.1511000000000002
2015-06-17 23:00:00,1.1526
2015-06-18 23:00:00,1.1691000000000003
2015-06-19 23:00:00,1.1619000000000002
2015-06-22 23:00:00,1.1669
2015-06-23 23:00:00,1.1470000000000002
2015-06-24 23:00:00,1.1465
2015-06-25 23:00:00,1.1478000000000002
2015-06-26 23:00:00,1.1426
2015-06-29 23:00:00,1.1464
2015-06-30 23:00:00,1.1426
2015-07-01 23:00:00,1.1373000000000002
2015-07-02 23:00:00,1.1378000000000001
2015-07-03 23:00:00,1.1376000000000002
2015-07-06 23:00:00,1.1357000000000002
2015-07-07 23:00:00,1.1231000000000002
2015-07-08 23:00:00,1.1349000000000002
2015-07-09 23:00:00,1.1314000000000002
2015-07-10 23:00:00,1.1424
2015-07-13 23:00:00,1.1309000000000002
2015-07-14 23:00:00,1.1297000000000001
2015-07-15 23:00:00,1.1238000000000001
2015-07-16 23:00:00,1.1174000000000002
2015-07-17 23:00:00,1.1135000000000002
2015-07-20 23:00:00,1.1130000000000002
2015-07-21 23:00:00,1.1197000000000001
2015-07-22 23:00:00,1.1165
2015-07-23 23:00:00,1.1247000000000003
2015-07-24 23:00:00,1.1244
2015-07-27 23:00:00,1.1395000000000002
2015-07-28 23:00:00,1.1320000000000001
2015-07-29 23:00:00,1.1303
2015-07-30 23:00:00,1.1195000000000002
2015-07-31 23:00:00,1.1320000000000001
2015-08-03 23:00:00,1.1237000000000001
2015-08-04 23:00:00,1.1231000000000002
2015-08-05 23:00:00,1.1145
2015-08-06 23:00:00,1.1183
2015-08-07 23:00:00,1.1221
2015-08-10 23:00:00,1.1261
2015-08-11 23:00:00,1.1338000000000001
2015-08-12 23:00:00,1.1472000000000002
2015-08-13 23:00:00,1.1420000000000001
2015-08-14 23:00:00,1.1381000000000001
2015-08-17 23:00:00,1.1350000000000002
2015-08-18 23:00:00,1.1298000000000001
2015-08-19 23:00:00,1.1336000000000002
2015-08-20 23:00:00,1.1472000000000002
2015-08-21 23:00:00,1.1618000000000002
2015-08-24 23:00:00,1.1864000000000001
2015-08-25 23:00:00,1.1689
2015-08-26 23:00:00,1.1668
2015-08-27 23:00:00,1.1510000000000002
2015-08-28 23:00:00,1.1459000000000001
2015-08-31 23:00:00,1.1470000000000002
2015-09-01 23:00:00,1.1524
2015-09-02 23:00:00,1.1509000000000003
2015-09-03 23:00:00,1.1371000000000002
2015-09-04 23:00:00,1.1388000000000003
2015-09-07 23:00:00,1.1438000000000001
2015-09-08 23:00:00,1.1455000000000002
2015-09-09 23:00:00,1.1430000000000002
2015-09-10 23:00:00,1.1536000000000002
2015-09-11 23:00:00,1.1601000000000001
2015-09-14 23:00:00,1.1574000000000002
2015-09-15 23:00:00,1.1577000000000002
2015-09-16 23:00:00,1.1606
2015-09-17 23:00:00,1.1613000000000002
2015-09-18 23:00:00,1.1671000000000002
2015-09-21 23:00:00,1.1497000000000002
2015-09-22 23:00:00,1.1448
2015-09-23 23:00:00,1.1467
2015-09-24 23:00:00,1.1567
2015-09-25 23:00:00,1.1500000000000001
2015-09-28 23:00:00,1.1540000000000001
2015-09-29 23:00:00,1.1545
2015-09-30 23:00:00,1.1470000000000002
2015-10-01 23:00:00,1.1495000000000002
2015-10-02 23:00:00,1.1573000000000002
2015-10-05 23:00:00,1.1503
2015-10-06 23:00:00,1.1565
2015-10-07 23:00:00,1.1559000000000001
2015-10-08 23:00:00,1.1578000000000002
2015-10-09 23:00:00,1.1664
2015-10-12 23:00:00,1.1663000000000001
2015-10-13 23:00:00,1.1686
2015-10-14 23:00:00,1.1734000000000002
2015-10-15 23:00:00,1.1713000000000002
2015-10-16 23:00:00,1.1657000000000002
2015-10-19 23:00:00,1.1618000000000002
2015-10-20 23:00:00,1.1651000000000002
2015-10-21 23:00:00,1.1642000000000001
2015-10-22 23:00:00,1.1455000000000002
2015-10-23 23:00:00,1.1316000000000002
2015-10-26 23:00:00,1.1342
2015-10-27 23:00:00,1.1344
2015-10-28 23:00:00,1.1382
2015-10-29 23:00:00,1.1269000000000002
2015-10-30 23:00:00,1.1355000000000002
2015-11-02 23:00:00,1.1329000000000002
2015-11-03 23:00:00,1.1245
2015-11-05 23:00:00,1.1162
2015-11-06 23:00:00,1.1037000000000001
2015-11-09 23:00:00,1.1047000000000002
2015-11-10 23:00:00,1.0990000000000002
2015-11-11 23:00:00,1.1031000000000002
2015-11-12 23:00:00,1.1052000000000002
2015-11-13 23:00:00,1.1032000000000002
2015-11-16 23:00:00,1.1007000000000002
2015-11-17 23:00:00,1.0952000000000002
2015-11-18 23:00:00,1.0947000000000002
2015-11-19 23:00:00,1.1012000000000002
2015-11-20 23:00:00,1.0968000000000002
2015-11-23 23:00:00,1.0917000000000001
2015-11-24 23:00:00,1.0927000000000002
2015-11-25 23:00:00,1.0883
2015-11-26 23:00:00,1.0910000000000002
2015-11-27 23:00:00,1.0883
2015-11-30 23:00:00,1.0867000000000002
2015-12-01 23:00:00,1.0914000000000001
2015-12-02 23:00:00,1.0851000000000002
2015-12-03 23:00:00,1.1139000000000001
2015-12-04 23:00:00,1.1199000000000001
2015-12-07 23:00:00,1.1137000000000001
2015-12-08 23:00:00,1.1173000000000002
2015-12-09 23:00:00,1.1252000000000002
2015-12-10 23:00:00,1.1234000000000002
2015-12-11 23:00:00,1.1278000000000001
2015-12-14 23:00:00,1.1317000000000002
2015-12-15 23:00:00,1.1225
2015-12-16 23:00:00,1.1212
2015-12-17 23:00:00,1.1138000000000001
2015-12-18 23:00:00,1.1131
2015-12-21 23:00:00,1.1194000000000002
2015-12-22 23:00:00,1.1253
2015-12-23 23:00:00,1.1179000000000001
2015-12-24 23:00:00,1.1226
2015-12-25 23:00:00,1.1255000000000002
2015-12-28 23:00:00,1.1241
2015-12-29 23:00:00,1.1211
2015-12-30 23:00:00,1.1186
2016-01-04 23:00:00,1.1101
2016-01-05 23:00:00,1.0992000000000002
2016-01-06 23:00:00,1.1039
2016-01-11 23:00:00,1.1127
2016-01-12 23:00:00,1.1105
2016-01-13 23:00:00,1.1146
2016-01-14 23:00:00,1.113
2016-01-15 23:00:00,1.1227
2016-01-18 23:00:00,1.1164
2016-01-19 23:00:00,1.1167
2016-01-20 23:00:00,1.1182
2016-01-21 23:00:00,1.1082
2016-01-22 23:00:00,1.1105
2016-01-25 23:00:00,1.11
2016-01-26 23:00:00,1.1124
2016-01-27 23:00:00,1.1144
2016-01-28 23:00:00,1.1207
2016-01-29 23:00:00,1.1088
2016-02-01 23:00:00,1.1164
2016-02-02 23:00:00,1.119
2016-02-03 23:00:00,1.1319000000000001
2016-02-04 23:00:00,1.1442
2016-02-05 23:00:00,1.1391
2016-02-08 23:00:00,1.1404
2016-02-09 23:00:00,1.1572
2016-02-10 23:00:00,1.1462
2016-02-11 23:00:00,1.1603
2016-02-12 23:00:00,1.151
2016-02-15 23:00:00,1.1401000000000001
2016-02-16 23:00:00,1.1401000000000001
2016-02-17 23:00:00,1.1389
2016-02-18 23:00:00,1.135
2016-02-19 23:00:00,1.1372
2016-02-20 23:00:00,1.1426
2016-02-22 23:00:00,1.1294
2016-02-24 23:00:00,1.1281
2016-02-25 23:00:00,1.1293
2016-02-26 23:00:00,1.1209
2016-02-29 23:00:00,1.1131
2016-03-01 23:00:00,1.1131
2016-03-02 23:00:00,1.1097000000000001
2016-03-03 23:00:00,1.1187
2016-03-04 23:00:00,1.1258000000000001
2016-03-07 23:00:00,1.1237000000000001
2016-03-09 23:00:00,1.1263
2016-03-10 23:00:00,1.1384
2016-03-11 23:00:00,1.1405
2016-03-14 23:00:00,1.1356000000000002
2016-03-15 23:00:00,1.1367
2016-03-16 23:00:00,1.1326
2016-03-17 23:00:00,1.1567
2016-03-18 23:00:00,1.1541000000000001
2016-03-21 23:00:00,1.1523
2016-03-22 23:00:00,1.1486
2016-03-23 23:00:00,1.1438000000000001
2016-03-24 23:00:00,1.1425
2016-03-25 23:00:00,1.1423
2016-03-28 23:00:00,1.1468
2016-03-29 23:00:00,1.1460000000000001
2016-03-30 23:00:00,1.1588
2016-03-31 23:00:00,1.1637000000000002
2016-04-01 23:00:00,1.1628
2016-04-04 23:00:00,1.1640000000000001
2016-04-05 23:00:00,1.1649
2016-04-06 23:00:00,1.1659000000000002
2016-04-07 23:00:00,1.1635000000000002
2016-04-08 23:00:00,1.1657000000000002
2016-04-11 23:00:00,1.1673000000000002
2016-04-12 23:00:00,1.1649
2016-04-13 23:00:00,1.1528
2016-04-14 23:00:00,1.1507
2016-04-15 23:00:00,1.1541000000000001
2016-04-18 23:00:00,1.1564
2016-04-19 23:00:00,1.1625
2016-04-20 23:00:00,1.1576000000000002
2016-04-21 23:00:00,1.1542000000000001
2016-04-22 23:00:00,1.1492000000000002
2016-04-25 23:00:00,1.1520000000000001
2016-04-26 23:00:00,1.1559000000000001
2016-04-27 23:00:00,1.1554000000000002
2016-04-28 23:00:00,1.1571000000000002
2016-04-29 23:00:00,1.1695000000000002
2016-05-04 23:00:00,1.1740000000000002
2016-05-05 23:00:00,1.1646
2016-05-06 23:00:00,1.1663000000000001
2016-05-10 23:00:00,1.1625
2016-05-11 23:00:00,1.1680000000000001
2016-05-12 23:00:00,1.1627
2016-05-13 23:00:00,1.1525
2016-05-16 23:00:00,1.1571000000000002
2016-05-17 23:00:00,1.1579000000000002
2016-05-18 23:00:00,1.151
2016-05-19 23:00:00,1.1445
2016-05-20 23:00:00,1.1448
2016-05-23 23:00:00,1.1435000000000002
2016-05-24 23:00:00,1.1385
2016-05-25 23:00:00,1.1399000000000001
2016-05-26 23:00:00,1.1419000000000001
2016-05-27 23:00:00,1.1370000000000002
2016-05-30 23:00:00,1.1371000000000002
2016-05-31 23:00:00,1.1363
2016-06-01 23:00:00,1.1402
2016-06-02 23:00:00,1.1388
2016-06-03 23:00:00,1.1565
2016-06-06 23:00:00,1.1595000000000002
2016-06-07 23:00:00,1.1581000000000001
2016-06-08 23:00:00,1.1635000000000002
2016-06-09 23:00:00,1.1556000000000002
2016-06-10 23:00:00,1.151
2016-06-14 23:00:00,1.1442
2016-06-15 23:00:00,1.1475000000000002
2016-06-16 23:00:00,1.1386000000000003
2016-06-17 23:00:00,1.1483000000000003
2016-06-20 23:00:00,1.1539000000000004
2016-06-21 23:00:00,1.1489000000000003
2016-06-22 23:00:00,1.1512000000000002
2016-06-23 23:00:00,1.1602000000000003
2016-06-24 23:00:00,1.1339000000000004
2016-06-27 23:00:00,1.1245000000000003
2016-06-28 23:00:00,1.1274000000000004
2016-06-29 23:00:00,1.1328000000000003
2016-06-30 23:00:00,1.1326000000000003
2016-07-01 23:00:00,1.1370000000000002
2016-07-04 23:00:00,1.1363000000000003
2016-07-05 23:00:00,1.1318000000000004
2016-07-06 23:00:00,1.1302000000000003
2016-07-07 23:00:00,1.1293000000000002
2016-07-08 23:00:00,1.1269000000000002
2016-07-11 23:00:00,1.1259000000000003
2016-07-12 23:00:00,1.1297000000000004
2016-07-13 23:00:00,1.1332000000000002
2016-07-14 23:00:00,1.1333000000000002
2016-07-15 23:00:00,1.1281000000000003
2016-07-18 23:00:00,1.1300000000000003
2016-07-19 23:00:00,1.1232000000000002
2016-07-20 23:00:00,1.1224000000000003
2016-07-21 23:00:00,1.1228000000000002
2016-07-22 23:00:00,1.1193000000000004
2016-07-25 23:00:00,1.1197000000000004
2016-07-26 23:00:00,1.1202000000000003
2016-07-27 23:00:00,1.1209000000000002
2016-07-28 23:00:00,1.1308000000000002
2016-07-29 23:00:00,1.1389000000000002
2016-08-01 23:00:00,1.1389000000000002
2016-08-02 23:00:00,1.1444000000000003
2016-08-03 23:00:00,1.1393000000000002
2016-08-04 23:00:00,1.1343000000000003
2016-08-05 23:00:00,1.1292000000000002
2016-08-08 23:00:00,1.1286000000000003
2016-08-09 23:00:00,1.1326000000000003
2016-08-10 23:00:00,1.1383000000000003
2016-08-11 23:00:00,1.1379000000000004
2016-08-12 23:00:00,1.1385000000000003
2016-08-15 23:00:00,1.1406000000000003
2016-08-16 23:00:00,1.1492000000000002
2016-08-17 23:00:00,1.1475000000000002
2016-08-18 23:00:00,1.1540000000000004
2016-08-19 23:00:00,1.1531000000000002
2016-08-22 23:00:00,1.1518000000000004
2016-08-23 23:00:00,1.1520000000000004
2016-08-24 23:00:00,1.1458000000000004
2016-08-25 23:00:00,1.1482000000000003
2016-08-26 23:00:00,1.1445000000000003
2016-08-29 23:00:00,1.1380000000000003
2016-08-30 23:00:00,1.1351000000000002
2016-08-31 23:00:00,1.1348000000000003
2016-09-01 23:00:00,1.1393000000000002
2016-09-02 23:00:00,1.1360000000000003
2016-09-05 23:00:00,1.1350000000000002
2016-09-06 23:00:00,1.1431000000000002
2016-09-07 23:00:00,1.1434000000000002
2016-09-08 23:00:00,1.1463000000000003
2016-09-09 23:00:00,1.1418000000000004
2016-09-12 23:00:00,1.1429000000000002
2016-09-13 23:00:00,1.1437000000000004
2016-09-14 23:00:00,1.1456000000000004
2016-09-15 23:00:00,1.1443000000000003
2016-09-16 23:00:00,1.1362000000000003
2016-09-19 23:00:00,1.1375000000000002
2016-09-20 23:00:00,1.1366000000000003
2016-09-21 23:00:00,1.1362000000000003
2016-09-22 23:00:00,1.1430000000000002
2016-09-23 23:00:00,1.1425000000000003
2016-09-26 23:00:00,1.1468000000000003
2016-09-27 23:00:00,1.1404000000000003
2016-09-28 23:00:00,1.1393000000000002
2016-09-29 23:00:00,1.1437000000000002
2016-09-30 23:00:00,1.1432000000000002
2016-10-03 23:00:00,1.1406000000000003
2016-10-04 23:00:00,1.1386000000000003
2016-10-05 23:00:00,1.1392000000000002
2016-10-06 23:00:00,1.1359000000000004
2016-10-07 23:00:00,1.1345000000000003
2016-10-10 23:00:00,1.1347000000000003
2016-10-11 23:00:00,1.1247000000000003
2016-10-12 23:00:00,1.1198000000000004
2016-10-13 23:00:00,1.1231000000000002
2016-10-14 23:00:00,1.1185000000000003
2016-10-17 23:00:00,1.1182000000000003
2016-10-18 23:00:00,1.1180000000000003
2016-10-19 23:00:00,1.1153000000000002
2016-10-20 23:00:00,1.1115000000000002
2016-10-21 23:00:00,1.1056000000000004
2016-10-24 23:00:00,1.1070000000000002
2016-10-25 23:00:00,1.1066000000000003
2016-10-26 23:00:00,1.1089000000000002
2016-10-27 23:00:00,1.1085000000000003
2016-10-28 23:00:00,1.1111000000000002
2016-10-31 23:00:00,1.1121000000000003
2016-11-01 23:00:00,1.1221000000000003
2016-11-02 23:00:00,1.1290000000000002
2016-11-03 23:00:00,1.1264000000000003
2016-11-07 23:00:00,1.1211000000000002
2016-11-08 23:00:00,1.1229000000000002
2016-11-09 23:00:00,1.1118000000000003
2016-11-10 23:00:00,1.1058000000000003
2016-11-11 23:00:00,1.1039000000000003
2016-11-14 23:00:00,1.0895000000000004
2016-11-15 23:00:00,1.0918000000000003
2016-11-16 23:00:00,1.0862000000000003
2016-11-17 23:00:00,1.0848000000000002
2016-11-18 23:00:00,1.0756000000000003
2016-11-21 23:00:00,1.0798000000000003
2016-11-22 23:00:00,1.0763000000000003
2016-11-23 23:00:00,1.0703000000000003
2016-11-24 23:00:00,1.0736000000000003
2016-11-25 23:00:00,1.0769000000000002
2016-11-28 23:00:00,1.0748000000000002
2016-11-29 23:00:00,1.0787000000000002
2016-11-30 23:00:00,1.0782000000000003
2016-12-01 23:00:00,1.0754000000000004
2016-12-02 23:00:00,1.0824000000000003
2016-12-05 23:00:00,1.0901000000000003
2016-12-06 23:00:00,1.0896000000000003
2016-12-07 23:00:00,1.0924000000000003
2016-12-08 23:00:00,1.0783000000000003
2016-12-09 23:00:00,1.0708000000000002
2016-12-12 23:00:00,1.0774000000000004
2016-12-13 23:00:00,1.0794000000000004
2016-12-14 23:00:00,1.0817000000000003
2016-12-15 23:00:00,1.0633000000000004
2016-12-16 23:00:00,1.0626000000000002
2016-12-19 23:00:00,1.0655000000000003
2016-12-20 23:00:00,1.0602000000000003
2016-12-21 23:00:00,1.0669000000000004
2016-12-22 23:00:00,1.0699000000000003
2016-12-23 23:00:00,1.0667000000000004
2016-12-26 23:00:00,1.0669000000000004
2016-12-27 23:00:00,1.0682000000000003
2016-12-28 23:00:00,1.0620000000000003
2016-12-29 23:00:00,1.0677000000000003
2016-12-30 23:00:00,1.0785000000000002
2017-01-03 23:00:00,1.0578000000000003
2017-01-04 23:00:00,1.0670000000000004
2017-01-05 23:00:00,1.0792000000000004
2017-01-06 23:00:00,1.0768000000000004
2017-01-09 23:00:00,1.0755000000000003
2017-01-10 23:00:00,1.0781000000000003
2017-01-11 23:00:00,1.0669000000000004
2017-01-12 23:00:00,1.0840000000000003
2017-01-13 23:00:00,1.0828000000000002
2017-01-16 23:00:00,1.0800000000000003
2017-01-17 23:00:00,1.0897000000000003
2017-01-18 23:00:00,1.0897000000000003
2017-01-19 23:00:00,1.0801000000000003
2017-01-20 23:00:00,1.0866000000000002
2017-01-23 23:00:00,1.0938000000000003
2017-01-24 23:00:00,1.0953000000000004
2017-01-25 23:00:00,1.0934000000000004
2017-01-26 23:00:00,1.0871000000000004
2017-01-27 23:00:00,1.0898000000000003
2017-01-30 23:00:00,1.0874000000000004
2017-01-31 23:00:00,1.0985000000000003
2017-02-01 23:00:00,1.0943000000000003
2017-02-02 23:00:00,1.0996000000000004
2017-02-03 23:00:00,1.0980000000000003
2017-02-06 23:00:00,1.0920000000000003
2017-02-07 23:00:00,1.0870000000000004
2017-02-08 23:00:00,1.0874000000000004
2017-02-09 23:00:00,1.0859000000000003
2017-02-10 23:00:00,1.0810000000000004
2017-02-13 23:00:00,1.0784000000000002
2017-02-14 23:00:00,1.0753000000000004
2017-02-15 23:00:00,1.0754000000000004
2017-02-16 23:00:00,1.0846000000000002
2017-02-17 23:00:00,1.0809000000000004
2017-02-20 23:00:00,1.0805000000000002
2017-02-21 23:00:00,1.0721000000000003
2017-02-22 23:00:00,1.0712000000000004
2017-02-24 23:00:00,1.0770000000000004
2017-02-27 23:00:00,1.0777000000000003
2017-02-28 23:00:00,1.0798000000000003
2017-03-01 23:00:00,1.0729000000000004
2017-03-02 23:00:00,1.0696000000000003
2017-03-03 23:00:00,1.0737000000000003
2017-03-06 23:00:00,1.0783000000000003
2017-03-07 23:00:00,1.0751000000000004
2017-03-09 23:00:00,1.0763000000000003
2017-03-10 23:00:00,1.0823000000000003
2017-03-13 23:00:00,1.0852000000000004
2017-03-14 23:00:00,1.0812000000000004
2017-03-15 23:00:00,1.0808000000000002
2017-03-16 23:00:00,1.0904000000000003
2017-03-17 23:00:00,1.0909000000000002
2017-03-20 23:00:00,1.0925000000000002
2017-03-21 23:00:00,1.0978
2017-03-22 23:00:00,1.0982
2017-03-23 23:00:00,1.0945000000000003
2017-03-24 23:00:00,1.0978
2017-03-27 23:00:00,1.1051000000000002
2017-03-28 23:00:00,1.102
2017-03-29 23:00:00,1.0917000000000001
2017-03-30 23:00:00,1.0890000000000002
2017-03-31 23:00:00,1.0858
2017-04-03 23:00:00,1.0817
2017-04-04 23:00:00,1.0828000000000002
2017-04-05 23:00:00,1.082
2017-04-06 23:00:00,1.0809000000000002
2017-04-07 23:00:00,1.0775000000000001
2017-04-10 23:00:00,1.0765000000000002
2017-04-11 23:00:00,1.0778
2017-04-12 23:00:00,1.0775000000000001
2017-04-13 23:00:00,1.0788000000000002
2017-04-14 23:00:00,1.0782000000000003
2017-04-17 23:00:00,1.0813000000000001
2017-04-18 23:00:00,1.086
2017-04-19 23:00:00,1.0858
2017-04-20 23:00:00,1.0921
2017-04-21 23:00:00,1.0847000000000002
2017-04-24 23:00:00,1.1009000000000002
2017-04-25 23:00:00,1.1087000000000002
2017-04-26 23:00:00,1.1013000000000002
2017-04-27 23:00:00,1.1019
2017-04-28 23:00:00,1.1049000000000002
2017-05-02 23:00:00,1.1053000000000002
2017-05-03 23:00:00,1.1066000000000003
2017-05-04 23:00:00,1.1094000000000002
2017-05-05 23:00:00,1.1146000000000003
2017-05-10 23:00:00,1.1014000000000002
2017-05-11 23:00:00,1.1014000000000002
2017-05-12 23:00:00,1.1072000000000002
2017-05-15 23:00:00,1.1126000000000003
2017-05-16 23:00:00,1.1213000000000002
2017-05-17 23:00:00,1.1274000000000002
2017-05-18 23:00:00,1.1266000000000003
2017-05-19 23:00:00,1.1328000000000003
2017-05-22 23:00:00,1.1371000000000002
2017-05-23 23:00:00,1.1364
2017-05-24 23:00:00,1.1312000000000002
2017-05-25 23:00:00,1.1357000000000002
2017-05-26 23:00:00,1.1311000000000002
2017-05-29 23:00:00,1.1316000000000002
2017-05-30 23:00:00,1.1323
2017-05-31 23:00:00,1.1371000000000002
2017-06-01 23:00:00,1.1347000000000003
2017-06-02 23:00:00,1.1411000000000002
2017-06-05 23:00:00,1.1383
2017-06-06 23:00:00,1.1399000000000001
2017-06-07 23:00:00,1.1379000000000001
2017-06-08 23:00:00,1.1349000000000002
2017-06-09 23:00:00,1.1320000000000001
2017-06-13 23:00:00,1.1324
2017-06-14 23:00:00,1.1413000000000002
2017-06-15 23:00:00,1.1288000000000002
2017-06-16 23:00:00,1.1323000000000003
2017-06-19 23:00:00,1.1296000000000002
2017-06-20 23:00:00,1.1254000000000002
2017-06-21 23:00:00,1.1275000000000002
2017-06-22 23:00:00,1.1277000000000004
2017-06-23 23:00:00,1.1325000000000003
2017-06-26 23:00:00,1.1320000000000003
2017-06-27 23:00:00,1.1422000000000003
2017-06-28 23:00:00,1.1486000000000003
2017-06-29 23:00:00,1.1552000000000002
2017-06-30 23:00:00,1.1529000000000003
2017-07-03 23:00:00,1.1487000000000003
2017-07-04 23:00:00,1.1469000000000003
2017-07-05 23:00:00,1.1460000000000004
2017-07-06 23:00:00,1.1521000000000003
2017-07-07 23:00:00,1.1512000000000002
2017-07-10 23:00:00,1.1511000000000002
2017-07-11 23:00:00,1.1545000000000003
2017-07-12 23:00:00,1.1529000000000003
2017-07-13 23:00:00,1.1505000000000003
2017-07-14 23:00:00,1.1576000000000002
2017-07-17 23:00:00,1.1584000000000003
2017-07-18 23:00:00,1.1687000000000003
2017-07-19 23:00:00,1.1631000000000002
2017-07-20 23:00:00,1.1749000000000003
2017-07-21 23:00:00,1.1758000000000002
2017-07-24 23:00:00,1.1751000000000003
2017-07-25 23:00:00,1.1764000000000003
2017-07-26 23:00:00,1.1742000000000004
2017-07-27 23:00:00,1.1770000000000003
2017-07-28 23:00:00,1.1867000000000003
2017-07-31 23:00:00,1.1895000000000002
2017-08-01 23:00:00,1.1900000000000002
2017-08-02 23:00:00,1.1961000000000002
2017-08-03 23:00:00,1.1987000000000003
2017-08-04 23:00:00,1.1853000000000002
2017-08-07 23:00:00,1.1889000000000003
2017-08-08 23:00:00,1.1840000000000002
2017-08-09 23:00:00,1.1844000000000003
2017-08-10 23:00:00,1.1843000000000004
2017-08-11 23:00:00,1.1898000000000002
2017-08-14 23:00:00,1.1887000000000003
2017-08-15 23:00:00,1.1826000000000003
2017-08-16 23:00:00,1.1793000000000002
2017-08-17 23:00:00,1.1830000000000003
2017-08-18 23:00:00,1.1834000000000002
2017-08-21 23:00:00,1.1907000000000003
2017-08-22 23:00:00,1.1862000000000004
2017-08-23 23:00:00,1.1897000000000002
2017-08-24 23:00:00,1.1896000000000002
2017-08-25 23:00:00,1.1958000000000002
2017-08-28 23:00:00,1.2060000000000002
2017-08-29 23:00:00,1.2122000000000002
2017-08-30 23:00:00,1.2005000000000003
2017-08-31 23:00:00,1.1971000000000003
2017-09-01 23:00:00,1.1971000000000003
2017-09-04 23:00:00,1.2003000000000004
2017-09-05 23:00:00,1.1996000000000002
2017-09-06 23:00:00,1.2029000000000003
2017-09-07 23:00:00,1.2103000000000002
2017-09-08 23:00:00,1.2116000000000002
2017-09-11 23:00:00,1.2056000000000002
2017-09-12 23:00:00,1.2045000000000003
2017-09-13 23:00:00,1.1970000000000003
2017-09-14 23:00:00,1.1963000000000004
2017-09-15 23:00:00,1.2036000000000002
2017-09-18 23:00:00,1.2031000000000003
2017-09-19 23:00:00,1.2053000000000003
2017-09-20 23:00:00,1.2078000000000002
2017-09-21 23:00:00,1.2018000000000002
2017-09-22 23:00:00,1.2045000000000001
2017-09-25 23:00:00,1.1934000000000002
2017-09-26 23:00:00,1.1851000000000003
2017-09-27 23:00:00,1.1824000000000001
2017-09-28 23:00:00,1.1861000000000002
2017-09-29 23:00:00,1.1889000000000003
2017-10-02 23:00:00,1.1816000000000002
2017-10-03 23:00:00,1.1831000000000003
2017-10-04 23:00:00,1.1829000000000003
2017-10-05 23:00:00,1.1779000000000002
2017-10-06 23:00:00,1.1801000000000001
2017-10-09 23:00:00,1.1812000000000002
2017-10-10 23:00:00,1.1872000000000003
2017-10-11 23:00:00,1.1910000000000003
2017-10-12 23:00:00,1.1912000000000003
2017-10-13 23:00:00,1.1899000000000002
2017-10-16 23:00:00,1.1881000000000002
2017-10-17 23:00:00,1.1818000000000002
2017-10-18 23:00:00,1.1832000000000003
2017-10-19 23:00:00,1.1903000000000001
2017-10-20 23:00:00,1.1836000000000002
2017-10-23 23:00:00,1.1804000000000001
2017-10-24 23:00:00,1.1827
2017-10-25 23:00:00,1.1864000000000001
2017-10-26 23:00:00,1.1759000000000002
2017-10-27 23:00:00,1.1638000000000002
2017-10-30 23:00:00,1.1681000000000001
2017-10-31 23:00:00,1.1711000000000003
2017-11-01 23:00:00,1.1682000000000001
2017-11-02 23:00:00,1.1724
2017-11-03 23:00:00,1.1670000000000003
2017-11-07 23:00:00,1.1632000000000002
2017-11-08 23:00:00,1.1648000000000003
2017-11-09 23:00:00,1.1672000000000002
2017-11-10 23:00:00,1.1721000000000001
2017-11-13 23:00:00,1.1715000000000002
2017-11-14 23:00:00,1.1801000000000001
2017-11-15 23:00:00,1.1854000000000002
2017-11-16 23:00:00,1.1810000000000003
2017-11-17 23:00:00,1.1830000000000003
2017-11-20 23:00:00,1.1787
2017-11-21 23:00:00,1.1775000000000002
2017-11-22 23:00:00,1.1832000000000003
2017-11-23 23:00:00,1.1893000000000002
2017-11-24 23:00:00,1.1963000000000001
2017-11-27 23:00:00,1.1963000000000001
2017-11-28 23:00:00,1.1917000000000002
2017-11-29 23:00:00,1.1885000000000001
2017-11-30 23:00:00,1.1962000000000002
2017-12-01 23:00:00,1.1905000000000001
2017-12-04 23:00:00,1.1880000000000002
2017-12-05 23:00:00,1.1859000000000002
2017-12-06 23:00:00,1.1831000000000003
2017-12-07 23:00:00,1.1826
2017-12-08 23:00:00,1.1789000000000003
2017-12-11 23:00:00,1.1832000000000003
2017-12-12 23:00:00,1.1758000000000002
2017-12-13 23:00:00,1.1785
2017-12-14 23:00:00,1.1807
2017-12-15 23:00:00,1.1807
2017-12-18 23:00:00,1.1859000000000002
2017-12-19 23:00:00,1.1846
2017-12-20 23:00:00,1.1913000000000002
2017-12-21 23:00:00,1.1882000000000001
2017-12-22 23:00:00,1.1852000000000003
2017-12-25 23:00:00,1.1898000000000002
2017-12-26 23:00:00,1.1890000000000003
2017-12-27 23:00:00,1.1923000000000001
2017-12-28 23:00:00,1.1941000000000002
2017-12-29 23:00:00,1.1996000000000002
2018-01-03 23:00:00,1.2009
2018-01-04 23:00:00,1.2072000000000003
2018-01-05 23:00:00,1.2014000000000002
2018-01-09 23:00:00,1.1923000000000001
2018-01-10 23:00:00,1.1972000000000003
2018-01-11 23:00:00,1.2037000000000002
2018-01-12 23:00:00,1.2127000000000001
2018-01-15 23:00:00,1.2254000000000003
2018-01-16 23:00:00,1.2204000000000002
2018-01-17 23:00:00,1.2220000000000002
2018-01-18 23:00:00,1.2218000000000002
2018-01-19 23:00:00,1.2224000000000002
2018-01-22 23:00:00,1.2241000000000002
2018-01-23 23:00:00,1.2281000000000002
2018-01-24 23:00:00,1.2365000000000002
2018-01-25 23:00:00,1.2494
2018-01-26 23:00:00,1.241
2018-01-29 23:00:00,1.2341000000000002
2018-01-30 23:00:00,1.2392
2018-01-31 23:00:00,1.2447000000000001
2018-02-01 23:00:00,1.2442000000000002
2018-02-02 23:00:00,1.2393
2018-02-05 23:00:00,1.2397000000000002
2018-02-06 23:00:00,1.2300000000000002
2018-02-07 23:00:00,1.2281000000000002
2018-02-08 23:00:00,1.2236000000000002
2018-02-09 23:00:00,1.2220000000000002
2018-02-12 23:00:00,1.2226000000000001
2018-02-13 23:00:00,1.2337000000000002
2018-02-14 23:00:00,1.235
2018-02-15 23:00:00,1.2439000000000002
2018-02-16 23:00:00,1.2416000000000003
2018-02-19 23:00:00,1.2348000000000001
2018-02-20 23:00:00,1.2306000000000001
2018-02-21 23:00:00,1.2286000000000001
2018-02-22 23:00:00,1.2295000000000003
2018-02-26 23:00:00,1.2253000000000003
2018-02-27 23:00:00,1.2197000000000002
2018-02-28 23:00:00,1.2151
2018-03-01 23:00:00,1.2151
2018-03-02 23:00:00,1.2271
2018-03-05 23:00:00,1.2280000000000002
2018-03-06 23:00:00,1.2352
2018-03-07 23:00:00,1.2339000000000002
2018-03-09 23:00:00,1.2267000000000001
2018-03-12 23:00:00,1.2265000000000001
2018-03-13 23:00:00,1.2341000000000002
2018-03-14 23:00:00,1.2304000000000002
2018-03-15 23:00:00,1.2304000000000002
2018-03-16 23:00:00,1.2251
2018-03-19 23:00:00,1.2294000000000003
2018-03-20 23:00:00,1.2254000000000003
2018-03-21 23:00:00,1.2253000000000003
2018-03-22 23:00:00,1.227
2018-03-23 23:00:00,1.2316000000000003
2018-03-26 23:00:00,1.241
2018-03-27 23:00:00,1.2369
2018-03-28 23:00:00,1.231
2018-03-29 23:00:00,1.2246000000000001
2018-03-30 23:00:00,1.2277000000000002
2018-04-02 23:00:00,1.2246000000000001
2018-04-03 23:00:00,1.2221000000000002
2018-04-04 23:00:00,1.2251
2018-04-05 23:00:00,1.2174000000000003
2018-04-06 23:00:00,1.2229
2018-04-09 23:00:00,1.2266000000000001
2018-04-10 23:00:00,1.2281000000000002
2018-04-11 23:00:00,1.2336000000000003
2018-04-12 23:00:00,1.2260000000000002
2018-04-13 23:00:00,1.2267000000000001
2018-04-16 23:00:00,1.2313
2018-04-17 23:00:00,1.2288000000000001
2018-04-18 23:00:00,1.2316000000000003
2018-04-19 23:00:00,1.2278000000000002
2018-04-20 23:00:00,1.2215000000000003
2018-04-23 23:00:00,1.215
2018-04-24 23:00:00,1.2161000000000002
2018-04-25 23:00:00,1.2111
2018-04-26 23:00:00,1.2035000000000002
2018-04-27 23:00:00,1.2037000000000002
2018-04-28 23:00:00,1.2073000000000003
2018-04-30 23:00:00,1.1995000000000002
2018-05-02 23:00:00,1.1900000000000002
2018-05-03 23:00:00,1.1887
2018-05-04 23:00:00,1.1861000000000002
2018-05-07 23:00:00,1.1842000000000001
2018-05-08 23:00:00,1.1788
2018-05-10 23:00:00,1.1812000000000002
2018-05-11 23:00:00,1.1857000000000002
2018-05-14 23:00:00,1.1892000000000003
2018-05-15 23:00:00,1.1779000000000002
2018-05-16 23:00:00,1.1696000000000002
2018-05-17 23:00:00,1.1701000000000001
2018-05-18 23:00:00,1.1682000000000001
2018-05-21 23:00:00,1.1671000000000002
2018-05-22 23:00:00,1.1700000000000002
2018-05-23 23:00:00,1.1613000000000002
2018-05-24 23:00:00,1.1633000000000002
2018-05-25 23:00:00,1.1570000000000003
2018-05-28 23:00:00,1.1534000000000002
2018-05-29 23:00:00,1.1462
2018-05-30 23:00:00,1.1555000000000002
2018-05-31 23:00:00,1.1591000000000002
2018-06-01 23:00:00,1.1570000000000003
2018-06-04 23:00:00,1.1587
2018-06-05 23:00:00,1.1577000000000002
2018-06-06 23:00:00,1.1668
2018-06-07 23:00:00,1.1720000000000002
2018-06-08 23:00:00,1.1658000000000002
2018-06-09 23:00:00,1.1671000000000002
2018-06-11 23:00:00,1.1695000000000002
2018-06-13 23:00:00,1.1676000000000002
2018-06-14 23:00:00,1.1522000000000001
2018-06-15 23:00:00,1.1514000000000002
2018-06-18 23:00:00,1.1502000000000001
2018-06-19 23:00:00,1.1466
2018-06-20 23:00:00,1.1477000000000002
2018-06-21 23:00:00,1.1496000000000002
2018-06-22 23:00:00,1.1524
2018-06-25 23:00:00,1.1577000000000002
2018-06-26 23:00:00,1.1562000000000001
2018-06-27 23:00:00,1.1469
2018-06-28 23:00:00,1.1456000000000002
2018-06-29 23:00:00,1.1552000000000002
2018-07-02 23:00:00,1.1484
2018-07-03 23:00:00,1.1533000000000002
2018-07-04 23:00:00,1.1515000000000002
2018-07-05 23:00:00,1.157
2018-07-06 23:00:00,1.1617000000000002
2018-07-09 23:00:00,1.1620000000000001
2018-07-10 23:00:00,1.1608
2018-07-11 23:00:00,1.1591
2018-07-12 23:00:00,1.1555000000000002
2018-07-13 23:00:00,1.1538000000000002
2018-07-16 23:00:00,1.1573000000000002
2018-07-17 23:00:00,1.1552000000000002
2018-07-18 23:00:00,1.1505
2018-07-19 23:00:00,1.1463
2018-07-20 23:00:00,1.1566
2018-07-23 23:00:00,1.1568
2018-07-24 23:00:00,1.1551
2018-07-25 23:00:00,1.153
2018-07-26 23:00:00,1.1520000000000001
2018-07-27 23:00:00,1.151
2018-07-30 23:00:00,1.1571
2018-07-31 23:00:00,1.1554000000000002
2018-08-01 23:00:00,1.1523
2018-08-02 23:00:00,1.1462
2018-08-03 23:00:00,1.1445
2018-08-06 23:00:00,1.1413000000000002
2018-08-07 23:00:00,1.1440000000000001
2018-08-08 23:00:00,1.1445
2018-08-09 23:00:00,1.1413000000000002
2018-08-10 23:00:00,1.1256000000000002
2018-08-13 23:00:00,1.1251000000000002
2018-08-14 23:00:00,1.1198000000000001
2018-08-15 23:00:00,1.1166
2018-08-16 23:00:00,1.1222
2018-08-17 23:00:00,1.1249
2018-08-20 23:00:00,1.1270000000000002
2018-08-21 23:00:00,1.1369
2018-08-22 23:00:00,1.1427
2018-08-23 23:00:00,1.1401000000000001
2018-08-24 23:00:00,1.1451
2018-08-27 23:00:00,1.1504
2018-08-28 23:00:00,1.1549
2018-08-29 23:00:00,1.1527
2018-08-30 23:00:00,1.1467
2018-08-31 23:00:00,1.1427
2018-09-03 23:00:00,1.1445
2018-09-04 23:00:00,1.1388
2018-09-05 23:00:00,1.1440000000000001
2018-09-06 23:00:00,1.1435000000000002
2018-09-07 23:00:00,1.1392000000000002
2018-09-10 23:00:00,1.1422
2018-09-11 23:00:00,1.1404
2018-09-12 23:00:00,1.1447
2018-09-13 23:00:00,1.1489
2018-09-14 23:00:00,1.1477000000000002
2018-09-17 23:00:00,1.1501000000000001
2018-09-18 23:00:00,1.1498000000000002
2018-09-19 23:00:00,1.1493000000000002
2018-09-20 23:00:00,1.1552000000000002
2018-09-21 23:00:00,1.1549
2018-09-24 23:00:00,1.1571000000000002
2018-09-25 23:00:00,1.1573000000000002
2018-09-26 23:00:00,1.1558000000000002
2018-09-27 23:00:00,1.1472000000000002
2018-09-28 23:00:00,1.1426
2018-10-01 23:00:00,1.1366
2018-10-02 23:00:00,1.1358000000000001
2018-10-03 23:00:00,1.1320000000000001
2018-10-04 23:00:00,1.1307
2018-10-05 23:00:00,1.1309000000000002
2018-10-08 23:00:00,1.1270000000000002
2018-10-09 23:00:00,1.1281
2018-10-10 23:00:00,1.1326
2018-10-11 23:00:00,1.1355000000000002
2018-10-12 23:00:00,1.1348000000000003
2018-10-15 23:00:00,1.1377000000000002
2018-10-16 23:00:00,1.1376000000000002
2018-10-17 23:00:00,1.1325
2018-10-18 23:00:00,1.1277000000000001
2018-10-19 23:00:00,1.1278000000000001
2018-10-22 23:00:00,1.1244
2018-10-23 23:00:00,1.1261
2018-10-24 23:00:00,1.1169000000000002
2018-10-25 23:00:00,1.1146
2018-10-26 23:00:00,1.1167000000000002
2018-10-29 23:00:00,1.1170000000000002
2018-10-30 23:00:00,1.1137000000000001
2018-10-31 23:00:00,1.11
2018-11-01 23:00:00,1.1174000000000002
2018-11-02 23:00:00,1.1162
2018-11-06 23:00:00,1.1186
2018-11-07 23:00:00,1.1247
2018-11-08 23:00:00,1.1191000000000002
2018-11-09 23:00:00,1.1105
2018-11-12 23:00:00,1.1028000000000002
2018-11-13 23:00:00,1.1030000000000002
2018-11-14 23:00:00,1.1072000000000002
2018-11-15 23:00:00,1.1069000000000002
2018-11-16 23:00:00,1.1149000000000002
2018-11-19 23:00:00,1.1215000000000002
2018-11-20 23:00:00,1.1148000000000002
2018-11-21 23:00:00,1.1154000000000002
2018-11-22 23:00:00,1.1150000000000002
2018-11-23 23:00:00,1.1101
2018-11-26 23:00:00,1.1095000000000002
2018-11-27 23:00:00,1.1048000000000002
2018-11-28 23:00:00,1.1026000000000002
2018-11-29 23:00:00,1.1124
2018-11-30 23:00:00,1.1073000000000002
2018-12-03 23:00:00,1.1098000000000001
2018-12-04 23:00:00,1.1103
2018-12-05 23:00:00,1.1072000000000002
2018-12-06 23:00:00,1.1138000000000001
2018-12-07 23:00:00,1.1121
2018-12-10 23:00:00,1.1139000000000001
2018-12-11 23:00:00,1.1056000000000001
2018-12-12 23:00:00,1.1103
2018-12-13 23:00:00,1.1072000000000002
2018-12-14 23:00:00,1.1019
2018-12-17 23:00:00,1.1059
2018-12-18 23:00:00,1.1097000000000001
2018-12-19 23:00:00,1.1158000000000001
2018-12-20 23:00:00,1.114
2018-12-21 23:00:00,1.1112
2018-12-24 23:00:00,1.1119
2018-12-25 23:00:00,1.1102
2018-12-26 23:00:00,1.1122
2018-12-27 23:00:00,1.1128
2018-12-28 23:00:00,1.115
2018-12-29 23:00:00,1.1171
2019-01-03 23:00:00,1.1107
2019-01-04 23:00:00,1.1096000000000001
2019-01-08 23:00:00,1.1138000000000001
2019-01-09 23:00:00,1.1222
2019-01-10 23:00:00,1.1215000000000002
2019-01-11 23:00:00,1.1178000000000001
2019-01-14 23:00:00,1.1165
2019-01-15 23:00:00,1.1134
2019-01-16 23:00:00,1.1095000000000002
2019-01-17 23:00:00,1.1066
2019-01-18 23:00:00,1.1053
2019-01-21 23:00:00,1.1053
2019-01-22 23:00:00,1.1052
2019-01-23 23:00:00,1.1074000000000002
2019-01-24 23:00:00,1.1046
2019-01-25 23:00:00,1.1088
2019-01-28 23:00:00,1.1115000000000002
2019-01-29 23:00:00,1.1101
2019-01-30 23:00:00,1.11
2019-01-31 23:00:00,1.1169
2019-02-01 23:00:00,1.1135000000000002
2019-02-04 23:00:00,1.1112
2019-02-05 23:00:00,1.1087
2019-02-06 23:00:00,1.1058000000000001
2019-02-07 23:00:00,1.1025
2019-02-08 23:00:00,1.1005
2019-02-11 23:00:00,1.0946
2019-02-12 23:00:00,1.0963
2019-02-13 23:00:00,1.0961
2019-02-14 23:00:00,1.0939
2019-02-15 23:00:00,1.0932
2019-02-18 23:00:00,1.0976000000000001
2019-02-19 23:00:00,1.0981
2019-02-20 23:00:00,1.1005
2019-02-21 23:00:00,1.1007
2019-02-22 23:00:00,1.1009
2019-02-25 23:00:00,1.1008
2019-02-26 23:00:00,1.1012
2019-02-27 23:00:00,1.1046
2019-02-28 23:00:00,1.1025
2019-03-01 23:00:00,1.1036000000000001
2019-03-04 23:00:00,1.0967
2019-03-05 23:00:00,1.0945
2019-03-06 23:00:00,1.0965
2019-03-07 23:00:00,1.0885
2019-03-11 23:00:00,1.0877000000000001
2019-03-12 23:00:00,1.0927
2019-03-13 23:00:00,1.0949
2019-03-14 23:00:00,1.0944
2019-03-15 23:00:00,1.0972
2019-03-18 23:00:00,1.0968
2019-03-19 23:00:00,1.0996
2019-03-20 23:00:00,1.0987
2019-03-21 23:00:00,1.0993
2019-03-22 23:00:00,1.0911
2019-03-25 23:00:00,1.0954
2019-03-26 23:00:00,1.0912
2019-03-27 23:00:00,1.0876
2019-03-28 23:00:00,1.0851
2019-03-29 23:00:00,1.0853
2019-04-01 23:00:00,1.0833
2019-04-02 23:00:00,1.0805
2019-04-03 23:00:00,1.0855
2019-04-04 23:00:00,1.0836999999999999
2019-04-05 23:00:00,1.0831
2019-04-08 23:00:00,1.0873
2019-04-09 23:00:00,1.0888
2019-04-10 23:00:00,1.0877999999999999
2019-04-11 23:00:00,1.0869
2019-04-12 23:00:00,1.0914
2019-04-15 23:00:00,1.091
2019-04-16 23:00:00,1.089
2019-04-17 23:00:00,1.0897
2019-04-18 23:00:00,1.0836999999999999
2019-04-19 23:00:00,1.0844
2019-04-22 23:00:00,1.0856999999999999
2019-04-23 23:00:00,1.0804
2019-04-24 23:00:00,1.079
2019-04-25 23:00:00,1.073
2019-04-26 23:00:00,1.075
2019-04-29 23:00:00,1.0756
2019-04-30 23:00:00,1.0793
2019-05-02 23:00:00,1.0769
2019-05-03 23:00:00,1.0772
2019-05-06 23:00:00,1.0777999999999999
2019-05-07 23:00:00,1.0766
2019-05-08 23:00:00,1.079
2019-05-10 23:00:00,1.0820999999999998
2019-05-13 23:00:00,1.081
2019-05-14 23:00:00,1.0785
2019-05-15 23:00:00,1.0781999999999998
2019-05-16 23:00:00,1.0746
2019-05-17 23:00:00,1.0733
2019-05-20 23:00:00,1.0741999999999998
2019-05-21 23:00:00,1.0729
2019-05-22 23:00:00,1.0726
2019-05-23 23:00:00,1.0726
2019-05-24 23:00:00,1.0769
2019-05-27 23:00:00,1.0759999999999998
2019-05-28 23:00:00,1.0743
2019-05-29 23:00:00,1.0695999999999999
2019-05-30 23:00:00,1.0695999999999999
2019-05-31 23:00:00,1.0709
2019-06-03 23:00:00,1.0761999999999998
2019-06-04 23:00:00,1.0793
2019-06-05 23:00:00,1.0800999999999998
2019-06-06 23:00:00,1.0852
2019-06-07 23:00:00,1.0884
2019-06-10 23:00:00,1.0862999999999998
2019-06-11 23:00:00,1.0864
2019-06-13 23:00:00,1.0821999999999998
2019-06-14 23:00:00,1.0766
2019-06-17 23:00:00,1.0781999999999998
2019-06-18 23:00:00,1.0735999999999999
2019-06-19 23:00:00,1.0766
2019-06-20 23:00:00,1.0817999999999999
2019-06-21 23:00:00,1.0866
2019-06-24 23:00:00,1.0936
2019-06-25 23:00:00,1.0927
2019-06-26 23:00:00,1.0924999999999998
2019-06-27 23:00:00,1.0908
2019-06-28 23:00:00,1.0912
2019-07-01 23:00:00,1.0839999999999999
2019-07-02 23:00:00,1.0832
2019-07-03 23:00:00,1.0813
2019-07-04 23:00:00,1.0814
2019-07-05 23:00:00,1.0742999999999998
2019-07-08 23:00:00,1.0745
2019-07-09 23:00:00,1.0738999999999999
2019-07-10 23:00:00,1.0789
2019-07-11 23:00:00,1.0783999999999998
2019-07-12 23:00:00,1.0779999999999998
2019-07-15 23:00:00,1.0778999999999999
2019-07-16 23:00:00,1.0735999999999999
2019-07-17 23:00:00,1.0752
2019-07-18 23:00:00,1.0743999999999998
2019-07-19 23:00:00,1.0737999999999999
2019-07-22 23:00:00,1.0735
2019-07-23 23:00:00,1.0669
2019-07-24 23:00:00,1.0657999999999999
2019-07-25 23:00:00,1.067
2019-07-26 23:00:00,1.0627
2019-07-29 23:00:00,1.0647
2019-07-30 23:00:00,1.0655
2019-07-31 23:00:00,1.0639999999999998
2019-08-01 23:00:00,1.0571
2019-08-02 23:00:00,1.0613
2019-08-05 23:00:00,1.0695
2019-08-06 23:00:00,1.0699999999999998
2019-08-07 23:00:00,1.0725
2019-08-08 23:00:00,1.0709
2019-08-09 23:00:00,1.0712
2019-08-12 23:00:00,1.0712
2019-08-13 23:00:00,1.0680999999999998
2019-08-14 23:00:00,1.0639999999999998
2019-08-15 23:00:00,1.059
2019-08-16 23:00:00,1.0588
2019-08-19 23:00:00,1.0585
2019-08-20 23:00:00,1.0578999999999998
2019-08-21 23:00:00,1.0584
2019-08-22 23:00:00,1.0573
2019-08-23 23:00:00,1.0626
2019-08-26 23:00:00,1.0594
2019-08-27 23:00:00,1.0572
2019-08-28 23:00:00,1.0563
2019-08-29 23:00:00,1.0535999999999999
2019-08-30 23:00:00,1.0466
2019-09-02 23:00:00,1.0442
2019-09-03 23:00:00,1.0443
2019-09-04 23:00:00,1.0503
2019-09-05 23:00:00,1.0521999999999998
2019-09-06 23:00:00,1.0514
2019-09-09 23:00:00,1.0535999999999999
2019-09-10 23:00:00,1.0515999999999999
2019-09-11 23:00:00,1.0472
2019-09-12 23:00:00,1.0519999999999998
2019-09-13 23:00:00,1.0543
2019-09-16 23:00:00,1.047
2019-09-17 23:00:00,1.0526999999999997
2019-09-18 23:00:00,1.0526999999999997
2019-09-19 23:00:00,1.0508999999999997
2019-09-20 23:00:00,1.0463999999999998
2019-09-23 23:00:00,1.0452
2019-09-24 23:00:00,1.0460999999999998
2019-09-25 23:00:00,1.0412
2019-09-26 23:00:00,1.0393
2019-09-27 23:00:00,1.0404999999999998
2019-09-30 23:00:00,1.0358999999999998
2019-10-01 23:00:00,1.0384999999999998
2019-10-02 23:00:00,1.0407999999999997
2019-10-03 23:00:00,1.0438999999999998
2019-10-04 23:00:00,1.0420999999999998
2019-10-07 23:00:00,1.0438999999999998
2019-10-08 23:00:00,1.0392
2019-10-09 23:00:00,1.0422999999999998
2019-10-10 23:00:00,1.0453999999999999
2019-10-11 23:00:00,1.0484999999999998
2019-10-14 23:00:00,1.0466999999999997
2019-10-15 23:00:00,1.0479999999999998
2019-10-16 23:00:00,1.0503999999999998
2019-10-17 23:00:00,1.0559999999999998
2019-10-18 23:00:00,1.0588999999999997
2019-10-21 23:00:00,1.0574999999999999
2019-10-22 23:00:00,1.0573
2019-10-23 23:00:00,1.0548999999999997
2019-10-24 23:00:00,1.0523999999999998
2019-10-25 23:00:00,1.0513
2019-10-28 23:00:00,1.0516999999999999
2019-10-29 23:00:00,1.0534999999999999
2019-10-30 23:00:00,1.0544999999999998
2019-10-31 23:00:00,1.0576999999999999
2019-11-01 23:00:00,1.0592
2019-11-05 23:00:00,1.0492
2019-11-06 23:00:00,1.0495999999999999
2019-11-07 23:00:00,1.0466999999999997
2019-11-08 23:00:00,1.0438999999999998
2019-11-11 23:00:00,1.045
2019-11-12 23:00:00,1.0420999999999998
2019-11-13 23:00:00,1.0420999999999998
2019-11-14 23:00:00,1.0413999999999999
2019-11-15 23:00:00,1.0465999999999998
2019-11-18 23:00:00,1.0484999999999998
2019-11-19 23:00:00,1.0491
2019-11-20 23:00:00,1.0478999999999998
2019-11-21 23:00:00,1.0477999999999998
2019-11-22 23:00:00,1.0443999999999998
2019-11-25 23:00:00,1.0421999999999998
2019-11-26 23:00:00,1.0421999999999998
2019-11-27 23:00:00,1.0405999999999997
2019-11-28 23:00:00,1.0407999999999997
2019-11-29 23:00:00,1.0421999999999998
2019-12-02 23:00:00,1.0471
2019-12-03 23:00:00,1.0479999999999998
2019-12-04 23:00:00,1.0485999999999998
2019-12-05 23:00:00,1.0492
2019-12-06 23:00:00,1.0445999999999998
2019-12-09 23:00:00,1.0471
2019-12-10 23:00:00,1.0477999999999998
2019-12-11 23:00:00,1.0479999999999998
2019-12-12 23:00:00,1.0518999999999998
2019-12-13 23:00:00,1.0528999999999997
2019-12-16 23:00:00,1.0536999999999999
2019-12-17 23:00:00,1.0551
2019-12-18 23:00:00,1.0515999999999999
2019-12-19 23:00:00,1.0506
2019-12-20 23:00:00,1.0473
2019-12-23 23:00:00,1.0484
2019-12-24 23:00:00,1.0473
2019-12-25 23:00:00,1.0492
2019-12-26 23:00:00,1.0485
2019-12-27 23:00:00,1.0557999999999998
2019-12-30 23:00:00,1.0577999999999999
2020-01-03 23:00:00,1.0537999999999998
2020-01-06 23:00:00,1.0555999999999999
2020-01-08 23:00:00,1.0495999999999999
2020-01-09 23:00:00,1.0471
2020-01-10 23:00:00,1.0479999999999998
2020-01-13 23:00:00,1.0504
2020-01-14 23:00:00,1.0483
2020-01-15 23:00:00,1.0516999999999999
2020-01-16 23:00:00,1.0496999999999999
2020-01-17 23:00:00,1.045
2020-01-20 23:00:00,1.0442
2020-01-21 23:00:00,1.0454999999999999
2020-01-22 23:00:00,1.0434999999999999
2020-01-23 23:00:00,1.0407
2020-01-24 23:00:00,1.0384
2020-01-27 23:00:00,1.0372999999999999
2020-01-28 23:00:00,1.0358999999999998
2020-01-29 23:00:00,1.0362
2020-01-30 23:00:00,1.0388
2020-01-31 23:00:00,1.0412
2020-02-03 23:00:00,1.0400999999999998
2020-02-04 23:00:00,1.0388
2020-02-05 23:00:00,1.0355999999999999
2020-02-06 23:00:00,1.0327
2020-02-07 23:00:00,1.0323
2020-02-10 23:00:00,1.0277999999999998
2020-02-11 23:00:00,1.0259999999999998
2020-02-12 23:00:00,1.0239999999999998
2020-02-13 23:00:00,1.0188
2020-02-14 23:00:00,1.0201
2020-02-17 23:00:00,1.018
2020-02-18 23:00:00,1.0157999999999998
2020-02-19 23:00:00,1.0128
2020-02-20 23:00:00,1.0143
2020-02-21 23:00:00,1.0197999999999998
2020-02-25 23:00:00,1.0187
2020-02-26 23:00:00,1.0201
2020-02-27 23:00:00,1.0338999999999998
2020-02-28 23:00:00,1.0315999999999999
2020-03-02 23:00:00,1.0455999999999999
2020-03-03 23:00:00,1.0523
2020-03-04 23:00:00,1.0449
2020-03-05 23:00:00,1.0503
2020-03-06 23:00:00,1.0632
2020-03-10 23:00:00,1.0697999999999999
2020-03-11 23:00:00,1.0598999999999998
2020-03-12 23:00:00,1.0417999999999998
2020-03-13 23:00:00,1.0420999999999998
2020-03-16 23:00:00,1.0467
2020-03-17 23:00:00,1.0311
2020-03-18 23:00:00,1.0175
2020-03-19 23:00:00,1.0094
2020-03-20 23:00:00,1.0053
2020-03-23 23:00:00,1.0082
2020-03-24 23:00:00,1.0102
2020-03-25 23:00:00,1.0111999999999999
2020-03-26 23:00:00,1.0312999999999999
2020-03-27 23:00:00,1.0353999999999999
2020-03-30 23:00:00,1.0342
2020-03-31 23:00:00,1.0316
2020-04-01 23:00:00,1.0238
2020-04-02 23:00:00,1.0154
2020-04-03 23:00:00,1.0088
2020-04-06 23:00:00,1.0106
2020-04-07 23:00:00,1.02
2020-04-08 23:00:00,1.0169
2020-04-09 23:00:00,1.0227
2020-04-10 23:00:00,1.0243
2020-04-13 23:00:00,1.0204
2020-04-14 23:00:00,1.0261
2020-04-15 23:00:00,1.0212999999999999
2020-04-16 23:00:00,1.0133
2020-04-17 23:00:00,1.0168
2020-04-20 23:00:00,1.0162
2020-04-21 23:00:00,1.0149
2020-04-22 23:00:00,1.0117
2020-04-23 23:00:00,1.0101
2020-04-24 23:00:00,1.0085
2020-04-27 23:00:00,1.0123
2020-04-28 23:00:00,1.0133
2020-04-29 23:00:00,1.0133
2020-04-30 23:00:00,1.0226
2020-05-04 23:00:00,1.0196
2020-05-05 23:00:00,1.0127
2020-05-06 23:00:00,1.0087
2020-05-07 23:00:00,1.0081
2020-05-08 23:00:00,1.0135
2020-05-12 23:00:00,1.0151999999999999
2020-05-13 23:00:00,1.0123
2020-05-14 23:00:00,1.0071999999999999
2020-05-15 23:00:00,1.0096
2020-05-18 23:00:00,1.0172999999999999
2020-05-19 23:00:00,1.0211
2020-05-20 23:00:00,1.0264
2020-05-21 23:00:00,1.0234
2020-05-22 23:00:00,1.0176
2020-05-25 23:00:00,1.0175
2020-05-26 23:00:00,1.0255
2020-05-27 23:00:00,1.0244
2020-05-28 23:00:00,1.0341
2020-05-29 23:00:00,1.0395
2020-06-01 23:00:00,1.0396
2020-06-02 23:00:00,1.0453
2020-06-03 23:00:00,1.0522
2020-06-04 23:00:00,1.0595999999999999
2020-06-05 23:00:00,1.0582
2020-06-08 23:00:00,1.0577
2020-06-09 23:00:00,1.0621
2020-06-10 23:00:00,1.0631
2020-06-11 23:00:00,1.0649
2020-06-15 23:00:00,1.0541
2020-06-16 23:00:00,1.0526
2020-06-17 23:00:00,1.0489
2020-06-18 23:00:00,1.0488
2020-06-19 23:00:00,1.0459
2020-06-22 23:00:00,1.0526
2020-06-23 23:00:00,1.0601
2020-06-25 23:00:00,1.0485
2020-06-26 23:00:00,1.0476
2020-06-29 23:00:00,1.0517
2020-06-30 23:00:00,1.0512000000000001
2020-07-02 23:00:00,1.0507
2020-07-03 23:00:00,1.0509
2020-07-06 23:00:00,1.0575
2020-07-07 23:00:00,1.0564
2020-07-08 23:00:00,1.0593000000000001
2020-07-09 23:00:00,1.0555
2020-07-10 23:00:00,1.0584
2020-07-13 23:00:00,1.0633000000000001
2020-07-14 23:00:00,1.0669
2020-07-15 23:00:00,1.0679
2020-07-16 23:00:00,1.0699
2020-07-17 23:00:00,1.0696
2020-07-20 23:00:00,1.0708
2020-07-21 23:00:00,1.0756000000000001
2020-07-22 23:00:00,1.0846
2020-07-23 23:00:00,1.0875000000000001
2020-07-24 23:00:00,1.0898
2020-07-27 23:00:00,1.102
2020-07-28 23:00:00,1.0987
2020-07-29 23:00:00,1.1037000000000001
2020-07-30 23:00:00,1.1046
2020-07-31 23:00:00,1.1086
2020-08-03 23:00:00,1.1004
2020-08-04 23:00:00,1.1027
2020-08-05 23:00:00,1.116
2020-08-06 23:00:00,1.1102
2020-08-07 23:00:00,1.105
2020-08-10 23:00:00,1.1012
2020-08-11 23:00:00,1.1032
2020-08-12 23:00:00,1.1055
2020-08-13 23:00:00,1.1079
2020-08-14 23:00:00,1.1088
2020-08-17 23:00:00,1.1123
2020-08-18 23:00:00,1.1187
2020-08-19 23:00:00,1.1165
2020-08-20 23:00:00,1.111
2020-08-21 23:00:00,1.1034
2020-08-24 23:00:00,1.1061
2020-08-25 23:00:00,1.1068
2020-08-26 23:00:00,1.1079
2020-08-27 23:00:00,1.1081
2020-08-28 23:00:00,1.1158000000000001
2020-08-31 23:00:00,1.1199000000000001
2020-09-01 23:00:00,1.1205
2020-09-02 23:00:00,1.1083
2020-09-03 23:00:00,1.1079
2020-09-04 23:00:00,1.1064
2020-09-07 23:00:00,1.1073
2020-09-08 23:00:00,1.1038000000000001
2020-09-09 23:00:00,1.1067
2020-09-10 23:00:00,1.1137000000000001
2020-09-15 23:00:00,1.1102
2020-09-16 23:00:00,1.1087
2020-09-17 23:00:00,1.1079
2020-09-18 23:00:00,1.1108
2020-09-21 23:00:00,1.0994
2020-09-22 23:00:00,1.0955
2020-09-23 23:00:00,1.0926
2020-09-24 23:00:00,1.0906
2020-09-25 23:00:00,1.0867
2020-09-28 23:00:00,1.0908
2020-09-29 23:00:00,1.0975
2020-09-30 23:00:00,1.0979
2020-10-01 23:00:00,1.1
2020-10-02 23:00:00,1.0961
2020-10-05 23:00:00,1.1037000000000001
2020-10-06 23:00:00,1.1034
2020-10-07 23:00:00,1.1018000000000001
2020-10-08 23:00:00,1.1002
2020-10-09 23:00:00,1.1065
2020-10-12 23:00:00,1.1055
2020-10-13 23:00:00,1.0992
2020-10-14 23:00:00,1.1008
2020-10-15 23:00:00,1.0944
2020-10-16 23:00:00,1.0961
2020-10-19 23:00:00,1.1028
2020-10-20 23:00:00,1.1072
2020-10-21 23:00:00,1.1119
2020-10-22 23:00:00,1.1073
2020-10-23 23:00:00,1.1085
2020-10-26 23:00:00,1.1059
2020-10-27 23:00:00,1.1071
2020-10-28 23:00:00,1.0982
2020-10-29 23:00:00,1.0903
2020-10-30 23:00:00,1.0903
2020-11-02 23:00:00,1.0873
2020-11-03 23:00:00,1.0966
2020-11-05 23:00:00,1.1058000000000001
2020-11-06 23:00:00,1.1121
2020-11-09 23:00:00,1.1069
2020-11-10 23:00:00,1.1057000000000001
2020-11-11 23:00:00,1.0995
2020-11-12 23:00:00,1.105
2020-11-13 23:00:00,1.1061
2020-11-16 23:00:00,1.1079
2020-11-17 23:00:00,1.1107
2020-11-18 23:00:00,1.1106
2020-11-19 23:00:00,1.1078000000000001
2020-11-20 23:00:00,1.1101
2020-11-23 23:00:00,1.1067
2020-11-24 23:00:00,1.1112
2020-11-25 23:00:00,1.1161
2020-11-26 23:00:00,1.1139000000000001
2020-11-27 23:00:00,1.1184
2020-11-30 23:00:00,1.1216
2020-12-01 23:00:00,1.1262
2020-12-02 23:00:00,1.1331
2020-12-03 23:00:00,1.1403
2020-12-04 23:00:00,1.1385
2020-12-07 23:00:00,1.1376
2020-12-08 23:00:00,1.1339000000000001
2020-12-09 23:00:00,1.1319000000000001
2020-12-10 23:00:00,1.1365
2020-12-11 23:00:00,1.1352
2020-12-14 23:00:00,1.1369
2020-12-15 23:00:00,1.1385
2020-12-16 23:00:00,1.1422
2020-12-17 23:00:00,1.1488000000000003
2020-12-18 23:00:00,1.1465
2020-12-21 23:00:00,1.1447000000000003
2020-12-22 23:00:00,1.1433000000000002
2020-12-23 23:00:00,1.1430000000000002
2020-12-24 23:00:00,1.1411000000000002
2020-12-25 23:00:00,1.1435000000000002
2020-12-28 23:00:00,1.1438000000000001
2020-12-29 23:00:00,1.1482
2020-12-30 23:00:00,1.1509000000000003
2021-01-04 23:00:00,1.1490000000000002
2021-01-05 23:00:00,1.1484
2021-01-06 23:00:00,1.1516000000000002
2021-01-08 23:00:00,1.1463
2021-01-11 23:00:00,1.1364
2021-01-12 23:00:00,1.1381000000000001
2021-01-13 23:00:00,1.1384
2021-01-14 23:00:00,1.1342
2021-01-15 23:00:00,1.1309000000000002
2021-01-18 23:00:00,1.1287000000000003
2021-01-19 23:00:00,1.1349000000000002
2021-01-20 23:00:00,1.1326000000000003
2021-01-21 23:00:00,1.1377000000000002
2021-01-22 23:00:00,1.1385
2021-01-25 23:00:00,1.1336000000000002
2021-01-26 23:00:00,1.1384
2021-01-27 23:00:00,1.1298000000000001
2021-01-28 23:00:00,1.1342
2021-01-29 23:00:00,1.1338000000000001
2021-02-01 23:00:00,1.1299000000000001
2021-02-02 23:00:00,1.1235000000000002
2021-02-03 23:00:00,1.1219000000000001
2021-02-04 23:00:00,1.118
2021-02-05 23:00:00,1.1231000000000002
2021-02-08 23:00:00,1.1263
2021-02-09 23:00:00,1.1304
2021-02-10 23:00:00,1.1339000000000001
2021-02-11 23:00:00,1.1344
2021-02-12 23:00:00,1.1311000000000002
2021-02-15 23:00:00,1.1332000000000002
2021-02-16 23:00:00,1.1318000000000001
2021-02-17 23:00:00,1.1232000000000002
2021-02-18 23:00:00,1.1283
2021-02-19 23:00:00,1.1331000000000002
2021-02-20 23:00:00,1.1343
2021-02-22 23:00:00,1.1351000000000002
2021-02-24 23:00:00,1.1324
2021-02-25 23:00:00,1.1425
2021-02-26 23:00:00,1.1338000000000001
2021-03-01 23:00:00,1.1242
2021-03-02 23:00:00,1.1242
2021-03-03 23:00:00,1.1257000000000001
2021-03-04 23:00:00,1.1229000000000002
2021-03-05 23:00:00,1.1122
2021-03-09 23:00:00,1.1098000000000001
2021-03-10 23:00:00,1.1095000000000002
2021-03-11 23:00:00,1.1148000000000002
2021-03-12 23:00:00,1.1132000000000002
2021-03-15 23:00:00,1.1118000000000001
2021-03-16 23:00:00,1.1086000000000003
2021-03-17 23:00:00,1.1106000000000003
2021-03-18 23:00:00,1.1124000000000003
2021-03-19 23:00:00,1.1097000000000001
2021-03-22 23:00:00,1.1136000000000001
2021-03-23 23:00:00,1.1066000000000003
2021-03-24 23:00:00,1.1033000000000002
2021-03-25 23:00:00,1.0982
2021-03-26 23:00:00,1.0996000000000001
2021-03-29 23:00:00,1.098
2021-03-30 23:00:00,1.092
2021-03-31 23:00:00,1.0935000000000001
2021-04-01 23:00:00,1.0966000000000002
2021-04-02 23:00:00,1.0955000000000001
2021-04-05 23:00:00,1.1007000000000002
2021-04-06 23:00:00,1.1044000000000003
2021-04-07 23:00:00,1.1082
2021-04-08 23:00:00,1.1098000000000001
2021-04-09 23:00:00,1.1086000000000003
2021-04-12 23:00:00,1.1106000000000003
2021-04-13 23:00:00,1.1125000000000003
2021-04-14 23:00:00,1.1165000000000003
2021-04-15 23:00:00,1.1156000000000001
2021-04-16 23:00:00,1.1168000000000002
2021-04-19 23:00:00,1.1217000000000001
2021-04-20 23:00:00,1.1230000000000002
2021-04-21 23:00:00,1.1227000000000003
2021-04-22 23:00:00,1.1208000000000002
2021-04-23 23:00:00,1.1254000000000002
2021-04-26 23:00:00,1.1271000000000002
2021-04-27 23:00:00,1.1266000000000003
2021-04-28 23:00:00,1.1288000000000002
2021-04-29 23:00:00,1.1296000000000002
2021-04-30 23:00:00,1.1222
2021-05-04 23:00:00,1.1209000000000002
2021-05-05 23:00:00,1.1189000000000002
2021-05-06 23:00:00,1.1238000000000001
2021-05-07 23:00:00,1.1346000000000003
2021-05-10 23:00:00,1.1354000000000002
2021-05-11 23:00:00,1.1358000000000001
2021-05-12 23:00:00,1.1263
2021-05-13 23:00:00,1.1251000000000002
2021-05-14 23:00:00,1.1322
2021-05-17 23:00:00,1.1336000000000002
2021-05-18 23:00:00,1.1390000000000002
2021-05-19 23:00:00,1.1401000000000001
2021-05-20 23:00:00,1.1401000000000001
2021-05-21 23:00:00,1.1370000000000002
2021-05-24 23:00:00,1.1394000000000002
2021-05-25 23:00:00,1.1420000000000001
2021-05-26 23:00:00,1.1391000000000002
2021-05-27 23:00:00,1.1379000000000001
2021-05-28 23:00:00,1.1374000000000002
2021-05-31 23:00:00,1.1409000000000002
2021-06-01 23:00:00,1.1429000000000002
2021-06-02 23:00:00,1.1395000000000002
2021-06-03 23:00:00,1.1305
2021-06-04 23:00:00,1.1348000000000003
2021-06-07 23:00:00,1.1373000000000002
2021-06-08 23:00:00,1.1360000000000001
2021-06-09 23:00:00,1.1369000000000002
2021-06-10 23:00:00,1.1345
2021-06-11 23:00:00,1.1283
2021-06-14 23:00:00,1.1304
2021-06-15 23:00:00,1.1307000000000003
2021-06-16 23:00:00,1.1293000000000002
2021-06-17 23:00:00,1.1090000000000002
2021-06-18 23:00:00,1.1041
2021-06-21 23:00:00,1.1086000000000003
2021-06-22 23:00:00,1.1081
2021-06-23 23:00:00,1.1124000000000003
2021-06-24 23:00:00,1.1106000000000003
2021-06-25 23:00:00,1.1118000000000001
2021-06-28 23:00:00,1.1110000000000002
2021-06-29 23:00:00,1.1083000000000003
2021-06-30 23:00:00,1.1022000000000003
2021-07-01 23:00:00,1.1026000000000002
2021-07-02 23:00:00,1.1022000000000003
2021-07-05 23:00:00,1.1042
2021-07-06 23:00:00,1.0995000000000001
2021-07-07 23:00:00,1.0976000000000001
2021-07-08 23:00:00,1.1012000000000002
2021-07-09 23:00:00,1.1033000000000002
2021-07-12 23:00:00,1.1028000000000002
2021-07-13 23:00:00,1.0988000000000002
2021-07-14 23:00:00,1.0999
2021-07-15 23:00:00,1.0970000000000002
2021-07-16 23:00:00,1.0978
2021-07-19 23:00:00,1.0970000000000002
2021-07-20 23:00:00,1.0937000000000001
2021-07-21 23:00:00,1.0970000000000002
2021-07-22 23:00:00,1.0936000000000001
2021-07-23 23:00:00,1.0928000000000002
2021-07-26 23:00:00,1.0978
2021-07-27 23:00:00,1.0997000000000001
2021-07-28 23:00:00,1.0977000000000001
2021-07-29 23:00:00,1.1053000000000002
2021-07-30 23:00:00,1.1030000000000002
2021-08-02 23:00:00,1.1045000000000003
2021-08-03 23:00:00,1.1030000000000002
2021-08-04 23:00:00,1.1005000000000003
2021-08-05 23:00:00,1.1009000000000002
2021-08-06 23:00:00,1.0929000000000002
2021-08-09 23:00:00,1.0917000000000001
2021-08-10 23:00:00,1.0887000000000002
2021-08-11 23:00:00,1.0901000000000003
2021-08-12 23:00:00,1.0899
2021-08-13 23:00:00,1.096
2021-08-16 23:00:00,1.0944000000000003
2021-08-17 23:00:00,1.0876000000000001
2021-08-18 23:00:00,1.0864000000000003
2021-08-19 23:00:00,1.0858
2021-08-20 23:00:00,1.0846000000000002
2021-08-23 23:00:00,1.0894000000000001
2021-08-24 23:00:00,1.0910000000000002
2021-08-25 23:00:00,1.0913000000000002
2021-08-26 23:00:00,1.0922000000000003
2021-08-27 23:00:00,1.0948000000000002
2021-08-30 23:00:00,1.0953000000000002
2021-08-31 23:00:00,1.0959
2021-09-01 23:00:00,1.1009000000000002
2021-09-02 23:00:00,1.1022000000000003
2021-09-03 23:00:00,1.1038000000000001
2021-09-06 23:00:00,1.1025000000000003
2021-09-07 23:00:00,1.1007000000000002
2021-09-08 23:00:00,1.0974000000000002
2021-09-09 23:00:00,1.0981
2021-09-10 23:00:00,1.0982000000000003
2021-09-13 23:00:00,1.0969000000000002
2021-09-14 23:00:00,1.0977000000000001
2021-09-15 23:00:00,1.0973000000000002
2021-09-16 23:00:00,1.0916000000000001
2021-09-17 23:00:00,1.0891000000000002
2021-09-20 23:00:00,1.0888000000000002
2021-09-21 23:00:00,1.0877000000000001
2021-09-22 23:00:00,1.0894000000000001
2021-09-23 23:00:00,1.0892000000000002
2021-09-24 23:00:00,1.0867000000000002
2021-09-27 23:00:00,1.0855000000000001
2021-09-28 23:00:00,1.0832000000000002
2021-09-29 23:00:00,1.0765000000000002
2021-09-30 23:00:00,1.0733000000000001
2021-10-01 23:00:00,1.0752000000000002
2021-10-04 23:00:00,1.0770000000000002
2021-10-05 23:00:00,1.0760000000000003
2021-10-06 23:00:00,1.0688000000000002
2021-10-07 23:00:00,1.0714000000000001
2021-10-08 23:00:00,1.0722000000000003
2021-10-11 23:00:00,1.0725000000000002
2021-10-12 23:00:00,1.0688000000000002
2021-10-13 23:00:00,1.0724000000000002
2021-10-14 23:00:00,1.0738
2021-10-15 23:00:00,1.0744000000000002
2021-10-18 23:00:00,1.0752000000000002
2021-10-19 23:00:00,1.0783000000000003
2021-10-20 23:00:00,1.0791000000000002
2021-10-21 23:00:00,1.0786000000000002
2021-10-22 23:00:00,1.0779
2021-10-25 23:00:00,1.0758
2021-10-26 23:00:00,1.0732000000000002
2021-10-27 23:00:00,1.0740000000000003
2021-10-28 23:00:00,1.0834000000000001
2021-10-29 23:00:00,1.0701000000000003
2021-11-01 23:00:00,1.0739000000000003
2021-11-02 23:00:00,1.0736
2021-11-03 23:00:00,1.0722000000000003
2021-11-05 23:00:00,1.0695000000000001
2021-11-08 23:00:00,1.0730000000000002
2021-11-09 23:00:00,1.0722000000000003
2021-11-10 23:00:00,1.0659000000000003
2021-11-11 23:00:00,1.0618000000000003
2021-11-12 23:00:00,1.0587000000000002
2021-11-15 23:00:00,1.0564000000000002
2021-11-16 23:00:00,1.0485000000000002
2021-11-17 23:00:00,1.0442000000000002
2021-11-18 23:00:00,1.0489000000000002
2021-11-19 23:00:00,1.0462000000000002
2021-11-22 23:00:00,1.0390000000000001
2021-11-23 23:00:00,1.0394
2021-11-24 23:00:00,1.0341000000000002
2021-11-25 23:00:00,1.0351000000000001
2021-11-26 23:00:00,1.0449000000000002
2021-11-29 23:00:00,1.0405000000000002
2021-11-30 23:00:00,1.0468000000000002
2021-12-01 23:00:00,1.0483000000000002
2021-12-02 23:00:00,1.0461000000000003
2021-12-03 23:00:00,1.0417000000000003
2021-12-06 23:00:00,1.0418000000000003
2021-12-07 23:00:00,1.0384000000000002
2021-12-08 23:00:00,1.0460000000000003
2021-12-09 23:00:00,1.0419000000000003
2021-12-10 23:00:00,1.0435
2021-12-13 23:00:00,1.0422000000000002
2021-12-14 23:00:00,1.0415
2021-12-15 23:00:00,1.0397000000000003
2021-12-16 23:00:00,1.0436000000000003
2021-12-17 23:00:00,1.0420000000000003
2021-12-20 23:00:00,1.0426000000000002
2021-12-21 23:00:00,1.0408000000000002
2021-12-22 23:00:00,1.0449000000000002
2021-12-23 23:00:00,1.0442000000000002
2021-12-24 23:00:00,1.0446000000000002
2021-12-27 23:00:00,1.0451000000000004
2021-12-28 23:00:00,1.0424000000000002
2021-12-29 23:00:00,1.0490000000000002
2021-12-30 23:00:00,1.0444000000000002
2022-01-03 23:00:00,1.0425000000000002
2022-01-04 23:00:00,1.0447000000000002
2022-01-05 23:00:00,1.0459000000000003
2022-01-06 23:00:00,1.0437000000000003
2022-01-07 23:00:00,1.0461000000000003
2022-01-10 23:00:00,1.0444000000000002
2022-01-11 23:00:00,1.0462000000000002
2022-01-12 23:00:00,1.0540000000000003
2022-01-13 23:00:00,1.0575000000000003
2022-01-14 23:00:00,1.0547000000000002
2022-01-17 23:00:00,1.0524000000000002
2022-01-18 23:00:00,1.0474000000000003
2022-01-19 23:00:00,1.0457000000000003
2022-01-20 23:00:00,1.0465000000000002
2022-01-21 23:00:00,1.0462000000000002
2022-01-24 23:00:00,1.0442000000000002
2022-01-25 23:00:00,1.0395000000000003
2022-01-26 23:00:00,1.0396000000000003
2022-01-27 23:00:00,1.0256000000000003
2022-01-28 23:00:00,1.0269000000000004
2022-01-31 23:00:00,1.0321000000000002
2022-02-01 23:00:00,1.0365000000000002
2022-02-02 23:00:00,1.0424000000000002
2022-02-03 23:00:00,1.0537000000000003
2022-02-04 23:00:00,1.0547000000000002
2022-02-07 23:00:00,1.0553000000000003
2022-02-08 23:00:00,1.0530000000000002
2022-02-09 23:00:00,1.0557000000000003
2022-02-10 23:00:00,1.0585000000000002
2022-02-11 23:00:00,1.0512000000000004
2022-02-14 23:00:00,1.0411000000000004
2022-02-15 23:00:00,1.0465000000000002
2022-02-16 23:00:00,1.0480000000000003
2022-02-17 23:00:00,1.0476000000000003
2022-02-18 23:00:00,1.0447000000000002
2022-02-21 23:00:00,1.0450000000000004
2022-02-22 23:00:00,1.0455000000000003
2022-02-23 23:00:00,1.0443000000000002
2022-02-24 23:00:00,1.0255000000000003
2022-02-25 23:00:00,1.0314000000000003
2022-02-28 23:00:00,1.0338000000000003
2022-03-02 23:00:00,0.9809000000000003
2022-03-03 23:00:00,0.9810000000000003
2022-03-04 23:00:00,0.9990000000000003
2022-03-09 23:00:00,0.9794000000000003
2022-03-10 23:00:00,0.9759000000000002
2022-03-11 23:00:00,0.9888000000000003
2022-03-14 23:00:00,0.9915000000000003
2022-03-15 23:00:00,0.9943000000000002
2022-03-16 23:00:00,1.0015000000000003
2022-03-17 23:00:00,0.9991000000000001
2022-03-18 23:00:00,0.9975000000000003
2022-03-21 23:00:00,1.0020000000000002
2022-03-22 23:00:00,0.9982000000000002
2022-03-23 23:00:00,0.9974000000000003
2022-03-24 23:00:00,0.9971000000000001
2022-03-25 23:00:00,0.9823000000000002
2022-03-28 23:00:00,0.9761000000000002
2022-03-29 23:00:00,0.9939000000000002
2022-03-30 23:00:00,0.9964000000000002
2022-03-31 23:00:00,0.9967000000000001
2022-04-01 23:00:00,0.9977000000000003
2022-04-04 23:00:00,0.9943000000000002
2022-04-05 23:00:00,0.9941000000000002
2022-04-06 23:00:00,0.9910000000000001
2022-04-07 23:00:00,0.9766000000000001
2022-04-08 23:00:00,0.9730000000000001
2022-04-11 23:00:00,0.9805000000000001
2022-04-12 23:00:00,0.9819000000000002
2022-04-13 23:00:00,0.9801000000000002
2022-04-14 23:00:00,0.9759000000000002
2022-04-15 23:00:00,0.9694000000000003
2022-04-18 23:00:00,0.9533000000000003
2022-04-19 23:00:00,0.9784000000000002
2022-04-20 23:00:00,0.9780000000000002
2022-04-21 23:00:00,0.9757000000000002
2022-04-22 23:00:00,0.9611000000000003
2022-04-25 23:00:00,0.9613000000000003
2022-04-26 23:00:00,0.9565000000000001
2022-04-27 23:00:00,0.9436000000000002
2022-04-28 23:00:00,0.9536000000000002
2022-04-29 23:00:00,0.9559000000000002
2022-05-04 23:00:00,0.9573000000000003
2022-05-05 23:00:00,0.9506000000000001
2022-05-06 23:00:00,0.9647000000000001
2022-05-11 23:00:00,0.9540000000000002
2022-05-12 23:00:00,0.9445000000000001
2022-05-13 23:00:00,0.9445000000000001
2022-05-16 23:00:00,0.9424000000000001
2022-05-17 23:00:00,0.9572000000000003
2022-05-18 23:00:00,0.9506000000000001
2022-05-19 23:00:00,0.9459000000000002
2022-05-20 23:00:00,0.9456000000000002
2022-05-23 23:00:00,0.9410000000000003
2022-05-24 23:00:00,0.9380000000000002
2022-05-25 23:00:00,0.9254000000000002
2022-05-26 23:00:00,0.9537000000000002
2022-05-27 23:00:00,0.9421000000000002
2022-05-30 23:00:00,0.9335000000000002
2022-05-31 23:00:00,0.9255000000000002
2022-06-01 23:00:00,0.9478000000000002
2022-06-02 23:00:00,0.9605000000000001
2022-06-03 23:00:00,0.9553000000000003
2022-06-06 23:00:00,0.9619000000000002
2022-06-07 23:00:00,0.9667000000000001
2022-06-08 23:00:00,0.9663000000000002
2022-06-09 23:00:00,0.9616000000000002
2022-06-10 23:00:00,0.9527000000000001
2022-06-14 23:00:00,0.9415000000000002
2022-06-15 23:00:00,0.9431000000000003
2022-06-16 23:00:00,0.9463000000000001
2022-06-17 23:00:00,0.9468000000000003
2022-06-20 23:00:00,0.9467000000000003
2022-06-21 23:00:00,0.9443000000000001
2022-06-22 23:00:00,0.9433000000000002
2022-06-23 23:00:00,0.9445000000000001
2022-06-24 23:00:00,0.9478000000000002
2022-06-27 23:00:00,0.9487000000000003
2022-06-28 23:00:00,0.9539000000000002
2022-06-29 23:00:00,0.9458000000000002
2022-06-30 23:00:00,0.9477000000000002
2022-07-01 23:00:00,0.9462000000000002
2022-07-04 23:00:00,0.9417000000000002
2022-07-05 23:00:00,0.9333000000000002
2022-07-06 23:00:00,0.9303000000000001
2022-07-07 23:00:00,0.9288000000000003
2022-07-08 23:00:00,0.9233000000000002
2022-07-11 23:00:00,0.9207000000000003
2022-07-12 23:00:00,0.9201000000000001
2022-07-13 23:00:00,0.9205000000000003
2022-07-14 23:00:00,0.9172000000000002
2022-07-15 23:00:00,0.9233000000000002
2022-07-18 23:00:00,0.9257000000000002
2022-07-19 23:00:00,0.9268000000000003
2022-07-20 23:00:00,0.9228000000000003
2022-07-21 23:00:00,0.9225000000000003
2022-07-22 23:00:00,0.9181000000000001
2022-07-25 23:00:00,0.9211000000000003
2022-07-26 23:00:00,0.9159000000000003
2022-07-27 23:00:00,0.9147000000000002
2022-07-28 23:00:00,0.9152000000000002
2022-07-29 23:00:00,0.9153000000000002
2022-08-01 23:00:00,0.9213000000000002
2022-08-02 23:00:00,0.9178000000000002
2022-08-03 23:00:00,0.9170000000000003
2022-08-04 23:00:00,0.9196000000000002
2022-08-05 23:00:00,0.9153000000000002
2022-08-08 23:00:00,0.9176000000000002
2022-08-09 23:00:00,0.9192000000000002
2022-08-10 23:00:00,0.9289000000000003
2022-08-11 23:00:00,0.9299000000000002
2022-08-12 23:00:00,0.9267000000000003
2022-08-15 23:00:00,0.9182000000000001
2022-08-16 23:00:00,0.9212000000000002
2022-08-17 23:00:00,0.9214000000000002
2022-08-18 23:00:00,0.9192000000000002
2022-08-19 23:00:00,0.9149000000000003
2022-08-22 23:00:00,0.9062000000000002
2022-08-23 23:00:00,0.9070000000000003
2022-08-24 23:00:00,0.9077000000000002
2022-08-25 23:00:00,0.9102000000000002
2022-08-26 23:00:00,0.9109000000000003
2022-08-29 23:00:00,0.9115000000000002
2022-08-30 23:00:00,0.9150000000000003
2022-08-31 23:00:00,0.9168000000000003
2022-09-01 23:00:00,0.9090000000000003
2022-09-02 23:00:00,0.9159000000000003
2022-09-05 23:00:00,0.9040000000000002
2022-09-06 23:00:00,0.9042000000000002
2022-09-07 23:00:00,0.9083000000000002
2022-09-08 23:00:00,0.9095000000000002
2022-09-09 23:00:00,0.9199000000000002
2022-09-12 23:00:00,0.9272000000000002
2022-09-13 23:00:00,0.9144000000000002
2022-09-14 23:00:00,0.9192000000000002
2022-09-15 23:00:00,0.9195000000000002
2022-09-16 23:00:00,0.9169000000000003
2022-09-19 23:00:00,0.9186000000000002
2022-09-20 23:00:00,0.9171000000000002
2022-09-21 23:00:00,0.9058000000000002
2022-09-22 23:00:00,0.9057000000000002
2022-09-23 23:00:00,0.8877000000000003
2022-09-26 23:00:00,0.8851000000000002
2022-09-27 23:00:00,0.8793000000000002
2022-09-28 23:00:00,0.8795000000000002
2022-09-29 23:00:00,0.8927000000000002
2022-09-30 23:00:00,0.9147000000000002
2022-10-03 23:00:00,0.9155000000000002
2022-10-04 23:00:00,0.9205000000000002
2022-10-05 23:00:00,0.9077000000000002
2022-10-06 23:00:00,0.9003000000000002
2022-10-07 23:00:00,0.9046000000000002
2022-10-10 23:00:00,0.9016000000000002
2022-10-11 23:00:00,0.8889000000000002
2022-10-12 23:00:00,0.8885000000000002
2022-10-13 23:00:00,0.8894000000000002
2022-10-14 23:00:00,0.8819000000000002
2022-10-17 23:00:00,0.8902000000000002
2022-10-18 23:00:00,0.8933000000000002
2022-10-19 23:00:00,0.8923000000000002
2022-10-20 23:00:00,0.8950000000000002
2022-10-21 23:00:00,0.8940000000000002
2022-10-24 23:00:00,0.8952000000000002
2022-10-25 23:00:00,0.9108000000000002
2022-10-26 23:00:00,0.9215000000000002
2022-10-27 23:00:00,0.9149000000000003
2022-10-28 23:00:00,0.9123000000000002
2022-10-31 23:00:00,0.9089000000000003
2022-11-01 23:00:00,0.9048000000000002
2022-11-02 23:00:00,0.9060000000000002
2022-11-03 23:00:00,0.8980000000000002
2022-11-07 23:00:00,0.9148000000000002
2022-11-08 23:00:00,0.9210000000000003
2022-11-09 23:00:00,0.9187000000000002
2022-11-10 23:00:00,0.9259000000000002
2022-11-11 23:00:00,0.9295000000000002
2022-11-14 23:00:00,0.9283000000000002
2022-11-15 23:00:00,0.9337000000000002
2022-11-16 23:00:00,0.9345000000000001
2022-11-17 23:00:00,0.9316000000000002
2022-11-18 23:00:00,0.9470000000000003
2022-11-21 23:00:00,0.9375000000000002
2022-11-22 23:00:00,0.9426000000000001
2022-11-23 23:00:00,0.9451000000000003
2022-11-24 23:00:00,0.9469000000000003
2022-11-25 23:00:00,0.9468000000000003
2022-11-28 23:00:00,0.9530000000000003
2022-11-29 23:00:00,0.9547000000000001
2022-11-30 23:00:00,0.9518000000000002
2022-12-01 23:00:00,0.9656000000000002
2022-12-02 23:00:00,0.9678000000000002
2022-12-05 23:00:00,0.9735000000000003
2022-12-06 23:00:00,0.9719000000000002
2022-12-07 23:00:00,0.9755000000000003
2022-12-08 23:00:00,0.9771000000000003
2022-12-09 23:00:00,0.9779000000000002
2022-12-12 23:00:00,0.9806000000000001
2022-12-13 23:00:00,0.9883000000000002
2022-12-14 23:00:00,0.9922000000000002
2022-12-15 23:00:00,0.9960000000000002
2022-12-16 23:00:00,0.9964000000000002
2022-12-19 23:00:00,0.9930000000000003
2022-12-20 23:00:00,1.0002000000000002
2022-12-21 23:00:00,0.9929000000000003
2022-12-22 23:00:00,0.9931000000000003
2022-12-23 23:00:00,0.9926000000000001
2022-12-26 23:00:00,0.9925000000000002
2022-12-27 23:00:00,0.9931000000000003
2022-12-28 23:00:00,0.9906000000000001
2022-12-29 23:00:00,0.9952000000000003
2022-12-30 23:00:00,0.9915000000000003
2023-01-03 23:00:00,0.9918000000000002
2023-01-04 23:00:00,0.9946000000000002
2023-01-05 23:00:00,0.9933000000000003
2023-01-06 23:00:00,0.9937000000000002
2023-01-09 23:00:00,1.0091000000000003
2023-01-10 23:00:00,1.0084000000000002
2023-01-11 23:00:00,1.0132000000000003
2023-01-12 23:00:00,1.0191000000000003
2023-01-13 23:00:00,1.0218000000000003
2023-01-16 23:00:00,1.0204000000000002
2023-01-17 23:00:00,1.0194000000000003
2023-01-18 23:00:00,1.0253000000000003
2023-01-19 23:00:00,1.0217000000000003
2023-01-20 23:00:00,1.0245000000000002
2023-01-23 23:00:00,1.0304000000000002
2023-01-24 23:00:00,1.0310000000000001
2023-01-25 23:00:00,1.0341000000000002
2023-01-26 23:00:00,1.0344000000000002
2023-01-27 23:00:00,1.0313000000000003
2023-01-30 23:00:00,1.0344000000000002
2023-01-31 23:00:00,1.0305000000000002
2023-02-01 23:00:00,1.0360000000000003
2023-02-02 23:00:00,1.0385000000000002
2023-02-03 23:00:00,1.0339000000000003
2023-02-06 23:00:00,1.0214000000000003
2023-02-07 23:00:00,1.0178000000000003
2023-02-08 23:00:00,1.0226000000000002
2023-02-09 23:00:00,1.0296000000000003
2023-02-10 23:00:00,1.0215000000000003
2023-02-13 23:00:00,1.0247000000000002
2023-02-14 23:00:00,1.0279000000000003
2023-02-15 23:00:00,1.0226000000000002
2023-02-16 23:00:00,1.0214000000000003
2023-02-17 23:00:00,1.0205000000000002
2023-02-20 23:00:00,1.0216000000000003
2023-02-21 23:00:00,1.0223000000000002
2023-02-22 23:00:00,1.0183000000000002
2023-02-24 23:00:00,1.0101000000000002
2023-02-27 23:00:00,1.0128000000000001
2023-02-28 23:00:00,1.0156000000000003
2023-03-01 23:00:00,1.0206000000000002
2023-03-02 23:00:00,1.0129000000000004
2023-03-03 23:00:00,1.0151000000000003
2023-03-06 23:00:00,1.0231000000000003
2023-03-07 23:00:00,1.0148000000000001
2023-03-09 23:00:00,1.0126000000000002
2023-03-10 23:00:00,1.0214000000000003
2023-03-13 23:00:00,1.0252000000000003
2023-03-14 23:00:00,1.0251000000000003
2023-03-15 23:00:00,1.0061000000000002
2023-03-16 23:00:00,1.0135
2023-03-17 23:00:00,1.0161000000000002
2023-03-20 23:00:00,1.0187000000000002
2023-03-21 23:00:00,1.0223000000000002
2023-03-22 23:00:00,1.0234
2023-03-23 23:00:00,1.0317
2023-03-24 23:00:00,1.0219
2023-03-27 23:00:00,1.0225000000000002
2023-03-28 23:00:00,1.0269000000000001
2023-03-29 23:00:00,1.028
2023-03-30 23:00:00,1.0334
2023-03-31 23:00:00,1.0306000000000002
2023-04-03 23:00:00,1.0327000000000002
2023-04-04 23:00:00,1.0409000000000002
2023-04-05 23:00:00,1.0390000000000001
2023-04-06 23:00:00,1.0399
2023-04-07 23:00:00,1.0402000000000002
2023-04-10 23:00:00,1.0315
2023-04-11 23:00:00,1.0378
2023-04-12 23:00:00,1.0438
2023-04-13 23:00:00,1.0507000000000002
2023-04-14 23:00:00,1.0430000000000001
2023-04-17 23:00:00,1.0408000000000002
2023-04-18 23:00:00,1.0449000000000002
2023-04-19 23:00:00,1.0448000000000002
2023-04-20 23:00:00,1.0506000000000002
2023-04-21 23:00:00,1.0488000000000002
2023-04-24 23:00:00,1.0533000000000001
2023-04-25 23:00:00,1.0515
2023-04-26 23:00:00,1.0577
2023-04-27 23:00:00,1.0524000000000002
2023-04-28 23:00:00,1.0555
2023-05-02 23:00:00,1.0528000000000002
2023-05-03 23:00:00,1.058
2023-05-04 23:00:00,1.0546000000000002
2023-05-05 23:00:00,1.0589000000000002
2023-05-08 23:00:00,1.058
2023-05-10 23:00:00,1.0513000000000001
2023-05-11 23:00:00,1.0450000000000002
2023-05-12 23:00:00,1.0384000000000002
2023-05-15 23:00:00,1.0407000000000002
2023-05-16 23:00:00,1.0399
2023-05-17 23:00:00,1.0361
2023-05-18 23:00:00,1.0325000000000002
2023-05-19 23:00:00,1.0364000000000002
2023-05-22 23:00:00,1.0362000000000002
2023-05-23 23:00:00,1.0329000000000002
2023-05-24 23:00:00,1.0318
2023-05-25 23:00:00,1.0270000000000001
2023-05-26 23:00:00,1.0263000000000002
2023-05-29 23:00:00,1.0274
2023-05-30 23:00:00,1.0278
2023-05-31 23:00:00,1.0242000000000002
2023-06-01 23:00:00,1.0329000000000002
2023-06-02 23:00:00,1.0302000000000002
2023-06-05 23:00:00,1.0294
2023-06-06 23:00:00,1.0268000000000002
2023-06-07 23:00:00,1.0267000000000002
2023-06-08 23:00:00,1.0341
2023-06-09 23:00:00,1.0328000000000002
2023-06-13 23:00:00,1.0346000000000002
2023-06-14 23:00:00,1.0414
2023-06-15 23:00:00,1.0383000000000002
2023-06-16 23:00:00,1.0402000000000002
2023-06-19 23:00:00,1.0411000000000001
2023-06-20 23:00:00,1.0403000000000002
2023-06-21 23:00:00,1.0461000000000003
2023-06-22 23:00:00,1.0472000000000001
2023-06-23 23:00:00,1.0426000000000002
2023-06-26 23:00:00,1.0468000000000002
2023-06-27 23:00:00,1.0508000000000002
2023-06-28 23:00:00,1.0472000000000001
2023-06-29 23:00:00,1.0452000000000001
2023-06-30 23:00:00,1.0456000000000003
2023-07-03 23:00:00,1.0459000000000003
2023-07-04 23:00:00,1.0408000000000002
2023-07-05 23:00:00,1.0389000000000002
2023-07-06 23:00:00,1.0366000000000002
2023-07-07 23:00:00,1.0444000000000002
2023-07-10 23:00:00,1.0458000000000003
2023-07-11 23:00:00,1.0477000000000003
2023-07-12 23:00:00,1.0587000000000002
2023-07-13 23:00:00,1.0652000000000001
2023-07-14 23:00:00,1.0703000000000003
2023-07-17 23:00:00,1.0722000000000003
2023-07-18 23:00:00,1.0688000000000002
2023-07-19 23:00:00,1.0667000000000002
2023-07-20 23:00:00,1.0607000000000002
2023-07-21 23:00:00,1.0599000000000003
2023-07-24 23:00:00,1.0566000000000002
2023-07-25 23:00:00,1.0548000000000002
2023-07-26 23:00:00,1.0570000000000002
2023-07-27 23:00:00,1.0512000000000001
2023-07-28 23:00:00,1.0544000000000002
2023-07-31 23:00:00,1.0524000000000002
2023-08-01 23:00:00,1.0465000000000002
2023-08-02 23:00:00,1.0460000000000003
2023-08-03 23:00:00,1.0435000000000003
2023-08-04 23:00:00,1.0544000000000002
2023-08-07 23:00:00,1.0502000000000002
2023-08-08 23:00:00,1.0466000000000002
2023-08-09 23:00:00,1.0485000000000002
2023-08-10 23:00:00,1.0531000000000001
2023-08-11 23:00:00,1.0460000000000003
2023-08-14 23:00:00,1.0430000000000001
2023-08-15 23:00:00,1.0419000000000003
2023-08-16 23:00:00,1.0393000000000003
2023-08-17 23:00:00,1.0368000000000002
2023-08-18 23:00:00,1.0360000000000003
2023-08-21 23:00:00,1.0386000000000002
2023-08-22 23:00:00,1.0369000000000002
2023-08-23 23:00:00,1.0366000000000002
2023-08-24 23:00:00,1.0343000000000002
2023-08-25 23:00:00,1.0326000000000002
2023-08-28 23:00:00,1.0352000000000001
2023-08-29 23:00:00,1.0377000000000003
2023-08-30 23:00:00,1.0455000000000003
2023-08-31 23:00:00,1.0391000000000001
2023-09-01 23:00:00,1.0343000000000002
2023-09-04 23:00:00,1.0335000000000003
2023-09-05 23:00:00,1.0267000000000002
2023-09-06 23:00:00,1.0260000000000002
2023-09-07 23:00:00,1.0231000000000001
2023-09-08 23:00:00,1.0234000000000003
2023-09-11 23:00:00,1.0280000000000002
2023-09-12 23:00:00,1.0266000000000002
2023-09-13 23:00:00,1.0265000000000002
2023-09-14 23:00:00,1.0223000000000002
2023-09-15 23:00:00,1.0214000000000003
2023-09-18 23:00:00,1.0220000000000002
2023-09-19 23:00:00,1.0205000000000004
2023-09-20 23:00:00,1.0261000000000002
2023-09-21 23:00:00,1.0205000000000004
2023-09-22 23:00:00,1.0222000000000002
2023-09-25 23:00:00,1.0168000000000004
2023-09-26 23:00:00,1.0160000000000002
2023-09-27 23:00:00,1.0118000000000003
2023-09-28 23:00:00,1.0145000000000004
2023-09-29 23:00:00,1.0190000000000003
2023-10-02 23:00:00,1.0137000000000003
2023-10-03 23:00:00,1.0075000000000003
2023-10-04 23:00:00,1.0139000000000002
2023-10-05 23:00:00,1.0137000000000003
2023-10-06 23:00:00,1.0196000000000003
2023-10-09 23:00:00,1.0175000000000003
2023-10-10 23:00:00,1.0228000000000004
2023-10-11 23:00:00,1.0232000000000003
2023-10-12 23:00:00,1.0166000000000004
2023-10-13 23:00:00,1.0123000000000002
2023-10-16 23:00:00,1.0155000000000003
2023-10-17 23:00:00,1.0192000000000003
2023-10-18 23:00:00,1.0145000000000004
2023-10-19 23:00:00,1.0196000000000003
2023-10-20 23:00:00,1.0214000000000003
2023-10-23 23:00:00,1.0251000000000003
2023-10-24 23:00:00,1.0195000000000003
2023-10-25 23:00:00,1.0217000000000003
2023-10-26 23:00:00,1.0159000000000002
2023-10-27 23:00:00,1.0210000000000004
2023-10-30 23:00:00,1.0234000000000003
2023-10-31 23:00:00,1.0191000000000003
2023-11-01 23:00:00,1.0154000000000003
2023-11-02 23:00:00,1.0230000000000004
2023-11-03 23:00:00,1.0312000000000003
2023-11-06 23:00:00,1.0335000000000003
2023-11-07 23:00:00,1.0282000000000002
2023-11-08 23:00:00,1.0293000000000003
2023-11-09 23:00:00,1.0301000000000002
2023-11-10 23:00:00,1.0263000000000002
2023-11-13 23:00:00,1.0286000000000004
2023-11-14 23:00:00,1.0387000000000004
2023-11-15 23:00:00,1.0400000000000003
2023-11-16 23:00:00,1.0461000000000003
2023-11-17 23:00:00,1.0450000000000004
2023-11-20 23:00:00,1.0495000000000003
2023-11-21 23:00:00,1.0528000000000004
2023-11-22 23:00:00,1.0466000000000002
2023-11-23 23:00:00,1.0500000000000003
2023-11-24 23:00:00,1.0536000000000003
2023-11-27 23:00:00,1.0532000000000004
2023-11-28 23:00:00,1.0588000000000004
2023-11-29 23:00:00,1.0572000000000004
2023-11-30 23:00:00,1.0513000000000003
2023-12-01 23:00:00,1.0451000000000004
2023-12-04 23:00:00,1.0438000000000003
2023-12-05 23:00:00,1.0438000000000003
2023-12-06 23:00:00,1.0417000000000003
2023-12-07 23:00:00,1.0415000000000003
2023-12-08 23:00:00,1.0405000000000002
2023-12-11 23:00:00,1.0383000000000002
2023-12-12 23:00:00,1.0420000000000003
2023-12-13 23:00:00,1.0429000000000004
2023-12-14 23:00:00,1.0607000000000002
2023-12-15 23:00:00,1.0546000000000002
2023-12-18 23:00:00,1.0563000000000002
2023-12-19 23:00:00,1.0615000000000003
2023-12-20 23:00:00,1.0613000000000004
2023-12-21 23:00:00,1.0751000000000004
2023-12-22 23:00:00,1.0759000000000003
2023-12-25 23:00:00,1.0737000000000003
2023-12-26 23:00:00,1.0742000000000003
2023-12-27 23:00:00,1.0811000000000002
2023-12-28 23:00:00,1.0818000000000003
2023-12-29 23:00:00,1.0747000000000002
2024-01-03 23:00:00,1.0652000000000004
2024-01-04 23:00:00,1.0698000000000003
2024-01-05 23:00:00,1.0722000000000003
2024-01-08 23:00:00,1.0699000000000003
2024-01-09 23:00:00,1.0663000000000002
2024-01-10 23:00:00,1.0686000000000002
2024-01-11 23:00:00,1.0675000000000003
2024-01-12 23:00:00,1.0671000000000004
2024-01-15 23:00:00,1.0649000000000002
2024-01-16 23:00:00,1.0572000000000004
2024-01-17 23:00:00,1.0538000000000003
2024-01-18 23:00:00,1.0548000000000002
2024-01-19 23:00:00,1.0555000000000003
2024-01-22 23:00:00,1.0562000000000002
2024-01-23 23:00:00,1.0539000000000003
2024-01-24 23:00:00,1.0603000000000002
2024-01-25 23:00:00,1.0553000000000003
2024-01-26 23:00:00,1.0562000000000002
2024-01-29 23:00:00,1.0521000000000003
2024-01-30 23:00:00,1.0573000000000004
2024-01-31 23:00:00,1.0575000000000003
2024-02-01 23:00:00,1.0550000000000004
2024-02-02 23:00:00,1.0524000000000002
2024-02-05 23:00:00,1.0455000000000003
2024-02-06 23:00:00,1.0469000000000004
2024-02-07 23:00:00,1.0491000000000004
2024-02-08 23:00:00,1.0483000000000002
2024-02-09 23:00:00,1.0493000000000003
2024-02-12 23:00:00,1.0472000000000004
2024-02-13 23:00:00,1.0439000000000003
2024-02-14 23:00:00,1.0441000000000003
2024-02-15 23:00:00,1.0494000000000003
2024-02-16 23:00:00,1.0514000000000003
2024-02-19 23:00:00,1.0500000000000003
2024-02-20 23:00:00,1.0553000000000003
2024-02-21 23:00:00,1.0553000000000003
2024-02-22 23:00:00,1.0563000000000002
2024-02-26 23:00:00,1.0596000000000003
2024-02-27 23:00:00,1.0606000000000002
2024-02-28 23:00:00,1.0587000000000002
2024-02-29 23:00:00,1.0556000000000003
2024-03-01 23:00:00,1.0571000000000004
2024-03-04 23:00:00,1.0608000000000002
2024-03-05 23:00:00,1.0626000000000002
2024-03-06 23:00:00,1.0646000000000002
2024-03-07 23:00:00,1.0681000000000003
2024-03-11 23:00:00,1.0678000000000003
2024-03-12 23:00:00,1.0668000000000002
2024-03-13 23:00:00,1.0703000000000003
2024-03-14 23:00:00,1.0649000000000002
2024-03-15 23:00:00,1.0632000000000001
2024-03-18 23:00:00,1.0635000000000001
2024-03-19 23:00:00,1.0590000000000002
2024-03-20 23:00:00,1.0591000000000002
2024-03-21 23:00:00,1.0603
2024-03-22 23:00:00,1.0569000000000002
2024-03-25 23:00:00,1.0594000000000001
2024-03-26 23:00:00,1.0597
2024-03-27 23:00:00,1.0577
2024-03-28 23:00:00,1.0574000000000001
2024-03-29 23:00:00,1.0563
2024-04-01 23:00:00,1.0512000000000001
2024-04-02 23:00:00,1.0549000000000002
2024-04-03 23:00:00,1.0601
2024-04-04 23:00:00,1.0644
2024-04-05 23:00:00,1.0613000000000001
2024-04-08 23:00:00,1.0631000000000002
2024-04-09 23:00:00,1.0639
2024-04-10 23:00:00,1.0524
2024-04-11 23:00:00,1.0504
2024-04-12 23:00:00,1.0433000000000001
2024-04-15 23:00:00,1.0424
2024-04-16 23:00:00,1.0408000000000002
2024-04-17 23:00:00,1.0429000000000002
2024-04-18 23:00:00,1.0447
2024-04-19 23:00:00,1.0453000000000001
2024-04-22 23:00:00,1.0443
2024-04-23 23:00:00,1.0488000000000002
2024-04-24 23:00:00,1.0477
2024-04-25 23:00:00,1.0505
2024-04-26 23:00:00,1.0482
2024-04-27 23:00:00,1.0484
2024-04-29 23:00:00,1.0502
2024-04-30 23:00:00,1.0473000000000001
2024-05-02 23:00:00,1.048
2024-05-03 23:00:00,1.0541
2024-05-06 23:00:00,1.0557
2024-05-07 23:00:00,1.0557
2024-05-08 23:00:00,1.0539
2024-05-10 23:00:00,1.0550000000000002
2024-05-13 23:00:00,1.0579
2024-05-14 23:00:00,1.0606
2024-05-15 23:00:00,1.0650000000000002
2024-05-16 23:00:00,1.0657
2024-05-17 23:00:00,1.0665
2024-05-20 23:00:00,1.0656
2024-05-21 23:00:00,1.0662
2024-05-22 23:00:00,1.0644
2024-05-23 23:00:00,1.0636
2024-05-24 23:00:00,1.0651000000000002
2024-05-27 23:00:00,1.0667
2024-05-28 23:00:00,1.0677
2024-05-29 23:00:00,1.0616
2024-05-30 23:00:00,1.0648
2024-05-31 23:00:00,1.0661
2024-06-03 23:00:00,1.0696
2024-06-04 23:00:00,1.0684
2024-06-05 23:00:00,1.0674000000000001
2024-06-06 23:00:00,1.0681
2024-06-07 23:00:00,1.0610000000000002
2024-06-10 23:00:00,1.0557
2024-06-11 23:00:00,1.0542
2024-06-13 23:00:00,1.0484
2024-06-14 23:00:00,1.0453000000000001
2024-06-17 23:00:00,1.0538
2024-06-18 23:00:00,1.0552
2024-06-19 23:00:00,1.0565
2024-06-20 23:00:00,1.0532
2024-06-21 23:00:00,1.0529
2024-06-24 23:00:00,1.0549
2024-06-25 23:00:00,1.057
2024-06-26 23:00:00,1.0546
2024-06-27 23:00:00,1.057
2024-06-28 23:00:00,1.055
2024-07-01 23:00:00,1.055
2024-07-02 23:00:00,1.0569
2024-07-03 23:00:00,1.0629
2024-07-04 23:00:00,1.0635000000000001
2024-07-05 23:00:00,1.0659
2024-07-08 23:00:00,1.0654000000000001
2024-07-09 23:00:00,1.0647
2024-07-10 23:00:00,1.0656
2024-07-11 23:00:00,1.0697
2024-07-12 23:00:00,1.0734000000000001
2024-07-15 23:00:00,1.0748
2024-07-16 23:00:00,1.072
2024-07-17 23:00:00,1.0762
2024-07-18 23:00:00,1.0737
2024-07-19 23:00:00,1.0719
2024-07-22 23:00:00,1.071
2024-07-23 23:00:00,1.0689
2024-07-24 23:00:00,1.069
2024-07-25 23:00:00,1.0691
2024-07-26 23:00:00,1.0693
2024-07-29 23:00:00,1.0657
2024-07-30 23:00:00,1.0647
2024-07-31 23:00:00,1.0662
2024-08-01 23:00:00,1.0626
2024-08-02 23:00:00,1.0741
2024-08-05 23:00:00,1.0771
2024-08-06 23:00:00,1.0747
2024-08-07 23:00:00,1.0756000000000001
2024-08-08 23:00:00,1.0752
2024-08-09 23:00:00,1.0771
2024-08-12 23:00:00,1.0768
2024-08-13 23:00:00,1.0801
2024-08-14 23:00:00,1.0872
2024-08-15 23:00:00,1.0835000000000001
2024-08-16 23:00:00,1.0852
2024-08-19 23:00:00,1.0921
2024-08-20 23:00:00,1.0955
2024-08-21 23:00:00,1.0992
2024-08-22 23:00:00,1.0938
2024-08-23 23:00:00,1.1002
2024-08-26 23:00:00,1.1002
2024-08-27 23:00:00,1.0998
2024-08-28 23:00:00,1.0964
2024-08-29 23:00:00,1.0931
2024-08-30 23:00:00,1.0918
2024-09-02 23:00:00,1.0914
2024-09-03 23:00:00,1.0889
2024-09-04 23:00:00,1.0939
2024-09-05 23:00:00,1.0947
2024-09-06 23:00:00,1.0949
2024-09-09 23:00:00,1.0904
2024-09-10 23:00:00,1.0879
2024-09-11 23:00:00,1.0871
2024-09-12 23:00:00,1.0879
2024-09-13 23:00:00,1.0929
2024-09-16 23:00:00,1.0983
2024-09-17 23:00:00,1.0987
2024-09-18 23:00:00,1.0977000000000001
2024-09-19 23:00:00,1.1033
2024-09-20 23:00:00,1.1054
2024-09-23 23:00:00,1.0994
2024-09-24 23:00:00,1.101
2024-09-25 23:00:00,1.1021
2024-09-26 23:00:00,1.1048
