DATETIME,price
2010-03-15 23:00:00,21173.0
2010-03-16 23:00:00,21397.0
2010-03-17 23:00:00,21434.0
2010-03-18 23:00:00,21324.0
2010-03-19 23:00:00,20924.0
2010-03-22 23:00:00,21161.0
2010-03-23 23:00:00,20991.0
2010-03-24 23:00:00,20723.0
2010-03-25 23:00:00,20435.0
2010-03-26 23:00:00,20314.0
2010-03-29 23:00:00,20649.0
2010-03-30 23:00:00,21023.0
2010-03-31 23:00:00,21145.0
2010-04-01 23:00:00,21529.0
2010-04-02 23:00:00,21547.0
2010-04-05 23:00:00,21599.0
2010-04-06 23:00:00,21746.0
2010-04-07 23:00:00,21555.0
2010-04-08 23:00:00,21518.0
2010-04-09 23:00:00,21565.0
2010-04-12 23:00:00,21644.0
2010-04-13 23:00:00,21473.0
2010-04-14 23:00:00,22198.0
2010-04-15 23:00:00,22524.0
2010-04-16 23:00:00,22095.0
2010-04-19 23:00:00,21639.0
2010-04-20 23:00:00,21632.0
2010-04-21 23:00:00,21440.0
2010-04-22 23:00:00,21204.0
2010-04-23 23:00:00,21620.0
2010-04-26 23:00:00,21924.0
2010-04-27 23:00:00,21719.0
2010-04-28 23:00:00,21234.0
2010-04-29 23:00:00,21556.0
2010-04-30 23:00:00,21134.0
2010-05-04 23:00:00,20504.0
2010-05-05 23:00:00,20513.0
2010-05-06 23:00:00,20486.0
2010-05-07 23:00:00,19534.0
2010-05-11 23:00:00,20251.0
2010-05-12 23:00:00,20877.0
2010-05-13 23:00:00,20587.0
2010-05-14 23:00:00,20246.0
2010-05-17 23:00:00,20439.0
2010-05-18 23:00:00,20603.0
2010-05-19 23:00:00,20083.0
2010-05-20 23:00:00,19382.0
2010-05-21 23:00:00,19282.0
2010-05-24 23:00:00,19360.0
2010-05-25 23:00:00,18564.0
2010-05-26 23:00:00,20059.0
2010-05-27 23:00:00,20103.0
2010-05-28 23:00:00,20042.0
2010-05-31 23:00:00,20250.0
2010-06-01 23:00:00,20234.0
2010-06-02 23:00:00,20655.0
2010-06-03 23:00:00,20757.0
2010-06-04 23:00:00,20587.0
2010-06-07 23:00:00,20329.0
2010-06-08 23:00:00,20000.0
2010-06-09 23:00:00,20054.0
2010-06-10 23:00:00,19980.0
2010-06-11 23:00:00,19828.0
2010-06-15 23:00:00,20153.0
2010-06-16 23:00:00,20038.0
2010-06-17 23:00:00,19799.0
2010-06-18 23:00:00,20064.0
2010-06-21 23:00:00,20449.0
2010-06-22 23:00:00,20054.0
2010-06-23 23:00:00,19926.0
2010-06-24 23:00:00,19571.0
2010-06-25 23:00:00,19279.0
2010-06-28 23:00:00,19501.0
2010-06-29 23:00:00,19058.0
2010-06-30 23:00:00,18969.0
2010-07-01 23:00:00,18406.0
2010-07-02 23:00:00,18876.0
2010-07-05 23:00:00,18898.0
2010-07-06 23:00:00,19301.0
2010-07-07 23:00:00,19393.0
2010-07-08 23:00:00,19267.0
2010-07-09 23:00:00,19480.0
2010-07-12 23:00:00,19684.0
2010-07-13 23:00:00,19981.0
2010-07-14 23:00:00,19879.0
2010-07-15 23:00:00,19797.0
2010-07-16 23:00:00,19616.0
2010-07-19 23:00:00,19737.0
2010-07-20 23:00:00,19608.0
2010-07-21 23:00:00,19917.0
2010-07-22 23:00:00,20296.0
2010-07-23 23:00:00,20163.0
2010-07-26 23:00:00,20278.0
2010-07-27 23:00:00,20478.0
2010-07-28 23:00:00,20243.0
2010-07-29 23:00:00,20611.0
2010-07-30 23:00:00,20349.0
2010-08-02 23:00:00,20978.0
2010-08-03 23:00:00,20704.0
2010-08-04 23:00:00,20819.0
2010-08-05 23:00:00,20791.0
2010-08-06 23:00:00,20782.0
2010-08-09 23:00:00,21047.0
2010-08-10 23:00:00,20776.0
2010-08-11 23:00:00,20339.0
2010-08-12 23:00:00,20331.0
2010-08-13 23:00:00,20216.0
2010-08-16 23:00:00,20367.0
2010-08-17 23:00:00,20503.0
2010-08-18 23:00:00,20337.0
2010-08-19 23:00:00,20107.0
2010-08-20 23:00:00,19954.0
2010-08-23 23:00:00,20005.0
2010-08-24 23:00:00,19748.0
2010-08-25 23:00:00,19656.0
2010-08-26 23:00:00,19952.0
2010-08-27 23:00:00,19924.0
2010-08-30 23:00:00,19978.0
2010-08-31 23:00:00,19946.0
2010-09-01 23:00:00,20268.0
2010-09-02 23:00:00,20338.0
2010-09-03 23:00:00,20352.0
2010-09-06 23:00:00,20342.0
2010-09-07 23:00:00,20211.0
2010-09-08 23:00:00,20473.0
2010-09-09 23:00:00,20634.0
2010-09-10 23:00:00,20502.0
2010-09-13 23:00:00,20558.0
2010-09-14 23:00:00,20342.0
2010-09-15 23:00:00,20439.0
2010-09-16 23:00:00,20368.0
2010-09-17 23:00:00,20265.0
2010-09-20 23:00:00,20353.0
2010-09-21 23:00:00,20353.0
2010-09-22 23:00:00,20115.0
2010-09-23 23:00:00,19957.0
2010-09-24 23:00:00,19825.0
2010-09-27 23:00:00,19768.0
2010-09-28 23:00:00,19688.0
2010-09-29 23:00:00,19798.0
2010-09-30 23:00:00,20007.0
2010-10-01 23:00:00,20070.0
2010-10-04 23:00:00,20214.0
2010-10-05 23:00:00,20261.0
2010-10-06 23:00:00,20334.0
2010-10-07 23:00:00,20255.0
2010-10-08 23:00:00,20342.0
2010-10-11 23:00:00,20506.0
2010-10-12 23:00:00,20319.0
2010-10-13 23:00:00,20498.0
2010-10-14 23:00:00,20229.0
2010-10-15 23:00:00,20116.0
2010-10-18 23:00:00,20348.0
2010-10-19 23:00:00,20249.0
2010-10-20 23:00:00,20213.0
2010-10-21 23:00:00,20567.0
2010-10-22 23:00:00,20846.0
2010-10-25 23:00:00,20969.0
2010-10-26 23:00:00,20854.0
2010-10-27 23:00:00,20714.0
2010-10-28 23:00:00,20703.0
2010-10-29 23:00:00,20884.0
2010-11-01 23:00:00,20988.0
2010-11-02 23:00:00,21009.0
2010-11-03 23:00:00,21013.0
2010-11-08 23:00:00,21418.0
2010-11-09 23:00:00,21618.0
2010-11-10 23:00:00,21444.0
2010-11-11 23:00:00,21264.0
2010-11-12 23:00:00,21212.0
2010-11-13 23:00:00,21154.0
2010-11-15 23:00:00,21174.0
2010-11-16 23:00:00,20944.0
2010-11-17 23:00:00,20889.0
2010-11-18 23:00:00,21051.0
2010-11-19 23:00:00,21195.0
2010-11-22 23:00:00,20974.0
2010-11-23 23:00:00,20753.0
2010-11-24 23:00:00,21005.0
2010-11-25 23:00:00,21254.0
2010-11-26 23:00:00,21421.0
2010-11-29 23:00:00,21291.0
2010-11-30 23:00:00,21404.0
2010-12-01 23:00:00,22238.0
2010-12-02 23:00:00,22904.0
2010-12-03 23:00:00,23074.0
2010-12-06 23:00:00,23394.0
2010-12-07 23:00:00,23243.0
2010-12-08 23:00:00,23059.0
2010-12-09 23:00:00,23243.0
2010-12-10 23:00:00,23245.0
2010-12-13 23:00:00,23500.0
2010-12-14 23:00:00,23685.0
2010-12-15 23:00:00,23515.0
2010-12-16 23:00:00,23294.0
2010-12-17 23:00:00,23374.0
2010-12-20 23:00:00,23345.0
2010-12-21 23:00:00,23505.0
2010-12-22 23:00:00,23634.0
2010-12-23 23:00:00,23560.0
2010-12-24 23:00:00,23467.0
2010-12-27 23:00:00,23429.0
2010-12-28 23:00:00,23400.0
2010-12-29 23:00:00,23194.0
2010-12-30 23:00:00,23265.0
2011-01-11 23:00:00,23292.0
2011-01-12 23:00:00,23945.0
2011-01-13 23:00:00,23589.0
2011-01-14 23:00:00,23458.0
2011-01-17 23:00:00,23745.0
2011-01-18 23:00:00,23760.0
2011-01-19 23:00:00,23721.0
2011-01-20 23:00:00,23294.0
2011-01-21 23:00:00,23156.0
2011-01-24 23:00:00,22783.0
2011-01-25 23:00:00,22857.0
2011-01-26 23:00:00,23574.0
2011-01-27 23:00:00,23995.0
2011-01-28 23:00:00,23835.0
2011-01-31 23:00:00,23544.0
2011-02-01 23:00:00,24316.0
2011-02-02 23:00:00,24791.0
2011-02-03 23:00:00,24533.0
2011-02-04 23:00:00,25160.0
2011-02-07 23:00:00,25180.0
2011-02-08 23:00:00,24895.0
2011-02-09 23:00:00,25345.0
2011-02-10 23:00:00,24633.0
2011-02-11 23:00:00,24628.0
2011-02-14 23:00:00,24165.0
2011-02-15 23:00:00,23763.0
2011-02-16 23:00:00,23745.0
2011-02-17 23:00:00,23345.0
2011-02-18 23:00:00,23359.0
2011-02-21 23:00:00,23685.0
2011-02-22 23:00:00,23589.0
2011-02-24 23:00:00,24605.0
2011-02-25 23:00:00,24745.0
2011-02-28 23:00:00,24865.0
2011-03-01 23:00:00,24730.0
2011-03-02 23:00:00,24951.0
2011-03-03 23:00:00,25135.0
2011-03-04 23:00:00,25051.0
2011-03-05 23:00:00,25194.0
2011-03-09 23:00:00,25245.0
2011-03-10 23:00:00,24568.0
2011-03-11 23:00:00,24666.0
2011-03-14 23:00:00,25367.0
2011-03-15 23:00:00,25457.0
2011-03-16 23:00:00,25897.0
2011-03-17 23:00:00,26107.0
2011-03-18 23:00:00,26040.0
2011-03-21 23:00:00,25887.0
2011-03-22 23:00:00,25667.0
2011-03-23 23:00:00,25983.0
2011-03-24 23:00:00,26063.0
2011-03-25 23:00:00,25963.0
2011-03-28 23:00:00,26198.0
2011-03-29 23:00:00,26067.0
2011-03-30 23:00:00,26573.0
2011-03-31 23:00:00,26501.0
2011-04-01 23:00:00,27097.0
2011-04-04 23:00:00,27371.0
2011-04-05 23:00:00,27446.0
2011-04-06 23:00:00,27517.0
2011-04-07 23:00:00,27357.0
2011-04-08 23:00:00,27909.0
2011-04-11 23:00:00,27978.0
2011-04-12 23:00:00,27138.0
2011-04-13 23:00:00,27082.0
2011-04-14 23:00:00,26530.0
2011-04-15 23:00:00,26397.0
2011-04-18 23:00:00,25602.0
2011-04-19 23:00:00,26154.0
2011-04-20 23:00:00,26676.0
2011-04-21 23:00:00,27123.0
2011-04-22 23:00:00,27307.0
2011-04-25 23:00:00,27030.0
2011-04-26 23:00:00,26875.0
2011-04-27 23:00:00,26828.0
2011-04-28 23:00:00,26845.0
2011-04-29 23:00:00,26824.0
2011-05-03 23:00:00,25776.0
2011-05-04 23:00:00,24854.0
2011-05-05 23:00:00,24511.0
2011-05-06 23:00:00,24769.0
2011-05-10 23:00:00,24980.0
2011-05-11 23:00:00,24536.0
2011-05-12 23:00:00,23858.0
2011-05-13 23:00:00,23962.0
2011-05-16 23:00:00,23670.0
2011-05-17 23:00:00,23656.0
2011-05-18 23:00:00,24088.0
2011-05-19 23:00:00,23948.0
2011-05-20 23:00:00,23483.0
2011-05-23 23:00:00,22844.0
2011-05-24 23:00:00,23355.0
2011-05-25 23:00:00,23472.0
2011-05-26 23:00:00,23296.0
2011-05-27 23:00:00,23981.0
2011-05-30 23:00:00,24177.0
2011-05-31 23:00:00,24210.0
2011-06-01 23:00:00,24165.0
2011-06-02 23:00:00,23924.0
2011-06-03 23:00:00,23432.0
2011-06-06 23:00:00,23374.0
2011-06-07 23:00:00,24257.0
2011-06-08 23:00:00,24501.0
2011-06-09 23:00:00,24977.0
2011-06-10 23:00:00,24671.0
2011-06-14 23:00:00,24612.0
2011-06-15 23:00:00,24385.0
2011-06-16 23:00:00,24213.0
2011-06-17 23:00:00,23835.0
2011-06-20 23:00:00,23679.0
2011-06-21 23:00:00,23860.0
2011-06-22 23:00:00,23995.0
2011-06-23 23:00:00,23330.0
2011-06-24 23:00:00,23623.0
2011-06-27 23:00:00,23326.0
2011-06-28 23:00:00,23615.0
2011-06-29 23:00:00,23851.0
2011-06-30 23:00:00,24067.0
2011-07-01 23:00:00,24206.0
2011-07-04 23:00:00,24219.0
2011-07-05 23:00:00,24057.0
2011-07-06 23:00:00,23877.0
2011-07-07 23:00:00,24462.0
2011-07-08 23:00:00,24242.0
2011-07-11 23:00:00,23871.0
2011-07-12 23:00:00,23860.0
2011-07-13 23:00:00,24001.0
2011-07-14 23:00:00,23796.0
2011-07-15 23:00:00,23813.0
2011-07-18 23:00:00,23458.0
2011-07-19 23:00:00,23660.0
2011-07-20 23:00:00,23688.0
2011-07-21 23:00:00,24029.0
2011-07-22 23:00:00,23947.0
2011-07-25 23:00:00,23777.0
2011-07-26 23:00:00,23787.0
2011-07-27 23:00:00,23645.0
2011-07-28 23:00:00,23860.0
2011-07-29 23:00:00,23584.0
2011-08-01 23:00:00,23853.0
2011-08-02 23:00:00,23700.0
2011-08-03 23:00:00,22918.0
2011-08-04 23:00:00,22326.0
2011-08-05 23:00:00,21805.0
2011-08-08 23:00:00,20590.0
2011-08-09 23:00:00,20125.0
2011-08-10 23:00:00,19358.0
2011-08-11 23:00:00,20085.0
2011-08-12 23:00:00,20480.0
2011-08-15 23:00:00,21026.0
2011-08-16 23:00:00,20696.0
2011-08-17 23:00:00,21130.0
2011-08-18 23:00:00,20441.0
2011-08-19 23:00:00,20574.0
2011-08-22 23:00:00,20465.0
2011-08-23 23:00:00,20499.0
2011-08-24 23:00:00,20927.0
2011-08-25 23:00:00,20647.0
2011-08-26 23:00:00,20857.0
2011-08-29 23:00:00,21349.0
2011-08-30 23:00:00,21276.0
2011-08-31 23:00:00,21384.0
2011-09-01 23:00:00,21306.0
2011-09-02 23:00:00,20672.0
2011-09-05 23:00:00,20519.0
2011-09-06 23:00:00,20366.0
2011-09-07 23:00:00,20953.0
2011-09-08 23:00:00,21057.0
2011-09-09 23:00:00,20449.0
2011-09-12 23:00:00,20092.0
2011-09-13 23:00:00,19964.0
2011-09-14 23:00:00,20152.0
2011-09-15 23:00:00,20163.0
2011-09-16 23:00:00,20001.0
2011-09-19 23:00:00,19873.0
2011-09-20 23:00:00,20193.0
2011-09-21 23:00:00,19990.0
2011-09-22 23:00:00,18813.0
2011-09-23 23:00:00,18673.0
2011-09-26 23:00:00,18979.0
2011-09-27 23:00:00,19227.0
2011-09-28 23:00:00,19052.0
2011-09-29 23:00:00,19447.0
2011-09-30 23:00:00,19115.0
2011-10-03 23:00:00,18891.0
2011-10-04 23:00:00,18002.0
2011-10-05 23:00:00,17810.0
2011-10-06 23:00:00,18546.0
2011-10-07 23:00:00,18651.0
2011-10-10 23:00:00,18947.0
2011-10-11 23:00:00,18804.0
2011-10-12 23:00:00,19648.0
2011-10-13 23:00:00,19322.0
2011-10-14 23:00:00,19803.0
2011-10-17 23:00:00,19516.0
2011-10-18 23:00:00,19662.0
2011-10-19 23:00:00,19804.0
2011-10-20 23:00:00,19736.0
2011-10-21 23:00:00,20074.0
2011-10-24 23:00:00,20452.0
2011-10-25 23:00:00,20284.0
2011-10-26 23:00:00,21183.0
2011-10-27 23:00:00,22033.0
2011-10-28 23:00:00,21967.0
2011-10-31 23:00:00,21375.0
2011-11-01 23:00:00,20963.0
2011-11-02 23:00:00,21722.0
2011-11-03 23:00:00,21789.0
2011-11-07 23:00:00,21817.0
2011-11-08 23:00:00,21807.0
2011-11-09 23:00:00,21568.0
2011-11-10 23:00:00,21772.0
2011-11-11 23:00:00,21785.0
2011-11-14 23:00:00,21735.0
2011-11-15 23:00:00,22053.0
2011-11-16 23:00:00,22219.0
2011-11-17 23:00:00,21839.0
2011-11-18 23:00:00,21413.0
2011-11-21 23:00:00,20367.0
2011-11-22 23:00:00,20319.0
2011-11-23 23:00:00,20193.0
2011-11-24 23:00:00,19998.0
2011-11-25 23:00:00,20033.0
2011-11-28 23:00:00,20602.0
2011-11-29 23:00:00,20502.0
2011-11-30 23:00:00,20945.0
2011-12-01 23:00:00,21542.0
2011-12-02 23:00:00,21746.0
2011-12-05 23:00:00,21857.0
2011-12-06 23:00:00,20933.0
2011-12-07 23:00:00,20845.0
2011-12-08 23:00:00,21086.0
2011-12-09 23:00:00,20401.0
2011-12-12 23:00:00,19812.0
2011-12-13 23:00:00,20011.0
2011-12-14 23:00:00,19869.0
2011-12-15 23:00:00,20468.0
2011-12-16 23:00:00,20275.0
2011-12-19 23:00:00,19948.0
2011-12-20 23:00:00,20584.0
2011-12-21 23:00:00,20318.0
2011-12-22 23:00:00,20428.0
2011-12-23 23:00:00,20324.0
2011-12-26 23:00:00,20511.0
2011-12-27 23:00:00,20410.0
2011-12-28 23:00:00,20294.0
2011-12-29 23:00:00,20381.0
2011-12-30 23:00:00,20450.0
2012-01-03 23:00:00,21082.0
2012-01-04 23:00:00,21010.0
2012-01-05 23:00:00,21050.0
2012-01-06 23:00:00,20919.0
2012-01-09 23:00:00,21001.0
2012-01-10 23:00:00,21234.0
2012-01-11 23:00:00,21082.0
2012-01-12 23:00:00,21036.0
2012-01-13 23:00:00,21132.0
2012-01-16 23:00:00,21096.0
2012-01-17 23:00:00,21425.0
2012-01-18 23:00:00,21537.0
2012-01-19 23:00:00,21805.0
2012-01-20 23:00:00,21603.0
2012-01-23 23:00:00,21657.0
2012-01-24 23:00:00,21568.0
2012-01-25 23:00:00,21795.0
2012-01-26 23:00:00,21765.0
2012-01-27 23:00:00,21494.0
2012-01-30 23:00:00,21396.0
2012-01-31 23:00:00,21614.0
2012-02-01 23:00:00,21774.0
2012-02-02 23:00:00,21940.0
2012-02-03 23:00:00,22181.0
2012-02-06 23:00:00,22180.0
2012-02-07 23:00:00,22028.0
2012-02-08 23:00:00,22055.0
2012-02-09 23:00:00,22039.0
2012-02-10 23:00:00,21961.0
2012-02-13 23:00:00,22375.0
2012-02-14 23:00:00,22325.0
2012-02-15 23:00:00,22338.0
2012-02-16 23:00:00,22177.0
2012-02-17 23:00:00,22158.0
2012-02-20 23:00:00,22261.0
2012-02-21 23:00:00,22037.0
2012-02-22 23:00:00,21867.0
2012-02-24 23:00:00,22531.0
2012-02-27 23:00:00,22456.0
2012-02-28 23:00:00,22293.0
2012-02-29 23:00:00,22555.0
2012-03-01 23:00:00,22558.0
2012-03-02 23:00:00,22711.0
2012-03-05 23:00:00,23095.0
2012-03-06 23:00:00,22421.0
2012-03-07 23:00:00,22518.0
2012-03-11 23:00:00,22880.0
2012-03-12 23:00:00,22847.0
2012-03-13 23:00:00,22835.0
2012-03-14 23:00:00,22975.0
2012-03-15 23:00:00,23050.0
2012-03-16 23:00:00,22816.0
2012-03-19 23:00:00,22186.0
2012-03-20 23:00:00,21703.0
2012-03-21 23:00:00,21632.0
2012-03-22 23:00:00,21253.0
2012-03-23 23:00:00,21310.0
2012-03-26 23:00:00,21560.0
2012-03-27 23:00:00,21364.0
2012-03-28 23:00:00,21057.0
2012-03-29 23:00:00,20747.0
2012-03-30 23:00:00,21058.0
2012-04-02 23:00:00,21126.0
2012-04-03 23:00:00,21441.0
2012-04-04 23:00:00,21057.0
2012-04-05 23:00:00,21132.0
2012-04-06 23:00:00,20737.0
2012-04-09 23:00:00,20879.0
2012-04-10 23:00:00,20557.0
2012-04-11 23:00:00,20505.0
2012-04-12 23:00:00,20472.0
2012-04-13 23:00:00,20688.0
2012-04-16 23:00:00,20326.0
2012-04-17 23:00:00,19977.0
2012-04-18 23:00:00,19830.0
2012-04-19 23:00:00,20007.0
2012-04-20 23:00:00,19991.0
2012-04-23 23:00:00,19419.0
2012-04-24 23:00:00,19284.0
2012-04-25 23:00:00,19388.0
2012-04-26 23:00:00,19300.0
2012-04-27 23:00:00,19725.0
2012-04-28 23:00:00,19759.0
2012-05-02 23:00:00,19574.0
2012-05-03 23:00:00,19759.0
2012-05-04 23:00:00,19109.0
2012-05-05 23:00:00,19210.0
2012-05-07 23:00:00,19357.0
2012-05-08 23:00:00,19287.0
2012-05-10 23:00:00,19332.0
2012-05-11 23:00:00,19436.0
2012-05-12 23:00:00,19429.0
2012-05-14 23:00:00,18565.0
2012-05-15 23:00:00,18411.0
2012-05-16 23:00:00,18216.0
2012-05-17 23:00:00,17850.0
2012-05-18 23:00:00,17448.0
2012-05-21 23:00:00,17787.0
2012-05-22 23:00:00,17927.0
2012-05-23 23:00:00,17433.0
2012-05-24 23:00:00,17785.0
2012-05-25 23:00:00,17880.0
2012-05-28 23:00:00,18011.0
2012-05-29 23:00:00,18420.0
2012-05-30 23:00:00,18400.0
2012-05-31 23:00:00,18270.0
2012-06-01 23:00:00,18419.0
2012-06-04 23:00:00,18711.0
2012-06-05 23:00:00,18585.0
2012-06-06 23:00:00,18560.0
2012-06-07 23:00:00,18730.0
2012-06-08 23:00:00,18700.0
2012-06-09 23:00:00,18764.0
2012-06-13 23:00:00,18708.0
2012-06-14 23:00:00,18736.0
2012-06-15 23:00:00,19202.0
2012-06-18 23:00:00,19305.0
2012-06-19 23:00:00,19431.0
2012-06-20 23:00:00,19317.0
2012-06-21 23:00:00,19146.0
2012-06-22 23:00:00,19017.0
2012-06-25 23:00:00,18645.0
2012-06-26 23:00:00,18660.0
2012-06-27 23:00:00,18907.0
2012-06-28 23:00:00,18571.0
2012-06-29 23:00:00,18884.0
2012-07-02 23:00:00,19038.0
2012-07-03 23:00:00,19401.0
2012-07-04 23:00:00,19425.0
2012-07-05 23:00:00,19251.0
2012-07-06 23:00:00,19051.0
2012-07-09 23:00:00,18931.0
2012-07-10 23:00:00,19048.0
2012-07-11 23:00:00,18872.0
2012-07-12 23:00:00,18729.0
2012-07-13 23:00:00,18809.0
2012-07-16 23:00:00,18840.0
2012-07-17 23:00:00,18983.0
2012-07-18 23:00:00,18941.0
2012-07-19 23:00:00,19111.0
2012-07-20 23:00:00,18774.0
2012-07-23 23:00:00,18285.0
2012-07-24 23:00:00,18024.0
2012-07-25 23:00:00,18029.0
2012-07-26 23:00:00,18299.0
2012-07-27 23:00:00,18668.0
2012-07-30 23:00:00,18909.0
2012-07-31 23:00:00,18516.0
2012-08-01 23:00:00,18415.0
2012-08-02 23:00:00,18262.0
2012-08-03 23:00:00,18526.0
2012-08-06 23:00:00,18895.0
2012-08-07 23:00:00,19092.0
2012-08-08 23:00:00,18971.0
2012-08-09 23:00:00,18910.0
2012-08-10 23:00:00,18791.0
2012-08-13 23:00:00,18922.0
2012-08-14 23:00:00,19103.0
2012-08-15 23:00:00,18854.0
2012-08-16 23:00:00,19077.0
2012-08-17 23:00:00,19062.0
2012-08-20 23:00:00,18831.0
2012-08-21 23:00:00,19073.0
2012-08-22 23:00:00,19049.0
2012-08-23 23:00:00,19082.0
2012-08-24 23:00:00,19049.0
2012-08-27 23:00:00,18986.0
2012-08-28 23:00:00,19013.0
2012-08-29 23:00:00,18951.0
2012-08-30 23:00:00,18869.0
2012-08-31 23:00:00,19063.0
2012-09-03 23:00:00,19154.0
2012-09-04 23:00:00,19146.0
2012-09-05 23:00:00,18844.0
2012-09-06 23:00:00,19238.0
2012-09-07 23:00:00,19652.0
2012-09-10 23:00:00,19740.0
2012-09-11 23:00:00,19657.0
2012-09-12 23:00:00,19638.0
2012-09-13 23:00:00,19599.0
2012-09-14 23:00:00,20321.0
2012-09-17 23:00:00,20285.0
2012-09-18 23:00:00,20119.0
2012-09-19 23:00:00,19797.0
2012-09-20 23:00:00,19810.0
2012-09-21 23:00:00,19707.0
2012-09-24 23:00:00,19509.0
2012-09-25 23:00:00,19389.0
2012-09-26 23:00:00,19041.0
2012-09-27 23:00:00,19060.0
2012-09-28 23:00:00,19103.0
2012-10-01 23:00:00,19396.0
2012-10-02 23:00:00,19227.0
2012-10-03 23:00:00,19120.0
2012-10-04 23:00:00,18944.0
2012-10-05 23:00:00,19208.0
2012-10-08 23:00:00,19183.0
2012-10-09 23:00:00,19009.0
2012-10-10 23:00:00,18814.0
2012-10-11 23:00:00,18714.0
2012-10-12 23:00:00,18516.0
2012-10-15 23:00:00,18491.0
2012-10-16 23:00:00,18659.0
2012-10-17 23:00:00,18861.0
2012-10-18 23:00:00,18751.0
2012-10-19 23:00:00,18726.0
2012-10-22 23:00:00,18924.0
2012-10-23 23:00:00,18609.0
2012-10-24 23:00:00,18514.0
2012-10-25 23:00:00,18513.0
2012-10-26 23:00:00,18388.0
2012-10-29 23:00:00,18317.0
2012-10-30 23:00:00,17924.0
2012-10-31 23:00:00,17699.0
2012-11-01 23:00:00,17645.0
2012-11-02 23:00:00,17803.0
2012-11-06 23:00:00,17809.0
2012-11-07 23:00:00,17553.0
2012-11-08 23:00:00,17510.0
2012-11-09 23:00:00,17736.0
2012-11-12 23:00:00,17665.0
2012-11-13 23:00:00,17159.0
2012-11-14 23:00:00,17091.0
2012-11-15 23:00:00,17354.0
2012-11-16 23:00:00,17196.0
2012-11-19 23:00:00,17358.0
2012-11-20 23:00:00,17288.0
2012-11-21 23:00:00,17435.0
2012-11-22 23:00:00,17375.0
2012-11-23 23:00:00,17310.0
2012-11-26 23:00:00,17180.0
2012-11-27 23:00:00,16957.0
2012-11-28 23:00:00,16862.0
2012-11-29 23:00:00,16877.0
2012-11-30 23:00:00,17016.0
2012-12-03 23:00:00,17228.0
2012-12-04 23:00:00,17082.0
2012-12-05 23:00:00,17190.0
2012-12-06 23:00:00,17084.0
2012-12-07 23:00:00,17085.0
2012-12-10 23:00:00,17133.0
2012-12-11 23:00:00,17065.0
2012-12-12 23:00:00,17200.0
2012-12-13 23:00:00,17028.0
2012-12-14 23:00:00,17027.0
2012-12-17 23:00:00,17060.0
2012-12-18 23:00:00,17134.0
2012-12-19 23:00:00,17104.0
2012-12-20 23:00:00,17334.0
2012-12-21 23:00:00,17530.0
2012-12-24 23:00:00,17572.0
2012-12-25 23:00:00,17572.0
2012-12-26 23:00:00,17598.0
2012-12-27 23:00:00,17579.0
2012-12-28 23:00:00,17447.0
2013-01-08 23:00:00,17815.0
2013-01-09 23:00:00,17920.0
2013-01-10 23:00:00,17784.0
2013-01-11 23:00:00,17811.0
2013-01-14 23:00:00,17963.0
2013-01-15 23:00:00,17783.0
2013-01-16 23:00:00,17635.0
2013-01-17 23:00:00,17763.0
2013-01-18 23:00:00,17858.0
2013-01-21 23:00:00,17761.0
2013-01-22 23:00:00,17579.0
2013-01-23 23:00:00,17660.0
2013-01-24 23:00:00,17599.0
2013-01-25 23:00:00,17626.0
2013-01-28 23:00:00,17692.0
2013-01-29 23:00:00,17560.0
2013-01-30 23:00:00,17352.0
2013-01-31 23:00:00,17174.0
2013-02-01 23:00:00,17192.0
2013-02-04 23:00:00,17104.0
2013-02-05 23:00:00,17101.0
2013-02-06 23:00:00,16932.0
2013-02-07 23:00:00,16858.0
2013-02-08 23:00:00,16719.0
2013-02-11 23:00:00,16463.0
2013-02-12 23:00:00,16248.0
2013-02-13 23:00:00,16642.0
2013-02-14 23:00:00,16310.0
2013-02-15 23:00:00,16324.0
2013-02-18 23:00:00,16504.0
2013-02-19 23:00:00,16684.0
2013-02-20 23:00:00,16624.0
2013-02-21 23:00:00,16511.0
2013-02-22 23:00:00,16585.0
2013-02-25 23:00:00,16716.0
2013-02-26 23:00:00,16549.0
2013-02-27 23:00:00,16668.0
2013-02-28 23:00:00,16642.0
2013-03-01 23:00:00,16364.0
2013-03-04 23:00:00,16178.0
2013-03-05 23:00:00,16522.0
2013-03-06 23:00:00,16374.0
2013-03-07 23:00:00,16254.0
2013-03-11 23:00:00,16519.0
2013-03-12 23:00:00,16589.0
2013-03-13 23:00:00,16919.0
2013-03-14 23:00:00,17071.0
2013-03-15 23:00:00,17256.0
2013-03-18 23:00:00,17278.0
2013-03-19 23:00:00,17088.0
2013-03-20 23:00:00,17068.0
2013-03-21 23:00:00,17077.0
2013-03-22 23:00:00,16848.0
2013-03-25 23:00:00,16673.0
2013-03-26 23:00:00,16459.0
2013-03-27 23:00:00,16433.0
2013-03-28 23:00:00,16171.0
2013-03-29 23:00:00,16280.0
2013-04-01 23:00:00,16158.0
2013-04-02 23:00:00,15983.0
2013-04-03 23:00:00,15922.0
2013-04-04 23:00:00,16010.0
2013-04-05 23:00:00,15949.0
2013-04-08 23:00:00,15811.0
2013-04-09 23:00:00,15923.0
2013-04-10 23:00:00,15818.0
2013-04-11 23:00:00,15489.0
2013-04-12 23:00:00,15554.0
2013-04-15 23:00:00,15376.0
2013-04-16 23:00:00,15279.0
2013-04-17 23:00:00,15038.0
2013-04-18 23:00:00,14871.0
2013-04-19 23:00:00,14868.0
2013-04-22 23:00:00,14795.0
2013-04-23 23:00:00,14848.0
2013-04-24 23:00:00,15290.0
2013-04-25 23:00:00,15126.0
2013-04-26 23:00:00,15117.0
2013-04-29 23:00:00,15064.0
2013-04-30 23:00:00,15250.0
2013-05-02 23:00:00,15100.0
2013-05-03 23:00:00,15685.0
2013-05-06 23:00:00,15758.0
2013-05-07 23:00:00,15868.0
2013-05-08 23:00:00,15988.0
2013-05-10 23:00:00,16085.0
2013-05-13 23:00:00,15817.0
2013-05-14 23:00:00,15891.0
2013-05-15 23:00:00,15558.0
2013-05-16 23:00:00,15608.0
2013-05-17 23:00:00,15891.0
2013-05-20 23:00:00,15963.0
2013-05-21 23:00:00,15972.0
2013-05-22 23:00:00,16053.0
2013-05-23 23:00:00,15474.0
2013-05-24 23:00:00,15299.0
2013-05-27 23:00:00,15278.0
2013-05-28 23:00:00,15406.0
2013-05-29 23:00:00,15171.0
2013-05-30 23:00:00,15280.0
2013-05-31 23:00:00,15536.0
2013-06-03 23:00:00,15341.0
2013-06-04 23:00:00,15241.0
2013-06-05 23:00:00,15107.0
2013-06-06 23:00:00,14967.0
2013-06-07 23:00:00,14995.0
2013-06-10 23:00:00,14901.0
2013-06-11 23:00:00,14459.0
2013-06-13 23:00:00,14285.0
2013-06-14 23:00:00,14253.0
2013-06-17 23:00:00,14376.0
2013-06-18 23:00:00,14515.0
2013-06-19 23:00:00,14349.0
2013-06-20 23:00:00,14081.0
2013-06-21 23:00:00,13992.0
2013-06-24 23:00:00,13939.0
2013-06-25 23:00:00,14091.0
2013-06-26 23:00:00,14220.0
2013-06-27 23:00:00,13980.0
2013-06-28 23:00:00,14085.0
2013-07-01 23:00:00,14099.0
2013-07-02 23:00:00,14118.0
2013-07-03 23:00:00,14085.0
2013-07-04 23:00:00,14497.0
2013-07-05 23:00:00,14559.0
2013-07-08 23:00:00,14603.0
2013-07-09 23:00:00,14582.0
2013-07-10 23:00:00,14554.0
2013-07-11 23:00:00,14920.0
2013-07-12 23:00:00,15351.0
2013-07-15 23:00:00,15425.0
2013-07-16 23:00:00,15653.0
2013-07-17 23:00:00,16300.0
2013-07-18 23:00:00,16193.0
2013-07-19 23:00:00,16118.0
2013-07-22 23:00:00,16048.0
2013-07-23 23:00:00,16003.0
2013-07-24 23:00:00,15857.0
2013-07-25 23:00:00,15924.0
2013-07-26 23:00:00,16043.0
2013-07-29 23:00:00,16093.0
2013-07-30 23:00:00,16115.0
2013-07-31 23:00:00,16012.0
2013-08-01 23:00:00,16172.0
2013-08-02 23:00:00,15977.0
2013-08-05 23:00:00,16018.0
2013-08-06 23:00:00,15733.0
2013-08-07 23:00:00,15622.0
2013-08-08 23:00:00,15655.0
2013-08-09 23:00:00,15952.0
2013-08-12 23:00:00,16045.0
2013-08-13 23:00:00,16336.0
2013-08-14 23:00:00,16569.0
2013-08-15 23:00:00,16221.0
2013-08-16 23:00:00,16194.0
2013-08-19 23:00:00,16339.0
2013-08-20 23:00:00,16364.0
2013-08-21 23:00:00,16317.0
2013-08-22 23:00:00,16504.0
2013-08-23 23:00:00,16404.0
2013-08-26 23:00:00,16351.0
2013-08-27 23:00:00,16255.0
2013-08-28 23:00:00,16331.0
2013-08-29 23:00:00,16248.0
2013-08-30 23:00:00,16256.0
2013-09-02 23:00:00,16239.0
2013-09-03 23:00:00,16236.0
2013-09-04 23:00:00,16286.0
2013-09-05 23:00:00,17076.0
2013-09-06 23:00:00,17264.0
2013-09-09 23:00:00,17774.0
2013-09-10 23:00:00,17702.0
2013-09-11 23:00:00,17737.0
2013-09-12 23:00:00,17514.0
2013-09-13 23:00:00,17246.0
2013-09-16 23:00:00,17579.0
2013-09-17 23:00:00,17561.0
2013-09-18 23:00:00,17466.0
2013-09-19 23:00:00,17799.0
2013-09-20 23:00:00,17766.0
2013-09-23 23:00:00,17528.0
2013-09-24 23:00:00,17416.0
2013-09-25 23:00:00,17545.0
2013-09-26 23:00:00,17545.0
2013-09-27 23:00:00,17475.0
2013-09-30 23:00:00,17317.0
2013-10-01 23:00:00,17548.0
2013-10-02 23:00:00,17268.0
2013-10-03 23:00:00,17178.0
2013-10-04 23:00:00,17419.0
2013-10-07 23:00:00,17650.0
2013-10-08 23:00:00,18108.0
2013-10-09 23:00:00,18069.0
2013-10-10 23:00:00,18258.0
2013-10-11 23:00:00,18294.0
2013-10-14 23:00:00,18219.0
2013-10-15 23:00:00,18551.0
2013-10-16 23:00:00,18739.0
2013-10-17 23:00:00,18445.0
2013-10-18 23:00:00,18630.0
2013-10-21 23:00:00,18491.0
2013-10-22 23:00:00,18307.0
2013-10-23 23:00:00,17941.0
2013-10-24 23:00:00,17971.0
2013-10-25 23:00:00,17905.0
2013-10-28 23:00:00,17942.0
2013-10-29 23:00:00,18006.0
2013-10-30 23:00:00,17986.0
2013-10-31 23:00:00,17919.0
2013-11-01 23:00:00,17938.0
2013-11-05 23:00:00,17738.0
2013-11-06 23:00:00,17605.0
2013-11-07 23:00:00,17902.0
2013-11-08 23:00:00,17643.0
2013-11-11 23:00:00,17353.0
2013-11-12 23:00:00,17515.0
2013-11-13 23:00:00,17139.0
2013-11-14 23:00:00,17476.0
2013-11-15 23:00:00,17573.0
2013-11-18 23:00:00,17774.0
2013-11-19 23:00:00,17697.0
2013-11-20 23:00:00,17838.0
2013-11-21 23:00:00,17661.0
2013-11-22 23:00:00,17768.0
2013-11-25 23:00:00,17609.0
2013-11-26 23:00:00,17162.0
2013-11-27 23:00:00,17017.0
2013-11-28 23:00:00,17078.0
2013-11-29 23:00:00,17143.0
2013-12-02 23:00:00,16957.0
2013-12-03 23:00:00,16654.0
2013-12-04 23:00:00,16446.0
2013-12-05 23:00:00,16314.0
2013-12-06 23:00:00,16556.0
2013-12-09 23:00:00,16623.0
2013-12-10 23:00:00,16538.0
2013-12-11 23:00:00,16485.0
2013-12-12 23:00:00,16180.0
2013-12-13 23:00:00,16075.0
2013-12-16 23:00:00,16368.0
2013-12-17 23:00:00,16599.0
2013-12-18 23:00:00,16696.0
2013-12-19 23:00:00,16818.0
2013-12-20 23:00:00,16862.0
2013-12-23 23:00:00,16928.0
2013-12-24 23:00:00,16900.0
2013-12-25 23:00:00,16832.0
2013-12-26 23:00:00,16781.0
2013-12-27 23:00:00,16604.0
2013-12-30 23:00:00,16573.0
2014-01-06 23:00:00,16208.0
2014-01-08 23:00:00,16407.0
2014-01-09 23:00:00,16548.0
2014-01-10 23:00:00,16623.0
2014-01-13 23:00:00,16555.0
2014-01-14 23:00:00,16375.0
2014-01-15 23:00:00,16394.0
2014-01-16 23:00:00,16364.0
2014-01-17 23:00:00,16372.0
2014-01-20 23:00:00,16616.0
2014-01-21 23:00:00,17191.0
2014-01-22 23:00:00,17239.0
2014-01-23 23:00:00,17258.0
2014-01-24 23:00:00,17294.0
2014-01-27 23:00:00,17394.0
2014-01-28 23:00:00,17390.0
2014-01-29 23:00:00,17386.0
2014-01-30 23:00:00,17321.0
2014-01-31 23:00:00,17123.0
2014-02-03 23:00:00,16788.0
2014-02-04 23:00:00,16724.0
2014-02-05 23:00:00,16812.0
2014-02-06 23:00:00,17005.0
2014-02-07 23:00:00,17268.0
2014-02-10 23:00:00,17274.0
2014-02-11 23:00:00,17347.0
2014-02-12 23:00:00,17436.0
2014-02-13 23:00:00,17179.0
2014-02-14 23:00:00,17464.0
2014-02-17 23:00:00,17689.0
2014-02-18 23:00:00,17843.0
2014-02-19 23:00:00,17315.0
2014-02-20 23:00:00,17362.0
2014-02-21 23:00:00,17486.0
2014-02-24 23:00:00,17448.0
2014-02-25 23:00:00,17166.0
2014-02-26 23:00:00,16893.0
2014-02-27 23:00:00,16562.0
2014-02-28 23:00:00,16452.0
2014-03-03 23:00:00,14612.0
2014-03-04 23:00:00,15370.0
2014-03-05 23:00:00,15109.0
2014-03-06 23:00:00,14895.0
2014-03-07 23:00:00,14907.0
2014-03-11 23:00:00,14575.0
2014-03-12 23:00:00,14384.0
2014-03-13 23:00:00,14339.0
2014-03-14 23:00:00,14339.0
2014-03-17 23:00:00,14560.0
2014-03-18 23:00:00,15218.0
2014-03-19 23:00:00,15064.0
2014-03-20 23:00:00,15171.0
2014-03-21 23:00:00,15019.0
2014-03-24 23:00:00,14854.0
2014-03-25 23:00:00,15305.0
2014-03-26 23:00:00,15811.0
2014-03-27 23:00:00,15602.0
2014-03-28 23:00:00,15788.0
2014-03-31 23:00:00,16046.0
2014-04-01 23:00:00,16066.0
2014-04-02 23:00:00,15998.0
2014-04-03 23:00:00,15937.0
2014-04-04 23:00:00,16269.0
2014-04-07 23:00:00,15919.0
2014-04-08 23:00:00,15843.0
2014-04-09 23:00:00,15701.0
2014-04-10 23:00:00,15962.0
2014-04-11 23:00:00,15913.0
2014-04-14 23:00:00,15635.0
2014-04-15 23:00:00,15303.0
2014-04-16 23:00:00,15441.0
2014-04-17 23:00:00,15561.0
2014-04-18 23:00:00,15897.0
2014-04-21 23:00:00,15717.0
2014-04-22 23:00:00,15654.0
2014-04-23 23:00:00,15579.0
2014-04-24 23:00:00,15154.0
2014-04-25 23:00:00,15054.0
2014-04-28 23:00:00,15333.0
2014-04-29 23:00:00,15318.0
2014-04-30 23:00:00,15295.0
2014-05-02 23:00:00,15150.0
2014-05-05 23:00:00,15043.0
2014-05-06 23:00:00,15424.0
2014-05-07 23:00:00,15941.0
2014-05-08 23:00:00,16024.0
2014-05-12 23:00:00,16024.0
2014-05-13 23:00:00,16265.0
2014-05-14 23:00:00,16436.0
2014-05-15 23:00:00,16637.0
2014-05-16 23:00:00,16856.0
2014-05-19 23:00:00,17219.0
2014-05-20 23:00:00,16984.0
2014-05-21 23:00:00,17049.0
2014-05-22 23:00:00,16876.0
2014-05-23 23:00:00,16855.0
2014-05-26 23:00:00,17014.0
2014-05-27 23:00:00,16626.0
2014-05-28 23:00:00,16494.0
2014-05-29 23:00:00,16833.0
2014-05-30 23:00:00,16561.0
2014-06-02 23:00:00,16809.0
2014-06-03 23:00:00,16804.0
2014-06-04 23:00:00,16803.0
2014-06-05 23:00:00,16664.0
2014-06-06 23:00:00,16751.0
2014-06-09 23:00:00,16829.0
2014-06-10 23:00:00,16777.0
2014-06-11 23:00:00,16905.0
2014-06-13 23:00:00,16683.0
2014-06-16 23:00:00,17038.0
2014-06-17 23:00:00,16967.0
2014-06-18 23:00:00,16985.0
2014-06-19 23:00:00,17012.0
2014-06-20 23:00:00,17064.0
2014-06-23 23:00:00,17190.0
2014-06-24 23:00:00,17784.0
2014-06-25 23:00:00,17406.0
2014-06-26 23:00:00,17204.0
2014-06-27 23:00:00,17382.0
2014-06-30 23:00:00,17219.0
2014-07-01 23:00:00,17284.0
2014-07-02 23:00:00,17614.0
2014-07-03 23:00:00,17694.0
2014-07-04 23:00:00,17322.0
2014-07-07 23:00:00,17526.0
2014-07-08 23:00:00,17508.0
2014-07-09 23:00:00,17429.0
2014-07-10 23:00:00,17267.0
2014-07-11 23:00:00,17234.0
2014-07-14 23:00:00,17158.0
2014-07-15 23:00:00,17096.0
2014-07-16 23:00:00,17220.0
2014-07-17 23:00:00,16996.0
2014-07-18 23:00:00,16941.0
2014-07-21 23:00:00,16576.0
2014-07-22 23:00:00,16808.0
2014-07-23 23:00:00,16658.0
2014-07-24 23:00:00,16619.0
2014-07-25 23:00:00,16490.0
2014-07-28 23:00:00,16220.0
2014-07-29 23:00:00,16124.0
2014-07-30 23:00:00,16353.0
2014-07-31 23:00:00,16156.0
2014-08-01 23:00:00,16152.0
2014-08-04 23:00:00,15909.0
2014-08-05 23:00:00,15704.0
2014-08-06 23:00:00,15458.0
2014-08-07 23:00:00,15659.0
2014-08-08 23:00:00,15634.0
2014-08-11 23:00:00,15782.0
2014-08-12 23:00:00,15790.0
2014-08-13 23:00:00,16012.0
2014-08-14 23:00:00,16075.0
2014-08-15 23:00:00,16168.0
2014-08-18 23:00:00,16333.0
2014-08-19 23:00:00,16517.0
2014-08-20 23:00:00,16567.0
2014-08-21 23:00:00,16508.0
2014-08-22 23:00:00,16379.0
2014-08-25 23:00:00,16508.0
2014-08-26 23:00:00,16383.0
2014-08-27 23:00:00,16449.0
2014-08-28 23:00:00,16250.0
2014-08-29 23:00:00,16114.0
2014-09-01 23:00:00,16103.0
2014-09-02 23:00:00,16194.0
2014-09-03 23:00:00,16703.0
2014-09-04 23:00:00,16657.0
2014-09-05 23:00:00,16795.0
2014-09-08 23:00:00,16776.0
2014-09-09 23:00:00,16751.0
2014-09-10 23:00:00,16745.0
2014-09-11 23:00:00,16566.0
2014-09-12 23:00:00,16577.0
2014-09-15 23:00:00,16357.0
2014-09-16 23:00:00,16671.0
2014-09-17 23:00:00,16452.0
2014-09-18 23:00:00,16466.0
2014-09-19 23:00:00,16244.0
2014-09-22 23:00:00,16257.0
2014-09-23 23:00:00,16403.0
2014-09-24 23:00:00,16500.0
2014-09-25 23:00:00,16366.0
2014-09-26 23:00:00,16484.0
2014-09-29 23:00:00,16282.0
2014-09-30 23:00:00,16531.0
2014-10-01 23:00:00,16509.0
2014-10-02 23:00:00,16105.0
2014-10-03 23:00:00,16338.0
2014-10-06 23:00:00,16561.0
2014-10-07 23:00:00,16409.0
2014-10-08 23:00:00,16153.0
2014-10-09 23:00:00,16217.0
2014-10-10 23:00:00,16010.0
2014-10-13 23:00:00,16215.0
2014-10-14 23:00:00,16135.0
2014-10-15 23:00:00,16130.0
2014-10-16 23:00:00,15920.0
2014-10-17 23:00:00,16097.0
2014-10-20 23:00:00,16035.0
2014-10-21 23:00:00,16079.0
2014-10-22 23:00:00,15970.0
2014-10-23 23:00:00,15961.0
2014-10-24 23:00:00,16048.0
2014-10-27 23:00:00,16035.0
2014-10-28 23:00:00,16257.0
2014-10-29 23:00:00,16447.0
2014-10-30 23:00:00,16542.0
2014-10-31 23:00:00,16756.0
2014-11-03 23:00:00,16926.0
2014-11-05 23:00:00,16906.0
2014-11-06 23:00:00,16961.0
2014-11-07 23:00:00,17048.0
2014-11-10 23:00:00,17097.0
2014-11-11 23:00:00,16993.0
2014-11-12 23:00:00,16930.0
2014-11-13 23:00:00,16746.0
2014-11-14 23:00:00,16826.0
2014-11-17 23:00:00,16814.0
2014-11-18 23:00:00,16864.0
2014-11-19 23:00:00,16940.0
2014-11-20 23:00:00,16996.0
2014-11-21 23:00:00,17075.0
2014-11-24 23:00:00,17004.0
2014-11-25 23:00:00,17008.0
2014-11-26 23:00:00,17106.0
2014-11-27 23:00:00,16899.0
2014-11-28 23:00:00,16888.0
2014-12-01 23:00:00,16955.0
2014-12-02 23:00:00,17046.0
2014-12-03 23:00:00,17159.0
2014-12-04 23:00:00,16974.0
2014-12-05 23:00:00,16499.0
2014-12-08 23:00:00,16052.0
2014-12-09 23:00:00,16005.0
2014-12-10 23:00:00,16075.0
2014-12-11 23:00:00,15897.0
2014-12-12 23:00:00,15945.0
2014-12-15 23:00:00,15615.0
2014-12-16 23:00:00,15671.0
2014-12-17 23:00:00,16021.0
2014-12-18 23:00:00,16407.0
2014-12-19 23:00:00,16310.0
2014-12-22 23:00:00,16201.0
2014-12-23 23:00:00,15932.0
2014-12-24 23:00:00,16012.0
2014-12-25 23:00:00,16051.0
2014-12-26 23:00:00,16090.0
2014-12-29 23:00:00,16100.0
2014-12-30 23:00:00,15640.0
2015-01-05 23:00:00,15903.0
2015-01-06 23:00:00,16337.0
2015-01-08 23:00:00,17076.0
2015-01-09 23:00:00,16792.0
2015-01-12 23:00:00,16546.0
2015-01-13 23:00:00,16836.0
2015-01-14 23:00:00,17165.0
2015-01-15 23:00:00,17178.0
2015-01-16 23:00:00,17472.0
2015-01-19 23:00:00,17255.0
2015-01-20 23:00:00,17018.0
2015-01-21 23:00:00,17308.0
2015-01-22 23:00:00,17585.0
2015-01-23 23:00:00,17771.0
2015-01-26 23:00:00,17258.0
2015-01-27 23:00:00,17447.0
2015-01-28 23:00:00,17225.0
2015-01-29 23:00:00,16911.0
2015-01-30 23:00:00,16572.0
2015-02-02 23:00:00,16183.0
2015-02-03 23:00:00,16400.0
2015-02-04 23:00:00,16601.0
2015-02-05 23:00:00,17083.0
2015-02-06 23:00:00,17491.0
2015-02-09 23:00:00,17242.0
2015-02-10 23:00:00,17212.0
2015-02-11 23:00:00,17474.0
2015-02-12 23:00:00,18050.0
2015-02-13 23:00:00,18551.0
2015-02-16 23:00:00,18318.0
2015-02-17 23:00:00,18212.0
2015-02-18 23:00:00,18592.0
2015-02-19 23:00:00,18257.0
2015-02-20 23:00:00,18052.0
2015-02-24 23:00:00,17726.0
2015-02-25 23:00:00,17266.0
2015-02-26 23:00:00,17328.0
2015-02-27 23:00:00,17519.0
2015-03-02 23:00:00,17720.0
2015-03-03 23:00:00,18108.0
2015-03-04 23:00:00,17611.0
2015-03-05 23:00:00,17671.0
2015-03-06 23:00:00,17346.0
2015-03-10 23:00:00,17011.0
2015-03-11 23:00:00,16811.0
2015-03-12 23:00:00,16646.0
2015-03-13 23:00:00,16316.0
2015-03-16 23:00:00,16120.0
2015-03-17 23:00:00,16045.0
2015-03-18 23:00:00,16089.0
2015-03-19 23:00:00,15761.0
2015-03-20 23:00:00,15861.0
2015-03-23 23:00:00,15555.0
2015-03-24 23:00:00,15769.0
2015-03-25 23:00:00,15550.0
2015-03-26 23:00:00,15344.0
2015-03-27 23:00:00,15534.0
2015-03-30 23:00:00,15769.0
2015-03-31 23:00:00,15939.0
2015-04-01 23:00:00,16375.0
2015-04-02 23:00:00,16455.0
2015-04-03 23:00:00,16445.0
2015-04-06 23:00:00,16530.0
2015-04-07 23:00:00,16570.0
2015-04-08 23:00:00,16681.0
2015-04-09 23:00:00,16827.0
2015-04-10 23:00:00,16755.0
2015-04-13 23:00:00,16777.0
2015-04-14 23:00:00,16378.0
2015-04-15 23:00:00,16928.0
2015-04-16 23:00:00,17107.0
2015-04-17 23:00:00,16852.0
2015-04-20 23:00:00,17329.0
2015-04-21 23:00:00,17481.0
2015-04-22 23:00:00,16956.0
2015-04-23 23:00:00,17030.0
2015-04-24 23:00:00,17221.0
2015-04-27 23:00:00,17131.0
2015-04-28 23:00:00,17131.0
2015-04-29 23:00:00,17254.0
2015-04-30 23:00:00,17263.0
2015-05-05 23:00:00,17418.0
2015-05-06 23:00:00,17300.0
2015-05-07 23:00:00,17116.0
2015-05-08 23:00:00,17360.0
2015-05-12 23:00:00,17200.0
2015-05-13 23:00:00,16995.0
2015-05-14 23:00:00,17072.0
2015-05-15 23:00:00,17055.0
2015-05-18 23:00:00,16943.0
2015-05-19 23:00:00,16710.0
2015-05-20 23:00:00,16447.0
2015-05-21 23:00:00,16548.0
2015-05-22 23:00:00,16662.0
2015-05-25 23:00:00,16460.0
2015-05-26 23:00:00,16295.0
2015-05-27 23:00:00,16425.0
2015-05-28 23:00:00,16419.0
2015-05-29 23:00:00,15796.0
2015-06-01 23:00:00,15696.0
2015-06-02 23:00:00,15840.0
2015-06-03 23:00:00,15883.0
2015-06-04 23:00:00,15661.0
2015-06-05 23:00:00,15924.0
2015-06-08 23:00:00,15909.0
2015-06-09 23:00:00,16274.0
2015-06-10 23:00:00,16218.0
2015-06-11 23:00:00,16135.0
2015-06-15 23:00:00,16177.0
2015-06-16 23:00:00,16270.0
2015-06-17 23:00:00,16395.0
2015-06-18 23:00:00,16305.0
2015-06-19 23:00:00,16312.0
2015-06-22 23:00:00,16461.0
2015-06-23 23:00:00,16320.0
2015-06-24 23:00:00,16225.0
2015-06-25 23:00:00,15999.0
2015-06-26 23:00:00,16097.0
2015-06-29 23:00:00,15851.0
2015-06-30 23:00:00,16145.0
2015-07-01 23:00:00,16100.0
2015-07-02 23:00:00,16135.0
2015-07-03 23:00:00,16025.0
2015-07-06 23:00:00,15769.0
2015-07-07 23:00:00,15773.0
2015-07-08 23:00:00,15671.0
2015-07-09 23:00:00,15916.0
2015-07-10 23:00:00,15921.0
2015-07-13 23:00:00,16002.0
2015-07-14 23:00:00,16131.0
2015-07-15 23:00:00,16367.0
2015-07-16 23:00:00,16527.0
2015-07-17 23:00:00,16459.0
2015-07-20 23:00:00,16236.0
2015-07-21 23:00:00,16161.0
2015-07-22 23:00:00,16166.0
2015-07-23 23:00:00,15938.0
2015-07-24 23:00:00,15713.0
2015-07-27 23:00:00,15567.0
2015-07-28 23:00:00,15575.0
2015-07-29 23:00:00,15928.0
2015-07-30 23:00:00,15988.0
2015-07-31 23:00:00,16284.0
2015-08-03 23:00:00,16118.0
2015-08-04 23:00:00,16183.0
2015-08-05 23:00:00,16413.0
2015-08-06 23:00:00,16075.0
2015-08-07 23:00:00,16099.0
2015-08-10 23:00:00,16142.0
2015-08-11 23:00:00,16154.0
2015-08-12 23:00:00,16254.0
2015-08-13 23:00:00,16294.0
2015-08-14 23:00:00,16469.0
2015-08-17 23:00:00,16379.0
2015-08-18 23:00:00,16234.0
2015-08-19 23:00:00,16005.0
2015-08-20 23:00:00,16148.0
2015-08-21 23:00:00,15993.0
2015-08-24 23:00:00,15509.0
2015-08-25 23:00:00,16000.0
2015-08-26 23:00:00,16021.0
2015-08-27 23:00:00,16381.0
2015-08-28 23:00:00,16606.0
2015-08-31 23:00:00,16723.0
2015-09-01 23:00:00,16304.0
2015-09-02 23:00:00,16160.0
2015-09-03 23:00:00,16393.0
2015-09-04 23:00:00,16126.0
2015-09-07 23:00:00,16069.0
2015-09-08 23:00:00,16213.0
2015-09-09 23:00:00,16282.0
2015-09-10 23:00:00,16163.0
2015-09-11 23:00:00,16082.0
2015-09-14 23:00:00,16158.0
2015-09-15 23:00:00,16033.0
2015-09-16 23:00:00,16099.0
2015-09-17 23:00:00,16038.0
2015-09-18 23:00:00,15863.0
2015-09-21 23:00:00,15676.0
2015-09-22 23:00:00,15392.0
2015-09-23 23:00:00,15143.0
2015-09-24 23:00:00,14977.0
2015-09-25 23:00:00,15087.0
2015-09-28 23:00:00,14855.0
2015-09-29 23:00:00,15092.0
2015-09-30 23:00:00,15099.0
2015-10-01 23:00:00,15021.0
2015-10-02 23:00:00,14881.0
2015-10-05 23:00:00,15384.0
2015-10-06 23:00:00,15485.0
2015-10-07 23:00:00,15672.0
2015-10-08 23:00:00,15693.0
2015-10-09 23:00:00,16074.0
2015-10-12 23:00:00,15825.0
2015-10-13 23:00:00,15814.0
2015-10-14 23:00:00,15894.0
2015-10-15 23:00:00,15931.0
2015-10-16 23:00:00,15758.0
2015-10-19 23:00:00,15701.0
2015-10-20 23:00:00,15683.0
2015-10-21 23:00:00,15594.0
2015-10-22 23:00:00,15527.0
2015-10-23 23:00:00,15492.0
2015-10-26 23:00:00,15407.0
2015-10-27 23:00:00,15444.0
2015-10-28 23:00:00,15401.0
2015-10-29 23:00:00,15202.0
2015-10-30 23:00:00,15182.0
2015-11-02 23:00:00,15350.0
2015-11-03 23:00:00,15774.0
2015-11-05 23:00:00,15631.0
2015-11-06 23:00:00,15335.0
2015-11-09 23:00:00,15202.0
2015-11-10 23:00:00,15141.0
2015-11-11 23:00:00,15073.0
2015-11-12 23:00:00,15239.0
2015-11-13 23:00:00,15151.0
2015-11-16 23:00:00,15276.0
2015-11-17 23:00:00,15850.0
2015-11-18 23:00:00,16349.0
2015-11-19 23:00:00,16222.0
2015-11-20 23:00:00,16360.0
2015-11-23 23:00:00,16680.0
2015-11-24 23:00:00,16063.0
2015-11-25 23:00:00,15915.0
2015-11-26 23:00:00,15768.0
2015-11-27 23:00:00,15542.0
2015-11-30 23:00:00,15276.0
2015-12-01 23:00:00,15212.0
2015-12-02 23:00:00,15197.0
2015-12-03 23:00:00,15475.0
2015-12-04 23:00:00,15181.0
2015-12-07 23:00:00,14908.0
2015-12-08 23:00:00,14911.0
2015-12-09 23:00:00,15048.0
2015-12-10 23:00:00,14980.0
2015-12-11 23:00:00,14755.0
2015-12-14 23:00:00,14602.0
2015-12-15 23:00:00,14757.0
2015-12-16 23:00:00,14799.0
2015-12-17 23:00:00,15115.0
2015-12-18 23:00:00,14604.0
2015-12-21 23:00:00,14450.0
2015-12-22 23:00:00,14614.0
2015-12-23 23:00:00,14811.0
2015-12-24 23:00:00,14882.0
2015-12-25 23:00:00,14719.0
2015-12-28 23:00:00,14760.0
2015-12-29 23:00:00,15041.0
2015-12-30 23:00:00,14815.0
2016-01-04 23:00:00,14735.0
2016-01-05 23:00:00,14890.0
2016-01-06 23:00:00,14825.0
2016-01-11 23:00:00,14340.0
2016-01-12 23:00:00,14559.0
2016-01-13 23:00:00,14329.0
2016-01-14 23:00:00,14340.0
2016-01-15 23:00:00,13740.0
2016-01-18 23:00:00,13672.0
2016-01-19 23:00:00,13790.0
2016-01-20 23:00:00,13778.0
2016-01-21 23:00:00,14023.0
2016-01-22 23:00:00,14393.0
2016-01-25 23:00:00,14448.0
2016-01-26 23:00:00,14368.0
2016-01-27 23:00:00,14541.0
2016-01-28 23:00:00,14727.0
2016-01-29 23:00:00,14815.0
2016-02-01 23:00:00,14530.0
2016-02-02 23:00:00,14376.0
2016-02-03 23:00:00,14310.0
2016-02-04 23:00:00,14656.0
2016-02-05 23:00:00,14536.0
2016-02-08 23:00:00,14480.0
2016-02-09 23:00:00,14383.0
2016-02-10 23:00:00,14454.0
2016-02-11 23:00:00,14139.0
2016-02-12 23:00:00,14170.0
2016-02-15 23:00:00,14393.0
2016-02-16 23:00:00,14672.0
2016-02-17 23:00:00,14783.0
2016-02-18 23:00:00,14875.0
2016-02-19 23:00:00,14743.0
2016-02-20 23:00:00,14733.0
2016-02-22 23:00:00,15020.0
2016-02-24 23:00:00,14742.0
2016-02-25 23:00:00,14827.0
2016-02-26 23:00:00,14912.0
2016-02-29 23:00:00,15170.0
2016-03-01 23:00:00,15228.0
2016-03-02 23:00:00,15090.0
2016-03-03 23:00:00,15455.0
2016-03-04 23:00:00,15619.0
2016-03-07 23:00:00,16009.0
2016-03-09 23:00:00,15858.0
2016-03-10 23:00:00,15640.0
2016-03-11 23:00:00,15400.0
2016-03-14 23:00:00,15299.0
2016-03-15 23:00:00,15244.0
2016-03-16 23:00:00,15402.0
2016-03-17 23:00:00,15641.0
2016-03-18 23:00:00,15974.0
2016-03-21 23:00:00,15917.0
2016-03-22 23:00:00,15910.0
2016-03-23 23:00:00,15524.0
2016-03-24 23:00:00,15514.0
2016-03-25 23:00:00,15499.0
2016-03-28 23:00:00,15414.0
2016-03-29 23:00:00,15348.0
2016-03-30 23:00:00,15715.0
2016-03-31 23:00:00,15620.0
2016-04-01 23:00:00,15625.0
2016-04-04 23:00:00,15489.0
2016-04-05 23:00:00,15288.0
2016-04-06 23:00:00,15355.0
2016-04-07 23:00:00,15205.0
2016-04-08 23:00:00,15422.0
2016-04-11 23:00:00,15560.0
2016-04-12 23:00:00,15791.0
2016-04-13 23:00:00,16217.0
2016-04-14 23:00:00,15905.0
2016-04-15 23:00:00,15571.0
2016-04-18 23:00:00,15415.0
2016-04-19 23:00:00,16421.0
2016-04-20 23:00:00,17046.0
2016-04-21 23:00:00,16955.0
2016-04-22 23:00:00,16900.0
2016-04-25 23:00:00,16825.0
2016-04-26 23:00:00,17074.0
2016-04-27 23:00:00,16838.0
2016-04-28 23:00:00,17251.0
2016-04-29 23:00:00,17567.0
2016-05-04 23:00:00,16880.0
2016-05-05 23:00:00,16805.0
2016-05-06 23:00:00,16654.0
2016-05-10 23:00:00,16485.0
2016-05-11 23:00:00,16695.0
2016-05-12 23:00:00,16528.0
2016-05-13 23:00:00,16645.0
2016-05-16 23:00:00,16518.0
2016-05-17 23:00:00,16084.0
2016-05-18 23:00:00,15922.0
2016-05-19 23:00:00,15544.0
2016-05-20 23:00:00,15349.0
2016-05-23 23:00:00,15166.0
2016-05-24 23:00:00,15311.0
2016-05-25 23:00:00,15341.0
2016-05-26 23:00:00,15548.0
2016-05-27 23:00:00,15592.0
2016-05-30 23:00:00,15630.0
2016-05-31 23:00:00,15298.0
2016-06-01 23:00:00,15143.0
2016-06-02 23:00:00,15003.0
2016-06-03 23:00:00,14987.0
2016-06-06 23:00:00,15223.0
2016-06-07 23:00:00,15356.0
2016-06-08 23:00:00,15282.0
2016-06-09 23:00:00,15123.0
2016-06-10 23:00:00,14895.0
2016-06-14 23:00:00,14761.0
2016-06-15 23:00:00,14775.0
2016-06-16 23:00:00,14540.0
2016-06-17 23:00:00,14591.0
2016-06-20 23:00:00,14848.0
2016-06-21 23:00:00,14879.0
2016-06-22 23:00:00,14801.0
2016-06-23 23:00:00,14934.0
2016-06-24 23:00:00,14617.0
2016-06-27 23:00:00,14415.0
2016-06-28 23:00:00,14424.0
2016-06-29 23:00:00,14489.0
2016-06-30 23:00:00,14493.0
2016-07-01 23:00:00,14521.0
2016-07-04 23:00:00,14680.0
2016-07-05 23:00:00,14552.0
2016-07-06 23:00:00,14499.0
2016-07-07 23:00:00,14464.0
2016-07-08 23:00:00,14530.0
2016-07-11 23:00:00,14604.0
2016-07-12 23:00:00,14671.0
2016-07-13 23:00:00,14731.0
2016-07-14 23:00:00,14828.0
2016-07-15 23:00:00,15106.0
2016-07-18 23:00:00,14982.0
2016-07-19 23:00:00,15019.0
2016-07-20 23:00:00,15105.0
2016-07-21 23:00:00,15142.0
2016-07-22 23:00:00,15192.0
2016-07-25 23:00:00,15138.0
2016-07-26 23:00:00,15166.0
2016-07-27 23:00:00,15018.0
2016-07-28 23:00:00,15021.0
2016-07-29 23:00:00,14785.0
2016-08-01 23:00:00,14751.0
2016-08-02 23:00:00,14534.0
2016-08-03 23:00:00,14505.0
2016-08-04 23:00:00,14716.0
2016-08-05 23:00:00,14614.0
2016-08-08 23:00:00,14781.0
2016-08-09 23:00:00,14836.0
2016-08-10 23:00:00,14762.0
2016-08-11 23:00:00,14750.0
2016-08-12 23:00:00,14771.0
2016-08-15 23:00:00,14858.0
2016-08-16 23:00:00,14793.0
2016-08-17 23:00:00,14732.0
2016-08-18 23:00:00,14865.0
2016-08-19 23:00:00,14716.0
2016-08-22 23:00:00,14785.0
2016-08-23 23:00:00,14742.0
2016-08-24 23:00:00,14665.0
2016-08-25 23:00:00,14522.0
2016-08-26 23:00:00,14586.0
2016-08-29 23:00:00,14574.0
2016-08-30 23:00:00,14506.0
2016-08-31 23:00:00,14447.0
2016-09-01 23:00:00,14448.0
2016-09-02 23:00:00,14507.0
2016-09-05 23:00:00,14581.0
2016-09-06 23:00:00,15074.0
2016-09-07 23:00:00,15241.0
2016-09-08 23:00:00,15050.0
2016-09-09 23:00:00,14800.0
2016-09-12 23:00:00,14827.0
2016-09-13 23:00:00,14718.0
2016-09-14 23:00:00,14809.0
2016-09-15 23:00:00,14608.0
2016-09-16 23:00:00,14434.0
2016-09-19 23:00:00,14496.0
2016-09-20 23:00:00,14555.0
2016-09-21 23:00:00,14459.0
2016-09-22 23:00:00,14482.0
2016-09-23 23:00:00,14452.0
2016-09-26 23:00:00,14335.0
2016-09-27 23:00:00,14242.0
2016-09-28 23:00:00,14221.0
2016-09-29 23:00:00,14356.0
2016-09-30 23:00:00,14260.0
2016-10-03 23:00:00,14314.0
2016-10-04 23:00:00,14413.0
2016-10-05 23:00:00,14292.0
2016-10-06 23:00:00,14365.0
2016-10-07 23:00:00,14349.0
2016-10-10 23:00:00,14695.0
2016-10-11 23:00:00,14668.0
2016-10-12 23:00:00,14563.0
2016-10-13 23:00:00,14486.0
2016-10-14 23:00:00,14371.0
2016-10-17 23:00:00,14319.0
2016-10-18 23:00:00,14315.0
2016-10-19 23:00:00,14298.0
2016-10-20 23:00:00,14230.0
2016-10-21 23:00:00,14226.0
2016-10-24 23:00:00,14253.0
2016-10-25 23:00:00,14229.0
2016-10-26 23:00:00,14265.0
2016-10-27 23:00:00,14197.0
2016-10-28 23:00:00,14191.0
2016-10-31 23:00:00,14581.0
2016-11-01 23:00:00,14888.0
2016-11-02 23:00:00,14782.0
2016-11-03 23:00:00,14664.0
2016-11-07 23:00:00,14551.0
2016-11-08 23:00:00,14609.0
2016-11-09 23:00:00,15219.0
2016-11-10 23:00:00,15489.0
2016-11-11 23:00:00,15459.0
2016-11-14 23:00:00,15320.0
2016-11-15 23:00:00,15297.0
2016-11-16 23:00:00,15147.0
2016-11-17 23:00:00,15399.0
2016-11-18 23:00:00,15345.0
2016-11-21 23:00:00,15606.0
2016-11-22 23:00:00,15635.0
2016-11-23 23:00:00,15554.0
2016-11-24 23:00:00,15735.0
2016-11-25 23:00:00,15741.0
2016-11-28 23:00:00,15469.0
2016-11-29 23:00:00,15368.0
2016-11-30 23:00:00,15540.0
2016-12-01 23:00:00,15870.0
2016-12-02 23:00:00,15842.0
2016-12-05 23:00:00,15959.0
2016-12-06 23:00:00,15746.0
2016-12-07 23:00:00,15738.0
2016-12-08 23:00:00,15833.0
2016-12-09 23:00:00,15780.0
2016-12-12 23:00:00,16339.0
2016-12-13 23:00:00,16415.0
2016-12-14 23:00:00,16244.0
2016-12-15 23:00:00,16319.0
2016-12-16 23:00:00,16248.0
2016-12-19 23:00:00,16043.0
2016-12-20 23:00:00,16029.0
2016-12-21 23:00:00,15841.0
2016-12-22 23:00:00,15519.0
2016-12-23 23:00:00,15382.0
2016-12-26 23:00:00,15395.0
2016-12-27 23:00:00,15541.0
2016-12-28 23:00:00,15607.0
2016-12-29 23:00:00,15741.0
2016-12-30 23:00:00,15864.0
2017-01-03 23:00:00,16191.0
2017-01-04 23:00:00,16153.0
2017-01-05 23:00:00,15850.0
2017-01-06 23:00:00,15841.0
2017-01-09 23:00:00,15863.0
2017-01-10 23:00:00,16167.0
2017-01-11 23:00:00,16051.0
2017-01-12 23:00:00,16101.0
2017-01-13 23:00:00,16185.0
2017-01-16 23:00:00,16020.0
2017-01-17 23:00:00,15801.0
2017-01-18 23:00:00,15722.0
2017-01-19 23:00:00,15472.0
2017-01-20 23:00:00,15341.0
2017-01-23 23:00:00,15163.0
2017-01-24 23:00:00,15369.0
2017-01-25 23:00:00,15129.0
2017-01-26 23:00:00,15387.0
2017-01-27 23:00:00,15731.0
2017-01-30 23:00:00,15413.0
2017-01-31 23:00:00,15310.0
2017-02-01 23:00:00,15298.0
2017-02-02 23:00:00,15164.0
2017-02-03 23:00:00,15196.0
2017-02-06 23:00:00,15126.0
2017-02-07 23:00:00,15157.0
2017-02-08 23:00:00,14791.0
2017-02-09 23:00:00,14486.0
2017-02-10 23:00:00,14464.0
2017-02-13 23:00:00,14376.0
2017-02-14 23:00:00,14301.0
2017-02-15 23:00:00,14227.0
2017-02-16 23:00:00,14148.0
2017-02-17 23:00:00,14060.0
2017-02-20 23:00:00,14121.0
2017-02-21 23:00:00,14058.0
2017-02-22 23:00:00,13878.0
2017-02-24 23:00:00,13922.0
2017-02-27 23:00:00,13738.0
2017-02-28 23:00:00,13488.0
2017-03-01 23:00:00,13607.0
2017-03-02 23:00:00,13346.0
2017-03-03 23:00:00,13675.0
2017-03-06 23:00:00,13645.0
2017-03-07 23:00:00,13477.0
2017-03-09 23:00:00,13071.0
2017-03-10 23:00:00,13044.0
2017-03-13 23:00:00,13145.0
2017-03-14 23:00:00,13027.0
2017-03-15 23:00:00,12908.0
2017-03-16 23:00:00,12907.0
2017-03-17 23:00:00,12987.0
2017-03-20 23:00:00,12995.0
2017-03-21 23:00:00,13066.0
2017-03-22 23:00:00,13228.0
2017-03-23 23:00:00,13176.0
2017-03-24 23:00:00,13116.0
2017-03-27 23:00:00,12971.0
2017-03-28 23:00:00,12968.0
2017-03-29 23:00:00,12969.0
2017-03-30 23:00:00,12908.0
2017-03-31 23:00:00,12809.0
2017-04-03 23:00:00,12783.0
2017-04-04 23:00:00,12936.0
2017-04-05 23:00:00,13096.0
2017-04-06 23:00:00,13072.0
2017-04-07 23:00:00,12896.0
2017-04-10 23:00:00,12632.0
2017-04-11 23:00:00,12610.0
2017-04-12 23:00:00,12509.0
2017-04-13 23:00:00,12469.0
2017-04-14 23:00:00,12290.0
2017-04-17 23:00:00,12381.0
2017-04-18 23:00:00,12223.0
2017-04-19 23:00:00,12153.0
2017-04-20 23:00:00,12155.0
2017-04-21 23:00:00,12246.0
2017-04-24 23:00:00,12759.0
2017-04-25 23:00:00,12998.0
2017-04-26 23:00:00,13297.0
2017-04-27 23:00:00,13291.0
2017-04-28 23:00:00,13641.0
2017-05-02 23:00:00,13609.0
2017-05-03 23:00:00,13556.0
2017-05-04 23:00:00,13441.0
2017-05-05 23:00:00,13346.0
2017-05-10 23:00:00,13361.0
2017-05-11 23:00:00,13051.0
2017-05-12 23:00:00,13158.0
2017-05-15 23:00:00,13033.0
2017-05-16 23:00:00,13029.0
2017-05-17 23:00:00,13083.0
2017-05-18 23:00:00,12554.0
2017-05-19 23:00:00,12296.0
2017-05-22 23:00:00,12113.0
2017-05-23 23:00:00,12186.0
2017-05-24 23:00:00,12032.0
2017-05-25 23:00:00,12007.0
2017-05-26 23:00:00,12069.0
2017-05-29 23:00:00,12156.0
2017-05-30 23:00:00,12074.0
2017-05-31 23:00:00,11836.0
2017-06-01 23:00:00,11614.0
2017-06-02 23:00:00,11775.0
2017-06-05 23:00:00,11717.0
2017-06-06 23:00:00,11727.0
2017-06-07 23:00:00,11717.0
2017-06-08 23:00:00,11745.0
2017-06-09 23:00:00,11821.0
2017-06-13 23:00:00,11628.0
2017-06-14 23:00:00,11300.0
2017-06-15 23:00:00,11311.0
2017-06-16 23:00:00,11278.0
2017-06-19 23:00:00,11460.0
2017-06-20 23:00:00,11450.0
2017-06-21 23:00:00,11503.0
2017-06-22 23:00:00,11662.0
2017-06-23 23:00:00,11624.0
2017-06-26 23:00:00,11608.0
2017-06-27 23:00:00,11644.0
2017-06-28 23:00:00,11670.0
2017-06-29 23:00:00,11606.0
2017-06-30 23:00:00,11586.0
2017-07-03 23:00:00,11669.0
2017-07-04 23:00:00,11982.0
2017-07-05 23:00:00,11959.0
2017-07-06 23:00:00,11888.0
2017-07-07 23:00:00,11962.0
2017-07-10 23:00:00,12105.0
2017-07-11 23:00:00,12133.0
2017-07-12 23:00:00,12135.0
2017-07-13 23:00:00,12203.0
2017-07-14 23:00:00,12183.0
2017-07-17 23:00:00,12171.0
2017-07-18 23:00:00,12104.0
2017-07-19 23:00:00,12343.0
2017-07-20 23:00:00,12368.0
2017-07-21 23:00:00,12229.0
2017-07-24 23:00:00,12231.0
2017-07-25 23:00:00,12192.0
2017-07-26 23:00:00,12228.0
2017-07-27 23:00:00,12164.0
2017-07-28 23:00:00,12004.0
2017-07-31 23:00:00,12095.0
2017-08-01 23:00:00,12097.0
2017-08-02 23:00:00,12250.0
2017-08-03 23:00:00,12263.0
2017-08-04 23:00:00,12268.0
2017-08-07 23:00:00,12253.0
2017-08-08 23:00:00,12264.0
2017-08-09 23:00:00,12150.0
2017-08-10 23:00:00,12098.0
2017-08-11 23:00:00,11998.0
2017-08-14 23:00:00,12018.0
2017-08-15 23:00:00,12045.0
2017-08-16 23:00:00,11941.0
2017-08-17 23:00:00,11884.0
2017-08-18 23:00:00,11867.0
2017-08-21 23:00:00,11833.0
2017-08-22 23:00:00,11846.0
2017-08-23 23:00:00,11820.0
2017-08-24 23:00:00,11861.0
2017-08-25 23:00:00,12002.0
2017-08-28 23:00:00,12082.0
2017-08-29 23:00:00,12074.0
2017-08-30 23:00:00,12035.0
2017-08-31 23:00:00,11995.0
2017-09-01 23:00:00,11953.0
2017-09-04 23:00:00,11937.0
2017-09-05 23:00:00,11831.0
2017-09-06 23:00:00,11974.0
2017-09-07 23:00:00,12045.0
2017-09-08 23:00:00,12225.0
2017-09-11 23:00:00,12283.0
2017-09-12 23:00:00,12398.0
2017-09-13 23:00:00,12542.0
2017-09-14 23:00:00,12540.0
2017-09-15 23:00:00,12398.0
2017-09-18 23:00:00,12392.0
2017-09-19 23:00:00,12280.0
2017-09-20 23:00:00,12333.0
2017-09-21 23:00:00,12309.0
2017-09-22 23:00:00,12276.0
2017-09-25 23:00:00,12393.0
2017-09-26 23:00:00,12361.0
2017-09-27 23:00:00,12394.0
2017-09-28 23:00:00,12309.0
2017-09-29 23:00:00,12270.0
2017-10-02 23:00:00,12257.0
2017-10-03 23:00:00,12126.0
2017-10-04 23:00:00,12236.0
2017-10-05 23:00:00,12401.0
2017-10-06 23:00:00,12382.0
2017-10-09 23:00:00,12526.0
2017-10-10 23:00:00,12456.0
2017-10-11 23:00:00,12632.0
2017-10-12 23:00:00,12636.0
2017-10-13 23:00:00,12701.0
2017-10-16 23:00:00,12746.0
2017-10-17 23:00:00,12545.0
2017-10-18 23:00:00,12696.0
2017-10-19 23:00:00,12548.0
2017-10-20 23:00:00,12686.0
2017-10-23 23:00:00,12686.0
2017-10-24 23:00:00,12630.0
2017-10-25 23:00:00,12488.0
2017-10-26 23:00:00,12429.0
2017-10-27 23:00:00,12569.0
2017-10-30 23:00:00,12583.0
2017-10-31 23:00:00,12615.0
2017-11-01 23:00:00,12611.0
2017-11-02 23:00:00,12505.0
2017-11-03 23:00:00,12579.0
2017-11-07 23:00:00,13161.0
2017-11-08 23:00:00,13208.0
2017-11-09 23:00:00,13078.0
2017-11-10 23:00:00,13189.0
2017-11-13 23:00:00,13301.0
2017-11-14 23:00:00,13229.0
2017-11-15 23:00:00,13088.0
2017-11-16 23:00:00,12896.0
2017-11-17 23:00:00,12893.0
2017-11-20 23:00:00,12916.0
2017-11-21 23:00:00,13124.0
2017-11-22 23:00:00,13175.0
2017-11-23 23:00:00,13060.0
2017-11-24 23:00:00,13235.0
2017-11-27 23:00:00,13241.0
2017-11-28 23:00:00,13385.0
2017-11-29 23:00:00,13229.0
2017-11-30 23:00:00,13091.0
2017-12-01 23:00:00,13196.0
2017-12-04 23:00:00,13246.0
2017-12-05 23:00:00,13223.0
2017-12-06 23:00:00,13258.0
2017-12-07 23:00:00,13190.0
2017-12-08 23:00:00,13098.0
2017-12-11 23:00:00,13273.0
2017-12-12 23:00:00,13374.0
2017-12-13 23:00:00,13381.0
2017-12-14 23:00:00,13434.0
2017-12-15 23:00:00,13351.0
2017-12-18 23:00:00,13221.0
2017-12-19 23:00:00,13254.0
2017-12-20 23:00:00,13130.0
2017-12-21 23:00:00,12958.0
2017-12-22 23:00:00,13011.0
2017-12-25 23:00:00,13025.0
2017-12-26 23:00:00,12940.0
2017-12-27 23:00:00,12899.0
2017-12-28 23:00:00,12827.0
2017-12-29 23:00:00,12785.0
2018-01-03 23:00:00,12955.0
2018-01-04 23:00:00,13354.0
2018-01-05 23:00:00,13467.0
2018-01-09 23:00:00,13771.0
2018-01-10 23:00:00,14099.0
2018-01-11 23:00:00,14191.0
2018-01-12 23:00:00,14141.0
2018-01-15 23:00:00,14028.0
2018-01-16 23:00:00,14209.0
2018-01-17 23:00:00,14572.0
2018-01-18 23:00:00,14723.0
2018-01-19 23:00:00,14676.0
2018-01-22 23:00:00,14733.0
2018-01-23 23:00:00,14588.0
2018-01-24 23:00:00,14650.0
2018-01-25 23:00:00,14670.0
2018-01-26 23:00:00,14383.0
2018-01-29 23:00:00,14149.0
2018-01-30 23:00:00,14056.0
2018-01-31 23:00:00,14010.0
2018-02-01 23:00:00,14195.0
2018-02-02 23:00:00,14045.0
2018-02-05 23:00:00,14149.0
2018-02-06 23:00:00,13848.0
2018-02-07 23:00:00,13766.0
2018-02-08 23:00:00,13392.0
2018-02-09 23:00:00,13295.0
2018-02-12 23:00:00,13404.0
2018-02-13 23:00:00,13619.0
2018-02-14 23:00:00,13509.0
2018-02-15 23:00:00,13315.0
2018-02-16 23:00:00,13377.0
2018-02-19 23:00:00,13475.0
2018-02-20 23:00:00,13760.0
2018-02-21 23:00:00,14013.0
2018-02-22 23:00:00,14155.0
2018-02-26 23:00:00,14291.0
2018-02-27 23:00:00,14251.0
2018-02-28 23:00:00,13889.0
2018-03-01 23:00:00,13610.0
2018-03-02 23:00:00,13447.0
2018-03-05 23:00:00,13801.0
2018-03-06 23:00:00,13623.0
2018-03-07 23:00:00,13444.0
2018-03-09 23:00:00,13525.0
2018-03-12 23:00:00,13694.0
2018-03-13 23:00:00,13788.0
2018-03-14 23:00:00,13461.0
2018-03-15 23:00:00,13394.0
2018-03-16 23:00:00,13593.0
2018-03-19 23:00:00,13561.0
2018-03-20 23:00:00,13750.0
2018-03-21 23:00:00,13686.0
2018-03-22 23:00:00,13449.0
2018-03-23 23:00:00,13694.0
2018-03-26 23:00:00,13380.0
2018-03-27 23:00:00,13629.0
2018-03-28 23:00:00,13592.0
2018-03-29 23:00:00,13729.0
2018-03-30 23:00:00,13768.0
2018-04-02 23:00:00,13560.0
2018-04-03 23:00:00,13559.0
2018-04-04 23:00:00,13506.0
2018-04-05 23:00:00,13505.0
2018-04-06 23:00:00,13614.0
2018-04-09 23:00:00,12950.0
2018-04-10 23:00:00,13623.0
2018-04-11 23:00:00,13952.0
2018-04-12 23:00:00,13999.0
2018-04-13 23:00:00,13758.0
2018-04-16 23:00:00,13552.0
2018-04-17 23:00:00,13638.0
2018-04-18 23:00:00,13881.0
2018-04-19 23:00:00,13734.0
2018-04-20 23:00:00,13855.0
2018-04-23 23:00:00,13818.0
2018-04-24 23:00:00,13819.0
2018-04-25 23:00:00,13695.0
2018-04-26 23:00:00,13966.0
2018-04-27 23:00:00,13809.0
2018-04-28 23:00:00,13859.0
2018-04-30 23:00:00,14026.0
2018-05-02 23:00:00,13872.0
2018-05-03 23:00:00,13714.0
2018-05-04 23:00:00,13820.0
2018-05-07 23:00:00,13806.0
2018-05-08 23:00:00,13870.0
2018-05-10 23:00:00,14051.0
2018-05-11 23:00:00,14399.0
2018-05-14 23:00:00,14424.0
2018-05-15 23:00:00,14272.0
2018-05-16 23:00:00,14217.0
2018-05-17 23:00:00,14097.0
2018-05-18 23:00:00,13925.0
2018-05-21 23:00:00,14030.0
2018-05-22 23:00:00,14046.0
2018-05-23 23:00:00,13995.0
2018-05-24 23:00:00,13885.0
2018-05-25 23:00:00,13854.0
2018-05-28 23:00:00,13861.0
2018-05-29 23:00:00,13695.0
2018-05-30 23:00:00,13679.0
2018-05-31 23:00:00,13732.0
2018-06-01 23:00:00,13798.0
2018-06-04 23:00:00,13931.0
2018-06-05 23:00:00,13879.0
2018-06-06 23:00:00,13966.0
2018-06-07 23:00:00,13947.0
2018-06-08 23:00:00,13638.0
2018-06-09 23:00:00,13697.0
2018-06-11 23:00:00,13564.0
2018-06-13 23:00:00,13435.0
2018-06-14 23:00:00,13262.0
2018-06-15 23:00:00,13088.0
2018-06-18 23:00:00,12981.0
2018-06-19 23:00:00,12870.0
2018-06-20 23:00:00,12989.0
2018-06-21 23:00:00,12810.0
2018-06-22 23:00:00,12909.0
2018-06-25 23:00:00,12996.0
2018-06-26 23:00:00,13086.0
2018-06-27 23:00:00,13166.0
2018-06-28 23:00:00,13119.0
2018-06-29 23:00:00,13226.0
2018-07-02 23:00:00,13586.0
2018-07-03 23:00:00,13419.0
2018-07-04 23:00:00,13389.0
2018-07-05 23:00:00,13736.0
2018-07-06 23:00:00,13698.0
2018-07-09 23:00:00,13991.0
2018-07-10 23:00:00,13856.0
2018-07-11 23:00:00,13664.0
2018-07-12 23:00:00,13672.0
2018-07-13 23:00:00,13831.0
2018-07-16 23:00:00,13826.0
2018-07-17 23:00:00,13736.0
2018-07-18 23:00:00,13655.0
2018-07-19 23:00:00,13578.0
2018-07-20 23:00:00,13510.0
2018-07-23 23:00:00,13671.0
2018-07-24 23:00:00,13762.0
2018-07-25 23:00:00,13686.0
2018-07-26 23:00:00,13621.0
2018-07-27 23:00:00,13600.0
2018-07-30 23:00:00,13654.0
2018-07-31 23:00:00,14128.0
2018-08-01 23:00:00,14042.0
2018-08-02 23:00:00,13884.0
2018-08-03 23:00:00,14012.0
2018-08-06 23:00:00,13921.0
2018-08-07 23:00:00,14082.0
2018-08-08 23:00:00,14220.0
2018-08-09 23:00:00,14306.0
2018-08-10 23:00:00,14271.0
2018-08-13 23:00:00,14107.0
2018-08-14 23:00:00,13928.0
2018-08-15 23:00:00,13895.0
2018-08-16 23:00:00,13868.0
2018-08-17 23:00:00,13921.0
2018-08-20 23:00:00,13920.0
2018-08-21 23:00:00,14124.0
2018-08-22 23:00:00,14166.0
2018-08-23 23:00:00,13932.0
2018-08-24 23:00:00,14139.0
2018-08-27 23:00:00,14226.0
2018-08-28 23:00:00,14314.0
2018-08-29 23:00:00,14528.0
2018-08-30 23:00:00,14331.0
2018-08-31 23:00:00,14691.0
2018-09-03 23:00:00,14644.0
2018-09-04 23:00:00,14462.0
2018-09-05 23:00:00,14507.0
2018-09-06 23:00:00,14412.0
2018-09-07 23:00:00,14627.0
2018-09-10 23:00:00,14774.0
2018-09-11 23:00:00,14945.0
2018-09-12 23:00:00,15224.0
2018-09-13 23:00:00,15045.0
2018-09-14 23:00:00,14962.0
2018-09-17 23:00:00,15251.0
2018-09-18 23:00:00,15382.0
2018-09-19 23:00:00,15419.0
2018-09-20 23:00:00,15147.0
2018-09-21 23:00:00,15513.0
2018-09-24 23:00:00,15590.0
2018-09-25 23:00:00,15733.0
2018-09-26 23:00:00,15634.0
2018-09-27 23:00:00,15786.0
2018-09-28 23:00:00,15958.0
2018-10-01 23:00:00,15841.0
2018-10-02 23:00:00,15923.0
2018-10-03 23:00:00,16623.0
2018-10-04 23:00:00,16534.0
2018-10-05 23:00:00,16730.0
2018-10-08 23:00:00,16868.0
2018-10-09 23:00:00,16865.0
2018-10-10 23:00:00,16254.0
2018-10-11 23:00:00,15856.0
2018-10-12 23:00:00,16355.0
2018-10-15 23:00:00,16077.0
2018-10-16 23:00:00,16193.0
2018-10-17 23:00:00,16036.0
2018-10-18 23:00:00,15610.0
2018-10-19 23:00:00,15742.0
2018-10-22 23:00:00,15154.0
2018-10-23 23:00:00,14991.0
2018-10-24 23:00:00,15123.0
2018-10-25 23:00:00,15121.0
2018-10-26 23:00:00,14797.0
2018-10-29 23:00:00,14812.0
2018-10-30 23:00:00,14675.0
2018-10-31 23:00:00,15062.0
2018-11-01 23:00:00,14924.0
2018-11-02 23:00:00,14915.0
2018-11-06 23:00:00,15158.0
2018-11-07 23:00:00,15314.0
2018-11-08 23:00:00,15253.0
2018-11-09 23:00:00,14790.0
2018-11-12 23:00:00,14603.0
2018-11-13 23:00:00,14432.0
2018-11-14 23:00:00,14718.0
2018-11-15 23:00:00,14942.0
2018-11-16 23:00:00,14791.0
2018-11-19 23:00:00,14903.0
2018-11-20 23:00:00,14653.0
2018-11-21 23:00:00,14738.0
2018-11-22 23:00:00,14853.0
2018-11-23 23:00:00,14624.0
2018-11-26 23:00:00,14402.0
2018-11-27 23:00:00,14855.0
2018-11-28 23:00:00,16008.0
2018-11-29 23:00:00,15907.0
2018-11-30 23:00:00,15514.0
2018-12-03 23:00:00,15950.0
2018-12-04 23:00:00,15808.0
2018-12-05 23:00:00,15889.0
2018-12-06 23:00:00,15482.0
2018-12-07 23:00:00,15712.0
2018-12-10 23:00:00,15513.0
2018-12-11 23:00:00,15241.0
2018-12-12 23:00:00,15008.0
2018-12-13 23:00:00,15015.0
2018-12-14 23:00:00,14922.0
2018-12-17 23:00:00,14793.0
2018-12-18 23:00:00,14594.0
2018-12-19 23:00:00,14667.0
2018-12-20 23:00:00,14602.0
2018-12-21 23:00:00,14525.0
2018-12-24 23:00:00,14333.0
2018-12-25 23:00:00,14096.0
2018-12-26 23:00:00,14217.0
2018-12-27 23:00:00,14404.0
2018-12-28 23:00:00,14620.0
2018-12-29 23:00:00,14704.0
2019-01-03 23:00:00,14955.0
2019-01-04 23:00:00,15233.0
2019-01-08 23:00:00,15122.0
2019-01-09 23:00:00,15326.0
2019-01-10 23:00:00,15332.0
2019-01-11 23:00:00,15402.0
2019-01-14 23:00:00,15358.0
2019-01-15 23:00:00,15132.0
2019-01-16 23:00:00,14963.0
2019-01-17 23:00:00,14975.0
2019-01-18 23:00:00,15178.0
2019-01-21 23:00:00,15136.0
2019-01-22 23:00:00,15114.0
2019-01-23 23:00:00,15285.0
2019-01-24 23:00:00,15360.0
2019-01-25 23:00:00,15524.0
2019-01-28 23:00:00,15325.0
2019-01-29 23:00:00,15537.0
2019-01-30 23:00:00,15765.0
2019-01-31 23:00:00,15525.0
2019-02-01 23:00:00,15564.0
2019-02-04 23:00:00,15590.0
2019-02-05 23:00:00,15663.0
2019-02-06 23:00:00,15548.0
2019-02-07 23:00:00,15267.0
2019-02-08 23:00:00,15198.0
2019-02-11 23:00:00,15341.0
2019-02-12 23:00:00,15583.0
2019-02-13 23:00:00,15140.0
2019-02-14 23:00:00,14755.0
2019-02-15 23:00:00,15104.0
2019-02-18 23:00:00,14856.0
2019-02-19 23:00:00,14603.0
2019-02-20 23:00:00,14637.0
2019-02-21 23:00:00,14511.0
2019-02-22 23:00:00,14650.0
2019-02-25 23:00:00,14633.0
2019-02-26 23:00:00,14687.0
2019-02-27 23:00:00,14776.0
2019-02-28 23:00:00,15034.0
2019-03-01 23:00:00,14823.0
2019-03-04 23:00:00,14616.0
2019-03-05 23:00:00,14472.0
2019-03-06 23:00:00,14535.0
2019-03-07 23:00:00,14328.0
2019-03-11 23:00:00,14292.0
2019-03-12 23:00:00,14274.0
2019-03-13 23:00:00,14424.0
2019-03-14 23:00:00,14381.0
2019-03-15 23:00:00,14499.0
2019-03-18 23:00:00,14705.0
2019-03-19 23:00:00,14626.0
2019-03-20 23:00:00,14690.0
2019-03-21 23:00:00,14607.0
2019-03-22 23:00:00,14275.0
2019-03-25 23:00:00,14277.0
2019-03-26 23:00:00,14189.0
2019-03-27 23:00:00,14021.0
2019-03-28 23:00:00,14046.0
2019-03-29 23:00:00,14024.0
2019-04-01 23:00:00,14507.0
2019-04-02 23:00:00,14563.0
2019-04-03 23:00:00,14742.0
2019-04-04 23:00:00,14896.0
2019-04-05 23:00:00,14886.0
2019-04-08 23:00:00,15046.0
2019-04-09 23:00:00,15307.0
2019-04-10 23:00:00,15288.0
2019-04-11 23:00:00,14844.0
2019-04-12 23:00:00,14894.0
2019-04-15 23:00:00,14804.0
2019-04-16 23:00:00,15213.0
2019-04-17 23:00:00,15375.0
2019-04-18 23:00:00,15126.0
2019-04-19 23:00:00,15219.0
2019-04-22 23:00:00,15316.0
2019-04-23 23:00:00,15172.0
2019-04-24 23:00:00,15013.0
2019-04-25 23:00:00,14886.0
2019-04-26 23:00:00,15026.0
2019-04-29 23:00:00,15342.0
2019-04-30 23:00:00,15336.0
2019-05-02 23:00:00,15536.0
2019-05-03 23:00:00,15571.0
2019-05-06 23:00:00,15434.0
2019-05-07 23:00:00,15389.0
2019-05-08 23:00:00,15323.0
2019-05-10 23:00:00,15272.0
2019-05-13 23:00:00,15250.0
2019-05-14 23:00:00,17891.0
2019-05-15 23:00:00,18493.0
2019-05-16 23:00:00,19150.0
2019-05-17 23:00:00,18797.0
2019-05-20 23:00:00,18983.0
2019-05-21 23:00:00,19709.0
2019-05-22 23:00:00,19746.0
2019-05-23 23:00:00,19735.0
2019-05-24 23:00:00,19342.0
2019-05-27 23:00:00,19485.0
2019-05-28 23:00:00,19139.0
2019-05-29 23:00:00,19575.0
2019-05-30 23:00:00,20169.0
2019-05-31 23:00:00,20340.0
2019-06-03 23:00:00,22454.0
2019-06-04 23:00:00,21871.0
2019-06-05 23:00:00,21862.0
2019-06-06 23:00:00,21971.0
2019-06-07 23:00:00,21917.0
2019-06-10 23:00:00,22022.0
2019-06-11 23:00:00,22307.0
2019-06-13 23:00:00,22267.0
2019-06-14 23:00:00,21957.0
2019-06-17 23:00:00,21754.0
2019-06-18 23:00:00,21969.0
2019-06-19 23:00:00,21974.0
2019-06-20 23:00:00,21932.0
2019-06-21 23:00:00,21646.0
2019-06-24 23:00:00,21934.0
2019-06-25 23:00:00,21891.0
2019-06-26 23:00:00,21960.0
2019-06-27 23:00:00,21958.0
2019-06-28 23:00:00,21937.0
2019-07-01 23:00:00,23283.0
2019-07-02 23:00:00,23285.0
2019-07-03 23:00:00,23790.0
2019-07-04 23:00:00,24197.0
2019-07-05 23:00:00,23718.0
2019-07-08 23:00:00,23517.0
2019-07-09 23:00:00,23645.0
2019-07-10 23:00:00,23626.0
2019-07-11 23:00:00,23305.0
2019-07-12 23:00:00,23165.0
2019-07-15 23:00:00,22614.0
2019-07-16 23:00:00,22307.0
2019-07-17 23:00:00,22029.0
2019-07-18 23:00:00,21855.0
2019-07-19 23:00:00,21584.0
2019-07-22 23:00:00,21779.0
2019-07-23 23:00:00,21705.0
2019-07-24 23:00:00,21177.0
2019-07-25 23:00:00,21949.0
2019-07-26 23:00:00,23390.0
2019-07-29 23:00:00,23650.0
2019-07-30 23:00:00,23705.0
2019-07-31 23:00:00,23650.0
2019-08-01 23:00:00,23388.0
2019-08-02 23:00:00,22779.0
2019-08-05 23:00:00,22376.0
2019-08-06 23:00:00,22657.0
2019-08-07 23:00:00,22746.0
2019-08-08 23:00:00,23104.0
2019-08-09 23:00:00,22950.0
2019-08-12 23:00:00,22931.0
2019-08-13 23:00:00,22925.0
2019-08-14 23:00:00,22625.0
2019-08-15 23:00:00,22633.0
2019-08-16 23:00:00,22357.0
2019-08-19 23:00:00,22572.0
2019-08-20 23:00:00,23089.0
2019-08-21 23:00:00,23031.0
2019-08-22 23:00:00,23134.0
2019-08-23 23:00:00,22798.0
2019-08-26 23:00:00,22785.0
2019-08-27 23:00:00,22505.0
2019-08-28 23:00:00,22701.0
2019-08-29 23:00:00,23145.0
2019-08-30 23:00:00,23040.0
2019-09-02 23:00:00,23208.0
2019-09-03 23:00:00,22969.0
2019-09-04 23:00:00,23232.0
2019-09-05 23:00:00,23407.0
2019-09-06 23:00:00,23229.0
2019-09-09 23:00:00,23273.0
2019-09-10 23:00:00,23090.0
2019-09-11 23:00:00,23242.0
2019-09-12 23:00:00,23078.0
2019-09-13 23:00:00,22945.0
2019-09-16 23:00:00,23197.0
2019-09-17 23:00:00,23097.0
2019-09-18 23:00:00,23083.0
2019-09-19 23:00:00,22858.0
2019-09-20 23:00:00,22812.0
2019-09-23 23:00:00,22799.0
2019-09-24 23:00:00,22507.0
2019-09-25 23:00:00,22575.0
2019-09-26 23:00:00,22923.0
2019-09-27 23:00:00,22589.0
2019-09-30 23:00:00,22312.0
2019-10-01 23:00:00,22327.0
2019-10-02 23:00:00,22057.0
2019-10-03 23:00:00,22007.0
2019-10-04 23:00:00,21815.0
2019-10-07 23:00:00,22345.0
2019-10-08 23:00:00,22017.0
2019-10-09 23:00:00,21988.0
2019-10-10 23:00:00,22097.0
2019-10-11 23:00:00,22373.0
2019-10-14 23:00:00,22226.0
2019-10-15 23:00:00,22223.0
2019-10-16 23:00:00,22388.0
2019-10-17 23:00:00,22426.0
2019-10-18 23:00:00,22426.0
2019-10-21 23:00:00,22449.0
2019-10-22 23:00:00,23154.0
2019-10-23 23:00:00,23194.0
2019-10-24 23:00:00,23958.0
2019-10-25 23:00:00,24287.0
2019-10-28 23:00:00,23980.0
2019-10-29 23:00:00,24833.0
2019-10-30 23:00:00,25732.0
2019-10-31 23:00:00,25526.0
2019-11-01 23:00:00,25983.0
2019-11-05 23:00:00,25834.0
2019-11-06 23:00:00,26230.0
2019-11-07 23:00:00,26633.0
2019-11-08 23:00:00,26126.0
2019-11-11 23:00:00,25612.0
2019-11-12 23:00:00,25263.0
2019-11-13 23:00:00,24728.0
2019-11-14 23:00:00,24297.0
2019-11-15 23:00:00,24331.0
2019-11-18 23:00:00,24159.0
2019-11-19 23:00:00,24280.0
2019-11-20 23:00:00,24234.0
2019-11-21 23:00:00,25023.0
2019-11-22 23:00:00,24638.0
2019-11-25 23:00:00,24989.0
2019-11-26 23:00:00,24827.0
2019-11-27 23:00:00,24802.0
2019-11-28 23:00:00,24853.0
2019-11-29 23:00:00,25201.0
2019-12-02 23:00:00,24893.0
2019-12-03 23:00:00,24181.0
2019-12-04 23:00:00,24341.0
2019-12-05 23:00:00,24038.0
2019-12-06 23:00:00,24181.0
2019-12-09 23:00:00,24244.0
2019-12-10 23:00:00,24107.0
2019-12-11 23:00:00,24117.0
2019-12-12 23:00:00,24453.0
2019-12-13 23:00:00,24294.0
2019-12-16 23:00:00,24452.0
2019-12-17 23:00:00,24522.0
2019-12-18 23:00:00,24464.0
2019-12-19 23:00:00,24421.0
2019-12-20 23:00:00,24930.0
2019-12-23 23:00:00,24821.0
2019-12-24 23:00:00,24847.0
2019-12-25 23:00:00,24687.0
2019-12-26 23:00:00,24725.0
2019-12-27 23:00:00,25051.0
2019-12-30 23:00:00,24954.0
2020-01-03 23:00:00,25153.0
2020-01-06 23:00:00,24877.0
2020-01-08 23:00:00,24804.0
2020-01-09 23:00:00,24683.0
2020-01-10 23:00:00,24400.0
2020-01-13 23:00:00,24340.0
2020-01-14 23:00:00,24202.0
2020-01-15 23:00:00,24335.0
2020-01-16 23:00:00,24607.0
2020-01-17 23:00:00,24751.0
2020-01-20 23:00:00,24550.0
2020-01-21 23:00:00,24470.0
2020-01-22 23:00:00,23995.0
2020-01-23 23:00:00,23038.0
2020-01-24 23:00:00,22903.0
2020-01-27 23:00:00,22242.0
2020-01-28 23:00:00,22639.0
2020-01-29 23:00:00,22301.0
2020-01-30 23:00:00,22270.0
2020-01-31 23:00:00,21719.0
2020-02-03 23:00:00,21895.0
2020-02-04 23:00:00,22121.0
2020-02-05 23:00:00,22359.0
2020-02-06 23:00:00,22192.0
2020-02-07 23:00:00,21966.0
2020-02-10 23:00:00,21585.0
2020-02-11 23:00:00,22478.0
2020-02-12 23:00:00,22839.0
2020-02-13 23:00:00,22436.0
2020-02-14 23:00:00,22281.0
2020-02-17 23:00:00,22400.0
2020-02-18 23:00:00,22106.0
2020-02-19 23:00:00,22241.0
2020-02-20 23:00:00,22505.0
2020-02-21 23:00:00,22236.0
2020-02-25 23:00:00,21450.0
2020-02-26 23:00:00,21495.0
2020-02-27 23:00:00,20649.0
2020-02-28 23:00:00,19180.0
2020-03-02 23:00:00,18889.0
2020-03-03 23:00:00,19150.0
2020-03-04 23:00:00,18970.0
2020-03-05 23:00:00,18760.0
2020-03-06 23:00:00,17784.0
2020-03-10 23:00:00,16036.0
2020-03-11 23:00:00,16129.0
2020-03-12 23:00:00,15303.0
2020-03-13 23:00:00,15589.0
2020-03-16 23:00:00,15704.0
2020-03-17 23:00:00,15744.0
2020-03-18 23:00:00,15673.0
2020-03-19 23:00:00,16408.0
2020-03-20 23:00:00,16498.0
2020-03-23 23:00:00,15733.0
2020-03-24 23:00:00,16704.0
2020-03-25 23:00:00,16891.0
2020-03-26 23:00:00,16994.0
2020-03-27 23:00:00,16281.0
2020-03-30 23:00:00,16534.0
2020-03-31 23:00:00,16987.0
2020-04-01 23:00:00,16823.0
2020-04-02 23:00:00,17564.0
2020-04-03 23:00:00,17826.0
2020-04-06 23:00:00,17937.0
2020-04-07 23:00:00,17891.0
2020-04-08 23:00:00,18200.0
2020-04-09 23:00:00,18187.0
2020-04-10 23:00:00,18023.0
2020-04-13 23:00:00,17645.0
2020-04-14 23:00:00,17862.0
2020-04-15 23:00:00,17235.0
2020-04-16 23:00:00,17191.0
2020-04-17 23:00:00,17284.0
2020-04-20 23:00:00,17358.0
2020-04-21 23:00:00,17137.0
2020-04-22 23:00:00,17649.0
2020-04-23 23:00:00,17698.0
2020-04-24 23:00:00,17309.0
2020-04-27 23:00:00,17449.0
2020-04-28 23:00:00,17592.0
2020-04-29 23:00:00,18166.0
2020-04-30 23:00:00,17737.0
2020-05-04 23:00:00,17351.0
2020-05-05 23:00:00,17764.0
2020-05-06 23:00:00,17476.0
2020-05-07 23:00:00,17349.0
2020-05-08 23:00:00,17294.0
2020-05-12 23:00:00,17346.0
2020-05-13 23:00:00,17135.0
2020-05-14 23:00:00,17097.0
2020-05-15 23:00:00,17103.0
2020-05-18 23:00:00,17935.0
2020-05-19 23:00:00,18101.0
2020-05-20 23:00:00,18376.0
2020-05-21 23:00:00,18153.0
2020-05-22 23:00:00,18155.0
2020-05-25 23:00:00,18440.0
2020-05-26 23:00:00,18327.0
2020-05-27 23:00:00,18116.0
2020-05-28 23:00:00,18347.0
2020-05-29 23:00:00,18602.0
2020-06-01 23:00:00,18565.0
2020-06-02 23:00:00,18823.0
2020-06-03 23:00:00,19440.0
2020-06-04 23:00:00,18758.0
2020-06-05 23:00:00,18979.0
2020-06-08 23:00:00,19122.0
2020-06-09 23:00:00,19064.0
2020-06-10 23:00:00,18814.0
2020-06-11 23:00:00,18248.0
2020-06-15 23:00:00,18040.0
2020-06-16 23:00:00,18382.0
2020-06-17 23:00:00,18237.0
2020-06-18 23:00:00,17969.0
2020-06-19 23:00:00,18175.0
2020-06-22 23:00:00,17889.0
2020-06-23 23:00:00,18050.0
2020-06-25 23:00:00,17528.0
2020-06-26 23:00:00,17718.0
2020-06-29 23:00:00,18189.0
2020-06-30 23:00:00,17754.0
2020-07-02 23:00:00,17907.0
2020-07-03 23:00:00,18116.0
2020-07-06 23:00:00,18336.0
2020-07-07 23:00:00,18188.0
2020-07-08 23:00:00,18425.0
2020-07-09 23:00:00,18244.0
2020-07-10 23:00:00,18501.0
2020-07-13 23:00:00,17932.0
2020-07-14 23:00:00,17776.0
2020-07-15 23:00:00,17860.0
2020-07-16 23:00:00,18035.0
2020-07-17 23:00:00,18164.0
2020-07-20 23:00:00,18490.0
2020-07-21 23:00:00,18431.0
2020-07-22 23:00:00,18313.0
2020-07-23 23:00:00,18289.0
2020-07-24 23:00:00,18196.0
2020-07-27 23:00:00,18115.0
2020-07-28 23:00:00,18081.0
2020-07-29 23:00:00,18066.0
2020-07-30 23:00:00,17804.0
2020-07-31 23:00:00,17840.0
2020-08-03 23:00:00,18013.0
2020-08-04 23:00:00,17941.0
2020-08-05 23:00:00,18628.0
2020-08-06 23:00:00,18485.0
2020-08-07 23:00:00,18360.0
2020-08-10 23:00:00,18396.0
2020-08-11 23:00:00,18820.0
2020-08-12 23:00:00,18946.0
2020-08-13 23:00:00,19039.0
2020-08-14 23:00:00,18903.0
2020-08-17 23:00:00,18613.0
2020-08-18 23:00:00,18709.0
2020-08-19 23:00:00,18590.0
2020-08-20 23:00:00,18216.0
2020-08-21 23:00:00,18004.0
2020-08-24 23:00:00,18308.0
2020-08-25 23:00:00,18230.0
2020-08-26 23:00:00,18371.0
2020-08-27 23:00:00,18036.0
2020-08-28 23:00:00,17869.0
2020-08-31 23:00:00,17673.0
2020-09-01 23:00:00,17973.0
2020-09-02 23:00:00,17765.0
2020-09-03 23:00:00,17559.0
2020-09-04 23:00:00,17415.0
2020-09-07 23:00:00,17275.0
2020-09-08 23:00:00,16823.0
2020-09-09 23:00:00,16860.0
2020-09-10 23:00:00,17035.0
2020-09-15 23:00:00,17815.0
2020-09-16 23:00:00,17929.0
2020-09-17 23:00:00,17982.0
2020-09-18 23:00:00,17729.0
2020-09-21 23:00:00,17112.0
2020-09-22 23:00:00,17399.0
2020-09-23 23:00:00,17293.0
2020-09-24 23:00:00,17329.0
2020-09-25 23:00:00,16491.0
2020-09-28 23:00:00,16732.0
2020-09-29 23:00:00,16605.0
2020-09-30 23:00:00,16628.0
2020-10-01 23:00:00,16331.0
2020-10-02 23:00:00,16477.0
2020-10-05 23:00:00,16475.0
2020-10-06 23:00:00,16727.0
2020-10-07 23:00:00,16249.0
2020-10-08 23:00:00,16166.0
2020-10-09 23:00:00,16212.0
2020-10-12 23:00:00,16369.0
2020-10-13 23:00:00,16104.0
2020-10-14 23:00:00,16180.0
2020-10-15 23:00:00,16149.0
2020-10-16 23:00:00,15855.0
2020-10-19 23:00:00,15846.0
2020-10-20 23:00:00,16088.0
2020-10-21 23:00:00,15873.0
2020-10-22 23:00:00,15954.0
2020-10-23 23:00:00,15936.0
2020-10-26 23:00:00,15683.0
2020-10-27 23:00:00,15358.0
2020-10-28 23:00:00,14837.0
2020-10-29 23:00:00,15046.0
2020-10-30 23:00:00,14954.0
2020-11-02 23:00:00,15120.0
2020-11-03 23:00:00,15503.0
2020-11-05 23:00:00,15870.0
2020-11-06 23:00:00,15930.0
2020-11-09 23:00:00,16537.0
2020-11-10 23:00:00,16704.0
2020-11-11 23:00:00,16567.0
2020-11-12 23:00:00,16816.0
2020-11-13 23:00:00,17326.0
2020-11-16 23:00:00,17961.0
2020-11-17 23:00:00,17681.0
2020-11-18 23:00:00,18002.0
2020-11-19 23:00:00,17769.0
2020-11-20 23:00:00,17674.0
2020-11-23 23:00:00,17729.0
2020-11-24 23:00:00,17997.0
2020-11-25 23:00:00,18143.0
2020-11-26 23:00:00,17920.0
2020-11-27 23:00:00,17994.0
2020-11-30 23:00:00,17558.0
2020-12-01 23:00:00,17859.0
2020-12-02 23:00:00,18067.0
2020-12-03 23:00:00,17977.0
2020-12-04 23:00:00,18249.0
2020-12-07 23:00:00,18503.0
2020-12-08 23:00:00,18340.0
2020-12-09 23:00:00,18395.0
2020-12-10 23:00:00,18703.0
2020-12-11 23:00:00,19335.0
2020-12-14 23:00:00,19292.0
2020-12-15 23:00:00,19289.0
2020-12-16 23:00:00,19956.0
2020-12-17 23:00:00,20747.0
2020-12-18 23:00:00,20790.0
2020-12-21 23:00:00,19595.0
2020-12-22 23:00:00,20289.0
2020-12-23 23:00:00,20388.0
2020-12-24 23:00:00,19871.0
2020-12-25 23:00:00,19843.0
2020-12-28 23:00:00,19908.0
2020-12-29 23:00:00,20225.0
2020-12-30 23:00:00,20586.0
2021-01-04 23:00:00,20834.0
2021-01-05 23:00:00,20713.0
2021-01-06 23:00:00,20755.0
2021-01-08 23:00:00,21702.0
2021-01-11 23:00:00,22059.0
2021-01-12 23:00:00,22064.0
2021-01-13 23:00:00,22025.0
2021-01-14 23:00:00,22104.0
2021-01-15 23:00:00,21872.0
2021-01-18 23:00:00,22097.0
2021-01-19 23:00:00,21553.0
2021-01-20 23:00:00,21701.0
2021-01-21 23:00:00,21079.0
2021-01-22 23:00:00,20690.0
2021-01-25 23:00:00,20955.0
2021-01-26 23:00:00,21081.0
2021-01-27 23:00:00,21019.0
2021-01-28 23:00:00,20970.0
2021-01-29 23:00:00,20636.0
2021-02-01 23:00:00,20513.0
2021-02-02 23:00:00,20922.0
2021-02-03 23:00:00,20960.0
2021-02-04 23:00:00,21006.0
2021-02-05 23:00:00,21371.0
2021-02-08 23:00:00,21865.0
2021-02-09 23:00:00,21934.0
2021-02-10 23:00:00,21472.0
2021-02-11 23:00:00,21424.0
2021-02-12 23:00:00,21777.0
2021-02-15 23:00:00,22026.0
2021-02-16 23:00:00,22437.0
2021-02-17 23:00:00,21832.0
2021-02-18 23:00:00,21660.0
2021-02-19 23:00:00,21761.0
2021-02-20 23:00:00,21788.0
2021-02-22 23:00:00,21648.0
2021-02-24 23:00:00,21318.0
2021-02-25 23:00:00,21514.0
2021-02-26 23:00:00,20979.0
2021-03-01 23:00:00,21293.0
2021-03-02 23:00:00,21483.0
2021-03-03 23:00:00,21466.0
2021-03-04 23:00:00,21500.0
2021-03-05 23:00:00,21658.0
2021-03-09 23:00:00,22380.0
2021-03-10 23:00:00,22301.0
2021-03-11 23:00:00,22286.0
2021-03-12 23:00:00,22487.0
2021-03-15 23:00:00,22750.0
2021-03-16 23:00:00,22613.0
2021-03-17 23:00:00,21878.0
2021-03-18 23:00:00,21850.0
2021-03-19 23:00:00,21578.0
2021-03-22 23:00:00,21150.0
2021-03-23 23:00:00,21438.0
2021-03-24 23:00:00,21540.0
2021-03-25 23:00:00,21411.0
2021-03-26 23:00:00,21655.0
2021-03-29 23:00:00,21963.0
2021-03-30 23:00:00,21749.0
2021-03-31 23:00:00,21914.0
2021-04-01 23:00:00,21615.0
2021-04-02 23:00:00,21910.0
2021-04-05 23:00:00,21494.0
2021-04-06 23:00:00,21412.0
2021-04-07 23:00:00,21467.0
2021-04-08 23:00:00,21374.0
2021-04-09 23:00:00,21175.0
2021-04-12 23:00:00,21254.0
2021-04-13 23:00:00,21506.0
2021-04-14 23:00:00,22597.0
2021-04-15 23:00:00,22543.0
2021-04-16 23:00:00,22499.0
2021-04-19 23:00:00,22077.0
2021-04-20 23:00:00,22017.0
2021-04-21 23:00:00,21999.0
2021-04-22 23:00:00,22168.0
2021-04-23 23:00:00,22232.0
2021-04-26 23:00:00,22295.0
2021-04-27 23:00:00,22154.0
2021-04-28 23:00:00,22253.0
2021-04-29 23:00:00,21930.0
2021-04-30 23:00:00,21954.0
2021-05-04 23:00:00,22294.0
2021-05-05 23:00:00,22684.0
2021-05-06 23:00:00,23049.0
2021-05-07 23:00:00,23133.0
2021-05-10 23:00:00,23205.0
2021-05-11 23:00:00,23140.0
2021-05-12 23:00:00,23358.0
2021-05-13 23:00:00,23611.0
2021-05-14 23:00:00,23833.0
2021-05-17 23:00:00,24190.0
2021-05-18 23:00:00,24669.0
2021-05-19 23:00:00,24771.0
2021-05-20 23:00:00,24844.0
2021-05-21 23:00:00,24808.0
2021-05-24 23:00:00,24805.0
2021-05-25 23:00:00,24905.0
2021-05-26 23:00:00,25127.0
2021-05-27 23:00:00,25191.0
2021-05-28 23:00:00,25121.0
2021-05-31 23:00:00,24922.0
2021-06-01 23:00:00,25338.0
2021-06-02 23:00:00,25934.0
2021-06-03 23:00:00,26069.0
2021-06-04 23:00:00,26267.0
2021-06-07 23:00:00,26419.0
2021-06-08 23:00:00,26270.0
2021-06-09 23:00:00,26458.0
2021-06-10 23:00:00,26437.0
2021-06-11 23:00:00,26499.0
2021-06-14 23:00:00,26777.0
2021-06-15 23:00:00,26118.0
2021-06-16 23:00:00,26061.0
2021-06-17 23:00:00,26085.0
2021-06-18 23:00:00,25907.0
2021-06-21 23:00:00,25833.0
2021-06-22 23:00:00,26324.0
2021-06-23 23:00:00,26463.0
2021-06-24 23:00:00,26420.0
2021-06-25 23:00:00,26460.0
2021-06-28 23:00:00,26453.0
2021-06-29 23:00:00,26300.0
2021-06-30 23:00:00,26812.0
2021-07-01 23:00:00,27092.0
2021-07-02 23:00:00,27269.0
2021-07-05 23:00:00,27624.0
2021-07-06 23:00:00,28203.0
2021-07-07 23:00:00,28329.0
2021-07-08 23:00:00,27838.0
2021-07-09 23:00:00,28104.0
2021-07-12 23:00:00,28313.0
2021-07-13 23:00:00,28116.0
2021-07-14 23:00:00,28218.0
2021-07-15 23:00:00,27800.0
2021-07-16 23:00:00,27696.0
2021-07-19 23:00:00,27213.0
2021-07-20 23:00:00,27262.0
2021-07-21 23:00:00,27534.0
2021-07-22 23:00:00,28087.0
2021-07-23 23:00:00,27716.0
2021-07-26 23:00:00,27675.0
2021-07-27 23:00:00,27525.0
2021-07-28 23:00:00,27953.0
2021-07-29 23:00:00,28435.0
2021-07-30 23:00:00,28207.0
2021-08-02 23:00:00,28322.0
2021-08-03 23:00:00,28395.0
2021-08-04 23:00:00,28563.0
2021-08-05 23:00:00,28412.0
2021-08-06 23:00:00,27847.0
2021-08-09 23:00:00,28294.0
2021-08-10 23:00:00,28495.0
2021-08-11 23:00:00,28668.0
2021-08-12 23:00:00,28905.0
2021-08-13 23:00:00,28949.0
2021-08-16 23:00:00,29147.0
2021-08-17 23:00:00,29450.0
2021-08-18 23:00:00,29473.0
2021-08-19 23:00:00,28849.0
2021-08-20 23:00:00,28856.0
2021-08-23 23:00:00,29368.0
2021-08-24 23:00:00,29432.0
2021-08-25 23:00:00,29243.0
2021-08-26 23:00:00,29059.0
2021-08-27 23:00:00,29421.0
2021-08-30 23:00:00,29963.0
2021-08-31 23:00:00,30150.0
2021-09-01 23:00:00,30676.0
2021-09-02 23:00:00,30936.0
2021-09-03 23:00:00,31305.0
2021-09-06 23:00:00,32038.0
2021-09-07 23:00:00,32247.0
2021-09-08 23:00:00,32147.0
2021-09-09 23:00:00,32200.0
2021-09-10 23:00:00,32156.0
2021-09-13 23:00:00,32600.0
2021-09-14 23:00:00,33388.0
2021-09-15 23:00:00,33719.0
2021-09-16 23:00:00,33398.0
2021-09-17 23:00:00,32995.0
2021-09-20 23:00:00,32068.0
2021-09-21 23:00:00,32862.0
2021-09-22 23:00:00,33341.0
2021-09-23 23:00:00,33746.0
2021-09-24 23:00:00,33862.0
2021-09-27 23:00:00,34535.0
2021-09-28 23:00:00,35098.0
2021-09-29 23:00:00,35316.0
2021-09-30 23:00:00,35633.0
2021-10-01 23:00:00,35493.0
2021-10-04 23:00:00,36532.0
2021-10-05 23:00:00,37960.0
2021-10-06 23:00:00,36933.0
2021-10-07 23:00:00,36252.0
2021-10-08 23:00:00,36099.0
2021-10-11 23:00:00,36369.0
2021-10-12 23:00:00,35872.0
2021-10-13 23:00:00,35214.0
2021-10-14 23:00:00,35872.0
2021-10-15 23:00:00,36090.0
2021-10-18 23:00:00,35791.0
2021-10-19 23:00:00,35989.0
2021-10-20 23:00:00,36234.0
2021-10-21 23:00:00,35447.0
2021-10-22 23:00:00,35045.0
2021-10-25 23:00:00,35680.0
2021-10-26 23:00:00,35731.0
2021-10-27 23:00:00,35697.0
2021-10-28 23:00:00,34393.0
2021-10-29 23:00:00,34161.0
2021-11-01 23:00:00,34805.0
2021-11-02 23:00:00,34470.0
2021-11-03 23:00:00,34229.0
2021-11-05 23:00:00,34237.0
2021-11-08 23:00:00,34330.0
2021-11-09 23:00:00,34108.0
2021-11-10 23:00:00,34104.0
2021-11-11 23:00:00,33816.0
2021-11-12 23:00:00,32550.0
2021-11-15 23:00:00,32977.0
2021-11-16 23:00:00,32634.0
2021-11-17 23:00:00,34153.0
2021-11-18 23:00:00,33530.0
2021-11-19 23:00:00,32637.0
2021-11-22 23:00:00,31467.0
2021-11-23 23:00:00,32727.0
2021-11-24 23:00:00,32442.0
2021-11-25 23:00:00,32804.0
2021-11-26 23:00:00,31776.0
2021-11-29 23:00:00,32698.0
2021-11-30 23:00:00,32759.0
2021-12-01 23:00:00,33831.0
2021-12-02 23:00:00,33981.0
2021-12-03 23:00:00,33552.0
2021-12-06 23:00:00,32427.0
2021-12-07 23:00:00,33155.0
2021-12-08 23:00:00,32590.0
2021-12-09 23:00:00,32643.0
2021-12-10 23:00:00,31999.0
2021-12-13 23:00:00,30514.0
2021-12-14 23:00:00,30555.0
2021-12-15 23:00:00,30705.0
2021-12-16 23:00:00,31804.0
2021-12-17 23:00:00,31432.0
2021-12-20 23:00:00,31260.0
2021-12-21 23:00:00,32472.0
2021-12-22 23:00:00,33586.0
2021-12-23 23:00:00,32951.0
2021-12-24 23:00:00,32790.0
2021-12-27 23:00:00,33094.0
2021-12-28 23:00:00,33360.0
2021-12-29 23:00:00,32650.0
2021-12-30 23:00:00,33102.0
2022-01-03 23:00:00,33901.0
2022-01-04 23:00:00,33999.0
2022-01-05 23:00:00,33229.0
2022-01-06 23:00:00,33113.0
2022-01-07 23:00:00,33371.0
2022-01-10 23:00:00,32924.0
2022-01-11 23:00:00,32971.0
2022-01-12 23:00:00,33349.0
2022-01-13 23:00:00,32146.0
2022-01-14 23:00:00,31942.0
2022-01-17 23:00:00,31374.0
2022-01-18 23:00:00,28501.0
2022-01-19 23:00:00,30269.0
2022-01-20 23:00:00,30384.0
2022-01-21 23:00:00,29808.0
2022-01-24 23:00:00,27759.0
2022-01-25 23:00:00,27826.0
2022-01-26 23:00:00,28741.0
2022-01-27 23:00:00,30592.0
2022-01-28 23:00:00,31320.0
2022-01-31 23:00:00,31605.0
2022-02-01 23:00:00,31462.0
2022-02-02 23:00:00,31552.0
2022-02-03 23:00:00,30928.0
2022-02-04 23:00:00,30582.0
2022-02-07 23:00:00,30483.0
2022-02-08 23:00:00,31582.0
2022-02-09 23:00:00,32011.0
2022-02-10 23:00:00,31574.0
2022-02-11 23:00:00,30890.0
2022-02-14 23:00:00,30675.0
2022-02-15 23:00:00,31627.0
2022-02-16 23:00:00,31877.0
2022-02-17 23:00:00,30797.0
2022-02-18 23:00:00,29481.0
2022-02-21 23:00:00,25148.0
2022-02-22 23:00:00,25652.0
2022-02-23 23:00:00,24802.0
2022-02-24 23:00:00,15802.0
2022-02-25 23:00:00,21446.0
2022-02-28 23:00:00,21151.0
2022-03-24 23:00:00,23979.0
2022-03-25 23:00:00,21449.0
2022-03-28 23:00:00,20316.0
2022-03-29 23:00:00,20310.0
2022-03-30 23:00:00,21015.0
2022-03-31 23:00:00,23410.0
2022-04-01 23:00:00,24210.0
2022-04-04 23:00:00,24410.0
2022-04-05 23:00:00,23280.0
2022-04-06 23:00:00,22910.0
2022-04-07 23:00:00,23510.0
2022-04-08 23:00:00,22995.0
2022-04-11 23:00:00,22137.0
2022-04-12 23:00:00,22409.0
2022-04-13 23:00:00,22110.0
2022-04-14 23:00:00,20709.0
2022-04-15 23:00:00,20950.0
2022-04-18 23:00:00,20260.0
2022-04-19 23:00:00,20717.0
2022-04-20 23:00:00,20410.0
2022-04-21 23:00:00,19503.0
2022-04-22 23:00:00,19316.0
2022-04-25 23:00:00,19172.0
2022-04-26 23:00:00,21208.0
2022-04-27 23:00:00,22260.0
2022-04-28 23:00:00,22247.0
2022-04-29 23:00:00,22660.0
2022-05-04 23:00:00,21831.0
2022-05-05 23:00:00,22310.0
2022-05-06 23:00:00,22406.0
2022-05-11 23:00:00,22572.0
2022-05-12 23:00:00,21360.0
2022-05-13 23:00:00,21933.0
2022-05-16 23:00:00,22780.0
2022-05-17 23:00:00,24263.0
2022-05-18 23:00:00,24811.0
2022-05-19 23:00:00,24997.0
2022-05-20 23:00:00,24669.0
2022-05-23 23:00:00,24708.0
2022-05-24 23:00:00,24871.0
2022-05-25 23:00:00,25439.0
2022-05-26 23:00:00,27830.0
2022-05-27 23:00:00,27698.0
2022-05-30 23:00:00,28263.0
2022-05-31 23:00:00,27585.0
2022-06-01 23:00:00,27999.0
2022-06-02 23:00:00,27776.0
2022-06-03 23:00:00,27838.0
2022-06-06 23:00:00,27750.0
2022-06-07 23:00:00,27913.0
2022-06-08 23:00:00,28933.0
2022-06-09 23:00:00,28731.0
2022-06-10 23:00:00,28985.0
2022-06-14 23:00:00,29902.0
2022-06-15 23:00:00,29681.0
2022-06-16 23:00:00,29204.0
2022-06-17 23:00:00,29283.0
2022-06-20 23:00:00,28746.0
2022-06-21 23:00:00,27570.0
2022-06-22 23:00:00,27076.0
2022-06-23 23:00:00,27789.0
2022-06-24 23:00:00,27138.0
2022-06-27 23:00:00,27158.0
2022-06-28 23:00:00,27405.0
2022-06-29 23:00:00,27270.0
2022-06-30 23:00:00,22040.0
2022-07-01 23:00:00,20671.0
2022-07-04 23:00:00,19970.0
2022-07-05 23:00:00,21072.0
2022-07-06 23:00:00,20844.0
2022-07-07 23:00:00,21170.0
2022-07-08 23:00:00,21070.0
2022-07-11 23:00:00,20146.0
2022-07-12 23:00:00,20452.0
2022-07-13 23:00:00,19850.0
2022-07-14 23:00:00,19681.0
2022-07-15 23:00:00,19990.0
2022-07-18 23:00:00,19921.0
2022-07-19 23:00:00,20296.0
2022-07-20 23:00:00,20576.0
2022-07-21 23:00:00,20203.0
2022-07-22 23:00:00,20401.0
2022-07-25 23:00:00,20421.0
2022-07-26 23:00:00,20589.0
2022-07-27 23:00:00,20981.0
2022-07-28 23:00:00,20805.0
2022-07-29 23:00:00,20687.0
2022-08-01 23:00:00,20431.0
2022-08-02 23:00:00,19931.0
2022-08-03 23:00:00,19905.0
2022-08-04 23:00:00,19676.0
2022-08-05 23:00:00,18829.0
2022-08-08 23:00:00,18959.0
2022-08-09 23:00:00,19305.0
2022-08-10 23:00:00,18994.0
2022-08-11 23:00:00,18516.0
2022-08-12 23:00:00,18571.0
2022-08-15 23:00:00,18581.0
2022-08-16 23:00:00,19270.0
2022-08-17 23:00:00,18756.0
2022-08-18 23:00:00,18983.0
2022-08-19 23:00:00,18838.0
2022-08-22 23:00:00,19296.0
2022-08-23 23:00:00,19514.0
2022-08-24 23:00:00,19377.0
2022-08-25 23:00:00,19310.0
2022-08-26 23:00:00,19421.0
2022-08-29 23:00:00,20060.0
2022-08-30 23:00:00,21551.0
2022-08-31 23:00:00,26572.0
2022-09-01 23:00:00,25976.0
2022-09-02 23:00:00,26327.0
2022-09-05 23:00:00,26062.0
2022-09-06 23:00:00,25640.0
2022-09-07 23:00:00,25210.0
2022-09-08 23:00:00,25471.0
2022-09-09 23:00:00,25555.0
2022-09-12 23:00:00,25252.0
2022-09-13 23:00:00,25338.0
2022-09-14 23:00:00,25340.0
2022-09-15 23:00:00,25471.0
2022-09-16 23:00:00,25905.0
2022-09-19 23:00:00,25659.0
2022-09-20 23:00:00,23487.0
2022-09-21 23:00:00,22886.0
2022-09-22 23:00:00,24101.0
2022-09-23 23:00:00,23347.0
2022-09-26 23:00:00,22288.0
2022-09-27 23:00:00,22611.0
2022-09-28 23:00:00,22072.0
2022-09-29 23:00:00,22778.0
2022-09-30 23:00:00,21556.0
2022-10-03 23:00:00,21542.0
2022-10-04 23:00:00,21101.0
2022-10-05 23:00:00,20868.0
2022-10-06 23:00:00,21261.0
2022-10-07 23:00:00,20046.0
2022-10-10 23:00:00,20689.0
2022-10-11 23:00:00,20525.0
2022-10-12 23:00:00,20451.0
2022-10-13 23:00:00,20367.0
2022-10-14 23:00:00,20143.0
2022-10-17 23:00:00,20429.0
2022-10-18 23:00:00,20510.0
2022-10-19 23:00:00,20261.0
2022-10-20 23:00:00,20256.0
2022-10-21 23:00:00,20550.0
2022-10-24 23:00:00,20835.0
2022-10-25 23:00:00,21697.0
2022-10-26 23:00:00,21423.0
2022-10-27 23:00:00,21533.0
2022-10-28 23:00:00,21250.0
2022-10-31 23:00:00,21202.0
2022-11-01 23:00:00,21181.0
2022-11-02 23:00:00,21246.0
2022-11-03 23:00:00,21172.0
2022-11-07 23:00:00,21167.0
2022-11-08 23:00:00,21217.0
2022-11-09 23:00:00,20941.0
2022-11-10 23:00:00,21001.0
2022-11-11 23:00:00,21211.0
2022-11-14 23:00:00,21137.0
2022-11-15 23:00:00,21088.0
2022-11-16 23:00:00,21073.0
2022-11-17 23:00:00,20993.0
2022-11-18 23:00:00,21047.0
2022-11-21 23:00:00,20915.0
2022-11-22 23:00:00,20937.0
2022-11-23 23:00:00,21001.0
2022-11-24 23:00:00,21024.0
2022-11-25 23:00:00,21060.0
2022-11-28 23:00:00,20982.0
2022-11-29 23:00:00,20929.0
2022-11-30 23:00:00,20866.0
2022-12-01 23:00:00,20781.0
2022-12-02 23:00:00,20710.0
2022-12-05 23:00:00,20651.0
2022-12-06 23:00:00,20597.0
2022-12-07 23:00:00,20518.0
2022-12-08 23:00:00,20462.0
2022-12-09 23:00:00,20391.0
2022-12-12 23:00:00,20380.0
2022-12-13 23:00:00,20347.0
2022-12-14 23:00:00,20171.0
2022-12-15 23:00:00,20149.0
2022-12-16 23:00:00,20099.0
2022-12-19 23:00:00,19819.0
2022-12-20 23:00:00,19908.0
2022-12-21 23:00:00,19740.0
2022-12-22 23:00:00,19765.0
2022-12-23 23:00:00,20232.0
2022-12-26 23:00:00,20223.0
2022-12-27 23:00:00,20343.0
2022-12-28 23:00:00,20211.0
2022-12-29 23:00:00,20297.0
2022-12-30 23:00:00,20279.0
2023-01-03 23:00:00,20359.0
2023-01-04 23:00:00,20278.0
2023-01-05 23:00:00,20098.0
2023-01-06 23:00:00,20182.0
2023-01-09 23:00:00,20294.0
2023-01-10 23:00:00,20216.0
2023-01-11 23:00:00,20509.0
2023-01-12 23:00:00,20360.0
2023-01-13 23:00:00,20423.0
2023-01-16 23:00:00,20509.0
2023-01-17 23:00:00,20182.0
2023-01-18 23:00:00,20246.0
2023-01-19 23:00:00,20018.0
2023-01-20 23:00:00,19780.0
2023-01-23 23:00:00,19877.0
2023-01-24 23:00:00,19637.0
2023-01-25 23:00:00,19733.0
2023-01-26 23:00:00,19626.0
2023-01-27 23:00:00,19793.0
2023-01-30 23:00:00,19798.0
2023-01-31 23:00:00,19728.0
2023-02-01 23:00:00,19708.0
2023-02-02 23:00:00,19681.0
2023-02-03 23:00:00,20081.0
2023-02-06 23:00:00,19793.0
2023-02-07 23:00:00,19818.0
2023-02-08 23:00:00,19681.0
2023-02-09 23:00:00,19759.0
2023-02-10 23:00:00,19746.0
2023-02-13 23:00:00,19693.0
2023-02-14 23:00:00,19486.0
2023-02-15 23:00:00,19214.0
2023-02-16 23:00:00,19121.0
2023-02-17 23:00:00,19183.0
2023-02-20 23:00:00,19214.0
2023-02-21 23:00:00,19246.0
2023-02-22 23:00:00,19378.0
2023-02-24 23:00:00,19219.0
2023-02-27 23:00:00,19436.0
2023-02-28 23:00:00,19556.0
2023-03-01 23:00:00,20042.0
2023-03-02 23:00:00,19878.0
2023-03-03 23:00:00,19980.0
2023-03-06 23:00:00,20114.0
2023-03-07 23:00:00,20058.0
2023-03-09 23:00:00,19926.0
2023-03-10 23:00:00,19791.0
2023-03-13 23:00:00,19672.0
2023-03-14 23:00:00,19850.0
2023-03-15 23:00:00,19624.0
2023-03-16 23:00:00,19656.0
2023-03-17 23:00:00,20026.0
2023-03-20 23:00:00,21026.0
2023-03-21 23:00:00,20953.0
2023-03-22 23:00:00,20658.0
2023-03-23 23:00:00,20591.0
2023-03-24 23:00:00,20547.0
2023-03-27 23:00:00,20888.0
2023-03-28 23:00:00,20752.0
2023-03-29 23:00:00,20721.0
2023-03-30 23:00:00,20820.0
2023-03-31 23:00:00,20578.0
2023-04-03 23:00:00,20586.0
2023-04-04 23:00:00,20776.0
2023-04-05 23:00:00,20969.0
2023-04-06 23:00:00,20814.0
2023-04-07 23:00:00,20918.0
2023-04-10 23:00:00,21058.0
2023-04-11 23:00:00,21256.0
2023-04-12 23:00:00,21455.0
2023-04-13 23:00:00,21471.0
2023-04-14 23:00:00,21456.0
2023-04-17 23:00:00,21771.0
2023-04-18 23:00:00,22016.0
2023-04-19 23:00:00,21786.0
2023-04-20 23:00:00,21828.0
2023-04-21 23:00:00,21803.0
2023-04-24 23:00:00,21781.0
2023-04-25 23:00:00,21451.0
2023-04-26 23:00:00,21376.0
2023-04-27 23:00:00,21881.0
2023-04-28 23:00:00,21713.0
2023-05-02 23:00:00,21242.0
2023-05-03 23:00:00,20764.0
2023-05-04 23:00:00,20780.0
2023-05-05 23:00:00,20828.0
2023-05-08 23:00:00,20601.0
2023-05-10 23:00:00,20847.0
2023-05-11 23:00:00,20847.0
2023-05-12 23:00:00,20704.0
2023-05-15 23:00:00,20774.0
2023-05-16 23:00:00,21070.0
2023-05-17 23:00:00,20987.0
2023-05-18 23:00:00,20838.0
2023-05-19 23:00:00,20696.0
2023-05-22 23:00:00,20437.0
2023-05-23 23:00:00,20198.0
2023-05-24 23:00:00,19768.0
2023-05-25 23:00:00,19449.0
2023-05-26 23:00:00,19840.0
2023-05-29 23:00:00,19741.0
2023-05-30 23:00:00,19534.0
2023-05-31 23:00:00,19643.0
2023-06-01 23:00:00,19556.0
2023-06-02 23:00:00,19703.0
2023-06-05 23:00:00,19655.0
2023-06-06 23:00:00,19662.0
2023-06-07 23:00:00,19801.0
2023-06-08 23:00:00,20019.0
2023-06-09 23:00:00,19920.0
2023-06-13 23:00:00,20201.0
2023-06-14 23:00:00,20166.0
2023-06-15 23:00:00,20435.0
2023-06-16 23:00:00,20351.0
2023-06-19 23:00:00,20320.0
2023-06-20 23:00:00,20269.0
2023-06-21 23:00:00,20346.0
2023-06-22 23:00:00,20278.0
2023-06-23 23:00:00,20143.0
2023-06-26 23:00:00,19986.0
2023-06-27 23:00:00,19949.0
2023-06-28 23:00:00,20078.0
2023-06-29 23:00:00,20090.0
2023-06-30 23:00:00,19980.0
2023-07-03 23:00:00,19946.0
2023-07-04 23:00:00,19836.0
2023-07-05 23:00:00,19760.0
2023-07-06 23:00:00,19920.0
2023-07-07 23:00:00,19913.0
2023-07-10 23:00:00,19987.0
2023-07-11 23:00:00,20149.0
2023-07-12 23:00:00,20258.0
2023-07-13 23:00:00,20134.0
2023-07-14 23:00:00,20213.0
2023-07-17 23:00:00,20272.0
2023-07-18 23:00:00,20676.0
2023-07-19 23:00:00,20541.0
2023-07-20 23:00:00,20370.0
2023-07-21 23:00:00,20358.0
2023-07-24 23:00:00,20409.0
2023-07-25 23:00:00,20444.0
2023-07-26 23:00:00,20390.0
2023-07-27 23:00:00,20446.0
2023-07-28 23:00:00,20408.0
2023-07-31 23:00:00,20579.0
2023-08-01 23:00:00,20486.0
2023-08-02 23:00:00,20555.0
2023-08-03 23:00:00,20853.0
2023-08-04 23:00:00,20542.0
2023-08-07 23:00:00,20354.0
2023-08-08 23:00:00,20379.0
2023-08-09 23:00:00,20463.0
2023-08-10 23:00:00,20773.0
2023-08-11 23:00:00,20738.0
2023-08-14 23:00:00,20870.0
2023-08-15 23:00:00,20803.0
2023-08-16 23:00:00,20564.0
2023-08-17 23:00:00,20499.0
2023-08-18 23:00:00,20689.0
2023-08-21 23:00:00,20806.0
2023-08-22 23:00:00,20734.0
2023-08-23 23:00:00,20615.0
2023-08-24 23:00:00,20622.0
2023-08-25 23:00:00,20635.0
2023-08-28 23:00:00,20737.0
2023-08-29 23:00:00,21077.0
2023-08-30 23:00:00,20817.0
2023-08-31 23:00:00,20865.0
2023-09-01 23:00:00,20975.0
2023-09-04 23:00:00,21164.0
2023-09-05 23:00:00,21072.0
2023-09-06 23:00:00,21170.0
2023-09-07 23:00:00,20746.0
2023-09-08 23:00:00,20630.0
2023-09-11 23:00:00,20498.0
2023-09-12 23:00:00,20653.0
2023-09-13 23:00:00,20416.0
2023-09-14 23:00:00,20450.0
2023-09-15 23:00:00,20383.0
2023-09-18 23:00:00,20309.0
2023-09-19 23:00:00,20103.0
2023-09-20 23:00:00,20106.0
2023-09-21 23:00:00,19781.0
2023-09-22 23:00:00,19818.0
2023-09-25 23:00:00,19781.0
2023-09-26 23:00:00,19682.0
2023-09-27 23:00:00,19716.0
2023-09-28 23:00:00,19868.0
2023-09-29 23:00:00,19876.0
2023-10-02 23:00:00,19670.0
2023-10-03 23:00:00,19839.0
2023-10-04 23:00:00,19664.0
2023-10-05 23:00:00,19647.0
2023-10-06 23:00:00,19659.0
2023-10-09 23:00:00,19794.0
2023-10-10 23:00:00,19793.0
2023-10-11 23:00:00,20031.0
2023-10-12 23:00:00,19982.0
2023-10-13 23:00:00,19962.0
2023-10-16 23:00:00,20321.0
2023-10-17 23:00:00,20234.0
2023-10-18 23:00:00,20017.0
2023-10-19 23:00:00,20093.0
2023-10-20 23:00:00,20187.0
2023-10-23 23:00:00,20061.0
2023-10-24 23:00:00,20061.0
2023-10-25 23:00:00,19981.0
2023-10-26 23:00:00,19852.0
2023-10-27 23:00:00,19775.0
2023-10-30 23:00:00,19671.0
2023-10-31 23:00:00,19772.0
2023-11-01 23:00:00,19922.0
2023-11-02 23:00:00,19760.0
2023-11-03 23:00:00,19878.0
2023-11-06 23:00:00,19883.0
2023-11-07 23:00:00,19847.0
2023-11-08 23:00:00,19797.0
2023-11-09 23:00:00,19812.0
2023-11-10 23:00:00,19694.0
2023-11-13 23:00:00,19675.0
2023-11-14 23:00:00,19501.0
2023-11-15 23:00:00,19520.0
2023-11-16 23:00:00,19439.0
2023-11-17 23:00:00,19355.0
2023-11-20 23:00:00,19382.0
2023-11-21 23:00:00,19345.0
2023-11-22 23:00:00,19315.0
2023-11-23 23:00:00,19281.0
2023-11-24 23:00:00,19274.0
2023-11-27 23:00:00,19018.0
2023-11-28 23:00:00,19201.0
2023-11-29 23:00:00,19011.0
2023-11-30 23:00:00,19091.0
2023-12-01 23:00:00,19056.0
2023-12-04 23:00:00,18758.0
2023-12-05 23:00:00,18768.0
2023-12-06 23:00:00,18582.0
2023-12-07 23:00:00,18876.0
2023-12-08 23:00:00,18832.0
2023-12-11 23:00:00,19205.0
2023-12-12 23:00:00,18864.0
2023-12-13 23:00:00,19042.0
2023-12-14 23:00:00,18775.0
2023-12-15 23:00:00,18937.0
2023-12-18 23:00:00,19150.0
2023-12-19 23:00:00,19036.0
2023-12-20 23:00:00,18915.0
2023-12-21 23:00:00,18629.0
2023-12-22 23:00:00,18675.0
2023-12-25 23:00:00,18512.0
2023-12-26 23:00:00,18495.0
2023-12-27 23:00:00,18388.0
2023-12-28 23:00:00,18412.0
2023-12-29 23:00:00,18390.0
2024-01-03 23:00:00,18497.0
2024-01-04 23:00:00,18453.0
2024-01-05 23:00:00,18546.0
2024-01-08 23:00:00,18587.0
2024-01-09 23:00:00,18503.0
2024-01-10 23:00:00,18583.0
2024-01-11 23:00:00,18527.0
2024-01-12 23:00:00,18645.0
2024-01-15 23:00:00,18588.0
2024-01-16 23:00:00,18618.0
2024-01-17 23:00:00,18641.0
2024-01-18 23:00:00,18921.0
2024-01-19 23:00:00,18917.0
2024-01-22 23:00:00,18890.0
2024-01-23 23:00:00,18964.0
2024-01-24 23:00:00,18846.0
2024-01-25 23:00:00,18798.0
2024-01-26 23:00:00,18574.0
2024-01-29 23:00:00,18535.0
2024-01-30 23:00:00,18484.0
2024-01-31 23:00:00,18709.0
2024-02-01 23:00:00,18700.0
2024-02-02 23:00:00,18773.0
2024-02-05 23:00:00,18644.0
2024-02-06 23:00:00,18552.0
2024-02-07 23:00:00,18630.0
2024-02-08 23:00:00,18423.0
2024-02-09 23:00:00,18427.0
2024-02-12 23:00:00,18343.0
2024-02-13 23:00:00,18236.0
2024-02-14 23:00:00,18189.0
2024-02-15 23:00:00,18163.0
2024-02-16 23:00:00,18078.0
2024-02-19 23:00:00,18114.0
2024-02-20 23:00:00,17970.0
2024-02-21 23:00:00,17788.0
2024-02-22 23:00:00,17748.0
2024-02-26 23:00:00,17862.0
2024-02-27 23:00:00,17819.0
2024-02-28 23:00:00,17999.0
2024-02-29 23:00:00,18071.0
2024-03-01 23:00:00,18042.0
2024-03-04 23:00:00,18029.0
2024-03-05 23:00:00,17993.0
2024-03-06 23:00:00,18010.0
2024-03-07 23:00:00,17961.0
2024-03-11 23:00:00,17903.0
2024-03-12 23:00:00,18081.0
2024-03-13 23:00:00,17952.0
2024-03-14 23:00:00,17908.0
2024-03-15 23:00:00,17725.0
2024-03-18 23:00:00,17498.0
2024-03-19 23:00:00,17430.0
2024-03-20 23:00:00,17429.0
2024-03-21 23:00:00,17474.0
2024-03-22 23:00:00,17344.0
2024-03-25 23:00:00,17340.0
2024-03-26 23:00:00,17489.0
2024-03-27 23:00:00,17452.0
2024-03-28 23:00:00,17443.0
2024-03-29 23:00:00,17444.0
2024-04-01 23:00:00,17485.0
2024-04-02 23:00:00,17889.0
2024-04-03 23:00:00,18009.0
2024-04-04 23:00:00,18050.0
2024-04-05 23:00:00,18025.0
2024-04-08 23:00:00,18023.0
2024-04-09 23:00:00,18034.0
2024-04-10 23:00:00,18118.0
2024-04-11 23:00:00,18263.0
2024-04-12 23:00:00,18154.0
2024-04-15 23:00:00,18055.0
2024-04-16 23:00:00,18041.0
2024-04-17 23:00:00,18128.0
2024-04-18 23:00:00,18182.0
2024-04-19 23:00:00,18324.0
2024-04-22 23:00:00,18191.0
2024-04-23 23:00:00,17932.0
2024-04-24 23:00:00,17895.0
2024-04-25 23:00:00,17871.0
2024-04-26 23:00:00,17747.0
2024-04-27 23:00:00,18034.0
2024-04-29 23:00:00,17927.0
2024-04-30 23:00:00,17861.0
2024-05-02 23:00:00,17254.0
2024-05-03 23:00:00,16954.0
2024-05-06 23:00:00,16801.0
2024-05-07 23:00:00,16878.0
2024-05-08 23:00:00,16866.0
2024-05-10 23:00:00,16878.0
2024-05-13 23:00:00,16990.0
2024-05-14 23:00:00,17008.0
2024-05-15 23:00:00,17059.0
2024-05-16 23:00:00,17104.0
2024-05-17 23:00:00,16797.0
2024-05-20 23:00:00,16450.0
2024-05-21 23:00:00,15270.0
2024-05-22 23:00:00,15263.0
2024-05-23 23:00:00,14803.0
2024-05-24 23:00:00,14660.0
2024-05-27 23:00:00,14039.0
2024-05-28 23:00:00,14091.0
2024-05-29 23:00:00,14058.0
2024-05-30 23:00:00,13895.0
2024-05-31 23:00:00,13887.0
2024-06-03 23:00:00,13486.0
2024-06-04 23:00:00,13590.0
2024-06-05 23:00:00,13658.0
2024-06-06 23:00:00,13569.0
2024-06-07 23:00:00,13435.0
2024-06-10 23:00:00,13008.0
2024-06-11 23:00:00,12943.0
2024-06-13 23:00:00,13118.0
2024-06-14 23:00:00,13289.0
2024-06-17 23:00:00,13343.0
2024-06-18 23:00:00,12996.0
2024-06-19 23:00:00,12463.0
2024-06-20 23:00:00,12734.0
2024-06-21 23:00:00,12654.0
2024-06-24 23:00:00,12450.0
2024-06-25 23:00:00,12497.0
2024-06-26 23:00:00,12773.0
2024-06-27 23:00:00,12722.0
2024-06-28 23:00:00,12695.0
2024-07-01 23:00:00,13043.0
2024-07-02 23:00:00,13733.0
2024-07-03 23:00:00,13687.0
2024-07-04 23:00:00,13338.0
2024-07-05 23:00:00,13707.0
2024-07-08 23:00:00,13780.0
2024-07-09 23:00:00,13419.0
2024-07-10 23:00:00,12936.0
2024-07-11 23:00:00,13140.0
2024-07-12 23:00:00,12890.0
2024-07-15 23:00:00,12837.0
2024-07-16 23:00:00,13351.0
2024-07-17 23:00:00,13497.0
2024-07-18 23:00:00,13898.0
2024-07-19 23:00:00,14081.0
2024-07-22 23:00:00,14086.0
2024-07-23 23:00:00,14316.0
2024-07-24 23:00:00,14653.0
2024-07-25 23:00:00,14547.0
2024-07-26 23:00:00,14399.0
2024-07-29 23:00:00,14017.0
2024-07-30 23:00:00,14194.0
2024-07-31 23:00:00,14275.0
2024-08-01 23:00:00,14160.0
2024-08-02 23:00:00,14022.0
2024-08-05 23:00:00,13637.0
2024-08-06 23:00:00,13716.0
2024-08-07 23:00:00,13876.0
2024-08-08 23:00:00,13653.0
2024-08-09 23:00:00,13762.0
2024-08-12 23:00:00,13671.0
2024-08-13 23:00:00,13843.0
2024-08-14 23:00:00,13830.0
2024-08-15 23:00:00,13561.0
2024-08-16 23:00:00,13471.0
2024-08-19 23:00:00,13393.0
2024-08-20 23:00:00,13336.0
2024-08-21 23:00:00,13146.0
2024-08-22 23:00:00,12663.0
2024-08-23 23:00:00,12368.0
2024-08-26 23:00:00,13236.0
2024-08-27 23:00:00,13056.0
2024-08-28 23:00:00,13061.0
2024-08-29 23:00:00,13726.0
2024-08-30 23:00:00,13101.0
2024-09-02 23:00:00,13034.0
2024-09-03 23:00:00,12695.0
2024-09-04 23:00:00,12945.0
2024-09-05 23:00:00,13108.0
2024-09-06 23:00:00,12942.0
2024-09-09 23:00:00,13136.0
2024-09-10 23:00:00,12982.0
2024-09-11 23:00:00,12817.0
2024-09-12 23:00:00,12466.0
2024-09-13 23:00:00,12617.0
2024-09-16 23:00:00,12806.0
2024-09-17 23:00:00,12913.0
2024-09-18 23:00:00,12820.0
2024-09-19 23:00:00,12820.0
2024-09-20 23:00:00,12829.0
2024-09-23 23:00:00,12868.0
2024-09-24 23:00:00,14461.0
2024-09-25 23:00:00,14200.0
2024-09-26 23:00:00,14288.0
