DATETIME,price
2010-12-16 23:00:00,1.7089
2010-12-17 23:00:00,1.6997
2010-12-20 23:00:00,1.7017
2010-12-21 23:00:00,1.6993
2010-12-22 23:00:00,1.6909
2010-12-23 23:00:00,1.6927
2010-12-24 23:00:00,1.6956
2010-12-27 23:00:00,1.6924000000000001
2010-12-28 23:00:00,1.6901000000000002
2010-12-29 23:00:00,1.6945000000000001
2010-12-30 23:00:00,1.6905000000000001
2011-01-11 23:00:00,1.7084000000000001
2011-01-12 23:00:00,1.718
2011-01-13 23:00:00,1.7373
2011-01-14 23:00:00,1.7397
2011-01-17 23:00:00,1.7416
2011-01-18 23:00:00,1.7517
2011-01-19 23:00:00,1.7491
2011-01-20 23:00:00,1.7381
2011-01-21 23:00:00,1.7504000000000002
2011-01-24 23:00:00,1.7501
2011-01-25 23:00:00,1.7335
2011-01-26 23:00:00,1.7407000000000001
2011-01-27 23:00:00,1.7472
2011-01-28 23:00:00,1.7358
2011-01-31 23:00:00,1.7534
2011-02-01 23:00:00,1.7641
2011-02-02 23:00:00,1.7728000000000002
2011-02-03 23:00:00,1.7669000000000001
2011-02-04 23:00:00,1.7569000000000001
2011-02-07 23:00:00,1.7631000000000001
2011-02-08 23:00:00,1.7592
2011-02-09 23:00:00,1.7637
2011-02-10 23:00:00,1.7576
2011-02-11 23:00:00,1.752
2011-02-14 23:00:00,1.7514
2011-02-15 23:00:00,1.7669000000000001
2011-02-16 23:00:00,1.7564000000000002
2011-02-17 23:00:00,1.7684
2011-02-18 23:00:00,1.7745000000000002
2011-02-21 23:00:00,1.7752000000000001
2011-02-22 23:00:00,1.7709000000000001
2011-02-24 23:00:00,1.7659
2011-02-25 23:00:00,1.7589000000000001
2011-02-28 23:00:00,1.7774
2011-03-01 23:00:00,1.78
2011-03-02 23:00:00,1.7859
2011-03-03 23:00:00,1.7804
2011-03-04 23:00:00,1.7794
2011-03-05 23:00:00,1.7795
2011-03-09 23:00:00,1.7745000000000002
2011-03-10 23:00:00,1.7592
2011-03-11 23:00:00,1.7559
2011-03-14 23:00:00,1.7652
2011-03-15 23:00:00,1.7530000000000001
2011-03-16 23:00:00,1.7518
2011-03-17 23:00:00,1.7596
2011-03-18 23:00:00,1.7636
2011-03-21 23:00:00,1.7744000000000002
2011-03-22 23:00:00,1.7848000000000002
2011-03-23 23:00:00,1.7714
2011-03-24 23:00:00,1.7644000000000002
2011-03-25 23:00:00,1.7544000000000002
2011-03-28 23:00:00,1.7479000000000002
2011-03-29 23:00:00,1.7444000000000002
2011-03-30 23:00:00,1.7505000000000002
2011-03-31 23:00:00,1.7509000000000001
2011-04-01 23:00:00,1.7484000000000002
2011-04-04 23:00:00,1.7610000000000001
2011-04-05 23:00:00,1.7719
2011-04-06 23:00:00,1.7774
2011-04-07 23:00:00,1.7776
2011-04-08 23:00:00,1.7850000000000001
2011-04-11 23:00:00,1.7875
2011-04-12 23:00:00,1.7744000000000002
2011-04-13 23:00:00,1.7734
2011-04-14 23:00:00,1.7833
2011-04-15 23:00:00,1.78
2011-04-18 23:00:00,1.7739
2011-04-19 23:00:00,1.7784000000000002
2011-04-20 23:00:00,1.7890000000000001
2011-04-21 23:00:00,1.8024000000000002
2011-04-22 23:00:00,1.7989000000000002
2011-04-25 23:00:00,1.7945000000000002
2011-04-26 23:00:00,1.7921
2011-04-27 23:00:00,1.8010000000000002
2011-04-28 23:00:00,1.8114000000000001
2011-04-29 23:00:00,1.8130000000000002
2011-05-03 23:00:00,1.7947000000000002
2011-05-04 23:00:00,1.7989000000000002
2011-05-05 23:00:00,1.7899
2011-05-06 23:00:00,1.7914
2011-05-10 23:00:00,1.7826000000000002
2011-05-11 23:00:00,1.7919
2011-05-12 23:00:00,1.7764000000000002
2011-05-13 23:00:00,1.7714
2011-05-16 23:00:00,1.7692
2011-05-17 23:00:00,1.7679
2011-05-18 23:00:00,1.7629000000000001
2011-05-19 23:00:00,1.7630000000000001
2011-05-20 23:00:00,1.7674
2011-05-23 23:00:00,1.7602000000000002
2011-05-24 23:00:00,1.7656
2011-05-25 23:00:00,1.7761000000000002
2011-05-26 23:00:00,1.7831000000000001
2011-05-27 23:00:00,1.7929000000000002
2011-05-30 23:00:00,1.7937
2011-05-31 23:00:00,1.7944000000000002
2011-06-01 23:00:00,1.7895
2011-06-02 23:00:00,1.7810000000000001
2011-06-03 23:00:00,1.7850000000000001
2011-06-06 23:00:00,1.7852000000000001
2011-06-07 23:00:00,1.7935
2011-06-08 23:00:00,1.7863000000000002
2011-06-09 23:00:00,1.7862000000000002
2011-06-10 23:00:00,1.7704000000000002
2011-06-14 23:00:00,1.7905000000000002
2011-06-15 23:00:00,1.778
2011-06-16 23:00:00,1.7677
2011-06-17 23:00:00,1.7708
2011-06-20 23:00:00,1.7765
2011-06-21 23:00:00,1.7752
2011-06-22 23:00:00,1.7671999999999999
2011-06-23 23:00:00,1.751
2011-06-24 23:00:00,1.7523
2011-06-27 23:00:00,1.7524
2011-06-28 23:00:00,1.7574
2011-06-29 23:00:00,1.7559
2011-06-30 23:00:00,1.7578
2011-07-01 23:00:00,1.759
2011-07-04 23:00:00,1.7614
2011-07-05 23:00:00,1.7649
2011-07-06 23:00:00,1.7512
2011-07-07 23:00:00,1.7523
2011-07-08 23:00:00,1.76
2011-07-11 23:00:00,1.7442
2011-07-12 23:00:00,1.7442
2011-07-13 23:00:00,1.7573
2011-07-14 23:00:00,1.7669
2011-07-15 23:00:00,1.7648
2011-07-18 23:00:00,1.7558
2011-07-19 23:00:00,1.7675
2011-07-20 23:00:00,1.7669
2011-07-21 23:00:00,1.7826
2011-07-22 23:00:00,1.7841
2011-07-25 23:00:00,1.7824
2011-07-26 23:00:00,1.7936
2011-07-27 23:00:00,1.7898
2011-07-28 23:00:00,1.7865
2011-07-29 23:00:00,1.7956
2011-08-01 23:00:00,1.7855
2011-08-02 23:00:00,1.7832999999999999
2011-08-03 23:00:00,1.7927
2011-08-04 23:00:00,1.7852999999999999
2011-08-05 23:00:00,1.7931
2011-08-08 23:00:00,1.7852
2011-08-09 23:00:00,1.7832
2011-08-10 23:00:00,1.7721
2011-08-11 23:00:00,1.7765
2011-08-12 23:00:00,1.7821
2011-08-15 23:00:00,1.7943
2011-08-16 23:00:00,1.7964
2011-08-17 23:00:00,1.8115999999999999
2011-08-18 23:00:00,1.7972
2011-08-19 23:00:00,1.8154
2011-08-22 23:00:00,1.8023
2011-08-23 23:00:00,1.8072
2011-08-24 23:00:00,1.7959
2011-08-25 23:00:00,1.7861
2011-08-26 23:00:00,1.7764
2011-08-29 23:00:00,1.7994999999999999
2011-08-30 23:00:00,1.7809
2011-08-31 23:00:00,1.7855
2011-09-01 23:00:00,1.7692999999999999
2011-09-02 23:00:00,1.7768
2011-09-05 23:00:00,1.7646
2011-09-06 23:00:00,1.7554
2011-09-07 23:00:00,1.7537
2011-09-08 23:00:00,1.7625
2011-09-09 23:00:00,1.7456
2011-09-12 23:00:00,1.7394
2011-09-13 23:00:00,1.7368
2011-09-14 23:00:00,1.7329999999999999
2011-09-15 23:00:00,1.7366
2011-09-16 23:00:00,1.7345
2011-09-19 23:00:00,1.7192
2011-09-20 23:00:00,1.7266
2011-09-21 23:00:00,1.7137
2011-09-22 23:00:00,1.6908
2011-09-23 23:00:00,1.6967
2011-09-26 23:00:00,1.7054
2011-09-27 23:00:00,1.7216
2011-09-28 23:00:00,1.7183
2011-09-29 23:00:00,1.7238
2011-09-30 23:00:00,1.7099
2011-10-03 23:00:00,1.7023
2011-10-04 23:00:00,1.6953
2011-10-05 23:00:00,1.6955
2011-10-06 23:00:00,1.6924
2011-10-07 23:00:00,1.7178
2011-10-10 23:00:00,1.7207999999999999
2011-10-11 23:00:00,1.7162
2011-10-12 23:00:00,1.7328999999999999
2011-10-13 23:00:00,1.7262
2011-10-14 23:00:00,1.7391
2011-10-17 23:00:00,1.7314
2011-10-18 23:00:00,1.7221
2011-10-19 23:00:00,1.7357
2011-10-20 23:00:00,1.7271
2011-10-21 23:00:00,1.748
2011-10-24 23:00:00,1.7498
2011-10-25 23:00:00,1.7522
2011-10-26 23:00:00,1.7472
2011-10-27 23:00:00,1.7590999999999999
2011-10-28 23:00:00,1.7642
2011-10-31 23:00:00,1.7582
2011-11-01 23:00:00,1.7523
2011-11-02 23:00:00,1.7661
2011-11-03 23:00:00,1.7562
2011-11-07 23:00:00,1.7559
2011-11-08 23:00:00,1.7625
2011-11-09 23:00:00,1.7492
2011-11-11 23:00:00,1.7504
2011-11-14 23:00:00,1.7483
2011-11-15 23:00:00,1.7403
2011-11-16 23:00:00,1.7315
2011-11-17 23:00:00,1.7438
2011-11-18 23:00:00,1.7342
2011-11-21 23:00:00,1.7172
2011-11-22 23:00:00,1.718
2011-11-23 23:00:00,1.7127
2011-11-24 23:00:00,1.7035
2011-11-25 23:00:00,1.7037
2011-11-28 23:00:00,1.7121
2011-11-29 23:00:00,1.7146
2011-11-30 23:00:00,1.7284
2011-12-01 23:00:00,1.726
2011-12-02 23:00:00,1.7219
2011-12-05 23:00:00,1.7241
2011-12-06 23:00:00,1.7158
2011-12-07 23:00:00,1.7217
2011-12-08 23:00:00,1.7224
2011-12-09 23:00:00,1.718
2011-12-12 23:00:00,1.7155
2011-12-13 23:00:00,1.7139
2011-12-14 23:00:00,1.7014
2011-12-15 23:00:00,1.7063
2011-12-16 23:00:00,1.7062
2011-12-19 23:00:00,1.7067999999999999
2011-12-20 23:00:00,1.7233999999999998
2011-12-21 23:00:00,1.7237
2011-12-22 23:00:00,1.7236
2011-12-23 23:00:00,1.7202
2011-12-26 23:00:00,1.7179
2011-12-27 23:00:00,1.7218
2011-12-28 23:00:00,1.7068999999999999
2011-12-29 23:00:00,1.6962
2011-12-30 23:00:00,1.7076
2012-01-03 23:00:00,1.7159
2012-01-04 23:00:00,1.7163
2012-01-05 23:00:00,1.7046
2012-01-06 23:00:00,1.6974
2012-01-09 23:00:00,1.7014
2012-01-10 23:00:00,1.7017
2012-01-11 23:00:00,1.6913
2012-01-12 23:00:00,1.6906999999999999
2012-01-13 23:00:00,1.6863
2012-01-16 23:00:00,1.6853
2012-01-17 23:00:00,1.6896
2012-01-18 23:00:00,1.6926999999999999
2012-01-19 23:00:00,1.6990999999999998
2012-01-20 23:00:00,1.7070999999999998
2012-01-23 23:00:00,1.7106
2012-01-24 23:00:00,1.7121
2012-01-25 23:00:00,1.7132999999999998
2012-01-26 23:00:00,1.7242
2012-01-27 23:00:00,1.7268
2012-01-30 23:00:00,1.7208999999999999
2012-01-31 23:00:00,1.7337
2012-02-01 23:00:00,1.7394999999999998
2012-02-02 23:00:00,1.7369999999999999
2012-02-03 23:00:00,1.7337
2012-02-06 23:00:00,1.7338
2012-02-07 23:00:00,1.7391999999999999
2012-02-08 23:00:00,1.7426
2012-02-09 23:00:00,1.7411999999999999
2012-02-10 23:00:00,1.7313999999999998
2012-02-13 23:00:00,1.7358
2012-02-14 23:00:00,1.7265
2012-02-15 23:00:00,1.7249999999999999
2012-02-16 23:00:00,1.7255
2012-02-17 23:00:00,1.738
2012-02-20 23:00:00,1.742
2012-02-21 23:00:00,1.7351999999999999
2012-02-22 23:00:00,1.7210999999999999
2012-02-24 23:00:00,1.7403
2012-02-27 23:00:00,1.7394999999999998
2012-02-28 23:00:00,1.7398
2012-02-29 23:00:00,1.7522
2012-03-01 23:00:00,1.75
2012-03-02 23:00:00,1.7432999999999998
2012-03-05 23:00:00,1.7425
2012-03-06 23:00:00,1.7319
2012-03-07 23:00:00,1.7270999999999999
2012-03-11 23:00:00,1.7291999999999998
2012-03-12 23:00:00,1.7176
2012-03-13 23:00:00,1.7246
2012-03-14 23:00:00,1.7244
2012-03-15 23:00:00,1.7202
2012-03-16 23:00:00,1.738
2012-03-19 23:00:00,1.7403
2012-03-20 23:00:00,1.7409999999999999
2012-03-21 23:00:00,1.7382
2012-03-22 23:00:00,1.7316999999999998
2012-03-23 23:00:00,1.7385
2012-03-26 23:00:00,1.7472999999999999
2012-03-27 23:00:00,1.7511999999999999
2012-03-28 23:00:00,1.7376999999999998
2012-03-29 23:00:00,1.7415999999999998
2012-03-30 23:00:00,1.752
2012-04-02 23:00:00,1.7555999999999998
2012-04-03 23:00:00,1.7502
2012-04-04 23:00:00,1.7413999999999998
2012-04-05 23:00:00,1.7353999999999998
2012-04-06 23:00:00,1.7410999999999999
2012-04-09 23:00:00,1.7399
2012-04-10 23:00:00,1.7385
2012-04-11 23:00:00,1.7450999999999999
2012-04-12 23:00:00,1.7496999999999998
2012-04-13 23:00:00,1.7421
2012-04-16 23:00:00,1.7376999999999998
2012-04-17 23:00:00,1.7473999999999998
2012-04-18 23:00:00,1.7561
2012-04-19 23:00:00,1.7591999999999999
2012-04-20 23:00:00,1.7657999999999998
2012-04-23 23:00:00,1.7625
2012-04-24 23:00:00,1.7673999999999999
2012-04-25 23:00:00,1.7651
2012-04-26 23:00:00,1.7727
2012-04-27 23:00:00,1.7779999999999998
2012-04-28 23:00:00,1.7808
2012-05-02 23:00:00,1.7728
2012-05-03 23:00:00,1.7723
2012-05-04 23:00:00,1.7702
2012-05-05 23:00:00,1.771
2012-05-07 23:00:00,1.7711999999999999
2012-05-08 23:00:00,1.7674999999999998
2012-05-10 23:00:00,1.7696999999999998
2012-05-11 23:00:00,1.7646
2012-05-12 23:00:00,1.7590999999999999
2012-05-14 23:00:00,1.7623
2012-05-15 23:00:00,1.7573999999999999
2012-05-16 23:00:00,1.7473999999999998
2012-05-17 23:00:00,1.7356999999999998
2012-05-18 23:00:00,1.7349999999999999
2012-05-21 23:00:00,1.7351999999999999
2012-05-22 23:00:00,1.7345
2012-05-23 23:00:00,1.7228999999999999
2012-05-24 23:00:00,1.7227
2012-05-25 23:00:00,1.7190999999999999
2012-05-28 23:00:00,1.7231999999999998
2012-05-29 23:00:00,1.7224
2012-05-30 23:00:00,1.7081
2012-05-31 23:00:00,1.6962
2012-06-01 23:00:00,1.6907999999999999
2012-06-04 23:00:00,1.6928999999999998
2012-06-05 23:00:00,1.6906999999999999
2012-06-06 23:00:00,1.7001
2012-06-07 23:00:00,1.7081
2012-06-08 23:00:00,1.6959
2012-06-09 23:00:00,1.6810999999999998
2012-06-13 23:00:00,1.7110999999999998
2012-06-14 23:00:00,1.7073999999999998
2012-06-15 23:00:00,1.6702
2012-06-18 23:00:00,1.6739
2012-06-19 23:00:00,1.6766999999999999
2012-06-20 23:00:00,1.6812999999999998
2012-06-21 23:00:00,1.6730999999999998
2012-06-22 23:00:00,1.6656
2012-06-25 23:00:00,1.6636
2012-06-26 23:00:00,1.6678
2012-06-27 23:00:00,1.664
2012-06-28 23:00:00,1.658
2012-06-29 23:00:00,1.6767999999999998
2012-07-02 23:00:00,1.6754999999999998
2012-07-03 23:00:00,1.6754999999999998
2012-07-04 23:00:00,1.6685999999999999
2012-07-05 23:00:00,1.6601
2012-07-06 23:00:00,1.6596
2012-07-09 23:00:00,1.6604999999999999
2012-07-10 23:00:00,1.6586999999999998
2012-07-11 23:00:00,1.6641
2012-07-12 23:00:00,1.6499
2012-07-13 23:00:00,1.6630999999999998
2012-07-16 23:00:00,1.6684999999999999
2012-07-17 23:00:00,1.6633999999999998
2012-07-18 23:00:00,1.6709999999999998
2012-07-19 23:00:00,1.6788999999999998
2012-07-20 23:00:00,1.6704999999999999
2012-07-23 23:00:00,1.6583999999999999
2012-07-24 23:00:00,1.6610999999999998
2012-07-25 23:00:00,1.6549999999999998
2012-07-26 23:00:00,1.678
2012-07-27 23:00:00,1.6817
2012-07-30 23:00:00,1.6767999999999998
2012-07-31 23:00:00,1.672
2012-08-01 23:00:00,1.6681
2012-08-02 23:00:00,1.6613999999999998
2012-08-03 23:00:00,1.6681
2012-08-06 23:00:00,1.6645999999999999
2012-08-07 23:00:00,1.6727999999999998
2012-08-08 23:00:00,1.6718
2012-08-09 23:00:00,1.6717
2012-08-10 23:00:00,1.6769999999999998
2012-08-13 23:00:00,1.6777
2012-08-14 23:00:00,1.6750999999999998
2012-08-15 23:00:00,1.6757
2012-08-16 23:00:00,1.6812999999999998
2012-08-17 23:00:00,1.6764
2012-08-20 23:00:00,1.6785999999999999
2012-08-21 23:00:00,1.6855999999999998
2012-08-22 23:00:00,1.6869999999999998
2012-08-23 23:00:00,1.6959
2012-08-24 23:00:00,1.6889999999999998
2012-08-27 23:00:00,1.6886999999999999
2012-08-28 23:00:00,1.6901
2012-08-29 23:00:00,1.6902
2012-08-30 23:00:00,1.6905
2012-08-31 23:00:00,1.6929999999999998
2012-09-03 23:00:00,1.6958
2012-09-04 23:00:00,1.6985
2012-09-05 23:00:00,1.6992999999999998
2012-09-06 23:00:00,1.7011999999999998
2012-09-07 23:00:00,1.7108999999999999
2012-09-10 23:00:00,1.7071999999999998
2012-09-11 23:00:00,1.7135999999999998
2012-09-12 23:00:00,1.7167
2012-09-13 23:00:00,1.7176999999999998
2012-09-14 23:00:00,1.7306
2012-09-17 23:00:00,1.7325
2012-09-18 23:00:00,1.7326
2012-09-19 23:00:00,1.7306
2012-09-20 23:00:00,1.7284
2012-09-21 23:00:00,1.7359
2012-09-24 23:00:00,1.7275
2012-09-25 23:00:00,1.7337
2012-09-26 23:00:00,1.7258
2012-09-27 23:00:00,1.7284
2012-09-28 23:00:00,1.7231
2012-10-01 23:00:00,1.724
2012-10-02 23:00:00,1.722
2012-10-03 23:00:00,1.7175
2012-10-04 23:00:00,1.7224
2012-10-05 23:00:00,1.7282
2012-10-08 23:00:00,1.7115
2012-10-09 23:00:00,1.7087
2012-10-10 23:00:00,1.7114
2012-10-11 23:00:00,1.712
2012-10-12 23:00:00,1.7155
2012-10-15 23:00:00,1.7133
2012-10-16 23:00:00,1.7185
2012-10-17 23:00:00,1.7254
2012-10-18 23:00:00,1.7209
2012-10-19 23:00:00,1.7112
2012-10-22 23:00:00,1.7109
2012-10-23 23:00:00,1.7025
2012-10-24 23:00:00,1.7124
2012-10-25 23:00:00,1.722
2012-10-26 23:00:00,1.7189
2012-10-29 23:00:00,1.7131
2012-10-30 23:00:00,1.7173
2012-10-31 23:00:00,1.7195
2012-11-01 23:00:00,1.7236
2012-11-02 23:00:00,1.7127
2012-11-06 23:00:00,1.7064
2012-11-07 23:00:00,1.7064
2012-11-08 23:00:00,1.7077
2012-11-09 23:00:00,1.7014
2012-11-12 23:00:00,1.6969
2012-11-13 23:00:00,1.6961
2012-11-14 23:00:00,1.6962
2012-11-15 23:00:00,1.6946
2012-11-16 23:00:00,1.6962
2012-11-19 23:00:00,1.7
2012-11-20 23:00:00,1.7002
2012-11-21 23:00:00,1.7025
2012-11-22 23:00:00,1.7028
2012-11-23 23:00:00,1.7062
2012-11-26 23:00:00,1.71
2012-11-27 23:00:00,1.7133
2012-11-28 23:00:00,1.7058
2012-11-29 23:00:00,1.7127
2012-11-30 23:00:00,1.71
2012-12-03 23:00:00,1.7165
2012-12-04 23:00:00,1.72
2012-12-05 23:00:00,1.7184
2012-12-06 23:00:00,1.7198
2012-12-07 23:00:00,1.7096
2012-12-10 23:00:00,1.7175
2012-12-11 23:00:00,1.7186
2012-12-12 23:00:00,1.7229
2012-12-13 23:00:00,1.7219
2012-12-14 23:00:00,1.7214
2012-12-17 23:00:00,1.7304000000000002
2012-12-18 23:00:00,1.732
2012-12-19 23:00:00,1.7384
2012-12-20 23:00:00,1.7385000000000002
2012-12-21 23:00:00,1.7299
2012-12-24 23:00:00,1.7265000000000001
2012-12-25 23:00:00,1.7214
2012-12-26 23:00:00,1.7245000000000001
2012-12-27 23:00:00,1.7256
2012-12-28 23:00:00,1.7245000000000001
2013-01-08 23:00:00,1.7161
2013-01-09 23:00:00,1.7105000000000001
2013-01-10 23:00:00,1.719
2013-01-11 23:00:00,1.7234
2013-01-14 23:00:00,1.7144000000000001
2013-01-15 23:00:00,1.7155
2013-01-16 23:00:00,1.7088
2013-01-17 23:00:00,1.7078
2013-01-18 23:00:00,1.7005000000000001
2013-01-21 23:00:00,1.6967
2013-01-22 23:00:00,1.6955
2013-01-23 23:00:00,1.6979
2013-01-24 23:00:00,1.6869
2013-01-25 23:00:00,1.6924000000000001
2013-01-28 23:00:00,1.6819
2013-01-29 23:00:00,1.6844000000000001
2013-01-30 23:00:00,1.6873
2013-01-31 23:00:00,1.6914
2013-02-01 23:00:00,1.6889
2013-02-04 23:00:00,1.6837
2013-02-05 23:00:00,1.6797
2013-02-06 23:00:00,1.6757
2013-02-07 23:00:00,1.6807
2013-02-08 23:00:00,1.6877
2013-02-11 23:00:00,1.6780000000000002
2013-02-12 23:00:00,1.6696
2013-02-13 23:00:00,1.6682000000000001
2013-02-14 23:00:00,1.6591
2013-02-15 23:00:00,1.6613
2013-02-18 23:00:00,1.6573
2013-02-19 23:00:00,1.6576
2013-02-20 23:00:00,1.6400000000000001
2013-02-21 23:00:00,1.6351
2013-02-22 23:00:00,1.6377000000000002
2013-02-25 23:00:00,1.6207
2013-02-26 23:00:00,1.6276000000000002
2013-02-27 23:00:00,1.6265
2013-02-28 23:00:00,1.6275
2013-03-01 23:00:00,1.6119
2013-03-04 23:00:00,1.6174
2013-03-05 23:00:00,1.6262
2013-03-06 23:00:00,1.6167
2013-03-07 23:00:00,1.616
2013-03-11 23:00:00,1.6005
2013-03-12 23:00:00,1.5971
2013-03-13 23:00:00,1.6021
2013-03-14 23:00:00,1.6129
2013-03-15 23:00:00,1.6257000000000001
2013-03-18 23:00:00,1.6235000000000002
2013-03-19 23:00:00,1.6204
2013-03-20 23:00:00,1.6281
2013-03-21 23:00:00,1.6266
2013-03-22 23:00:00,1.6326
2013-03-25 23:00:00,1.6257000000000001
2013-03-26 23:00:00,1.6256000000000002
2013-03-27 23:00:00,1.6217000000000001
2013-03-28 23:00:00,1.6279000000000001
2013-03-29 23:00:00,1.6308000000000002
2013-04-01 23:00:00,1.6342
2013-04-02 23:00:00,1.6233000000000002
2013-04-03 23:00:00,1.6247
2013-04-04 23:00:00,1.6276000000000002
2013-04-05 23:00:00,1.6441000000000001
2013-04-08 23:00:00,1.6392000000000002
2013-04-09 23:00:00,1.6406
2013-04-10 23:00:00,1.6429000000000002
2013-04-11 23:00:00,1.6509
2013-04-12 23:00:00,1.6473000000000002
2013-04-15 23:00:00,1.6429000000000002
2013-04-16 23:00:00,1.6411000000000002
2013-04-17 23:00:00,1.6336000000000002
2013-04-18 23:00:00,1.6397000000000002
2013-04-19 23:00:00,1.6394000000000002
2013-04-22 23:00:00,1.6358000000000001
2013-04-23 23:00:00,1.6388
2013-04-24 23:00:00,1.6384
2013-04-25 23:00:00,1.6550000000000002
2013-04-26 23:00:00,1.6594000000000002
2013-04-29 23:00:00,1.6618000000000002
2013-04-30 23:00:00,1.6649
2013-05-02 23:00:00,1.6626
2013-05-03 23:00:00,1.6698000000000002
2013-05-06 23:00:00,1.6645
2013-05-07 23:00:00,1.6575000000000002
2013-05-08 23:00:00,1.6659000000000002
2013-05-10 23:00:00,1.6469000000000003
2013-05-13 23:00:00,1.6461000000000001
2013-05-14 23:00:00,1.6347
2013-05-15 23:00:00,1.6323
2013-05-16 23:00:00,1.6416000000000002
2013-05-17 23:00:00,1.6315000000000002
2013-05-20 23:00:00,1.6324
2013-05-21 23:00:00,1.6249000000000002
2013-05-22 23:00:00,1.6189000000000002
2013-05-23 23:00:00,1.6181
2013-05-24 23:00:00,1.6250000000000002
2013-05-27 23:00:00,1.6222
2013-05-28 23:00:00,1.6159000000000001
2013-05-29 23:00:00,1.6233000000000002
2013-05-30 23:00:00,1.6316000000000002
2013-05-31 23:00:00,1.6282
2013-06-03 23:00:00,1.6401000000000001
2013-06-04 23:00:00,1.6392000000000002
2013-06-05 23:00:00,1.6486
2013-06-06 23:00:00,1.6606
2013-06-07 23:00:00,1.6629
2013-06-10 23:00:00,1.6648
2013-06-11 23:00:00,1.6733000000000002
2013-06-13 23:00:00,1.6782000000000001
2013-06-14 23:00:00,1.6796000000000002
2013-06-17 23:00:00,1.6838000000000002
2013-06-18 23:00:00,1.6721000000000001
2013-06-19 23:00:00,1.6786000000000003
2013-06-20 23:00:00,1.6579000000000002
2013-06-21 23:00:00,1.6503000000000003
2013-06-24 23:00:00,1.6529000000000003
2013-06-25 23:00:00,1.6533000000000002
2013-06-26 23:00:00,1.6475000000000002
2013-06-27 23:00:00,1.6345000000000003
2013-06-28 23:00:00,1.6378000000000001
2013-07-01 23:00:00,1.6354000000000002
2013-07-02 23:00:00,1.6292000000000002
2013-07-03 23:00:00,1.6387000000000003
2013-07-04 23:00:00,1.6178000000000001
2013-07-05 23:00:00,1.6018000000000003
2013-07-08 23:00:00,1.6057000000000001
2013-07-09 23:00:00,1.5948000000000002
2013-07-10 23:00:00,1.6037000000000001
2013-07-11 23:00:00,1.6242000000000003
2013-07-12 23:00:00,1.6251000000000002
2013-07-15 23:00:00,1.6218000000000001
2013-07-16 23:00:00,1.6213000000000002
2013-07-17 23:00:00,1.6301000000000003
2013-07-18 23:00:00,1.6323000000000003
2013-07-19 23:00:00,1.6378000000000001
2013-07-22 23:00:00,1.6491000000000002
2013-07-23 23:00:00,1.6484000000000003
2013-07-24 23:00:00,1.6492000000000002
2013-07-25 23:00:00,1.6433000000000002
2013-07-26 23:00:00,1.6510000000000002
2013-07-29 23:00:00,1.6464000000000003
2013-07-30 23:00:00,1.6374000000000002
2013-07-31 23:00:00,1.6288000000000002
2013-08-01 23:00:00,1.6283000000000003
2013-08-02 23:00:00,1.6392000000000002
2013-08-05 23:00:00,1.6454000000000002
2013-08-06 23:00:00,1.6500000000000001
2013-08-07 23:00:00,1.6613000000000002
2013-08-08 23:00:00,1.6694000000000002
2013-08-09 23:00:00,1.6645000000000003
2013-08-12 23:00:00,1.6602000000000003
2013-08-13 23:00:00,1.6573000000000002
2013-08-14 23:00:00,1.6657000000000002
2013-08-15 23:00:00,1.6682000000000001
2013-08-16 23:00:00,1.6741000000000001
2013-08-19 23:00:00,1.6780000000000002
2013-08-20 23:00:00,1.6795000000000002
2013-08-21 23:00:00,1.6812000000000002
2013-08-22 23:00:00,1.6692000000000002
2013-08-23 23:00:00,1.6718000000000002
2013-08-26 23:00:00,1.6702000000000001
2013-08-27 23:00:00,1.6654000000000002
2013-08-28 23:00:00,1.6647000000000003
2013-08-29 23:00:00,1.6621000000000001
2013-08-30 23:00:00,1.6608000000000003
2013-09-02 23:00:00,1.6693000000000002
2013-09-03 23:00:00,1.6665000000000003
2013-09-04 23:00:00,1.6740000000000002
2013-09-05 23:00:00,1.6706000000000003
2013-09-06 23:00:00,1.6744000000000003
2013-09-09 23:00:00,1.6840000000000002
2013-09-10 23:00:00,1.6849000000000003
2013-09-11 23:00:00,1.6927000000000003
2013-09-12 23:00:00,1.6957000000000002
2013-09-13 23:00:00,1.6981000000000002
2013-09-16 23:00:00,1.7060000000000002
2013-09-17 23:00:00,1.7023000000000001
2013-09-18 23:00:00,1.7092000000000003
2013-09-19 23:00:00,1.7186000000000001
2013-09-20 23:00:00,1.713
2013-09-23 23:00:00,1.7152
2013-09-24 23:00:00,1.7116000000000002
2013-09-25 23:00:00,1.7196000000000002
2013-09-26 23:00:00,1.7139000000000002
2013-09-27 23:00:00,1.7240000000000002
2013-09-30 23:00:00,1.7279000000000002
2013-10-01 23:00:00,1.7324000000000002
2013-10-02 23:00:00,1.7360000000000002
2013-10-03 23:00:00,1.7293
2013-10-04 23:00:00,1.7198000000000002
2013-10-07 23:00:00,1.719
2013-10-08 23:00:00,1.7234000000000003
2013-10-09 23:00:00,1.7063000000000001
2013-10-10 23:00:00,1.7082000000000002
2013-10-11 23:00:00,1.7067
2013-10-14 23:00:00,1.7139000000000002
2013-10-15 23:00:00,1.7079000000000002
2013-10-16 23:00:00,1.7083000000000002
2013-10-17 23:00:00,1.7285000000000001
2013-10-18 23:00:00,1.7314000000000003
2013-10-21 23:00:00,1.7289
2013-10-22 23:00:00,1.7351
2013-10-23 23:00:00,1.7302000000000002
2013-10-24 23:00:00,1.7305000000000001
2013-10-25 23:00:00,1.7291
2013-10-28 23:00:00,1.7288000000000001
2013-10-29 23:00:00,1.7192
2013-10-30 23:00:00,1.7197000000000002
2013-10-31 23:00:00,1.7159000000000002
2013-11-01 23:00:00,1.7066000000000001
2013-11-05 23:00:00,1.7172
2013-11-06 23:00:00,1.7224000000000002
2013-11-07 23:00:00,1.7174000000000003
2013-11-08 23:00:00,1.7132000000000003
2013-11-11 23:00:00,1.7111
2013-11-12 23:00:00,1.7056000000000002
2013-11-13 23:00:00,1.7100000000000002
2013-11-14 23:00:00,1.7200000000000002
2013-11-15 23:00:00,1.7255000000000003
2013-11-18 23:00:00,1.7251
2013-11-19 23:00:00,1.7235000000000003
2013-11-20 23:00:00,1.7299000000000002
2013-11-21 23:00:00,1.7266000000000001
2013-11-22 23:00:00,1.733
2013-11-25 23:00:00,1.7305000000000001
2013-11-26 23:00:00,1.7277000000000002
2013-11-27 23:00:00,1.7424000000000002
2013-11-28 23:00:00,1.7487000000000001
2013-11-29 23:00:00,1.7453
2013-12-02 23:00:00,1.7508000000000001
2013-12-03 23:00:00,1.7528000000000001
2013-12-04 23:00:00,1.7479000000000002
2013-12-05 23:00:00,1.7462000000000002
2013-12-06 23:00:00,1.7494
2013-12-09 23:00:00,1.7511
2013-12-10 23:00:00,1.7572
2013-12-11 23:00:00,1.7538000000000002
2013-12-12 23:00:00,1.7496000000000003
2013-12-13 23:00:00,1.7411
2013-12-16 23:00:00,1.7444000000000002
2013-12-17 23:00:00,1.7394000000000003
2013-12-18 23:00:00,1.7524000000000002
2013-12-19 23:00:00,1.7474000000000003
2013-12-20 23:00:00,1.7481000000000002
2013-12-23 23:00:00,1.7469000000000003
2013-12-24 23:00:00,1.7503000000000002
2013-12-25 23:00:00,1.7475000000000003
2013-12-26 23:00:00,1.7551000000000003
2013-12-27 23:00:00,1.7662000000000002
2013-12-30 23:00:00,1.7624000000000002
2014-01-06 23:00:00,1.7547000000000004
2014-01-08 23:00:00,1.7571000000000003
2014-01-09 23:00:00,1.7599000000000002
2014-01-10 23:00:00,1.7599000000000002
2014-01-13 23:00:00,1.7506000000000004
2014-01-14 23:00:00,1.7558000000000002
2014-01-15 23:00:00,1.7489000000000003
2014-01-16 23:00:00,1.7499000000000002
2014-01-17 23:00:00,1.7574000000000003
2014-01-20 23:00:00,1.7574000000000003
2014-01-21 23:00:00,1.7606000000000004
2014-01-22 23:00:00,1.7688000000000004
2014-01-23 23:00:00,1.7739000000000003
2014-01-24 23:00:00,1.7654000000000003
2014-01-27 23:00:00,1.7718000000000003
2014-01-28 23:00:00,1.7743000000000002
2014-01-29 23:00:00,1.7694000000000003
2014-01-30 23:00:00,1.7634000000000003
2014-01-31 23:00:00,1.7610000000000003
2014-02-03 23:00:00,1.7486000000000004
2014-02-04 23:00:00,1.7444000000000002
2014-02-05 23:00:00,1.7426000000000004
2014-02-06 23:00:00,1.7454000000000003
2014-02-07 23:00:00,1.7521000000000002
2014-02-10 23:00:00,1.7544000000000002
2014-02-11 23:00:00,1.7577000000000003
2014-02-12 23:00:00,1.7694000000000003
2014-02-13 23:00:00,1.7769000000000004
2014-02-14 23:00:00,1.7854000000000003
2014-02-17 23:00:00,1.7859000000000003
2014-02-18 23:00:00,1.7855000000000003
2014-02-19 23:00:00,1.7815000000000003
2014-02-20 23:00:00,1.7834000000000003
2014-02-21 23:00:00,1.7866000000000002
2014-02-24 23:00:00,1.7757000000000003
2014-02-25 23:00:00,1.7864000000000002
2014-02-26 23:00:00,1.7803000000000002
2014-02-27 23:00:00,1.7812000000000003
2014-02-28 23:00:00,1.7853000000000003
2014-03-03 23:00:00,1.7868000000000004
2014-03-04 23:00:00,1.7835000000000003
2014-03-05 23:00:00,1.7849000000000004
2014-03-06 23:00:00,1.7884000000000002
2014-03-07 23:00:00,1.7885000000000002
2014-03-11 23:00:00,1.7772000000000003
2014-03-12 23:00:00,1.7744000000000002
2014-03-13 23:00:00,1.7835000000000003
2014-03-14 23:00:00,1.7764000000000002
2014-03-17 23:00:00,1.7804000000000002
2014-03-18 23:00:00,1.7728000000000002
2014-03-19 23:00:00,1.7764000000000002
2014-03-20 23:00:00,1.7645000000000002
2014-03-21 23:00:00,1.7639000000000002
2014-03-24 23:00:00,1.7633
2014-03-25 23:00:00,1.7661000000000002
2014-03-26 23:00:00,1.7707000000000002
2014-03-27 23:00:00,1.7788000000000002
2014-03-28 23:00:00,1.7780000000000002
2014-03-31 23:00:00,1.7811000000000001
2014-04-01 23:00:00,1.7785000000000002
2014-04-02 23:00:00,1.7784000000000002
2014-04-03 23:00:00,1.7732
2014-04-04 23:00:00,1.7734
2014-04-07 23:00:00,1.7759000000000003
2014-04-08 23:00:00,1.7882000000000002
2014-04-09 23:00:00,1.7899000000000003
2014-04-10 23:00:00,1.7915
2014-04-11 23:00:00,1.7879000000000003
2014-04-14 23:00:00,1.7868000000000002
2014-04-15 23:00:00,1.7885000000000002
2014-04-16 23:00:00,1.7950000000000002
2014-04-17 23:00:00,1.7957
2014-04-18 23:00:00,1.7936
2014-04-21 23:00:00,1.7941000000000003
2014-04-22 23:00:00,1.7963000000000002
2014-04-23 23:00:00,1.7931000000000001
2014-04-24 23:00:00,1.7945000000000002
2014-04-25 23:00:00,1.7961000000000003
2014-04-28 23:00:00,1.7967000000000002
2014-04-29 23:00:00,1.7979000000000003
2014-04-30 23:00:00,1.8006000000000002
2014-05-02 23:00:00,1.8024000000000002
2014-05-05 23:00:00,1.8009000000000002
2014-05-06 23:00:00,1.8133000000000001
2014-05-07 23:00:00,1.8111000000000002
2014-05-08 23:00:00,1.8105000000000002
2014-05-12 23:00:00,1.8032000000000001
2014-05-13 23:00:00,1.7984000000000002
2014-05-14 23:00:00,1.7929000000000002
2014-05-15 23:00:00,1.7950000000000002
2014-05-16 23:00:00,1.7975
2014-05-19 23:00:00,1.7989000000000002
2014-05-20 23:00:00,1.7986000000000002
2014-05-21 23:00:00,1.8034000000000001
2014-05-22 23:00:00,1.8008000000000002
2014-05-23 23:00:00,1.7988000000000002
2014-05-26 23:00:00,1.7997
2014-05-27 23:00:00,1.7954
2014-05-28 23:00:00,1.7858000000000003
2014-05-29 23:00:00,1.7871000000000001
2014-05-30 23:00:00,1.7918
2014-06-02 23:00:00,1.7907000000000002
2014-06-03 23:00:00,1.7885000000000002
2014-06-04 23:00:00,1.7904000000000002
2014-06-05 23:00:00,1.7936
2014-06-06 23:00:00,1.7945000000000002
2014-06-09 23:00:00,1.7947000000000002
2014-06-10 23:00:00,1.7916
2014-06-11 23:00:00,1.7941000000000003
2014-06-13 23:00:00,1.8096
2014-06-16 23:00:00,1.8130000000000002
2014-06-17 23:00:00,1.8095
2014-06-18 23:00:00,1.8085000000000002
2014-06-19 23:00:00,1.8197
2014-06-20 23:00:00,1.8162000000000003
2014-06-23 23:00:00,1.816
2014-06-24 23:00:00,1.8123000000000002
2014-06-25 23:00:00,1.8133000000000001
2014-06-26 23:00:00,1.8161
2014-06-27 23:00:00,1.8165000000000002
2014-06-30 23:00:00,1.8230000000000002
2014-07-01 23:00:00,1.8290000000000002
2014-07-02 23:00:00,1.8308000000000002
2014-07-03 23:00:00,1.8288000000000002
2014-07-04 23:00:00,1.8294000000000001
2014-07-07 23:00:00,1.8265000000000002
2014-07-08 23:00:00,1.8262000000000003
2014-07-09 23:00:00,1.8286000000000002
2014-07-10 23:00:00,1.8266000000000002
2014-07-11 23:00:00,1.8251000000000002
2014-07-14 23:00:00,1.8228000000000002
2014-07-15 23:00:00,1.83
2014-07-16 23:00:00,1.8287000000000002
2014-07-17 23:00:00,1.8247000000000002
2014-07-18 23:00:00,1.8214000000000001
2014-07-21 23:00:00,1.8210000000000002
2014-07-22 23:00:00,1.8197
2014-07-23 23:00:00,1.8181
2014-07-24 23:00:00,1.8144000000000002
2014-07-25 23:00:00,1.814
2014-07-28 23:00:00,1.8145000000000002
2014-07-29 23:00:00,1.8098
2014-07-30 23:00:00,1.8044000000000002
2014-07-31 23:00:00,1.8055
2014-08-01 23:00:00,1.8005000000000002
2014-08-04 23:00:00,1.7995
2014-08-05 23:00:00,1.8001000000000003
2014-08-06 23:00:00,1.7985000000000002
2014-08-07 23:00:00,1.7991000000000001
2014-08-08 23:00:00,1.7954
2014-08-11 23:00:00,1.7939
2014-08-12 23:00:00,1.7944000000000002
2014-08-13 23:00:00,1.7847000000000002
2014-08-14 23:00:00,1.7836
2014-08-15 23:00:00,1.7842000000000002
2014-08-18 23:00:00,1.7867000000000002
2014-08-19 23:00:00,1.7768000000000002
2014-08-20 23:00:00,1.7802000000000002
2014-08-21 23:00:00,1.7743000000000002
2014-08-22 23:00:00,1.7725000000000002
2014-08-25 23:00:00,1.7740000000000002
2014-08-26 23:00:00,1.7733
2014-08-27 23:00:00,1.7750000000000001
2014-08-28 23:00:00,1.7731000000000001
2014-08-29 23:00:00,1.7761000000000002
2014-09-01 23:00:00,1.7780000000000002
2014-09-02 23:00:00,1.7659000000000002
2014-09-03 23:00:00,1.7624000000000002
2014-09-04 23:00:00,1.7575
2014-09-05 23:00:00,1.7484000000000002
2014-09-08 23:00:00,1.7336000000000003
2014-09-09 23:00:00,1.7269
2014-09-10 23:00:00,1.7300000000000002
2014-09-11 23:00:00,1.7395000000000003
2014-09-12 23:00:00,1.7365000000000002
2014-09-15 23:00:00,1.7400000000000002
2014-09-16 23:00:00,1.7387000000000001
2014-09-17 23:00:00,1.7500000000000002
2014-09-18 23:00:00,1.7560000000000002
2014-09-19 23:00:00,1.7482000000000002
2014-09-22 23:00:00,1.7518000000000002
2014-09-23 23:00:00,1.7523000000000002
2014-09-24 23:00:00,1.7509000000000001
2014-09-25 23:00:00,1.7499000000000002
2014-09-26 23:00:00,1.7409000000000001
2014-09-29 23:00:00,1.7400000000000002
2014-09-30 23:00:00,1.7381000000000002
2014-10-01 23:00:00,1.7383000000000002
2014-10-02 23:00:00,1.7321000000000002
2014-10-03 23:00:00,1.7123000000000002
2014-10-06 23:00:00,1.7169
2014-10-07 23:00:00,1.7271
2014-10-08 23:00:00,1.7232
2014-10-09 23:00:00,1.7352
2014-10-10 23:00:00,1.719
2014-10-13 23:00:00,1.7235
2014-10-14 23:00:00,1.7111
2014-10-15 23:00:00,1.7149
2014-10-16 23:00:00,1.7212
2014-10-17 23:00:00,1.7252
2014-10-20 23:00:00,1.7307000000000001
2014-10-21 23:00:00,1.7319000000000002
2014-10-22 23:00:00,1.7212
2014-10-23 23:00:00,1.7208
2014-10-24 23:00:00,1.7244000000000002
2014-10-27 23:00:00,1.7307000000000001
2014-10-28 23:00:00,1.7337000000000002
2014-10-29 23:00:00,1.7324000000000002
2014-10-30 23:00:00,1.7199000000000002
2014-10-31 23:00:00,1.7163000000000002
2014-11-03 23:00:00,1.7165000000000001
2014-11-05 23:00:00,1.7138000000000002
2014-11-06 23:00:00,1.7067
2014-11-07 23:00:00,1.7021000000000002
2014-11-10 23:00:00,1.7041000000000002
2014-11-11 23:00:00,1.7049
2014-11-12 23:00:00,1.7005000000000001
2014-11-13 23:00:00,1.6912
2014-11-14 23:00:00,1.6827
2014-11-17 23:00:00,1.6811
2014-11-18 23:00:00,1.6817000000000002
2014-11-19 23:00:00,1.6829
2014-11-20 23:00:00,1.689
2014-11-21 23:00:00,1.6846
2014-11-24 23:00:00,1.6878000000000002
2014-11-25 23:00:00,1.689
2014-11-26 23:00:00,1.6960000000000002
2014-11-27 23:00:00,1.6912
2014-11-28 23:00:00,1.6828
2014-12-01 23:00:00,1.6913000000000002
2014-12-02 23:00:00,1.6826
2014-12-03 23:00:00,1.6880000000000002
2014-12-04 23:00:00,1.6851
2014-12-05 23:00:00,1.6765
2014-12-08 23:00:00,1.6806
2014-12-09 23:00:00,1.687
2014-12-10 23:00:00,1.6873000000000002
2014-12-11 23:00:00,1.6872
2014-12-12 23:00:00,1.6903000000000001
2014-12-15 23:00:00,1.6839000000000002
2014-12-16 23:00:00,1.6970000000000003
2014-12-17 23:00:00,1.6900000000000002
2014-12-18 23:00:00,1.6881000000000002
2014-12-19 23:00:00,1.6860000000000002
2014-12-22 23:00:00,1.6830000000000003
2014-12-23 23:00:00,1.6720000000000002
2014-12-24 23:00:00,1.6759000000000002
2014-12-25 23:00:00,1.6786000000000003
2014-12-26 23:00:00,1.6783000000000001
2014-12-29 23:00:00,1.6758000000000002
2014-12-30 23:00:00,1.6784000000000001
2015-01-05 23:00:00,1.6430000000000002
2015-01-06 23:00:00,1.6390000000000002
2015-01-08 23:00:00,1.6235000000000002
2015-01-09 23:00:00,1.6246000000000003
2015-01-12 23:00:00,1.6381000000000001
2015-01-13 23:00:00,1.6375000000000002
2015-01-14 23:00:00,1.6446000000000003
2015-01-15 23:00:00,1.6411000000000002
2015-01-16 23:00:00,1.6383000000000003
2015-01-19 23:00:00,1.6381000000000001
2015-01-20 23:00:00,1.6400000000000001
2015-01-21 23:00:00,1.6333000000000002
2015-01-22 23:00:00,1.6322000000000003
2015-01-23 23:00:00,1.6241000000000003
2015-01-26 23:00:00,1.6274000000000002
2015-01-27 23:00:00,1.6441000000000001
2015-01-28 23:00:00,1.6405000000000003
2015-01-29 23:00:00,1.6328000000000003
2015-01-30 23:00:00,1.6220000000000003
2015-02-02 23:00:00,1.6285000000000003
2015-02-03 23:00:00,1.6310000000000002
2015-02-04 23:00:00,1.6475000000000002
2015-02-05 23:00:00,1.6528000000000003
2015-02-06 23:00:00,1.6480000000000001
2015-02-09 23:00:00,1.6448000000000003
2015-02-10 23:00:00,1.6459000000000001
2015-02-11 23:00:00,1.6483000000000003
2015-02-12 23:00:00,1.6582000000000001
2015-02-13 23:00:00,1.6632000000000002
2015-02-16 23:00:00,1.6607000000000003
2015-02-17 23:00:00,1.6543000000000003
2015-02-18 23:00:00,1.6669000000000003
2015-02-19 23:00:00,1.6660000000000001
2015-02-20 23:00:00,1.6604000000000003
2015-02-24 23:00:00,1.6680000000000001
2015-02-25 23:00:00,1.6727000000000003
2015-02-26 23:00:00,1.6648000000000003
2015-02-27 23:00:00,1.6662000000000001
2015-03-02 23:00:00,1.6590000000000003
2015-03-03 23:00:00,1.6601000000000001
2015-03-04 23:00:00,1.6503000000000003
2015-03-05 23:00:00,1.6457000000000002
2015-03-06 23:00:00,1.6300000000000001
2015-03-10 23:00:00,1.6318000000000001
2015-03-11 23:00:00,1.6200000000000003
2015-03-12 23:00:00,1.6140000000000003
2015-03-13 23:00:00,1.5963000000000003
2015-03-16 23:00:00,1.6010000000000002
2015-03-17 23:00:00,1.5949000000000002
2015-03-18 23:00:00,1.5863
2015-03-19 23:00:00,1.5957000000000001
2015-03-20 23:00:00,1.6084
2015-03-23 23:00:00,1.6088000000000002
2015-03-24 23:00:00,1.6064
2015-03-25 23:00:00,1.6106000000000003
2015-03-26 23:00:00,1.6072000000000002
2015-03-27 23:00:00,1.6106000000000003
2015-03-30 23:00:00,1.6002
2015-03-31 23:00:00,1.6066000000000003
2015-04-01 23:00:00,1.6038000000000001
2015-04-02 23:00:00,1.6050000000000002
2015-04-03 23:00:00,1.6128000000000002
2015-04-06 23:00:00,1.6182
2015-04-07 23:00:00,1.6066000000000003
2015-04-08 23:00:00,1.6136000000000001
2015-04-09 23:00:00,1.5955000000000001
2015-04-10 23:00:00,1.5852000000000002
2015-04-13 23:00:00,1.5871000000000002
2015-04-14 23:00:00,1.5984
2015-04-15 23:00:00,1.5998
2015-04-16 23:00:00,1.6118000000000001
2015-04-17 23:00:00,1.6151000000000002
2015-04-20 23:00:00,1.6114000000000002
2015-04-21 23:00:00,1.6158000000000001
2015-04-22 23:00:00,1.6234000000000002
2015-04-23 23:00:00,1.6257000000000001
2015-04-24 23:00:00,1.6386
2015-04-27 23:00:00,1.6432000000000002
2015-04-28 23:00:00,1.6540000000000001
2015-04-29 23:00:00,1.6650000000000003
2015-04-30 23:00:00,1.6557000000000002
2015-05-05 23:00:00,1.6399000000000001
2015-05-06 23:00:00,1.6452000000000002
2015-05-07 23:00:00,1.6448000000000003
2015-05-08 23:00:00,1.6666
2015-05-12 23:00:00,1.6877000000000002
2015-05-13 23:00:00,1.6954000000000002
2015-05-14 23:00:00,1.6962000000000002
2015-05-15 23:00:00,1.6991
2015-05-18 23:00:00,1.6896000000000002
2015-05-19 23:00:00,1.6722000000000001
2015-05-20 23:00:00,1.6754000000000002
2015-05-21 23:00:00,1.691
2015-05-22 23:00:00,1.6718000000000002
2015-05-25 23:00:00,1.6678000000000002
2015-05-26 23:00:00,1.6616000000000002
2015-05-27 23:00:00,1.6542000000000001
2015-05-28 23:00:00,1.6491000000000002
2015-05-29 23:00:00,1.6479000000000001
2015-06-01 23:00:00,1.6396000000000002
2015-06-02 23:00:00,1.6541000000000001
2015-06-03 23:00:00,1.6559000000000001
2015-06-04 23:00:00,1.6565
2015-06-05 23:00:00,1.6456000000000002
2015-06-08 23:00:00,1.6508
2015-06-09 23:00:00,1.6573000000000002
2015-06-10 23:00:00,1.6734000000000002
2015-06-11 23:00:00,1.6704
2015-06-15 23:00:00,1.6733000000000002
2015-06-16 23:00:00,1.6795000000000002
2015-06-17 23:00:00,1.6883000000000001
2015-06-18 23:00:00,1.7075000000000002
2015-06-19 23:00:00,1.7065000000000001
2015-06-22 23:00:00,1.7001000000000002
2015-06-23 23:00:00,1.6930000000000003
2015-06-24 23:00:00,1.6889000000000003
2015-06-25 23:00:00,1.6916000000000002
2015-06-26 23:00:00,1.6921000000000002
2015-06-29 23:00:00,1.6963000000000001
2015-06-30 23:00:00,1.6908
2015-07-01 23:00:00,1.6798000000000002
2015-07-02 23:00:00,1.6809000000000003
2015-07-03 23:00:00,1.6757000000000002
2015-07-06 23:00:00,1.6803000000000001
2015-07-07 23:00:00,1.6629000000000003
2015-07-08 23:00:00,1.6529000000000003
2015-07-09 23:00:00,1.6570000000000003
2015-07-10 23:00:00,1.6667000000000003
2015-07-13 23:00:00,1.6721000000000001
2015-07-14 23:00:00,1.6772000000000002
2015-07-15 23:00:00,1.6800000000000002
2015-07-16 23:00:00,1.6781000000000001
2015-07-17 23:00:00,1.6813000000000002
2015-07-20 23:00:00,1.6773000000000002
2015-07-21 23:00:00,1.6739000000000002
2015-07-22 23:00:00,1.6803000000000001
2015-07-23 23:00:00,1.6714000000000002
2015-07-24 23:00:00,1.6705
2015-07-27 23:00:00,1.6782000000000001
2015-07-28 23:00:00,1.6791000000000003
2015-07-29 23:00:00,1.6816000000000002
2015-07-30 23:00:00,1.6800000000000002
2015-07-31 23:00:00,1.6827
2015-08-03 23:00:00,1.6782000000000001
2015-08-04 23:00:00,1.6809000000000003
2015-08-05 23:00:00,1.6787
2015-08-06 23:00:00,1.6694000000000002
2015-08-07 23:00:00,1.6649000000000003
2015-08-10 23:00:00,1.6730000000000003
2015-08-11 23:00:00,1.6776000000000002
2015-08-12 23:00:00,1.6829000000000003
2015-08-13 23:00:00,1.6784000000000001
2015-08-14 23:00:00,1.6799000000000002
2015-08-17 23:00:00,1.6784000000000001
2015-08-18 23:00:00,1.6848
2015-08-19 23:00:00,1.6839000000000002
2015-08-20 23:00:00,1.6870000000000003
2015-08-21 23:00:00,1.6878000000000002
2015-08-24 23:00:00,1.6928
2015-08-25 23:00:00,1.6887
2015-08-26 23:00:00,1.6686
2015-08-27 23:00:00,1.6590000000000003
2015-08-28 23:00:00,1.6551000000000002
2015-08-31 23:00:00,1.6551000000000002
2015-09-01 23:00:00,1.6533000000000002
2015-09-02 23:00:00,1.6490000000000002
2015-09-03 23:00:00,1.6428000000000003
2015-09-04 23:00:00,1.6380000000000001
2015-09-07 23:00:00,1.6475000000000002
2015-09-08 23:00:00,1.6563
2015-09-09 23:00:00,1.6564
2015-09-10 23:00:00,1.6662000000000001
2015-09-11 23:00:00,1.6614000000000002
2015-09-14 23:00:00,1.6605
2015-09-15 23:00:00,1.6620000000000001
2015-09-16 23:00:00,1.6768
2015-09-17 23:00:00,1.6766
2015-09-18 23:00:00,1.6833
2015-09-21 23:00:00,1.6761000000000001
2015-09-22 23:00:00,1.663
2015-09-23 23:00:00,1.6505
2015-09-24 23:00:00,1.6519000000000001
2015-09-25 23:00:00,1.6418000000000001
2015-09-28 23:00:00,1.6461000000000001
2015-09-29 23:00:00,1.6420000000000001
2015-09-30 23:00:00,1.6388
2015-10-01 23:00:00,1.6411
2015-10-02 23:00:00,1.6475
2015-10-05 23:00:00,1.6429
2015-10-06 23:00:00,1.6480000000000001
2015-10-07 23:00:00,1.6565
2015-10-08 23:00:00,1.6565
2015-10-09 23:00:00,1.6565
2015-10-12 23:00:00,1.6605
2015-10-13 23:00:00,1.6504
2015-10-14 23:00:00,1.6697
2015-10-15 23:00:00,1.6765
2015-10-16 23:00:00,1.6694
2015-10-19 23:00:00,1.673
2015-10-20 23:00:00,1.6731
2015-10-21 23:00:00,1.6729
2015-10-22 23:00:00,1.6673
2015-10-23 23:00:00,1.6592
2015-10-26 23:00:00,1.6612
2015-10-27 23:00:00,1.6552
2015-10-28 23:00:00,1.6598000000000002
2015-10-29 23:00:00,1.6555
2015-10-30 23:00:00,1.6685
2015-11-02 23:00:00,1.6707
2015-11-03 23:00:00,1.6647
2015-11-05 23:00:00,1.6518000000000002
2015-11-06 23:00:00,1.6333
2015-11-09 23:00:00,1.6358000000000001
2015-11-10 23:00:00,1.6378000000000001
2015-11-11 23:00:00,1.6465
2015-11-12 23:00:00,1.6469
2015-11-13 23:00:00,1.6463
2015-11-16 23:00:00,1.6460000000000001
2015-11-17 23:00:00,1.6480000000000001
2015-11-18 23:00:00,1.6471
2015-11-19 23:00:00,1.6546
2015-11-20 23:00:00,1.649
2015-11-23 23:00:00,1.6412
2015-11-24 23:00:00,1.6327
2015-11-25 23:00:00,1.6354
2015-11-26 23:00:00,1.6380000000000001
2015-11-27 23:00:00,1.6312
2015-11-30 23:00:00,1.6306
2015-12-01 23:00:00,1.6336000000000002
2015-12-02 23:00:00,1.6215000000000002
2015-12-03 23:00:00,1.6306
2015-12-04 23:00:00,1.6394
2015-12-07 23:00:00,1.6340000000000001
2015-12-08 23:00:00,1.6256000000000002
2015-12-09 23:00:00,1.643
2015-12-10 23:00:00,1.6426
2015-12-11 23:00:00,1.6479000000000001
2015-12-14 23:00:00,1.6417000000000002
2015-12-15 23:00:00,1.6349
2015-12-16 23:00:00,1.6271
2015-12-17 23:00:00,1.6178
2015-12-18 23:00:00,1.6176
2015-12-21 23:00:00,1.6175
2015-12-22 23:00:00,1.6117
2015-12-23 23:00:00,1.6149
2015-12-24 23:00:00,1.6197
2015-12-25 23:00:00,1.6205
2015-12-28 23:00:00,1.616
2015-12-29 23:00:00,1.6072
2015-12-30 23:00:00,1.6099
2016-01-04 23:00:00,1.5978
2016-01-05 23:00:00,1.5913
2016-01-06 23:00:00,1.5882
2016-01-11 23:00:00,1.5818
2016-01-12 23:00:00,1.565
2016-01-13 23:00:00,1.5697
2016-01-14 23:00:00,1.5677
2016-01-15 23:00:00,1.5588
2016-01-18 23:00:00,1.5561
2016-01-19 23:00:00,1.5424
2016-01-20 23:00:00,1.5476
2016-01-21 23:00:00,1.5417
2016-01-22 23:00:00,1.5625
2016-01-25 23:00:00,1.5538
2016-01-26 23:00:00,1.5591
2016-01-27 23:00:00,1.5521
2016-01-28 23:00:00,1.5668
2016-01-29 23:00:00,1.5478
2016-02-01 23:00:00,1.5644
2016-02-02 23:00:00,1.5651
2016-02-03 23:00:00,1.5833
2016-02-04 23:00:00,1.5873
2016-02-05 23:00:00,1.5751
2016-02-08 23:00:00,1.5653
2016-02-09 23:00:00,1.5719
2016-02-10 23:00:00,1.5749
2016-02-11 23:00:00,1.5733
2016-02-12 23:00:00,1.574
2016-02-15 23:00:00,1.5717
2016-02-16 23:00:00,1.5588
2016-02-17 23:00:00,1.5575
2016-02-18 23:00:00,1.5615
2016-02-19 23:00:00,1.555
2016-02-20 23:00:00,1.5662
2016-02-22 23:00:00,1.5407
2016-02-24 23:00:00,1.5217
2016-02-25 23:00:00,1.5208
2016-02-26 23:00:00,1.5159
2016-02-29 23:00:00,1.5156
2016-03-01 23:00:00,1.5196
2016-03-02 23:00:00,1.5329
2016-03-03 23:00:00,1.5412
2016-03-04 23:00:00,1.5455
2016-03-07 23:00:00,1.5475
2016-03-09 23:00:00,1.5501
2016-03-10 23:00:00,1.5546
2016-03-11 23:00:00,1.5639
2016-03-14 23:00:00,1.5593
2016-03-15 23:00:00,1.5434
2016-03-16 23:00:00,1.5356
2016-03-17 23:00:00,1.5723000000000003
2016-03-18 23:00:00,1.5748000000000002
2016-03-21 23:00:00,1.5658
2016-03-22 23:00:00,1.5481000000000003
2016-03-23 23:00:00,1.5405000000000002
2016-03-24 23:00:00,1.5404000000000002
2016-03-25 23:00:00,1.5406000000000002
2016-03-28 23:00:00,1.5518
2016-03-29 23:00:00,1.5529000000000002
2016-03-30 23:00:00,1.5648000000000002
2016-03-31 23:00:00,1.5637
2016-04-01 23:00:00,1.5459
2016-04-04 23:00:00,1.5527000000000002
2016-04-05 23:00:00,1.5420000000000003
2016-04-06 23:00:00,1.5396
2016-04-07 23:00:00,1.5352000000000001
2016-04-08 23:00:00,1.5371000000000001
2016-04-11 23:00:00,1.5511000000000001
2016-04-12 23:00:00,1.5509000000000002
2016-04-13 23:00:00,1.5464000000000002
2016-04-14 23:00:00,1.5397
2016-04-15 23:00:00,1.5475
2016-04-18 23:00:00,1.5536
2016-04-19 23:00:00,1.5649000000000002
2016-04-20 23:00:00,1.5635000000000001
2016-04-21 23:00:00,1.5579
2016-04-22 23:00:00,1.5637
2016-04-25 23:00:00,1.5749000000000002
2016-04-26 23:00:00,1.5852000000000002
2016-04-27 23:00:00,1.5803000000000003
2016-04-28 23:00:00,1.5855000000000001
2016-04-29 23:00:00,1.5882
2016-05-04 23:00:00,1.574
2016-05-05 23:00:00,1.5751000000000002
2016-05-06 23:00:00,1.5705000000000002
2016-05-10 23:00:00,1.5713000000000001
2016-05-11 23:00:00,1.5733000000000001
2016-05-12 23:00:00,1.5732000000000002
2016-05-13 23:00:00,1.5613000000000001
2016-05-16 23:00:00,1.5671000000000002
2016-05-17 23:00:00,1.5735000000000001
2016-05-18 23:00:00,1.5872000000000002
2016-05-19 23:00:00,1.5850000000000002
2016-05-20 23:00:00,1.5778
2016-05-23 23:00:00,1.5714000000000001
2016-05-24 23:00:00,1.5877000000000001
2016-05-25 23:00:00,1.5956000000000001
2016-05-26 23:00:00,1.5934000000000001
2016-05-27 23:00:00,1.5892000000000002
2016-05-30 23:00:00,1.5885000000000002
2016-05-31 23:00:00,1.5795000000000001
2016-06-01 23:00:00,1.5672000000000001
2016-06-02 23:00:00,1.5689000000000002
2016-06-03 23:00:00,1.5787000000000002
2016-06-06 23:00:00,1.5727000000000002
2016-06-07 23:00:00,1.5833000000000002
2016-06-08 23:00:00,1.5806000000000002
2016-06-09 23:00:00,1.5732000000000002
2016-06-10 23:00:00,1.56
2016-06-14 23:00:00,1.5381000000000002
2016-06-15 23:00:00,1.5452000000000001
2016-06-16 23:00:00,1.5315
2016-06-17 23:00:00,1.5527000000000002
2016-06-20 23:00:00,1.5923
2016-06-21 23:00:00,1.5914000000000001
2016-06-22 23:00:00,1.5936000000000001
2016-06-23 23:00:00,1.6064
2016-06-24 23:00:00,1.4895
2016-06-27 23:00:00,1.4473
2016-06-28 23:00:00,1.4560000000000002
2016-06-29 23:00:00,1.475
2016-06-30 23:00:00,1.4512
2016-07-01 23:00:00,1.4533
2016-07-04 23:00:00,1.4567
2016-07-05 23:00:00,1.4295000000000002
2016-07-06 23:00:00,1.4195000000000002
2016-07-07 23:00:00,1.4183000000000001
2016-07-08 23:00:00,1.4215000000000002
2016-07-11 23:00:00,1.4241000000000001
2016-07-12 23:00:00,1.449
2016-07-13 23:00:00,1.4434
2016-07-14 23:00:00,1.4606000000000001
2016-07-15 23:00:00,1.4479000000000002
2016-07-18 23:00:00,1.4540000000000002
2016-07-19 23:00:00,1.4388
2016-07-20 23:00:00,1.4415
2016-07-21 23:00:00,1.4455
2016-07-22 23:00:00,1.4329
2016-07-25 23:00:00,1.4377000000000002
2016-07-26 23:00:00,1.4377000000000002
2016-07-27 23:00:00,1.4346
2016-07-28 23:00:00,1.4380000000000002
2016-07-29 23:00:00,1.4523000000000001
2016-08-01 23:00:00,1.4461000000000002
2016-08-02 23:00:00,1.457
2016-08-03 23:00:00,1.4580000000000002
2016-08-04 23:00:00,1.4382000000000001
2016-08-05 23:00:00,1.4316000000000002
2016-08-08 23:00:00,1.4293
2016-08-09 23:00:00,1.4258000000000002
2016-08-10 23:00:00,1.4252
2016-08-11 23:00:00,1.4204
2016-08-12 23:00:00,1.4187
2016-08-15 23:00:00,1.4122000000000001
2016-08-16 23:00:00,1.427
2016-08-17 23:00:00,1.4251
2016-08-18 23:00:00,1.4400000000000002
2016-08-19 23:00:00,1.4311
2016-08-22 23:00:00,1.4373
2016-08-23 23:00:00,1.4427
2016-08-24 23:00:00,1.4477000000000002
2016-08-25 23:00:00,1.4431
2016-08-26 23:00:00,1.4412
2016-08-29 23:00:00,1.4327
2016-08-30 23:00:00,1.4325
2016-08-31 23:00:00,1.4359000000000002
2016-09-01 23:00:00,1.4535
2016-09-02 23:00:00,1.4544000000000001
2016-09-05 23:00:00,1.4555
2016-09-06 23:00:00,1.4671
2016-09-07 23:00:00,1.4586000000000001
2016-09-08 23:00:00,1.4543000000000001
2016-09-09 23:00:00,1.4511
2016-09-12 23:00:00,1.4552
2016-09-13 23:00:00,1.4427
2016-09-14 23:00:00,1.4440000000000002
2016-09-15 23:00:00,1.4489
2016-09-16 23:00:00,1.4373
2016-09-19 23:00:00,1.4337000000000002
2016-09-20 23:00:00,1.4251
2016-09-21 23:00:00,1.4259000000000002
2016-09-22 23:00:00,1.4373
2016-09-23 23:00:00,1.4246
2016-09-26 23:00:00,1.4265
2016-09-27 23:00:00,1.4279000000000002
2016-09-28 23:00:00,1.4273
2016-09-29 23:00:00,1.4266
2016-09-30 23:00:00,1.4293
2016-10-03 23:00:00,1.4112
2016-10-04 23:00:00,1.401
2016-10-05 23:00:00,1.4026
2016-10-06 23:00:00,1.3923
2016-10-07 23:00:00,1.3661
2016-10-10 23:00:00,1.3663
2016-10-11 23:00:00,1.3495000000000001
2016-10-12 23:00:00,1.3465
2016-10-13 23:00:00,1.3493000000000002
2016-10-14 23:00:00,1.3457000000000001
2016-10-17 23:00:00,1.3456000000000001
2016-10-18 23:00:00,1.3579
2016-10-19 23:00:00,1.3567
2016-10-20 23:00:00,1.3511000000000002
2016-10-21 23:00:00,1.3470000000000002
2016-10-24 23:00:00,1.3479
2016-10-25 23:00:00,1.3432000000000002
2016-10-26 23:00:00,1.3503
2016-10-27 23:00:00,1.3430000000000002
2016-10-28 23:00:00,1.3418
2016-10-31 23:00:00,1.3432000000000002
2016-11-01 23:00:00,1.3511000000000002
2016-11-02 23:00:00,1.3581
2016-11-03 23:00:00,1.3699000000000001
2016-11-07 23:00:00,1.366
2016-11-08 23:00:00,1.3658000000000001
2016-11-09 23:00:00,1.3688
2016-11-10 23:00:00,1.372
2016-11-11 23:00:00,1.3855000000000002
2016-11-14 23:00:00,1.3729
2016-11-15 23:00:00,1.3668
2016-11-16 23:00:00,1.3724
2016-11-17 23:00:00,1.3701
2016-11-18 23:00:00,1.3585
2016-11-21 23:00:00,1.3768
2016-11-22 23:00:00,1.3678000000000001
2016-11-23 23:00:00,1.3666
2016-11-24 23:00:00,1.3723
2016-11-25 23:00:00,1.3682
2016-11-28 23:00:00,1.3662
2016-11-29 23:00:00,1.3769
2016-11-30 23:00:00,1.3719000000000001
2016-12-01 23:00:00,1.3869
2016-12-02 23:00:00,1.3915000000000002
2016-12-05 23:00:00,1.3982
2016-12-06 23:00:00,1.3971
2016-12-07 23:00:00,1.3874000000000002
2016-12-08 23:00:00,1.3855000000000002
2016-12-09 23:00:00,1.3836000000000002
2016-12-12 23:00:00,1.3926
2016-12-13 23:00:00,1.3935000000000002
2016-12-14 23:00:00,1.3955000000000002
2016-12-15 23:00:00,1.3791000000000002
2016-12-16 23:00:00,1.3796000000000002
2016-12-19 23:00:00,1.3729000000000002
2016-12-20 23:00:00,1.3693000000000002
2016-12-21 23:00:00,1.3751000000000002
2016-12-22 23:00:00,1.3692000000000002
2016-12-23 23:00:00,1.3633000000000002
2016-12-26 23:00:00,1.3664
2016-12-27 23:00:00,1.3652000000000002
2016-12-28 23:00:00,1.3595000000000002
2016-12-29 23:00:00,1.3626
2016-12-30 23:00:00,1.3725
2017-01-03 23:00:00,1.3571000000000002
2017-01-04 23:00:00,1.3623
2017-01-05 23:00:00,1.3723
2017-01-06 23:00:00,1.3676000000000001
2017-01-09 23:00:00,1.3523
2017-01-10 23:00:00,1.3514000000000002
2017-01-11 23:00:00,1.3421
2017-01-12 23:00:00,1.3583
2017-01-13 23:00:00,1.3511000000000002
2017-01-16 23:00:00,1.3407000000000002
2017-01-17 23:00:00,1.37
2017-01-18 23:00:00,1.3694000000000002
2017-01-19 23:00:00,1.3659000000000001
2017-01-20 23:00:00,1.3677000000000001
2017-01-23 23:00:00,1.3832000000000002
2017-01-24 23:00:00,1.3822
2017-01-25 23:00:00,1.3948
2017-01-26 23:00:00,1.3927
2017-01-27 23:00:00,1.3919000000000001
2017-01-30 23:00:00,1.3867
2017-01-31 23:00:00,1.3899000000000001
2017-02-01 23:00:00,1.3992000000000002
2017-02-02 23:00:00,1.3889
2017-02-03 23:00:00,1.3855000000000002
2017-02-06 23:00:00,1.3797000000000001
2017-02-07 23:00:00,1.3749000000000002
2017-02-08 23:00:00,1.3858000000000001
2017-02-09 23:00:00,1.3889
2017-02-10 23:00:00,1.3816000000000002
2017-02-13 23:00:00,1.3830000000000002
2017-02-14 23:00:00,1.3798000000000001
2017-02-15 23:00:00,1.3791000000000002
2017-02-16 23:00:00,1.3839000000000001
2017-02-17 23:00:00,1.3771000000000002
2017-02-20 23:00:00,1.3812000000000002
2017-02-21 23:00:00,1.3781
2017-02-22 23:00:00,1.3811000000000002
2017-02-24 23:00:00,1.3847
2017-02-27 23:00:00,1.3779000000000001
2017-02-28 23:00:00,1.3799000000000001
2017-03-01 23:00:00,1.3655000000000002
2017-03-02 23:00:00,1.3626
2017-03-03 23:00:00,1.3615000000000002
2017-03-06 23:00:00,1.3601
2017-03-07 23:00:00,1.3544
2017-03-09 23:00:00,1.3495000000000001
2017-03-10 23:00:00,1.3512000000000002
2017-03-13 23:00:00,1.3593000000000002
2017-03-14 23:00:00,1.3490000000000002
2017-03-15 23:00:00,1.3550000000000002
2017-03-16 23:00:00,1.3687
2017-03-17 23:00:00,1.3692000000000002
2017-03-20 23:00:00,1.3701
2017-03-21 23:00:00,1.3801
2017-03-22 23:00:00,1.3793000000000002
2017-03-23 23:00:00,1.3833000000000002
2017-03-24 23:00:00,1.381
2017-03-27 23:00:00,1.3914000000000002
2017-03-28 23:00:00,1.3841
2017-03-29 23:00:00,1.3735000000000002
2017-03-30 23:00:00,1.3806
2017-03-31 23:00:00,1.3853000000000002
2017-04-03 23:00:00,1.3802
2017-04-04 23:00:00,1.3757000000000001
2017-04-05 23:00:00,1.3803
2017-04-06 23:00:00,1.3806
2017-04-07 23:00:00,1.3716000000000002
2017-04-10 23:00:00,1.3749
2017-04-11 23:00:00,1.3798000000000001
2017-04-12 23:00:00,1.3827
2017-04-13 23:00:00,1.3839000000000001
2017-04-14 23:00:00,1.3846
2017-04-17 23:00:00,1.3905
2017-04-18 23:00:00,1.4080000000000001
2017-04-19 23:00:00,1.4106
2017-04-20 23:00:00,1.4153000000000002
2017-04-21 23:00:00,1.4099000000000002
2017-04-24 23:00:00,1.4106
2017-04-25 23:00:00,1.4149
2017-04-26 23:00:00,1.4143000000000001
2017-04-27 23:00:00,1.4209
2017-04-28 23:00:00,1.4261000000000001
2017-05-02 23:00:00,1.4234000000000002
2017-05-03 23:00:00,1.4229
2017-05-04 23:00:00,1.4228
2017-05-05 23:00:00,1.4272
2017-05-10 23:00:00,1.4251
2017-05-11 23:00:00,1.4195000000000002
2017-05-12 23:00:00,1.4195000000000002
2017-05-15 23:00:00,1.4227
2017-05-16 23:00:00,1.419
2017-05-17 23:00:00,1.4257000000000002
2017-05-18 23:00:00,1.4322000000000001
2017-05-19 23:00:00,1.4333
2017-05-22 23:00:00,1.4312
2017-05-23 23:00:00,1.4313
2017-05-24 23:00:00,1.4246
2017-05-25 23:00:00,1.4266
2017-05-26 23:00:00,1.4089
2017-05-29 23:00:00,1.4153000000000002
2017-05-30 23:00:00,1.4174000000000002
2017-05-31 23:00:00,1.4208
2017-06-01 23:00:00,1.4211
2017-06-02 23:00:00,1.4209
2017-06-05 23:00:00,1.423
2017-06-06 23:00:00,1.4203000000000001
2017-06-07 23:00:00,1.4260000000000002
2017-06-08 23:00:00,1.4251
2017-06-09 23:00:00,1.4040000000000001
2017-06-13 23:00:00,1.4039000000000001
2017-06-14 23:00:00,1.4107
2017-06-15 23:00:00,1.4000000000000001
2017-06-16 23:00:00,1.4037000000000002
2017-06-19 23:00:00,1.3995000000000002
2017-06-20 23:00:00,1.3874000000000002
2017-06-21 23:00:00,1.3913000000000002
2017-06-22 23:00:00,1.3913000000000002
2017-06-23 23:00:00,1.3980000000000001
2017-06-26 23:00:00,1.3989
2017-06-27 23:00:00,1.4031000000000002
2017-06-28 23:00:00,1.4178000000000002
2017-06-29 23:00:00,1.4231
2017-06-30 23:00:00,1.4236000000000002
2017-07-03 23:00:00,1.4200000000000002
2017-07-04 23:00:00,1.4168
2017-07-05 23:00:00,1.4184
2017-07-06 23:00:00,1.4212000000000002
2017-07-07 23:00:00,1.4125
2017-07-10 23:00:00,1.4138000000000002
2017-07-11 23:00:00,1.4103
2017-07-12 23:00:00,1.4131000000000002
2017-07-13 23:00:00,1.417
2017-07-14 23:00:00,1.4321000000000002
2017-07-17 23:00:00,1.4304000000000001
2017-07-18 23:00:00,1.4278000000000002
2017-07-19 23:00:00,1.4279000000000002
2017-07-20 23:00:00,1.4217000000000002
2017-07-21 23:00:00,1.421
2017-07-24 23:00:00,1.4260000000000002
2017-07-25 23:00:00,1.4282000000000001
2017-07-26 23:00:00,1.4295000000000002
2017-07-27 23:00:00,1.4306
2017-07-28 23:00:00,1.4358000000000002
2017-07-31 23:00:00,1.4418000000000002
2017-08-01 23:00:00,1.4439000000000002
2017-08-02 23:00:00,1.447
2017-08-03 23:00:00,1.4379000000000002
2017-08-04 23:00:00,1.427
2017-08-07 23:00:00,1.4256000000000002
2017-08-08 23:00:00,1.4201000000000001
2017-08-09 23:00:00,1.4237000000000002
2017-08-10 23:00:00,1.4214000000000002
2017-08-11 23:00:00,1.421
2017-08-14 23:00:00,1.4221000000000001
2017-08-15 23:00:00,1.4097000000000002
2017-08-16 23:00:00,1.4086
2017-08-17 23:00:00,1.4113000000000002
2017-08-18 23:00:00,1.4075000000000002
2017-08-21 23:00:00,1.4132000000000002
2017-08-22 23:00:00,1.4074000000000002
2017-08-23 23:00:00,1.4011000000000002
2017-08-24 23:00:00,1.4032000000000002
2017-08-25 23:00:00,1.4100000000000001
2017-08-28 23:00:00,1.4145
2017-08-29 23:00:00,1.4169
2017-08-30 23:00:00,1.4151000000000002
2017-08-31 23:00:00,1.4099000000000002
2017-09-01 23:00:00,1.4206
2017-09-04 23:00:00,1.4180000000000001
2017-09-05 23:00:00,1.4238000000000002
2017-09-06 23:00:00,1.4298000000000002
2017-09-07 23:00:00,1.4317000000000002
2017-09-08 23:00:00,1.4421000000000002
2017-09-11 23:00:00,1.4395000000000002
2017-09-12 23:00:00,1.4501000000000002
2017-09-13 23:00:00,1.4435000000000002
2017-09-14 23:00:00,1.4616000000000002
2017-09-15 23:00:00,1.4808000000000001
2017-09-18 23:00:00,1.4741
2017-09-19 23:00:00,1.4736
2017-09-20 23:00:00,1.4784
2017-09-21 23:00:00,1.4788000000000001
2017-09-22 23:00:00,1.4741
2017-09-25 23:00:00,1.4692
2017-09-26 23:00:00,1.4657
2017-09-27 23:00:00,1.4629
2017-09-28 23:00:00,1.4665000000000001
2017-09-29 23:00:00,1.4618
2017-10-02 23:00:00,1.4489
2017-10-03 23:00:00,1.447
2017-10-04 23:00:00,1.4485000000000001
2017-10-05 23:00:00,1.434
2017-10-06 23:00:00,1.4273
2017-10-09 23:00:00,1.4341
2017-10-10 23:00:00,1.4427
2017-10-11 23:00:00,1.4414
2017-10-12 23:00:00,1.4387
2017-10-13 23:00:00,1.4511
2017-10-16 23:00:00,1.45
2017-10-17 23:00:00,1.4398
2017-10-18 23:00:00,1.4387
2017-10-19 23:00:00,1.4404000000000001
2017-10-20 23:00:00,1.4389
2017-10-23 23:00:00,1.439
2017-10-24 23:00:00,1.4338
2017-10-25 23:00:00,1.447
2017-10-26 23:00:00,1.4387
2017-10-27 23:00:00,1.4318
2017-10-30 23:00:00,1.4394
2017-10-31 23:00:00,1.4473
2017-11-01 23:00:00,1.4471
2017-11-02 23:00:00,1.4282000000000001
2017-11-03 23:00:00,1.4282000000000001
2017-11-07 23:00:00,1.4327
2017-11-08 23:00:00,1.4297
2017-11-09 23:00:00,1.4316
2017-11-10 23:00:00,1.4428
2017-11-13 23:00:00,1.4325
2017-11-14 23:00:00,1.4327
2017-11-15 23:00:00,1.4383000000000001
2017-11-16 23:00:00,1.4383000000000001
2017-11-17 23:00:00,1.44
2017-11-20 23:00:00,1.4446
2017-11-21 23:00:00,1.4442
2017-11-22 23:00:00,1.4469
2017-11-23 23:00:00,1.4505000000000001
2017-11-24 23:00:00,1.4538
2017-11-27 23:00:00,1.4531
2017-11-28 23:00:00,1.4469
2017-11-29 23:00:00,1.4598
2017-11-30 23:00:00,1.4732
2017-12-01 23:00:00,1.4673
2017-12-04 23:00:00,1.4692
2017-12-05 23:00:00,1.4642
2017-12-06 23:00:00,1.4579
2017-12-07 23:00:00,1.4597
2017-12-08 23:00:00,1.4577
2017-12-11 23:00:00,1.4544000000000001
2017-12-12 23:00:00,1.4518
2017-12-13 23:00:00,1.4564
2017-12-14 23:00:00,1.4594
2017-12-15 23:00:00,1.4522
2017-12-18 23:00:00,1.4603
2017-12-19 23:00:00,1.4542
2017-12-20 23:00:00,1.4579
2017-12-21 23:00:00,1.4527
2017-12-22 23:00:00,1.455
2017-12-25 23:00:00,1.455
2017-12-26 23:00:00,1.4548
2017-12-27 23:00:00,1.4591
2017-12-28 23:00:00,1.4602
2017-12-29 23:00:00,1.4664
2018-01-03 23:00:00,1.4672
2018-01-04 23:00:00,1.4706000000000001
2018-01-05 23:00:00,1.4707000000000001
2018-01-09 23:00:00,1.468
2018-01-10 23:00:00,1.4682
2018-01-11 23:00:00,1.4701
2018-01-12 23:00:00,1.4836
2018-01-15 23:00:00,1.4952
2018-01-16 23:00:00,1.4931
2018-01-17 23:00:00,1.4965
2018-01-18 23:00:00,1.5024
2018-01-19 23:00:00,1.5023
2018-01-22 23:00:00,1.5110000000000001
2018-01-23 23:00:00,1.5166
2018-01-24 23:00:00,1.5379
2018-01-25 23:00:00,1.5445
2018-01-26 23:00:00,1.5348
2018-01-29 23:00:00,1.5224
2018-01-30 23:00:00,1.5274
2018-01-31 23:00:00,1.5347
2018-02-01 23:00:00,1.5387
2018-02-02 23:00:00,1.5262
2018-02-05 23:00:00,1.5165
2018-02-06 23:00:00,1.502
2018-02-07 23:00:00,1.506
2018-02-08 23:00:00,1.5171000000000001
2018-02-09 23:00:00,1.4954
2018-02-12 23:00:00,1.4947
2018-02-13 23:00:00,1.5041
2018-02-14 23:00:00,1.5079
2018-02-15 23:00:00,1.5198
2018-02-16 23:00:00,1.5194
2018-02-19 23:00:00,1.5122
2018-02-20 23:00:00,1.5136
2018-02-21 23:00:00,1.5111
2018-02-22 23:00:00,1.5082
2018-02-26 23:00:00,1.5087
2018-02-27 23:00:00,1.5012
2018-02-28 23:00:00,1.4917
2018-03-01 23:00:00,1.4883
2018-03-02 23:00:00,1.491
2018-03-05 23:00:00,1.4976
2018-03-06 23:00:00,1.5030000000000001
2018-03-07 23:00:00,1.5014
2018-03-09 23:00:00,1.4998
2018-03-12 23:00:00,1.5017
2018-03-13 23:00:00,1.5098
2018-03-14 23:00:00,1.5065
2018-03-15 23:00:00,1.5067
2018-03-16 23:00:00,1.5007
2018-03-19 23:00:00,1.5128
2018-03-20 23:00:00,1.5115999999999998
2018-03-21 23:00:00,1.5166
2018-03-22 23:00:00,1.5177999999999998
2018-03-23 23:00:00,1.5235999999999998
2018-03-26 23:00:00,1.533
2018-03-27 23:00:00,1.5249
2018-03-28 23:00:00,1.5187
2018-03-29 23:00:00,1.5112999999999999
2018-03-30 23:00:00,1.5112999999999999
2018-04-02 23:00:00,1.5119999999999998
2018-04-03 23:00:00,1.515
2018-04-04 23:00:00,1.5169
2018-04-05 23:00:00,1.5063
2018-04-06 23:00:00,1.5175999999999998
2018-04-09 23:00:00,1.5208
2018-04-10 23:00:00,1.5238999999999998
2018-04-11 23:00:00,1.5285
2018-04-12 23:00:00,1.5308
2018-04-13 23:00:00,1.5332
2018-04-16 23:00:00,1.5400999999999998
2018-04-17 23:00:00,1.5384
2018-04-18 23:00:00,1.5296999999999998
2018-04-19 23:00:00,1.5268
2018-04-20 23:00:00,1.5108
2018-04-23 23:00:00,1.502
2018-04-24 23:00:00,1.5043
2018-04-25 23:00:00,1.5017999999999998
2018-04-26 23:00:00,1.4988
2018-04-27 23:00:00,1.4852999999999998
2018-04-28 23:00:00,1.4859
2018-04-30 23:00:00,1.4819
2018-05-02 23:00:00,1.4670999999999998
2018-05-03 23:00:00,1.462
2018-05-04 23:00:00,1.4594999999999998
2018-05-07 23:00:00,1.4632999999999998
2018-05-08 23:00:00,1.4574999999999998
2018-05-10 23:00:00,1.4547999999999999
2018-05-11 23:00:00,1.4606999999999999
2018-05-14 23:00:00,1.4661
2018-05-15 23:00:00,1.4566
2018-05-16 23:00:00,1.4542
2018-05-17 23:00:00,1.4567999999999999
2018-05-18 23:00:00,1.4533999999999998
2018-05-21 23:00:00,1.4471999999999998
2018-05-22 23:00:00,1.4499
2018-05-23 23:00:00,1.4397
2018-05-24 23:00:00,1.4425999999999999
2018-05-25 23:00:00,1.4373999999999998
2018-05-28 23:00:00,1.4362
2018-05-29 23:00:00,1.4305999999999999
2018-05-30 23:00:00,1.4344999999999999
2018-05-31 23:00:00,1.4358
2018-06-01 23:00:00,1.4405
2018-06-04 23:00:00,1.4357
2018-06-05 23:00:00,1.4402
2018-06-06 23:00:00,1.4463
2018-06-07 23:00:00,1.4493999999999998
2018-06-08 23:00:00,1.4444
2018-06-09 23:00:00,1.4481
2018-06-11 23:00:00,1.4427999999999999
2018-06-13 23:00:00,1.4419
2018-06-14 23:00:00,1.4366999999999999
2018-06-15 23:00:00,1.4337
2018-06-18 23:00:00,1.4303
2018-06-19 23:00:00,1.4233
2018-06-20 23:00:00,1.426
2018-06-21 23:00:00,1.43
2018-06-22 23:00:00,1.4316
2018-06-25 23:00:00,1.4321
2018-06-26 23:00:00,1.4288999999999998
2018-06-27 23:00:00,1.4183999999999999
2018-06-28 23:00:00,1.4138
2018-06-29 23:00:00,1.4241
2018-07-02 23:00:00,1.4165999999999999
2018-07-03 23:00:00,1.4224999999999999
2018-07-04 23:00:00,1.4259
2018-07-05 23:00:00,1.4253
2018-07-06 23:00:00,1.4301
2018-07-09 23:00:00,1.4272
2018-07-10 23:00:00,1.4319
2018-07-11 23:00:00,1.4275
2018-07-12 23:00:00,1.4256
2018-07-13 23:00:00,1.425
2018-07-16 23:00:00,1.4259
2018-07-17 23:00:00,1.4205999999999999
2018-07-18 23:00:00,1.4081
2018-07-19 23:00:00,1.4015
2018-07-20 23:00:00,1.4133
2018-07-23 23:00:00,1.414
2018-07-24 23:00:00,1.4172
2018-07-25 23:00:00,1.417
2018-07-26 23:00:00,1.4174
2018-07-27 23:00:00,1.4145999999999999
2018-07-30 23:00:00,1.417
2018-07-31 23:00:00,1.4144999999999999
2018-08-01 23:00:00,1.4143
2018-08-02 23:00:00,1.4055
2018-08-03 23:00:00,1.4037
2018-08-06 23:00:00,1.3962999999999999
2018-08-07 23:00:00,1.3973
2018-08-08 23:00:00,1.3898
2018-08-09 23:00:00,1.3885999999999998
2018-08-10 23:00:00,1.3793
2018-08-13 23:00:00,1.3776
2018-08-14 23:00:00,1.3755
2018-08-15 23:00:00,1.3702999999999999
2018-08-16 23:00:00,1.3734
2018-08-17 23:00:00,1.3748
2018-08-20 23:00:00,1.3774
2018-08-21 23:00:00,1.3869
2018-08-22 23:00:00,1.3915
2018-08-23 23:00:00,1.3840999999999999
2018-08-24 23:00:00,1.3860999999999999
2018-08-27 23:00:00,1.389
2018-08-28 23:00:00,1.39
2018-08-29 23:00:00,1.4005999999999998
2018-08-30 23:00:00,1.3998
2018-08-31 23:00:00,1.3978
2018-09-03 23:00:00,1.389
2018-09-04 23:00:00,1.3835
2018-09-05 23:00:00,1.39
2018-09-06 23:00:00,1.3925999999999998
2018-09-07 23:00:00,1.3929
2018-09-10 23:00:00,1.4022999999999999
2018-09-11 23:00:00,1.4002
2018-09-12 23:00:00,1.4038
2018-09-13 23:00:00,1.4098
2018-09-14 23:00:00,1.4084999999999999
2018-09-17 23:00:00,1.4134
2018-09-18 23:00:00,1.4139
2018-09-19 23:00:00,1.4152
2018-09-20 23:00:00,1.4224999999999999
2018-09-21 23:00:00,1.4057
2018-09-24 23:00:00,1.4106999999999998
2018-09-25 23:00:00,1.4143
2018-09-26 23:00:00,1.4163999999999999
2018-09-27 23:00:00,1.4084999999999999
2018-09-28 23:00:00,1.4022
2018-10-01 23:00:00,1.4007999999999998
2018-10-02 23:00:00,1.3966999999999998
2018-10-03 23:00:00,1.3981
2018-10-04 23:00:00,1.4002999999999999
2018-10-05 23:00:00,1.4077
2018-10-08 23:00:00,1.4038
2018-10-09 23:00:00,1.4118
2018-10-10 23:00:00,1.4170999999999998
2018-10-11 23:00:00,1.4176
2018-10-12 23:00:00,1.4136
2018-10-15 23:00:00,1.4135
2018-10-16 23:00:00,1.4182
2018-10-17 23:00:00,1.4106999999999998
2018-10-18 23:00:00,1.404
2018-10-19 23:00:00,1.4012
2018-10-22 23:00:00,1.396
2018-10-23 23:00:00,1.3951
2018-10-24 23:00:00,1.3871
2018-10-25 23:00:00,1.3792
2018-10-26 23:00:00,1.3798
2018-10-29 23:00:00,1.3797
2018-10-30 23:00:00,1.3704999999999998
2018-10-31 23:00:00,1.376
2018-11-01 23:00:00,1.3923999999999999
2018-11-02 23:00:00,1.394
2018-11-06 23:00:00,1.4045999999999998
2018-11-07 23:00:00,1.412
2018-11-08 23:00:00,1.4082999999999999
2018-11-09 23:00:00,1.4
2018-11-12 23:00:00,1.385
2018-11-13 23:00:00,1.3907999999999998
2018-11-14 23:00:00,1.3956
2018-11-15 23:00:00,1.3722999999999999
2018-11-16 23:00:00,1.3802999999999999
2018-11-19 23:00:00,1.3820999999999999
2018-11-20 23:00:00,1.3780999999999999
2018-11-21 23:00:00,1.3744999999999998
2018-11-22 23:00:00,1.3813
2018-11-23 23:00:00,1.3772
2018-11-26 23:00:00,1.3778
2018-11-27 23:00:00,1.3695
2018-11-28 23:00:00,1.3715
2018-11-29 23:00:00,1.3716
2018-11-30 23:00:00,1.3703999999999998
2018-12-03 23:00:00,1.3694
2018-12-04 23:00:00,1.3677
2018-12-05 23:00:00,1.3679
2018-12-06 23:00:00,1.3719999999999999
2018-12-07 23:00:00,1.3685999999999998
2018-12-10 23:00:00,1.3561999999999999
2018-12-11 23:00:00,1.3502999999999998
2018-12-12 23:00:00,1.3580999999999999
2018-12-13 23:00:00,1.3559999999999999
2018-12-14 23:00:00,1.3489
2018-12-17 23:00:00,1.3551
2018-12-18 23:00:00,1.3604999999999998
2018-12-19 23:00:00,1.3598
2018-12-20 23:00:00,1.3583999999999998
2018-12-21 23:00:00,1.3584999999999998
2018-12-24 23:00:00,1.3633
2018-12-25 23:00:00,1.3615
2018-12-26 23:00:00,1.3618
2018-12-27 23:00:00,1.3578999999999999
2018-12-28 23:00:00,1.3596
2018-12-29 23:00:00,1.3583999999999998
2019-01-03 23:00:00,1.3528
2019-01-04 23:00:00,1.3607
2019-01-08 23:00:00,1.3657
2019-01-09 23:00:00,1.3683999999999998
2019-01-10 23:00:00,1.3674
2019-01-11 23:00:00,1.3729
2019-01-14 23:00:00,1.3781999999999999
2019-01-15 23:00:00,1.3740999999999999
2019-01-16 23:00:00,1.3797
2019-01-17 23:00:00,1.3813
2019-01-18 23:00:00,1.381
2019-01-21 23:00:00,1.3775
2019-01-22 23:00:00,1.3861999999999999
2019-01-23 23:00:00,1.3991
2019-01-24 23:00:00,1.3954
2019-01-25 23:00:00,1.4064999999999999
2019-01-28 23:00:00,1.4084999999999999
2019-01-29 23:00:00,1.4081
2019-01-30 23:00:00,1.3979
2019-01-31 23:00:00,1.4039
2019-02-01 23:00:00,1.3994
2019-02-04 23:00:00,1.3995
2019-02-05 23:00:00,1.3855
2019-02-06 23:00:00,1.3871
2019-02-07 23:00:00,1.3872
2019-02-08 23:00:00,1.3856
2019-02-11 23:00:00,1.3762999999999999
2019-02-12 23:00:00,1.3779
2019-02-13 23:00:00,1.3793
2019-02-14 23:00:00,1.3672
2019-02-15 23:00:00,1.3720999999999999
2019-02-18 23:00:00,1.381
2019-02-19 23:00:00,1.3896
2019-02-20 23:00:00,1.3951
2019-02-21 23:00:00,1.3957
2019-02-22 23:00:00,1.3955
2019-02-25 23:00:00,1.3961999999999999
2019-02-26 23:00:00,1.4082999999999999
2019-02-27 23:00:00,1.4226999999999999
2019-02-28 23:00:00,1.4167999999999998
2019-03-01 23:00:00,1.4147999999999998
2019-03-04 23:00:00,1.4067999999999998
2019-03-05 23:00:00,1.4
2019-03-06 23:00:00,1.4058
2019-03-07 23:00:00,1.3983999999999999
2019-03-11 23:00:00,1.3972
2019-03-12 23:00:00,1.4001
2019-03-13 23:00:00,1.4092
2019-03-14 23:00:00,1.4137
2019-03-15 23:00:00,1.4162
2019-03-18 23:00:00,1.4066999999999998
2019-03-19 23:00:00,1.4143999999999999
2019-03-20 23:00:00,1.4083999999999999
2019-03-21 23:00:00,1.3970999999999998
2019-03-22 23:00:00,1.4073999999999998
2019-03-25 23:00:00,1.4102
2019-03-26 23:00:00,1.4095999999999997
2019-03-27 23:00:00,1.4086999999999998
2019-03-28 23:00:00,1.3971999999999998
2019-03-29 23:00:00,1.3912999999999998
2019-04-01 23:00:00,1.4006999999999998
2019-04-02 23:00:00,1.3905999999999998
2019-04-03 23:00:00,1.4026999999999998
2019-04-04 23:00:00,1.3942999999999999
2019-04-05 23:00:00,1.3888999999999998
2019-04-08 23:00:00,1.3911999999999998
2019-04-09 23:00:00,1.3910999999999998
2019-04-10 23:00:00,1.3963999999999999
2019-04-11 23:00:00,1.3924999999999998
2019-04-12 23:00:00,1.396
2019-04-15 23:00:00,1.3971999999999998
2019-04-16 23:00:00,1.3911999999999998
2019-04-17 23:00:00,1.3894999999999997
2019-04-18 23:00:00,1.3867999999999998
2019-04-19 23:00:00,1.3861999999999999
2019-04-22 23:00:00,1.3847999999999998
2019-04-23 23:00:00,1.3800999999999999
2019-04-24 23:00:00,1.3807999999999998
2019-04-25 23:00:00,1.3757
2019-04-26 23:00:00,1.3791999999999998
2019-04-29 23:00:00,1.3786999999999998
2019-04-30 23:00:00,1.3894999999999997
2019-05-02 23:00:00,1.3890999999999998
2019-05-03 23:00:00,1.3991999999999998
2019-05-06 23:00:00,1.3943999999999999
2019-05-07 23:00:00,1.3907999999999998
2019-05-08 23:00:00,1.3868999999999998
2019-05-10 23:00:00,1.3887999999999998
2019-05-13 23:00:00,1.3797
2019-05-14 23:00:00,1.3762999999999999
2019-05-15 23:00:00,1.3719
2019-05-16 23:00:00,1.3636
2019-05-17 23:00:00,1.3566999999999998
2019-05-20 23:00:00,1.3571999999999997
2019-05-21 23:00:00,1.3598
2019-05-22 23:00:00,1.3515
2019-05-23 23:00:00,1.3497
2019-05-24 23:00:00,1.3538
2019-05-27 23:00:00,1.3517
2019-05-28 23:00:00,1.3521999999999998
2019-05-29 23:00:00,1.3448999999999998
2019-05-30 23:00:00,1.3449999999999998
2019-05-31 23:00:00,1.3455
2019-06-03 23:00:00,1.3457
2019-06-04 23:00:00,1.3506999999999998
2019-06-05 23:00:00,1.3539999999999999
2019-06-06 23:00:00,1.3547999999999998
2019-06-07 23:00:00,1.3576
2019-06-10 23:00:00,1.3511999999999997
2019-06-11 23:00:00,1.3550999999999997
2019-06-13 23:00:00,1.3505999999999998
2019-06-14 23:00:00,1.3424999999999998
2019-06-17 23:00:00,1.3377
2019-06-18 23:00:00,1.3277999999999999
2019-06-19 23:00:00,1.3369
2019-06-20 23:00:00,1.3420999999999998
2019-06-21 23:00:00,1.3424999999999998
2019-06-24 23:00:00,1.3457999999999999
2019-06-25 23:00:00,1.3444999999999998
2019-06-26 23:00:00,1.3417
2019-06-27 23:00:00,1.3397999999999999
2019-06-28 23:00:00,1.3424999999999998
2019-07-01 23:00:00,1.3363999999999998
2019-07-02 23:00:00,1.3319999999999999
2019-07-03 23:00:00,1.329
2019-07-04 23:00:00,1.3302999999999998
2019-07-05 23:00:00,1.3222999999999998
2019-07-08 23:00:00,1.3225999999999998
2019-07-09 23:00:00,1.3181999999999998
2019-07-10 23:00:00,1.3229
2019-07-11 23:00:00,1.3269
2019-07-12 23:00:00,1.3266999999999998
2019-07-15 23:00:00,1.3235999999999999
2019-07-16 23:00:00,1.3118999999999998
2019-07-17 23:00:00,1.3151
2019-07-18 23:00:00,1.3203999999999998
2019-07-19 23:00:00,1.3215
2019-07-22 23:00:00,1.3198999999999999
2019-07-23 23:00:00,1.315
2019-07-24 23:00:00,1.3208
2019-07-25 23:00:00,1.3192
2019-07-26 23:00:00,1.3085999999999998
2019-07-29 23:00:00,1.2939999999999998
2019-07-30 23:00:00,1.2861999999999998
2019-07-31 23:00:00,1.2934999999999999
2019-08-01 23:00:00,1.2848
2019-08-02 23:00:00,1.2831
2019-08-05 23:00:00,1.2875999999999999
2019-08-06 23:00:00,1.2855999999999999
2019-08-07 23:00:00,1.2854999999999999
2019-08-08 23:00:00,1.2839999999999998
2019-08-09 23:00:00,1.2774999999999999
2019-08-12 23:00:00,1.2769
2019-08-13 23:00:00,1.2765
2019-08-14 23:00:00,1.2761999999999998
2019-08-15 23:00:00,1.2802999999999998
2019-08-16 23:00:00,1.2858999999999998
2019-08-19 23:00:00,1.2848
2019-08-20 23:00:00,1.2847
2019-08-21 23:00:00,1.2835999999999999
2019-08-22 23:00:00,1.293
2019-08-23 23:00:00,1.2959999999999998
2019-08-26 23:00:00,1.2917999999999998
2019-08-27 23:00:00,1.2977999999999998
2019-08-28 23:00:00,1.293
2019-08-29 23:00:00,1.2882999999999998
2019-08-30 23:00:00,1.2857999999999998
2019-09-02 23:00:00,1.2751
2019-09-03 23:00:00,1.2775999999999998
2019-09-04 23:00:00,1.2873999999999999
2019-09-05 23:00:00,1.3018999999999998
2019-09-06 23:00:00,1.2987
2019-09-09 23:00:00,1.3054
2019-09-10 23:00:00,1.3034
2019-09-11 23:00:00,1.3004999999999998
2019-09-12 23:00:00,1.3020999999999998
2019-09-13 23:00:00,1.313
2019-09-16 23:00:00,1.3099999999999998
2019-09-17 23:00:00,1.3159999999999998
2019-09-18 23:00:00,1.3156999999999999
2019-09-19 23:00:00,1.3153
2019-09-20 23:00:00,1.3164999999999998
2019-09-23 23:00:00,1.3096999999999999
2019-09-24 23:00:00,1.3142999999999998
2019-09-25 23:00:00,1.3049
2019-09-26 23:00:00,1.3025
2019-09-27 23:00:00,1.2989
2019-09-30 23:00:00,1.297
2019-10-01 23:00:00,1.2926
2019-10-02 23:00:00,1.2979999999999998
2019-10-03 23:00:00,1.3075999999999999
2019-10-04 23:00:00,1.2985
2019-10-07 23:00:00,1.2992
2019-10-08 23:00:00,1.2872999999999999
2019-10-09 23:00:00,1.289
2019-10-10 23:00:00,1.3034999999999999
2019-10-11 23:00:00,1.335
2019-10-14 23:00:00,1.3254
2019-10-15 23:00:00,1.3385999999999998
2019-10-16 23:00:00,1.3513
2019-10-17 23:00:00,1.3511
2019-10-18 23:00:00,1.3551
2019-10-21 23:00:00,1.3626999999999998
2019-10-22 23:00:00,1.3598999999999999
2019-10-23 23:00:00,1.3547999999999998
2019-10-24 23:00:00,1.3475
2019-10-25 23:00:00,1.3498999999999999
2019-10-28 23:00:00,1.3526999999999998
2019-10-29 23:00:00,1.3541999999999998
2019-10-30 23:00:00,1.3533
2019-10-31 23:00:00,1.3600999999999999
2019-11-01 23:00:00,1.3595
2019-11-05 23:00:00,1.3522999999999998
2019-11-06 23:00:00,1.3531
2019-11-07 23:00:00,1.3466999999999998
2019-11-08 23:00:00,1.3460999999999999
2019-11-11 23:00:00,1.3495
2019-11-12 23:00:00,1.3491
2019-11-13 23:00:00,1.3479999999999999
2019-11-14 23:00:00,1.3499999999999999
2019-11-15 23:00:00,1.3558
2019-11-18 23:00:00,1.3594
2019-11-19 23:00:00,1.3591
2019-11-20 23:00:00,1.357
2019-11-21 23:00:00,1.3560999999999999
2019-11-22 23:00:00,1.3483999999999998
2019-11-25 23:00:00,1.3547999999999998
2019-11-26 23:00:00,1.3509
2019-11-27 23:00:00,1.3518999999999999
2019-11-28 23:00:00,1.3552
2019-11-29 23:00:00,1.3571
2019-12-02 23:00:00,1.3565999999999998
2019-12-03 23:00:00,1.3625999999999998
2019-12-04 23:00:00,1.3739
2019-12-05 23:00:00,1.378
2019-12-06 23:00:00,1.3748999999999998
2019-12-09 23:00:00,1.3799
2019-12-10 23:00:00,1.3801999999999999
2019-12-11 23:00:00,1.3808999999999998
2019-12-12 23:00:00,1.3772
2019-12-13 23:00:00,1.3961999999999999
2019-12-16 23:00:00,1.3977
2019-12-17 23:00:00,1.3811
2019-12-18 23:00:00,1.3725
2019-12-19 23:00:00,1.3664
2019-12-20 23:00:00,1.3707
2019-12-23 23:00:00,1.3585
2019-12-24 23:00:00,1.3594
2019-12-25 23:00:00,1.3594
2019-12-26 23:00:00,1.3631
2019-12-27 23:00:00,1.375
2019-12-30 23:00:00,1.3769
2020-01-03 23:00:00,1.3707
2020-01-06 23:00:00,1.3791
2020-01-08 23:00:00,1.3754
2020-01-09 23:00:00,1.3672
2020-01-10 23:00:00,1.3696
2020-01-13 23:00:00,1.3616
2020-01-14 23:00:00,1.3627
2020-01-15 23:00:00,1.3649
2020-01-16 23:00:00,1.3658
2020-01-17 23:00:00,1.3644
2020-01-20 23:00:00,1.3618
2020-01-21 23:00:00,1.3682
2020-01-22 23:00:00,1.3765
2020-01-23 23:00:00,1.3739
2020-01-24 23:00:00,1.3689
2020-01-27 23:00:00,1.3687
2020-01-28 23:00:00,1.3615
2020-01-29 23:00:00,1.3629
2020-01-30 23:00:00,1.3721
2020-01-31 23:00:00,1.3779
2020-02-03 23:00:00,1.3633
2020-02-04 23:00:00,1.3649
2020-02-05 23:00:00,1.3614
2020-02-06 23:00:00,1.356
2020-02-07 23:00:00,1.3577
2020-02-10 23:00:00,1.3557
2020-02-11 23:00:00,1.3569
2020-02-12 23:00:00,1.3585
2020-02-13 23:00:00,1.3681
2020-02-14 23:00:00,1.3628
2020-02-17 23:00:00,1.3628
2020-02-18 23:00:00,1.3635
2020-02-19 23:00:00,1.355
2020-02-20 23:00:00,1.3494
2020-02-21 23:00:00,1.3584
2020-02-25 23:00:00,1.3608
2020-02-26 23:00:00,1.3543
2020-02-27 23:00:00,1.3494
2020-02-28 23:00:00,1.3423
2020-03-02 23:00:00,1.3377
2020-03-03 23:00:00,1.3437
2020-03-04 23:00:00,1.342
2020-03-05 23:00:00,1.3534
2020-03-06 23:00:00,1.3641
2020-03-10 23:00:00,1.3592
2020-03-11 23:00:00,1.35
2020-03-12 23:00:00,1.3179
2020-03-13 23:00:00,1.3084
2020-03-16 23:00:00,1.2943
2020-03-17 23:00:00,1.2673
2020-03-18 23:00:00,1.2398
2020-03-19 23:00:00,1.2388000000000001
2020-03-20 23:00:00,1.241
2020-03-23 23:00:00,1.2128
2020-03-24 23:00:00,1.2345
2020-03-25 23:00:00,1.2291
2020-03-26 23:00:00,1.2673
2020-03-27 23:00:00,1.2938
2020-03-30 23:00:00,1.2988
2020-03-31 23:00:00,1.3055
2020-04-01 23:00:00,1.3003
2020-04-02 23:00:00,1.2965
2020-04-03 23:00:00,1.2812000000000001
2020-04-06 23:00:00,1.288
2020-04-07 23:00:00,1.2932000000000001
2020-04-08 23:00:00,1.2995
2020-04-09 23:00:00,1.3048
2020-04-10 23:00:00,1.3074000000000001
2020-04-13 23:00:00,1.311
2020-04-14 23:00:00,1.3195000000000001
2020-04-15 23:00:00,1.3109
2020-04-16 23:00:00,1.3018
2020-04-17 23:00:00,1.3085
2020-04-20 23:00:00,1.3056
2020-04-21 23:00:00,1.2885
2020-04-22 23:00:00,1.2912000000000001
2020-04-23 23:00:00,1.2956
2020-04-24 23:00:00,1.2913000000000001
2020-04-27 23:00:00,1.3005
2020-04-28 23:00:00,1.3026
2020-04-29 23:00:00,1.3015
2020-04-30 23:00:00,1.3183
2020-05-04 23:00:00,1.3019
2020-05-05 23:00:00,1.3047
2020-05-06 23:00:00,1.2929
2020-05-07 23:00:00,1.2915
2020-05-08 23:00:00,1.3024
2020-05-12 23:00:00,1.2889
2020-05-13 23:00:00,1.2811000000000001
2020-05-14 23:00:00,1.2772000000000001
2020-05-15 23:00:00,1.2713
2020-05-18 23:00:00,1.2783
2020-05-19 23:00:00,1.2823
2020-05-20 23:00:00,1.2857
2020-05-21 23:00:00,1.2816
2020-05-22 23:00:00,1.276
2020-05-25 23:00:00,1.2782
2020-05-26 23:00:00,1.2929
2020-05-27 23:00:00,1.2806
2020-05-28 23:00:00,1.2902
2020-05-29 23:00:00,1.2919
2020-06-01 23:00:00,1.3052
2020-06-02 23:00:00,1.3116
2020-06-03 23:00:00,1.3185
2020-06-04 23:00:00,1.318
2020-06-05 23:00:00,1.3283
2020-06-08 23:00:00,1.3271
2020-06-09 23:00:00,1.3314
2020-06-10 23:00:00,1.3334
2020-06-11 23:00:00,1.3217
2020-06-15 23:00:00,1.3129
2020-06-16 23:00:00,1.3155
2020-06-17 23:00:00,1.3101999999999998
2020-06-18 23:00:00,1.3009
2020-06-19 23:00:00,1.2932
2020-06-22 23:00:00,1.3026
2020-06-23 23:00:00,1.3101999999999998
2020-06-25 23:00:00,1.2973999999999999
2020-06-26 23:00:00,1.2901
2020-06-29 23:00:00,1.2852
2020-06-30 23:00:00,1.2956999999999999
2020-07-02 23:00:00,1.3055999999999999
2020-07-03 23:00:00,1.3038999999999998
2020-07-06 23:00:00,1.3062
2020-07-07 23:00:00,1.315
2020-07-08 23:00:00,1.3163
2020-07-09 23:00:00,1.3186
2020-07-10 23:00:00,1.3227
2020-07-13 23:00:00,1.3196999999999999
2020-07-14 23:00:00,1.3125
2020-07-15 23:00:00,1.3171
2020-07-16 23:00:00,1.319
2020-07-17 23:00:00,1.3120999999999998
2020-07-20 23:00:00,1.3227
2020-07-21 23:00:00,1.3309
2020-07-22 23:00:00,1.3302999999999998
2020-07-23 23:00:00,1.3321999999999998
2020-07-24 23:00:00,1.3362999999999998
2020-07-27 23:00:00,1.3452
2020-07-28 23:00:00,1.3519999999999999
2020-07-29 23:00:00,1.3549
2020-07-30 23:00:00,1.3604999999999998
2020-07-31 23:00:00,1.3716
2020-08-03 23:00:00,1.3618
2020-08-04 23:00:00,1.3636
2020-08-05 23:00:00,1.371
2020-08-06 23:00:00,1.3702999999999999
2020-08-07 23:00:00,1.3623999999999998
2020-08-10 23:00:00,1.3657
2020-08-11 23:00:00,1.3677
2020-08-12 23:00:00,1.3620999999999999
2020-08-13 23:00:00,1.3658
2020-08-14 23:00:00,1.3680999999999999
2020-08-17 23:00:00,1.3669
2020-08-18 23:00:00,1.3797
2020-08-19 23:00:00,1.3773
2020-08-20 23:00:00,1.3743999999999998
2020-08-21 23:00:00,1.3675
2020-08-24 23:00:00,1.3652
2020-08-25 23:00:00,1.3698
2020-08-26 23:00:00,1.3768
2020-08-27 23:00:00,1.3798
2020-08-28 23:00:00,1.3927999999999998
2020-08-31 23:00:00,1.3941999999999999
2020-09-01 23:00:00,1.3987999999999998
2020-09-02 23:00:00,1.3875
2020-09-03 23:00:00,1.3844999999999998
2020-09-04 23:00:00,1.3784999999999998
2020-09-07 23:00:00,1.3732
2020-09-08 23:00:00,1.3602999999999998
2020-09-09 23:00:00,1.3582999999999998
2020-09-10 23:00:00,1.3438999999999999
2020-09-15 23:00:00,1.343
2020-09-16 23:00:00,1.3554
2020-09-17 23:00:00,1.3514
2020-09-18 23:00:00,1.3507
2020-09-21 23:00:00,1.3362
2020-09-22 23:00:00,1.3297
2020-09-23 23:00:00,1.3314000000000001
2020-09-24 23:00:00,1.3303
2020-09-25 23:00:00,1.3264
2020-09-28 23:00:00,1.3428
2020-09-29 23:00:00,1.3413
2020-09-30 23:00:00,1.3478
2020-10-01 23:00:00,1.3459
2020-10-02 23:00:00,1.349
2020-10-05 23:00:00,1.3532
2020-10-06 23:00:00,1.352
2020-10-07 23:00:00,1.3481
2020-10-08 23:00:00,1.3498
2020-10-09 23:00:00,1.3574
2020-10-12 23:00:00,1.3635
2020-10-13 23:00:00,1.3531
2020-10-14 23:00:00,1.3591
2020-10-15 23:00:00,1.3483
2020-10-16 23:00:00,1.3488
2020-10-19 23:00:00,1.3555000000000001
2020-10-20 23:00:00,1.3514
2020-10-21 23:00:00,1.3714
2020-10-22 23:00:00,1.3657000000000001
2020-10-23 23:00:00,1.3609
2020-10-26 23:00:00,1.3564
2020-10-27 23:00:00,1.3635
2020-10-28 23:00:00,1.357
2020-10-29 23:00:00,1.3456000000000001
2020-10-30 23:00:00,1.3506
2020-11-02 23:00:00,1.3461
2020-11-03 23:00:00,1.3611
2020-11-05 23:00:00,1.365
2020-11-06 23:00:00,1.3701
2020-11-09 23:00:00,1.3703
2020-11-10 23:00:00,1.3803
2020-11-11 23:00:00,1.3762
2020-11-12 23:00:00,1.3702
2020-11-13 23:00:00,1.3727
2020-11-16 23:00:00,1.3749
2020-11-17 23:00:00,1.3811
2020-11-18 23:00:00,1.3867
2020-11-19 23:00:00,1.3794
2020-11-20 23:00:00,1.3849
2020-11-23 23:00:00,1.3887
2020-11-24 23:00:00,1.3911
2020-11-25 23:00:00,1.3951
2020-11-26 23:00:00,1.3896
2020-11-27 23:00:00,1.3922
2020-11-30 23:00:00,1.3899000000000001
2020-12-01 23:00:00,1.393
2020-12-02 23:00:00,1.3895
2020-12-03 23:00:00,1.4054
2020-12-04 23:00:00,1.4042000000000001
2020-12-07 23:00:00,1.3877
2020-12-08 23:00:00,1.3877
2020-12-09 23:00:00,1.3963
2020-12-10 23:00:00,1.3859000000000001
2020-12-11 23:00:00,1.3808
2020-12-14 23:00:00,1.3889
2020-12-15 23:00:00,1.395
2020-12-16 23:00:00,1.4076
2020-12-17 23:00:00,1.4147999999999998
2020-12-18 23:00:00,1.4041
2020-12-21 23:00:00,1.3861999999999999
2020-12-22 23:00:00,1.3931
2020-12-23 23:00:00,1.4091
2020-12-24 23:00:00,1.4099
2020-12-25 23:00:00,1.4081
2020-12-28 23:00:00,1.402
2020-12-29 23:00:00,1.4058
2020-12-30 23:00:00,1.4163
2021-01-04 23:00:00,1.4133
2021-01-05 23:00:00,1.4144999999999999
2021-01-06 23:00:00,1.4117
2021-01-08 23:00:00,1.4116
2021-01-11 23:00:00,1.4042999999999999
2021-01-12 23:00:00,1.4168999999999998
2021-01-13 23:00:00,1.4203999999999999
2021-01-14 23:00:00,1.4224999999999999
2021-01-15 23:00:00,1.4146999999999998
2021-01-18 23:00:00,1.4123999999999999
2021-01-19 23:00:00,1.4174
2021-01-20 23:00:00,1.4206999999999999
2021-01-21 23:00:00,1.4288999999999998
2021-01-22 23:00:00,1.4223999999999999
2021-01-25 23:00:00,1.422
2021-01-26 23:00:00,1.4288999999999998
2021-01-27 23:00:00,1.4253
2021-01-28 23:00:00,1.4276
2021-01-29 23:00:00,1.4256
2021-02-01 23:00:00,1.4227999999999998
2021-02-02 23:00:00,1.418
2021-02-03 23:00:00,1.42
2021-02-04 23:00:00,1.4212
2021-02-05 23:00:00,1.4282
2021-02-08 23:00:00,1.4301
2021-02-09 23:00:00,1.4344
2021-02-10 23:00:00,1.4396
2021-02-11 23:00:00,1.4379
2021-02-12 23:00:00,1.4389999999999998
2021-02-15 23:00:00,1.4456
2021-02-16 23:00:00,1.4442
2021-02-17 23:00:00,1.4416
2021-02-18 23:00:00,1.4501
2021-02-19 23:00:00,1.4574
2021-02-20 23:00:00,1.4581
2021-02-22 23:00:00,1.4608999999999999
2021-02-24 23:00:00,1.4666
2021-02-25 23:00:00,1.4704
2021-02-26 23:00:00,1.4522
2021-03-01 23:00:00,1.4476
2021-03-02 23:00:00,1.4465999999999999
2021-03-03 23:00:00,1.4487999999999999
2021-03-04 23:00:00,1.4544
2021-03-05 23:00:00,1.4368999999999998
2021-03-09 23:00:00,1.4461
2021-03-10 23:00:00,1.4445999999999999
2021-03-11 23:00:00,1.4521
2021-03-12 23:00:00,1.4428999999999998
2021-03-15 23:00:00,1.4418
2021-03-16 23:00:00,1.4423
2021-03-17 23:00:00,1.4419
2021-03-18 23:00:00,1.4496
2021-03-19 23:00:00,1.4408
2021-03-22 23:00:00,1.4396
2021-03-23 23:00:00,1.433
2021-03-24 23:00:00,1.4261
2021-03-25 23:00:00,1.427
2021-03-26 23:00:00,1.4349
2021-03-29 23:00:00,1.4342
2021-03-30 23:00:00,1.4261
2021-03-31 23:00:00,1.4331
2021-04-01 23:00:00,1.4374
2021-04-02 23:00:00,1.4371
2021-04-05 23:00:00,1.4447
2021-04-06 23:00:00,1.4398
2021-04-07 23:00:00,1.4297
2021-04-08 23:00:00,1.4287
2021-04-09 23:00:00,1.4271
2021-04-12 23:00:00,1.4294
2021-04-13 23:00:00,1.4282000000000001
2021-04-14 23:00:00,1.4341
2021-04-15 23:00:00,1.4322
2021-04-16 23:00:00,1.437
2021-04-19 23:00:00,1.4527
2021-04-20 23:00:00,1.4486
2021-04-21 23:00:00,1.4479
2021-04-22 23:00:00,1.4397
2021-04-23 23:00:00,1.4387
2021-04-26 23:00:00,1.4431
2021-04-27 23:00:00,1.446
2021-04-28 23:00:00,1.4463
2021-04-29 23:00:00,1.4488
2021-04-30 23:00:00,1.4371
2021-05-04 23:00:00,1.4415
2021-05-05 23:00:00,1.4458
2021-05-06 23:00:00,1.4422
2021-05-07 23:00:00,1.4542
2021-05-10 23:00:00,1.4685
2021-05-11 23:00:00,1.4688
2021-05-12 23:00:00,1.4637
2021-05-13 23:00:00,1.4574
2021-05-14 23:00:00,1.4631
2021-05-17 23:00:00,1.4668
2021-05-18 23:00:00,1.4734
2021-05-19 23:00:00,1.4703
2021-05-20 23:00:00,1.472
2021-05-21 23:00:00,1.4711
2021-05-24 23:00:00,1.469
2021-05-25 23:00:00,1.4706000000000001
2021-05-26 23:00:00,1.467
2021-05-27 23:00:00,1.4727000000000001
2021-05-28 23:00:00,1.4731
2021-05-31 23:00:00,1.475
2021-06-01 23:00:00,1.4723
2021-06-02 23:00:00,1.4726000000000001
2021-06-03 23:00:00,1.464
2021-06-04 23:00:00,1.471
2021-06-07 23:00:00,1.4718
2021-06-08 23:00:00,1.4691
2021-06-09 23:00:00,1.4667000000000001
2021-06-10 23:00:00,1.4692
2021-06-11 23:00:00,1.4658
2021-06-14 23:00:00,1.4655
2021-06-15 23:00:00,1.463
2021-06-16 23:00:00,1.4646000000000001
2021-06-17 23:00:00,1.4469
2021-06-18 23:00:00,1.4359
2021-06-21 23:00:00,1.4454
2021-06-22 23:00:00,1.4454
2021-06-23 23:00:00,1.4507
2021-06-24 23:00:00,1.4449
2021-06-25 23:00:00,1.4448
2021-06-28 23:00:00,1.443
2021-06-29 23:00:00,1.4385000000000001
2021-06-30 23:00:00,1.435
2021-07-01 23:00:00,1.4316
2021-07-02 23:00:00,1.4337
2021-07-05 23:00:00,1.4391
2021-07-06 23:00:00,1.4351
2021-07-07 23:00:00,1.4325
2021-07-08 23:00:00,1.4306
2021-07-09 23:00:00,1.4379
2021-07-12 23:00:00,1.4423000000000001
2021-07-13 23:00:00,1.4387
2021-07-14 23:00:00,1.4400000000000002
2021-07-15 23:00:00,1.4395
2021-07-16 23:00:00,1.4321000000000002
2021-07-19 23:00:00,1.4231
2021-07-20 23:00:00,1.4148
2021-07-21 23:00:00,1.4231
2021-07-22 23:00:00,1.4284000000000001
2021-07-23 23:00:00,1.4293
2021-07-26 23:00:00,1.4364000000000001
2021-07-27 23:00:00,1.4429
2021-07-28 23:00:00,1.4426
2021-07-29 23:00:00,1.4507
2021-07-30 23:00:00,1.4441000000000002
2021-08-02 23:00:00,1.443
2021-08-03 23:00:00,1.4446
2021-08-04 23:00:00,1.4443000000000001
2021-08-05 23:00:00,1.4469
2021-08-06 23:00:00,1.4411
2021-08-09 23:00:00,1.4397
2021-08-10 23:00:00,1.4385000000000001
2021-08-11 23:00:00,1.4403000000000001
2021-08-12 23:00:00,1.4373
2021-08-13 23:00:00,1.4401000000000002
2021-08-16 23:00:00,1.4391
2021-08-17 23:00:00,1.4282000000000001
2021-08-18 23:00:00,1.4287
2021-08-19 23:00:00,1.4209
2021-08-20 23:00:00,1.4157
2021-08-23 23:00:00,1.4254
2021-08-24 23:00:00,1.4258
2021-08-25 23:00:00,1.4267
2021-08-26 23:00:00,1.4257
2021-08-27 23:00:00,1.4302000000000001
2021-08-30 23:00:00,1.4292
2021-08-31 23:00:00,1.429
2021-09-01 23:00:00,1.4326
2021-09-02 23:00:00,1.4362000000000001
2021-09-03 23:00:00,1.4397
2021-09-06 23:00:00,1.4366
2021-09-07 23:00:00,1.433
2021-09-08 23:00:00,1.4294
2021-09-09 23:00:00,1.4384000000000001
2021-09-10 23:00:00,1.4384000000000001
2021-09-13 23:00:00,1.4385000000000001
2021-09-14 23:00:00,1.4380000000000002
2021-09-15 23:00:00,1.4382000000000001
2021-09-16 23:00:00,1.4322000000000001
2021-09-17 23:00:00,1.4298
2021-09-20 23:00:00,1.4207
2021-09-21 23:00:00,1.4194
2021-09-22 23:00:00,1.4203000000000001
2021-09-23 23:00:00,1.4282000000000001
2021-09-24 23:00:00,1.421
2021-09-27 23:00:00,1.4246
2021-09-28 23:00:00,1.4079000000000002
2021-09-29 23:00:00,1.3980000000000001
2021-09-30 23:00:00,1.4016
2021-10-01 23:00:00,1.4115
2021-10-04 23:00:00,1.4145
2021-10-05 23:00:00,1.4179
2021-10-06 23:00:00,1.4093
2021-10-07 23:00:00,1.4174
2021-10-08 23:00:00,1.4171
2021-10-11 23:00:00,1.4175
2021-10-12 23:00:00,1.4135
2021-10-13 23:00:00,1.4181000000000001
2021-10-14 23:00:00,1.4221000000000001
2021-10-15 23:00:00,1.4294
2021-10-18 23:00:00,1.4257
2021-10-19 23:00:00,1.4344000000000001
2021-10-20 23:00:00,1.4355
2021-10-21 23:00:00,1.4351
2021-10-22 23:00:00,1.4301000000000001
2021-10-25 23:00:00,1.4313
2021-10-26 23:00:00,1.4315
2021-10-27 23:00:00,1.4266
2021-10-28 23:00:00,1.4352
2021-10-29 23:00:00,1.4235
2021-11-01 23:00:00,1.4227
2021-11-02 23:00:00,1.4155
2021-11-03 23:00:00,1.4196
2021-11-05 23:00:00,1.4031
2021-11-08 23:00:00,1.4108
2021-11-09 23:00:00,1.4079000000000002
2021-11-10 23:00:00,1.4015
2021-11-11 23:00:00,1.3929
2021-11-12 23:00:00,1.3940000000000001
2021-11-15 23:00:00,1.3980000000000001
2021-11-16 23:00:00,1.3967
2021-11-17 23:00:00,1.3998000000000002
2021-11-18 23:00:00,1.4016
2021-11-19 23:00:00,1.4012
2021-11-22 23:00:00,1.3946
2021-11-23 23:00:00,1.3897000000000002
2021-11-24 23:00:00,1.3875
2021-11-25 23:00:00,1.3857000000000002
2021-11-26 23:00:00,1.3871
2021-11-29 23:00:00,1.3852
2021-11-30 23:00:00,1.3869
2021-12-01 23:00:00,1.3858000000000001
2021-12-02 23:00:00,1.3853
2021-12-03 23:00:00,1.3757000000000001
2021-12-06 23:00:00,1.3776000000000002
2021-12-07 23:00:00,1.3777000000000001
2021-12-08 23:00:00,1.3737000000000001
2021-12-09 23:00:00,1.3739000000000001
2021-12-10 23:00:00,1.3769
2021-12-13 23:00:00,1.3791
2021-12-14 23:00:00,1.3772
2021-12-15 23:00:00,1.3755
2021-12-16 23:00:00,1.3848
2021-12-17 23:00:00,1.3800999999999999
2021-12-20 23:00:00,1.3752
2021-12-21 23:00:00,1.3777
2021-12-22 23:00:00,1.386
2021-12-23 23:00:00,1.3944999999999999
2021-12-24 23:00:00,1.3933
2021-12-27 23:00:00,1.3949
2021-12-28 23:00:00,1.3952
2021-12-29 23:00:00,1.4023999999999999
2021-12-30 23:00:00,1.4029
2022-01-03 23:00:00,1.3967999999999998
2022-01-04 23:00:00,1.4084999999999999
2022-01-05 23:00:00,1.4085999999999999
2022-01-06 23:00:00,1.4059
2022-01-07 23:00:00,1.409
2022-01-10 23:00:00,1.4076
2022-01-11 23:00:00,1.4119
2022-01-12 23:00:00,1.4201
2022-01-13 23:00:00,1.4259
2022-01-14 23:00:00,1.4207999999999998
2022-01-17 23:00:00,1.4175
2022-01-18 23:00:00,1.4114
2022-01-19 23:00:00,1.4159
2022-01-20 23:00:00,1.4183999999999999
2022-01-21 23:00:00,1.4083999999999999
2022-01-24 23:00:00,1.4004999999999999
2022-01-25 23:00:00,1.4009
2022-01-26 23:00:00,1.4027999999999998
2022-01-27 23:00:00,1.39
2022-01-28 23:00:00,1.3938
2022-01-31 23:00:00,1.397
2022-02-01 23:00:00,1.4022999999999999
2022-02-02 23:00:00,1.4106999999999998
2022-02-03 23:00:00,1.4135
2022-02-04 23:00:00,1.405
2022-02-07 23:00:00,1.405
2022-02-08 23:00:00,1.4073
2022-02-09 23:00:00,1.4081
2022-02-10 23:00:00,1.4143
2022-02-11 23:00:00,1.4123999999999999
2022-02-14 23:00:00,1.4051
2022-02-15 23:00:00,1.4048999999999998
2022-02-16 23:00:00,1.4107999999999998
2022-02-17 23:00:00,1.4145999999999999
2022-02-18 23:00:00,1.4121
2022-02-21 23:00:00,1.4141
2022-02-22 23:00:00,1.4097
2022-02-23 23:00:00,1.4099
2022-02-24 23:00:00,1.3862999999999999
2022-02-25 23:00:00,1.3815
2022-02-28 23:00:00,1.3871
2022-03-02 23:00:00,1.3851
2022-03-03 23:00:00,1.383
2022-03-04 23:00:00,1.3680999999999999
2022-03-09 23:00:00,1.3531
2022-03-10 23:00:00,1.3526
2022-03-11 23:00:00,1.3439999999999999
2022-03-14 23:00:00,1.3535
2022-03-15 23:00:00,1.3486
2022-03-16 23:00:00,1.3586
2022-03-17 23:00:00,1.3526
2022-03-18 23:00:00,1.3626
2022-03-21 23:00:00,1.3559
2022-03-22 23:00:00,1.3563
2022-03-23 23:00:00,1.3536000000000001
2022-03-24 23:00:00,1.3584
2022-03-25 23:00:00,1.3536000000000001
2022-03-28 23:00:00,1.3514000000000002
2022-03-29 23:00:00,1.3542
2022-03-30 23:00:00,1.3554000000000002
2022-03-31 23:00:00,1.3628
2022-04-01 23:00:00,1.3624
2022-04-04 23:00:00,1.3591
2022-04-05 23:00:00,1.3556000000000001
2022-04-06 23:00:00,1.3531000000000002
2022-04-07 23:00:00,1.3454000000000002
2022-04-08 23:00:00,1.3453000000000002
2022-04-11 23:00:00,1.3524
2022-04-12 23:00:00,1.3484
2022-04-13 23:00:00,1.3483
2022-04-14 23:00:00,1.3573000000000002
2022-04-15 23:00:00,1.358
2022-04-18 23:00:00,1.3552000000000002
2022-04-19 23:00:00,1.3527
2022-04-20 23:00:00,1.3502
2022-04-21 23:00:00,1.3529
2022-04-22 23:00:00,1.3429
2022-04-25 23:00:00,1.3299
2022-04-26 23:00:00,1.3210000000000002
2022-04-27 23:00:00,1.3058
2022-04-28 23:00:00,1.3026
2022-04-29 23:00:00,1.3233000000000001
2022-05-04 23:00:00,1.2994
2022-05-05 23:00:00,1.2845
2022-05-06 23:00:00,1.2866000000000002
2022-05-11 23:00:00,1.2886000000000002
2022-05-12 23:00:00,1.2758
2022-05-13 23:00:00,1.2750000000000001
2022-05-16 23:00:00,1.2766000000000002
2022-05-17 23:00:00,1.2924
2022-05-18 23:00:00,1.2971000000000001
2022-05-19 23:00:00,1.2939
2022-05-20 23:00:00,1.3006
2022-05-23 23:00:00,1.3101
2022-05-24 23:00:00,1.3105
2022-05-25 23:00:00,1.3066
2022-05-26 23:00:00,1.3073000000000001
2022-05-27 23:00:00,1.3061
2022-05-30 23:00:00,1.3083
2022-05-31 23:00:00,1.3106
2022-06-01 23:00:00,1.3058
2022-06-02 23:00:00,1.3072000000000001
2022-06-03 23:00:00,1.3134000000000001
2022-06-06 23:00:00,1.3096
2022-06-07 23:00:00,1.3035
2022-06-08 23:00:00,1.2991000000000001
2022-06-09 23:00:00,1.2961
2022-06-10 23:00:00,1.2803
2022-06-14 23:00:00,1.2550000000000001
2022-06-15 23:00:00,1.2481
2022-06-16 23:00:00,1.246
2022-06-17 23:00:00,1.2523
2022-06-20 23:00:00,1.2598
2022-06-21 23:00:00,1.2456
2022-06-22 23:00:00,1.2376
2022-06-23 23:00:00,1.2346
2022-06-27 23:00:00,1.2406
2022-06-28 23:00:00,1.2376
2022-06-29 23:00:00,1.232
2022-06-30 23:00:00,1.2493999999999998
2022-07-01 23:00:00,1.2328
2022-07-04 23:00:00,1.2355
2022-07-05 23:00:00,1.2226
2022-07-06 23:00:00,1.2126
2022-07-07 23:00:00,1.2246
2022-07-11 23:00:00,1.2303
2022-07-12 23:00:00,1.2068999999999999
2022-07-13 23:00:00,1.2214
2022-07-14 23:00:00,1.2106
2022-07-15 23:00:00,1.2095
2022-07-18 23:00:00,1.2203
2022-07-19 23:00:00,1.2285
2022-07-20 23:00:00,1.2385
2022-07-22 23:00:00,1.2146
2022-07-26 23:00:00,1.2538
2022-07-27 23:00:00,1.2146
2022-07-28 23:00:00,1.2276
2022-08-01 23:00:00,1.2470999999999999
2022-08-02 23:00:00,1.2316
2022-08-03 23:00:00,1.2497
2022-08-04 23:00:00,1.2371999999999999
2022-08-05 23:00:00,1.2191999999999998
2022-08-10 23:00:00,1.2121
2022-08-11 23:00:00,1.2207
2022-08-12 23:00:00,1.2306
2022-08-15 23:00:00,1.2405
2022-08-16 23:00:00,1.2275
2022-08-18 23:00:00,1.2255
2022-08-19 23:00:00,1.2075
2022-08-22 23:00:00,1.1923
2022-08-23 23:00:00,1.1887999999999999
2022-08-25 23:00:00,1.2004
2022-08-26 23:00:00,1.1922
2022-08-29 23:00:00,1.1954
2022-08-30 23:00:00,1.1885999999999999
2022-08-31 23:00:00,1.1777
2022-09-01 23:00:00,1.1772
2022-09-02 23:00:00,1.1827999999999999
2022-09-05 23:00:00,1.1627999999999998
2022-09-06 23:00:00,1.1715
2022-09-07 23:00:00,1.1621
2022-09-08 23:00:00,1.1579
2022-09-09 23:00:00,1.1745999999999999
2022-09-12 23:00:00,1.1756
2022-09-13 23:00:00,1.1684999999999999
2022-09-14 23:00:00,1.1588
2022-09-15 23:00:00,1.162
2022-09-16 23:00:00,1.149
2022-09-19 23:00:00,1.143
2022-09-20 23:00:00,1.151
2022-09-21 23:00:00,1.1417
2022-09-22 23:00:00,1.1474
2022-09-23 23:00:00,1.0985
2022-09-26 23:00:00,1.0835
2022-09-27 23:00:00,1.0959999999999999
2022-09-28 23:00:00,1.0735
2022-09-29 23:00:00,1.0985
2022-09-30 23:00:00,1.1163999999999998
2022-10-03 23:00:00,1.1235
2022-10-04 23:00:00,1.1335
2022-10-05 23:00:00,1.1269
2022-10-06 23:00:00,1.1173
2022-10-07 23:00:00,1.1171
2022-10-10 23:00:00,1.1117
2022-10-11 23:00:00,1.1079999999999999
2022-10-12 23:00:00,1.0995
2022-10-13 23:00:00,1.1159999999999999
2022-10-14 23:00:00,1.1185
2022-10-17 23:00:00,1.1260999999999999
2022-10-18 23:00:00,1.1276
2022-10-19 23:00:00,1.1225
2022-10-20 23:00:00,1.1256
2022-10-21 23:00:00,1.1096
2022-10-24 23:00:00,1.1221999999999999
2022-10-25 23:00:00,1.1336
2022-10-26 23:00:00,1.1534
2022-10-27 23:00:00,1.1568
2022-10-28 23:00:00,1.1484999999999999
2022-10-31 23:00:00,1.1483999999999999
2022-11-01 23:00:00,1.1463999999999999
2022-11-02 23:00:00,1.1443999999999999
2022-11-03 23:00:00,1.1185
2022-11-07 23:00:00,1.1383999999999999
2022-11-08 23:00:00,1.148
2022-11-09 23:00:00,1.141
2022-11-10 23:00:00,1.1584999999999999
2022-11-11 23:00:00,1.1712
2022-11-14 23:00:00,1.1692
2022-11-15 23:00:00,1.1806999999999999
2022-11-16 23:00:00,1.1868999999999998
2022-11-17 23:00:00,1.1756
2022-11-18 23:00:00,1.1851
2022-11-21 23:00:00,1.1788999999999998
2022-11-22 23:00:00,1.1828999999999998
2022-11-23 23:00:00,1.1965
2022-11-24 23:00:00,1.2082
2022-11-25 23:00:00,1.2049999999999998
2022-11-28 23:00:00,1.1971
2022-11-29 23:00:00,1.1955
2022-11-30 23:00:00,1.1921
2022-12-01 23:00:00,1.2196
2022-12-02 23:00:00,1.2141
2022-12-05 23:00:00,1.2156
2022-12-06 23:00:00,1.2134
2022-12-07 23:00:00,1.2133
2022-12-08 23:00:00,1.2151999999999998
2022-12-09 23:00:00,1.2223
2022-12-12 23:00:00,1.2196
2022-12-13 23:00:00,1.2355
2022-12-14 23:00:00,1.2335
2022-12-15 23:00:00,1.2317
2022-12-16 23:00:00,1.2370999999999999
2022-12-19 23:00:00,1.2327
2022-12-20 23:00:00,1.2351999999999999
2022-12-21 23:00:00,1.2296
2022-12-22 23:00:00,1.2206
2022-12-23 23:00:00,1.2230999999999999
2022-12-26 23:00:00,1.2258
2022-12-27 23:00:00,1.2241
2022-12-28 23:00:00,1.2276
2022-12-29 23:00:00,1.2227
2022-12-30 23:00:00,1.2270999999999999
2023-01-03 23:00:00,1.2174
2023-01-04 23:00:00,1.2217
2023-01-05 23:00:00,1.2093
2023-01-06 23:00:00,1.2141
2023-01-09 23:00:00,1.2356
2023-01-10 23:00:00,1.2358
2023-01-11 23:00:00,1.2342
2023-01-12 23:00:00,1.2337
2023-01-13 23:00:00,1.2385
2023-01-16 23:00:00,1.2403
2023-01-17 23:00:00,1.2451999999999999
2023-01-18 23:00:00,1.2574999999999998
2023-01-19 23:00:00,1.2534999999999998
2023-01-20 23:00:00,1.2539
2023-01-23 23:00:00,1.2469999999999999
2023-01-24 23:00:00,1.2487
2023-01-25 23:00:00,1.2548
2023-01-26 23:00:00,1.2565
2023-01-27 23:00:00,1.2564
2023-01-30 23:00:00,1.2531999999999999
2023-01-31 23:00:00,1.2479
2023-02-01 23:00:00,1.2491999999999999
2023-02-02 23:00:00,1.2411999999999999
2023-02-03 23:00:00,1.2313999999999998
2023-02-06 23:00:00,1.2186
2023-02-07 23:00:00,1.2131999999999998
2023-02-08 23:00:00,1.2238
2023-02-09 23:00:00,1.2355
2023-02-10 23:00:00,1.2258
2023-02-13 23:00:00,1.2317
2023-02-14 23:00:00,1.2347
2023-02-15 23:00:00,1.216
2023-02-16 23:00:00,1.2187999999999999
2023-02-17 23:00:00,1.2186
2023-02-20 23:00:00,1.2197
2023-02-21 23:00:00,1.2289999999999999
2023-02-22 23:00:00,1.2257
2023-02-24 23:00:00,1.2142
2023-02-27 23:00:00,1.2219
2023-02-28 23:00:00,1.2305
2023-03-01 23:00:00,1.2183
2023-03-02 23:00:00,1.2154
2023-03-03 23:00:00,1.2186
2023-03-06 23:00:00,1.2182
2023-03-07 23:00:00,1.2073
2023-03-09 23:00:00,1.2086999999999999
2023-03-10 23:00:00,1.2287
2023-03-13 23:00:00,1.2356
2023-03-14 23:00:00,1.2386
2023-03-15 23:00:00,1.228
2023-03-16 23:00:00,1.2322
2023-03-17 23:00:00,1.2354
2023-03-20 23:00:00,1.2417
2023-03-21 23:00:00,1.2418
2023-03-22 23:00:00,1.2463
2023-03-23 23:00:00,1.2497
2023-03-24 23:00:00,1.238
2023-03-27 23:00:00,1.241
2023-03-28 23:00:00,1.2521
2023-03-29 23:00:00,1.2553
2023-03-30 23:00:00,1.2558
2023-03-31 23:00:00,1.2553
2023-04-03 23:00:00,1.2551
2023-04-04 23:00:00,1.2668000000000001
2023-04-05 23:00:00,1.2688
2023-04-06 23:00:00,1.2656
2023-04-07 23:00:00,1.2602
2023-04-10 23:00:00,1.2568000000000001
2023-04-11 23:00:00,1.2637
2023-04-12 23:00:00,1.2653
2023-04-13 23:00:00,1.2710000000000001
2023-04-17 23:00:00,1.2518
2023-04-18 23:00:00,1.2591
2023-04-19 23:00:00,1.262
2023-04-20 23:00:00,1.2613
2023-04-21 23:00:00,1.2598
2023-04-24 23:00:00,1.2631000000000001
2023-04-25 23:00:00,1.2583
2023-04-26 23:00:00,1.2655
2023-04-27 23:00:00,1.2676
2023-04-28 23:00:00,1.2762
2023-05-02 23:00:00,1.2668000000000001
2023-05-03 23:00:00,1.2691000000000001
2023-05-04 23:00:00,1.2729000000000001
2023-05-05 23:00:00,1.2778
2023-05-08 23:00:00,1.2832000000000001
2023-05-10 23:00:00,1.2824
2023-05-11 23:00:00,1.2684
2023-05-12 23:00:00,1.2710000000000001
2023-05-15 23:00:00,1.2653
2023-05-16 23:00:00,1.2639
2023-05-17 23:00:00,1.2655
2023-05-18 23:00:00,1.2596
2023-05-19 23:00:00,1.2628000000000001
2023-05-22 23:00:00,1.2615
2023-05-23 23:00:00,1.2569000000000001
2023-05-24 23:00:00,1.2558
2023-05-25 23:00:00,1.2528000000000001
2023-05-26 23:00:00,1.2510000000000001
2023-05-29 23:00:00,1.2550000000000001
2023-05-30 23:00:00,1.2598
2023-05-31 23:00:00,1.2568000000000001
2023-06-01 23:00:00,1.2678
2023-06-02 23:00:00,1.2676
2023-06-05 23:00:00,1.26
2023-06-06 23:00:00,1.2555
2023-06-07 23:00:00,1.2655
2023-06-08 23:00:00,1.2632
2023-06-09 23:00:00,1.272
2023-06-13 23:00:00,1.2778
2023-06-14 23:00:00,1.2835
2023-06-15 23:00:00,1.284
2023-06-16 23:00:00,1.2974
2023-06-19 23:00:00,1.2911000000000001
2023-06-21 23:00:00,1.2887000000000002
2023-06-22 23:00:00,1.2925000000000002
2023-06-23 23:00:00,1.2854
2023-06-26 23:00:00,1.2922
2023-06-27 23:00:00,1.2866000000000002
2023-06-28 23:00:00,1.2826000000000002
2023-06-29 23:00:00,1.2793
2023-06-30 23:00:00,1.2905000000000002
2023-07-03 23:00:00,1.2864000000000002
2023-07-04 23:00:00,1.2917
2023-07-05 23:00:00,1.2830000000000001
2023-07-06 23:00:00,1.2902000000000002
2023-07-10 23:00:00,1.2999
2023-07-11 23:00:00,1.31
2023-07-12 23:00:00,1.3145000000000002
2023-07-13 23:00:00,1.3245000000000002
2023-07-14 23:00:00,1.326
2023-07-17 23:00:00,1.3269000000000002
2023-07-18 23:00:00,1.3254000000000001
2023-07-19 23:00:00,1.3094000000000001
2023-07-20 23:00:00,1.3042
2023-07-21 23:00:00,1.3025000000000002
2023-07-24 23:00:00,1.2942
2023-07-25 23:00:00,1.2810000000000001
2023-07-26 23:00:00,1.3124000000000002
2023-07-27 23:00:00,1.3039
2023-07-28 23:00:00,1.2933000000000001
2023-07-31 23:00:00,1.3058
2023-08-01 23:00:00,1.2924000000000002
2023-08-02 23:00:00,1.2870000000000001
2023-08-03 23:00:00,1.2891000000000001
2023-08-04 23:00:00,1.2924000000000002
2023-08-07 23:00:00,1.2969000000000002
2023-08-08 23:00:00,1.2865000000000002
2023-08-09 23:00:00,1.29
2023-08-10 23:00:00,1.2938
2023-08-11 23:00:00,1.2909000000000002
2023-08-14 23:00:00,1.2856
2023-08-15 23:00:00,1.2866000000000002
2023-08-16 23:00:00,1.2915
2023-08-17 23:00:00,1.2893000000000001
2023-08-18 23:00:00,1.292
2023-08-21 23:00:00,1.2891000000000001
2023-08-22 23:00:00,1.2905000000000002
2023-08-23 23:00:00,1.2818
2023-08-24 23:00:00,1.2789000000000001
2023-08-25 23:00:00,1.2798
2023-08-28 23:00:00,1.2771000000000001
2023-08-29 23:00:00,1.2767000000000002
2023-08-30 23:00:00,1.2786000000000002
2023-08-31 23:00:00,1.2889000000000002
2023-09-01 23:00:00,1.282
2023-09-04 23:00:00,1.2766000000000002
2023-09-05 23:00:00,1.2725000000000002
2023-09-06 23:00:00,1.2703000000000002
2023-09-07 23:00:00,1.2660000000000002
2023-09-11 23:00:00,1.2723000000000002
2023-09-12 23:00:00,1.2677
2023-07-07 23:00:00,1.2677
2023-09-18 23:00:00,1.2262000000000002
2023-09-19 23:00:00,1.2247000000000001
2023-09-20 23:00:00,1.2261000000000002
2023-09-21 23:00:00,1.2238000000000002
2023-09-22 23:00:00,1.2140000000000002
2023-09-25 23:00:00,1.2105000000000001
2023-09-26 23:00:00,1.2039000000000002
2023-09-27 23:00:00,1.2054
2023-09-29 23:00:00,1.2129
2023-10-02 23:00:00,1.2051
2023-10-03 23:00:00,1.195
2023-10-04 23:00:00,1.2044000000000001
2023-10-05 23:00:00,1.1997000000000002
2023-10-06 23:00:00,1.2140000000000002
2023-10-09 23:00:00,1.2056000000000002
2023-10-10 23:00:00,1.219
2023-10-11 23:00:00,1.2197000000000002
2023-10-12 23:00:00,1.2108
2023-10-13 23:00:00,1.2094
2023-10-16 23:00:00,1.2015
2023-10-18 23:00:00,1.2115
2023-10-19 23:00:00,1.2046000000000001
2023-10-20 23:00:00,1.2002000000000002
2023-10-23 23:00:00,1.2034
2023-10-24 23:00:00,1.2033
2023-10-25 23:00:00,1.1983000000000001
2023-10-26 23:00:00,1.1988
2023-10-30 23:00:00,1.2004000000000001
2023-10-31 23:00:00,1.207
2023-11-01 23:00:00,1.1987
2023-11-02 23:00:00,1.2029
2023-11-03 23:00:00,1.2194
2023-11-06 23:00:00,1.2296
2023-11-07 23:00:00,1.2216
2023-11-08 23:00:00,1.2148
2023-11-09 23:00:00,1.2299000000000002
2023-11-10 23:00:00,1.2155
2023-11-14 23:00:00,1.2389000000000001
2023-11-15 23:00:00,1.2352
2023-11-16 23:00:00,1.2311
2023-11-17 23:00:00,1.2343000000000002
2023-11-20 23:00:00,1.2315
2023-11-21 23:00:00,1.2442000000000002
2023-11-22 23:00:00,1.2358000000000002
2023-11-23 23:00:00,1.2391
2023-11-24 23:00:00,1.2467000000000001
2023-11-27 23:00:00,1.2503000000000002
2023-11-28 23:00:00,1.2552
2023-11-29 23:00:00,1.2594
2023-12-04 23:00:00,1.2558
2023-12-05 23:00:00,1.2551
2023-12-07 23:00:00,1.2448000000000001
2023-12-08 23:00:00,1.2433
2023-12-12 23:00:00,1.2438
2023-12-13 23:00:00,1.2389000000000001
2023-12-14 23:00:00,1.2589000000000001
2023-12-15 23:00:00,1.2638
2023-09-28 23:00:00,1.2638
2023-11-30 23:00:00,1.2638
2023-12-01 23:00:00,1.2638
2023-12-18 23:00:00,1.2569000000000001
2023-12-19 23:00:00,1.2693
2023-12-20 23:00:00,1.2597
2023-12-21 23:00:00,1.2619
2023-12-22 23:00:00,1.2685000000000002
2023-12-26 23:00:00,1.2709000000000001
2023-12-27 23:00:00,1.2690000000000001
2023-12-28 23:00:00,1.2779
2024-01-03 23:00:00,1.2628000000000001
2024-01-04 23:00:00,1.2672
2024-01-05 23:00:00,1.2676
2024-01-09 23:00:00,1.2703000000000002
2024-01-10 23:00:00,1.2668000000000001
2024-01-15 23:00:00,1.2681000000000002
2024-01-17 23:00:00,1.2629000000000001
2024-01-18 23:00:00,1.2626000000000002
2024-01-19 23:00:00,1.2621000000000002
2024-01-24 23:00:00,1.2749000000000001
2024-01-25 23:00:00,1.2718
2024-01-26 23:00:00,1.268
2024-01-29 23:00:00,1.2636
2024-01-30 23:00:00,1.2642000000000002
2024-01-31 23:00:00,1.2639
2024-02-01 23:00:00,1.264
2024-02-05 23:00:00,1.2502000000000002
2024-02-06 23:00:00,1.2500000000000002
2024-02-07 23:00:00,1.2588000000000001
2024-02-08 23:00:00,1.2582000000000002
2024-02-09 23:00:00,1.2586000000000002
2024-02-12 23:00:00,1.2580000000000002
2024-02-13 23:00:00,1.2533
2024-02-14 23:00:00,1.2508000000000001
2024-02-15 23:00:00,1.2560000000000002
2024-02-16 23:00:00,1.2514
2024-02-19 23:00:00,1.2551
2024-02-20 23:00:00,1.2615
2024-02-21 23:00:00,1.2558
2024-02-22 23:00:00,1.2622000000000002
2024-02-26 23:00:00,1.2637
2024-02-27 23:00:00,1.2652
2024-02-28 23:00:00,1.2605000000000002
2024-02-29 23:00:00,1.2619
2024-03-01 23:00:00,1.2571
2024-03-04 23:00:00,1.2649000000000001
2024-03-05 23:00:00,1.2632
2024-03-06 23:00:00,1.2697
2024-03-07 23:00:00,1.2699
2024-03-11 23:00:00,1.2827000000000002
2024-03-13 23:00:00,1.276
2024-03-14 23:00:00,1.2691000000000001
2024-03-15 23:00:00,1.2710000000000001
2023-12-25 23:00:00,1.2710000000000001
2024-01-12 23:00:00,1.2710000000000001
2024-01-16 23:00:00,1.2710000000000001
2024-02-02 23:00:00,1.2710000000000001
2024-03-12 23:00:00,1.2710000000000001
2024-03-19 23:00:00,1.2591
2024-03-20 23:00:00,1.2586000000000002
2024-03-21 23:00:00,1.2556
2024-03-22 23:00:00,1.2501
2024-03-25 23:00:00,1.2517
2024-03-27 23:00:00,1.2524
2024-03-28 23:00:00,1.2544
2024-03-29 23:00:00,1.2406000000000001
2024-04-01 23:00:00,1.2523
2024-04-02 23:00:00,1.2455
2024-04-03 23:00:00,1.2531
2024-04-04 23:00:00,1.2571
2024-04-05 23:00:00,1.2509000000000001
2024-04-08 23:00:00,1.2539
2024-04-09 23:00:00,1.2582
2024-04-10 23:00:00,1.2495
2024-04-11 23:00:00,1.2426000000000001
2024-04-12 23:00:00,1.2342
2024-04-15 23:00:00,1.2374
2024-04-16 23:00:00,1.2352
2024-04-17 23:00:00,1.2385000000000002
2024-04-18 23:00:00,1.2373
2024-04-19 23:00:00,1.2322
2024-04-22 23:00:00,1.2244000000000002
2024-04-23 23:00:00,1.233
2024-04-24 23:00:00,1.2326000000000001
2024-04-25 23:00:00,1.2382
2024-04-26 23:00:00,1.2355
2024-04-29 23:00:00,1.2437
2024-04-30 23:00:00,1.2439
2024-05-02 23:00:00,1.2394
2024-05-03 23:00:00,1.2494
2024-05-06 23:00:00,1.2478
2024-05-07 23:00:00,1.245
2024-05-08 23:00:00,1.2398
2024-05-10 23:00:00,1.2436
2024-05-13 23:00:00,1.246
2024-05-14 23:00:00,1.2464
2024-05-15 23:00:00,1.2556
2024-05-16 23:00:00,1.2545
2024-05-17 23:00:00,1.2599
2024-05-20 23:00:00,1.2594
2024-05-21 23:00:00,1.2598
2024-05-23 23:00:00,1.2613
2024-05-24 23:00:00,1.2646
2024-05-27 23:00:00,1.266
2024-05-28 23:00:00,1.2675
2024-05-29 23:00:00,1.2617
2024-05-30 23:00:00,1.2617
2024-05-31 23:00:00,1.2645
2024-06-03 23:00:00,1.2645
2024-06-04 23:00:00,1.266
2024-06-05 23:00:00,1.2674
2024-06-06 23:00:00,1.2683
2024-06-07 23:00:00,1.2699
2024-06-10 23:00:00,1.2631000000000001
2024-06-11 23:00:00,1.2608000000000001
2024-06-13 23:00:00,1.2653
2024-06-14 23:00:00,1.258
2024-06-18 23:00:00,1.2563
2024-06-19 23:00:00,1.2625
2024-06-20 23:00:00,1.2584
2024-06-24 23:00:00,1.2572999999999999
2024-06-25 23:00:00,1.259
2024-06-26 23:00:00,1.2522
2024-06-27 23:00:00,1.2549
2024-07-01 23:00:00,1.2566
2024-07-02 23:00:00,1.2574
2024-07-03 23:00:00,1.2664
2024-07-04 23:00:00,1.2655
2024-07-05 23:00:00,1.2673999999999999
2024-07-08 23:00:00,1.2702
2024-07-09 23:00:00,1.2701
2024-07-10 23:00:00,1.2677
2024-07-11 23:00:00,1.2803
2024-07-12 23:00:00,1.2881
2024-07-15 23:00:00,1.2868
2024-07-16 23:00:00,1.2863
2024-07-17 23:00:00,1.2918
2024-07-18 23:00:00,1.2876
2024-07-19 23:00:00,1.2802
2024-07-22 23:00:00,1.2792
2024-07-23 23:00:00,1.2799
2024-07-24 23:00:00,1.2785
2024-07-25 23:00:00,1.2757
2024-07-26 23:00:00,1.2781
2024-07-29 23:00:00,1.2724
2024-07-30 23:00:00,1.2695
2024-07-31 23:00:00,1.272
2024-08-01 23:00:00,1.2643
2024-08-02 23:00:00,1.2582
2024-08-05 23:00:00,1.2619
2024-08-06 23:00:00,1.2574
2024-08-07 23:00:00,1.2582
2024-08-08 23:00:00,1.2571999999999999
2024-08-09 23:00:00,1.2629
2024-08-12 23:00:00,1.2638
2024-08-13 23:00:00,1.2713999999999999
2024-08-14 23:00:00,1.2716
2024-08-15 23:00:00,1.2697
2024-08-16 23:00:00,1.2774999999999999
2024-08-19 23:00:00,1.2852
2024-08-20 23:00:00,1.289
2024-08-21 23:00:00,1.2913999999999999
2024-08-22 23:00:00,1.2861
2024-08-23 23:00:00,1.3061
2024-08-26 23:00:00,1.3042
2024-08-27 23:00:00,1.3082
2024-08-28 23:00:00,1.307
2024-08-29 23:00:00,1.3034
2024-08-30 23:00:00,1.3015999999999999
2024-09-02 23:00:00,1.2984
2024-09-03 23:00:00,1.2997
2024-09-04 23:00:00,1.3021
2024-09-05 23:00:00,1.3
2024-09-06 23:00:00,1.3058
2024-09-09 23:00:00,1.2951
2024-09-10 23:00:00,1.2914999999999999
2024-09-11 23:00:00,1.2886
2024-09-12 23:00:00,1.2919
2024-09-13 23:00:00,1.2971
2024-09-16 23:00:00,1.3073
2024-09-17 23:00:00,1.3067
2024-09-18 23:00:00,1.3146
2024-09-19 23:00:00,1.3165
2024-09-20 23:00:00,1.3207
2024-09-23 23:00:00,1.3241
2024-09-24 23:00:00,1.3272
2024-09-25 23:00:00,1.3248
2024-09-26 23:00:00,1.325
