DATETIME,price
2010-03-15 23:00:00,1767.1999999999994
2010-03-16 23:00:00,1785.9999999999993
2010-03-17 23:00:00,1786.0999999999995
2010-03-18 23:00:00,1782.6999999999994
2010-03-19 23:00:00,1769.4999999999993
2010-03-22 23:00:00,1760.7999999999995
2010-03-23 23:00:00,1767.5999999999995
2010-03-24 23:00:00,1755.7999999999995
2010-03-25 23:00:00,1755.0999999999995
2010-03-26 23:00:00,1766.0999999999995
2010-03-29 23:00:00,1772.3999999999994
2010-03-30 23:00:00,1766.3999999999994
2010-03-31 23:00:00,1777.8999999999994
2010-04-01 23:00:00,1786.0999999999995
2010-04-02 23:00:00,1783.7999999999995
2010-04-05 23:00:00,1788.7999999999995
2010-04-06 23:00:00,1797.8999999999994
2010-04-07 23:00:00,1807.9999999999993
2010-04-08 23:00:00,1815.4999999999993
2010-04-09 23:00:00,1822.1999999999994
2010-04-12 23:00:00,1825.0999999999995
2010-04-13 23:00:00,1810.6999999999994
2010-04-14 23:00:00,1819.1999999999994
2010-04-15 23:00:00,1821.3999999999994
2010-04-16 23:00:00,1815.5999999999995
2010-04-19 23:00:00,1799.8999999999994
2010-04-20 23:00:00,1804.3999999999994
2010-04-21 23:00:00,1804.2999999999995
2010-04-22 23:00:00,1797.5999999999995
2010-04-23 23:00:00,1814.7999999999995
2010-04-26 23:00:00,1816.7999999999995
2010-04-27 23:00:00,1820.1999999999994
2010-04-28 23:00:00,1829.0999999999995
2010-04-29 23:00:00,1829.1999999999994
2010-04-30 23:00:00,1843.3999999999994
2010-05-04 23:00:00,1841.9999999999993
2010-05-05 23:00:00,1833.5999999999995
2010-05-06 23:00:00,1845.3999999999994
2010-05-07 23:00:00,1859.3999999999994
2010-05-11 23:00:00,1879.3999999999994
2010-05-12 23:00:00,1900.2999999999995
2010-05-13 23:00:00,1899.5999999999995
2010-05-14 23:00:00,1891.0999999999995
2010-05-17 23:00:00,1895.0999999999995
2010-05-18 23:00:00,1879.8999999999994
2010-05-19 23:00:00,1860.3999999999994
2010-05-20 23:00:00,1843.3999999999994
2010-05-21 23:00:00,1840.5999999999995
2010-05-24 23:00:00,1849.7999999999995
2010-05-25 23:00:00,1859.2999999999995
2010-05-26 23:00:00,1875.9999999999993
2010-05-27 23:00:00,1875.9999999999993
2010-05-28 23:00:00,1870.0999999999995
2010-05-31 23:00:00,1877.8999999999994
2010-06-01 23:00:00,1886.3999999999994
2010-06-02 23:00:00,1880.1999999999994
2010-06-03 23:00:00,1877.5999999999995
2010-06-04 23:00:00,1867.2999999999995
2010-06-07 23:00:00,1890.8999999999994
2010-06-08 23:00:00,1910.6999999999994
2010-06-09 23:00:00,1893.0999999999995
2010-06-10 23:00:00,1879.8999999999994
2010-06-11 23:00:00,1885.2999999999995
2010-06-15 23:00:00,1887.7999999999995
2010-06-16 23:00:00,1893.3999999999996
2010-06-17 23:00:00,1908.3999999999996
2010-06-18 23:00:00,1921.1999999999996
2010-06-21 23:00:00,1917.4999999999995
2010-06-22 23:00:00,1902.7999999999995
2010-06-23 23:00:00,1888.4999999999995
2010-06-24 23:00:00,1903.7999999999995
2010-06-25 23:00:00,1914.5999999999995
2010-06-28 23:00:00,1917.7999999999995
2010-06-29 23:00:00,1893.4999999999995
2010-06-30 23:00:00,1900.5999999999995
2010-07-01 23:00:00,1884.7999999999995
2010-07-02 23:00:00,1865.8999999999996
2010-07-05 23:00:00,1865.4999999999995
2010-07-06 23:00:00,1849.7999999999995
2010-07-07 23:00:00,1852.1999999999996
2010-07-08 23:00:00,1845.9999999999995
2010-07-09 23:00:00,1867.1999999999996
2010-07-12 23:00:00,1862.4999999999995
2010-07-13 23:00:00,1871.5999999999995
2010-07-14 23:00:00,1866.7999999999995
2010-07-15 23:00:00,1864.7999999999995
2010-07-16 23:00:00,1851.4999999999995
2010-07-19 23:00:00,1835.8999999999996
2010-07-20 23:00:00,1847.7999999999995
2010-07-21 23:00:00,1849.8999999999996
2010-07-22 23:00:00,1856.0999999999995
2010-07-23 23:00:00,1848.4999999999995
2010-07-26 23:00:00,1841.1999999999996
2010-07-27 23:00:00,1821.9999999999995
2010-07-28 23:00:00,1824.2999999999995
2010-07-29 23:00:00,1823.9999999999995
2010-07-30 23:00:00,1833.7999999999995
2010-08-02 23:00:00,1846.5999999999995
2010-08-03 23:00:00,1844.2999999999995
2010-08-04 23:00:00,1859.2999999999995
2010-08-05 23:00:00,1851.0999999999995
2010-08-06 23:00:00,1865.7999999999995
2010-08-09 23:00:00,1860.8999999999996
2010-08-10 23:00:00,1852.3999999999996
2010-08-11 23:00:00,1863.6999999999996
2010-08-12 23:00:00,1875.0999999999995
2010-08-13 23:00:00,1874.0999999999995
2010-08-16 23:00:00,1882.3999999999996
2010-08-17 23:00:00,1883.2999999999995
2010-08-18 23:00:00,1878.1999999999996
2010-08-19 23:00:00,1892.5999999999995
2010-08-20 23:00:00,1883.4999999999995
2010-08-23 23:00:00,1880.7999999999995
2010-08-24 23:00:00,1890.6999999999996
2010-08-25 23:00:00,1895.0999999999995
2010-08-26 23:00:00,1894.4999999999995
2010-08-27 23:00:00,1896.1999999999996
2010-08-30 23:00:00,1893.4999999999995
2010-08-31 23:00:00,1902.7999999999995
2010-09-01 23:00:00,1901.9999999999995
2010-09-02 23:00:00,1908.8999999999996
2010-09-03 23:00:00,1901.4999999999995
2010-09-06 23:00:00,1906.6999999999996
2010-09-07 23:00:00,1913.4999999999995
2010-09-08 23:00:00,1914.7999999999995
2010-09-09 23:00:00,1911.9999999999995
2010-09-10 23:00:00,1903.9999999999995
2010-09-13 23:00:00,1902.5999999999995
2010-09-14 23:00:00,1926.1999999999996
2010-09-15 23:00:00,1927.8999999999996
2010-09-16 23:00:00,1933.6999999999996
2010-09-17 23:00:00,1935.6999999999996
2010-09-20 23:00:00,1939.8999999999996
2010-09-21 23:00:00,1932.7999999999997
2010-09-22 23:00:00,1946.3999999999996
2010-09-23 23:00:00,1948.8999999999996
2010-09-24 23:00:00,1953.8999999999996
2010-09-27 23:00:00,1953.2999999999997
2010-09-28 23:00:00,1960.0999999999997
2010-09-29 23:00:00,1964.0999999999997
2010-09-30 23:00:00,1964.0999999999997
2010-10-01 23:00:00,1974.5999999999997
2010-10-04 23:00:00,1969.6999999999996
2010-10-05 23:00:00,1993.1999999999996
2010-10-06 23:00:00,2004.5999999999997
2010-10-07 23:00:00,1994.1999999999996
2010-10-08 23:00:00,2001.0999999999997
2010-10-11 23:00:00,2006.1999999999996
2010-10-12 23:00:00,2005.4999999999995
2010-10-13 23:00:00,2030.1999999999996
2010-10-14 23:00:00,2034.3999999999996
2010-10-15 23:00:00,2025.6999999999996
2010-10-18 23:00:00,2023.8999999999996
2010-10-19 23:00:00,1997.8999999999996
2010-10-20 23:00:00,2001.7999999999997
2010-10-21 23:00:00,1999.8999999999996
2010-10-22 23:00:00,1978.2999999999997
2010-10-25 23:00:00,1991.7999999999997
2010-10-26 23:00:00,1990.8999999999996
2010-10-27 23:00:00,1980.9999999999995
2010-10-28 23:00:00,1985.6999999999996
2010-10-29 23:00:00,2000.9999999999995
2010-11-01 23:00:00,2005.6999999999996
2010-11-02 23:00:00,2008.9999999999995
2010-11-03 23:00:00,1989.4999999999995
2010-11-08 23:00:00,2048.4999999999995
2010-11-09 23:00:00,2074.7
2010-11-10 23:00:00,2046.1999999999996
2010-11-11 23:00:00,2056.0999999999995
2010-11-12 23:00:00,2040.7999999999997
2010-11-13 23:00:00,2027.0999999999997
2010-11-15 23:00:00,2029.3999999999996
2010-11-16 23:00:00,2004.9999999999995
2010-11-17 23:00:00,1999.3999999999996
2010-11-18 23:00:00,2005.4999999999995
2010-11-19 23:00:00,2008.5999999999997
2010-11-22 23:00:00,2008.3999999999996
2010-11-23 23:00:00,2033.0999999999997
2010-11-24 23:00:00,2027.0999999999997
2010-11-25 23:00:00,2028.3999999999996
2010-11-26 23:00:00,2011.3999999999996
2010-11-29 23:00:00,2016.3999999999996
2010-11-30 23:00:00,2040.0999999999997
2010-12-01 23:00:00,2038.4999999999995
2010-12-02 23:00:00,2047.2999999999997
2010-12-03 23:00:00,2062.4999999999995
2010-12-06 23:00:00,2069.4999999999995
2010-12-07 23:00:00,2065.3999999999996
2010-12-08 23:00:00,2026.7999999999997
2010-12-09 23:00:00,2039.2999999999997
2010-12-10 23:00:00,2030.9999999999995
2010-12-13 23:00:00,2050.2
2010-12-14 23:00:00,2051.7
2010-12-15 23:00:00,2043.4999999999995
2010-12-16 23:00:00,2018.4999999999995
2010-12-17 23:00:00,2019.3999999999996
2010-12-20 23:00:00,2030.8999999999996
2010-12-21 23:00:00,2035.5999999999995
2010-12-22 23:00:00,2036.7999999999995
2010-12-23 23:00:00,2026.0999999999995
2010-12-24 23:00:00,2033.6999999999996
2010-12-27 23:00:00,2032.6999999999996
2010-12-28 23:00:00,2056.9999999999995
2010-12-29 23:00:00,2062.2999999999993
2010-12-30 23:00:00,2055.2999999999993
2011-01-11 23:00:00,2025.2999999999995
2011-01-12 23:00:00,2030.3999999999996
2011-01-13 23:00:00,2035.4999999999995
2011-01-14 23:00:00,2013.5999999999995
2011-01-17 23:00:00,2010.9999999999995
2011-01-18 23:00:00,2020.5999999999995
2011-01-19 23:00:00,2019.4999999999995
2011-01-20 23:00:00,1996.0999999999995
2011-01-21 23:00:00,1993.6999999999996
2011-01-24 23:00:00,1997.5999999999995
2011-01-25 23:00:00,1976.7999999999995
2011-01-26 23:00:00,1978.2999999999995
2011-01-27 23:00:00,1983.8999999999996
2011-01-28 23:00:00,1976.6999999999996
2011-01-31 23:00:00,1980.0999999999995
2011-02-01 23:00:00,1979.6999999999996
2011-02-02 23:00:00,1988.0999999999995
2011-02-03 23:00:00,1983.4999999999995
2011-02-04 23:00:00,2002.4999999999995
2011-02-07 23:00:00,1998.2999999999995
2011-02-08 23:00:00,2014.1999999999996
2011-02-09 23:00:00,2014.8999999999996
2011-02-10 23:00:00,2007.9999999999995
2011-02-11 23:00:00,2015.3999999999996
2011-02-14 23:00:00,2014.7999999999995
2011-02-15 23:00:00,2024.0999999999995
2011-02-16 23:00:00,2022.1999999999996
2011-02-17 23:00:00,2032.6999999999996
2011-02-18 23:00:00,2036.8999999999996
2011-02-21 23:00:00,2055.0999999999995
2011-02-22 23:00:00,2053.3999999999996
2011-02-24 23:00:00,2064.4999999999995
2011-02-25 23:00:00,2058.2999999999993
2011-02-28 23:00:00,2063.2
2011-03-01 23:00:00,2074.2
2011-03-02 23:00:00,2086.2999999999993
2011-03-03 23:00:00,2072.4999999999995
2011-03-04 23:00:00,2077.2999999999993
2011-03-05 23:00:00,2082.5999999999995
2011-03-09 23:00:00,2080.9999999999995
2011-03-10 23:00:00,2055.2999999999993
2011-03-11 23:00:00,2063.4999999999995
2011-03-14 23:00:00,2074.7999999999993
2011-03-15 23:00:00,2042.8999999999994
2011-03-16 23:00:00,2052.4999999999995
2011-03-17 23:00:00,2050.8999999999996
2011-03-18 23:00:00,2070.7
2011-03-21 23:00:00,2080.7999999999993
2011-03-22 23:00:00,2075.7
2011-03-23 23:00:00,2088.7
2011-03-24 23:00:00,2096.2999999999993
2011-03-25 23:00:00,2082.7
2011-03-28 23:00:00,2068.5999999999995
2011-03-29 23:00:00,2068.4999999999995
2011-03-30 23:00:00,2067.7999999999993
2011-03-31 23:00:00,2085.2999999999993
2011-04-01 23:00:00,2072.5999999999995
2011-04-04 23:00:00,2084.7999999999993
2011-04-05 23:00:00,2091.3999999999996
2011-04-06 23:00:00,2108.5999999999995
2011-04-07 23:00:00,2107.2999999999993
2011-04-08 23:00:00,2118.3999999999996
2011-04-11 23:00:00,2116.3999999999996
2011-04-12 23:00:00,2101.4999999999995
2011-04-13 23:00:00,2105.3999999999996
2011-04-14 23:00:00,2115.8999999999996
2011-04-15 23:00:00,2131.9999999999995
2011-04-18 23:00:00,2138.7999999999993
2011-04-19 23:00:00,2140.7999999999993
2011-04-20 23:00:00,2152.2999999999993
2011-04-21 23:00:00,2152.5999999999995
2011-04-22 23:00:00,2156.7
2011-04-25 23:00:00,2155.2
2011-04-26 23:00:00,2148.7999999999993
2011-04-27 23:00:00,2154.2
2011-04-28 23:00:00,2182.8999999999996
2011-04-29 23:00:00,2192.0999999999995
2011-05-03 23:00:00,2182.7
2011-05-04 23:00:00,2176.5999999999995
2011-05-05 23:00:00,2149.0999999999995
2011-05-06 23:00:00,2144.2
2011-05-10 23:00:00,2161.8999999999996
2011-05-11 23:00:00,2154.0999999999995
2011-05-12 23:00:00,2140.7999999999993
2011-05-13 23:00:00,2156.0999999999995
2011-05-16 23:00:00,2147.9999999999995
2011-05-17 23:00:00,2127.4999999999995
2011-05-18 23:00:00,2146.5999999999995
2011-05-19 23:00:00,2136.7
2011-05-20 23:00:00,2143.2
2011-05-23 23:00:00,2161.5999999999995
2011-05-24 23:00:00,2172.8999999999996
2011-05-25 23:00:00,2174.4999999999995
2011-05-26 23:00:00,2167.7
2011-05-27 23:00:00,2180.0999999999995
2011-05-30 23:00:00,2185.7999999999993
2011-05-31 23:00:00,2186.2999999999993
2011-06-01 23:00:00,2189.2999999999993
2011-06-02 23:00:00,2183.9999999999995
2011-06-03 23:00:00,2185.2999999999993
2011-06-06 23:00:00,2197.9999999999995
2011-06-07 23:00:00,2192.7999999999993
2011-06-08 23:00:00,2183.8999999999996
2011-06-09 23:00:00,2185.2999999999993
2011-06-10 23:00:00,2178.7999999999993
2011-06-14 23:00:00,2167.3999999999996
2011-06-15 23:00:00,2162.9999999999995
2011-06-16 23:00:00,2160.0999999999995
2011-06-17 23:00:00,2168.3999999999996
2011-06-20 23:00:00,2170.4999999999995
2011-06-21 23:00:00,2179.5999999999995
2011-06-22 23:00:00,2185.4999999999995
2011-06-23 23:00:00,2148.9999999999995
2011-06-24 23:00:00,2136.2
2011-06-27 23:00:00,2129.9999999999995
2011-06-28 23:00:00,2134.8999999999996
2011-06-29 23:00:00,2135.4999999999995
2011-06-30 23:00:00,2136.3999999999996
2011-07-01 23:00:00,2117.8999999999996
2011-07-04 23:00:00,2125.7999999999997
2011-07-05 23:00:00,2139.9999999999995
2011-07-06 23:00:00,2158.2
2011-07-07 23:00:00,2157.2999999999997
2011-07-08 23:00:00,2174.2
2011-07-11 23:00:00,2180.7999999999997
2011-07-12 23:00:00,2182.2999999999997
2011-07-13 23:00:00,2216.2
2011-07-14 23:00:00,2217.0999999999995
2011-07-15 23:00:00,2219.2999999999997
2011-07-18 23:00:00,2232.4999999999995
2011-07-19 23:00:00,2230.5999999999995
2011-07-20 23:00:00,2220.3999999999996
2011-07-21 23:00:00,2228.9999999999995
2011-07-22 23:00:00,2237.4999999999995
2011-07-25 23:00:00,2243.9999999999995
2011-07-26 23:00:00,2241.2999999999997
2011-07-27 23:00:00,2249.7999999999997
2011-07-28 23:00:00,2237.7
2011-07-29 23:00:00,2258.7999999999997
2011-08-01 23:00:00,2256.2
2011-08-02 23:00:00,2266.2999999999997
2011-08-03 23:00:00,2299.7999999999993
2011-08-04 23:00:00,2309.7999999999993
2011-08-05 23:00:00,2291.3999999999996
2011-08-08 23:00:00,2328.3999999999987
2011-08-09 23:00:00,2361.3999999999996
2011-08-10 23:00:00,2406.2
2011-08-11 23:00:00,2386.8999999999996
2011-08-12 23:00:00,2357.0
2011-08-15 23:00:00,2369.3999999999996
2011-08-16 23:00:00,2414.0999999999995
2011-08-17 23:00:00,2423.2
2011-08-18 23:00:00,2453.2
2011-08-19 23:00:00,2478.0
2011-08-22 23:00:00,2513.5
2011-08-23 23:00:00,2508.1000000000004
2011-08-24 23:00:00,2405.3999999999996
2011-08-25 23:00:00,2370.7
2011-08-26 23:00:00,2406.8
2011-08-29 23:00:00,2423.5
2011-08-30 23:00:00,2460.3
2011-08-31 23:00:00,2454.7
2011-09-01 23:00:00,2448.0999999999995
2011-09-02 23:00:00,2505.4000000000005
2011-09-05 23:00:00,2524.2
2011-09-06 23:00:00,2528.7000000000007
2011-09-07 23:00:00,2432.3999999999996
2011-09-08 23:00:00,2480.7
2011-09-09 23:00:00,2476.4000000000005
2011-09-12 23:00:00,2462.3
2011-09-13 23:00:00,2443.8999999999996
2011-09-14 23:00:00,2450.3999999999996
2011-09-15 23:00:00,2432.2999999999993
2011-09-16 23:00:00,2445.5
2011-09-19 23:00:00,2438.5
2011-09-20 23:00:00,2457.3
2011-09-21 23:00:00,2446.3
2011-09-22 23:00:00,2387.3
2011-09-23 23:00:00,2322.999999999999
2011-09-26 23:00:00,2254.3999999999996
2011-09-27 23:00:00,2315.7
2011-09-28 23:00:00,2294.0
2011-09-29 23:00:00,2260.2999999999997
2011-09-30 23:00:00,2271.7
2011-10-03 23:00:00,2299.0
2011-10-04 23:00:00,2288.7
2011-10-05 23:00:00,2262.5
2011-10-06 23:00:00,2293.2
2011-10-07 23:00:00,2308.2999999999993
2011-10-10 23:00:00,2314.7
2011-10-11 23:00:00,2318.3999999999996
2011-10-12 23:00:00,2330.2
2011-10-13 23:00:00,2310.7
2011-10-14 23:00:00,2320.499999999999
2011-10-17 23:00:00,2331.3999999999996
2011-10-18 23:00:00,2289.2999999999993
2011-10-19 23:00:00,2305.7
2011-10-20 23:00:00,2273.2999999999997
2011-10-21 23:00:00,2288.2999999999993
2011-10-24 23:00:00,2301.7
2011-10-25 23:00:00,2335.5999999999995
2011-10-26 23:00:00,2365.8999999999996
2011-10-27 23:00:00,2380.0999999999995
2011-10-28 23:00:00,2396.3
2011-10-31 23:00:00,2375.3999999999996
2011-11-01 23:00:00,2363.0999999999995
2011-11-02 23:00:00,2395.3
2011-11-03 23:00:00,2415.8
2011-11-07 23:00:00,2432.0999999999995
2011-11-08 23:00:00,2445.2
2011-11-09 23:00:00,2438.5
2011-11-10 23:00:00,2417.8
2011-11-11 23:00:00,2426.7
2011-11-14 23:00:00,2433.2999999999993
2011-11-15 23:00:00,2436.7
2011-11-16 23:00:00,2410.0
2011-11-17 23:00:00,2398.2
2011-11-18 23:00:00,2369.8999999999996
2011-11-21 23:00:00,2356.8999999999996
2011-11-22 23:00:00,2347.3
2011-11-23 23:00:00,2342.8999999999996
2011-11-24 23:00:00,2346.5
2011-11-25 23:00:00,2340.5999999999995
2011-11-28 23:00:00,2364.5
2011-11-29 23:00:00,2362.3
2011-11-30 23:00:00,2396.5
2011-12-01 23:00:00,2393.7
2011-12-02 23:00:00,2394.3
2011-12-05 23:00:00,2388.2
2011-12-06 23:00:00,2356.2
2011-12-07 23:00:00,2380.7
2011-12-08 23:00:00,2365.3
2011-12-09 23:00:00,2359.2
2011-12-12 23:00:00,2310.2
2011-12-13 23:00:00,2314.7999999999993
2011-12-14 23:00:00,2259.5999999999995
2011-12-15 23:00:00,2235.2
2011-12-16 23:00:00,2237.3999999999996
2011-12-19 23:00:00,2249.2
2011-12-20 23:00:00,2263.7
2011-12-21 23:00:00,2257.8999999999996
2011-12-22 23:00:00,2257.7999999999997
2011-12-23 23:00:00,2252.7999999999997
2011-12-26 23:00:00,2240.2
2011-12-27 23:00:00,2244.2999999999997
2011-12-28 23:00:00,2228.5
2011-12-29 23:00:00,2178.1
2011-12-30 23:00:00,2211.2999999999997
2012-01-03 23:00:00,2242.5
2012-01-04 23:00:00,2253.2999999999997
2012-01-05 23:00:00,2246.2
2012-01-06 23:00:00,2268.2
2012-01-09 23:00:00,2261.0
2012-01-10 23:00:00,2276.8999999999996
2012-01-11 23:00:00,2283.6
2012-01-12 23:00:00,2305.3999999999996
2012-01-13 23:00:00,2286.8999999999996
2012-01-16 23:00:00,2288.2
2012-01-17 23:00:00,2305.7
2012-01-18 23:00:00,2293.7
2012-01-19 23:00:00,2299.3999999999996
2012-01-20 23:00:00,2296.2
2012-01-23 23:00:00,2320.2999999999993
2012-01-24 23:00:00,2309.7
2012-01-25 23:00:00,2299.2
2012-01-26 23:00:00,2367.2
2012-01-27 23:00:00,2371.3
2012-01-30 23:00:00,2374.3999999999996
2012-01-31 23:00:00,2384.2
2012-02-01 23:00:00,2386.7
2012-02-02 23:00:00,2389.6000000000004
2012-02-03 23:00:00,2389.3
2012-02-06 23:00:00,2360.8
2012-02-07 23:00:00,2366.1000000000004
2012-02-08 23:00:00,2389.3999999999996
2012-02-09 23:00:00,2392.2
2012-02-10 23:00:00,2357.8
2012-02-13 23:00:00,2361.1000000000004
2012-02-14 23:00:00,2367.3
2012-02-15 23:00:00,2377.5
2012-02-16 23:00:00,2355.1000000000004
2012-02-17 23:00:00,2371.3
2012-02-20 23:00:00,2377.1000000000004
2012-02-21 23:00:00,2390.0
2012-02-22 23:00:00,2398.0
2012-02-24 23:00:00,2420.5
2012-02-27 23:00:00,2412.3
2012-02-28 23:00:00,2420.5
2012-02-29 23:00:00,2427.7
2012-03-01 23:00:00,2347.2
2012-03-02 23:00:00,2348.7
2012-03-05 23:00:00,2344.7
2012-03-06 23:00:00,2313.2999999999993
2012-03-07 23:00:00,2315.5
2012-03-11 23:00:00,2350.2
2012-03-12 23:00:00,2336.1000000000004
2012-03-13 23:00:00,2330.3999999999996
2012-03-14 23:00:00,2290.5999999999995
2012-03-15 23:00:00,2286.8999999999996
2012-03-16 23:00:00,2290.3
2012-03-19 23:00:00,2294.0999999999995
2012-03-20 23:00:00,2281.8
2012-03-21 23:00:00,2286.6
2012-03-22 23:00:00,2269.8999999999996
2012-03-23 23:00:00,2293.8999999999996
2012-03-26 23:00:00,2316.5999999999995
2012-03-27 23:00:00,2320.2999999999993
2012-03-28 23:00:00,2302.8999999999996
2012-03-29 23:00:00,2283.6
2012-03-30 23:00:00,2292.0999999999995
2012-04-02 23:00:00,2311.5
2012-04-03 23:00:00,2303.3999999999996
2012-04-04 23:00:00,2253.8999999999996
2012-04-05 23:00:00,2263.2
2012-04-06 23:00:00,2262.8
2012-04-09 23:00:00,2274.3999999999996
2012-04-10 23:00:00,2266.8
2012-04-11 23:00:00,2288.3999999999996
2012-04-12 23:00:00,2303.0999999999995
2012-04-13 23:00:00,2299.2
2012-04-16 23:00:00,2278.3999999999996
2012-04-17 23:00:00,2273.1
2012-04-18 23:00:00,2276.8
2012-04-19 23:00:00,2279.1
2012-04-20 23:00:00,2276.3
2012-04-23 23:00:00,2261.7
2012-04-24 23:00:00,2274.7
2012-04-25 23:00:00,2267.8
2012-04-26 23:00:00,2287.3999999999996
2012-04-27 23:00:00,2295.0999999999995
2012-04-28 23:00:00,2296.0999999999995
2012-05-02 23:00:00,2282.0
2012-05-03 23:00:00,2266.8999999999996
2012-05-04 23:00:00,2269.8999999999996
2012-05-05 23:00:00,2269.8999999999996
2012-05-07 23:00:00,2264.8999999999996
2012-05-08 23:00:00,2235.0
2012-05-10 23:00:00,2226.2
2012-05-11 23:00:00,2219.8999999999996
2012-05-12 23:00:00,2213.8999999999996
2012-05-14 23:00:00,2190.1
2012-05-15 23:00:00,2188.3999999999996
2012-05-16 23:00:00,2180.6
2012-05-17 23:00:00,2204.8
2012-05-18 23:00:00,2225.6
2012-05-21 23:00:00,2221.1
2012-05-22 23:00:00,2218.1
2012-05-23 23:00:00,2167.1
2012-05-24 23:00:00,2203.0
2012-05-25 23:00:00,2191.8999999999996
2012-05-28 23:00:00,2207.3
2012-05-29 23:00:00,2207.7
2012-05-30 23:00:00,2167.6
2012-05-31 23:00:00,2187.8999999999996
2012-06-01 23:00:00,2239.1
2012-06-04 23:00:00,2239.3
2012-06-05 23:00:00,2245.1
2012-06-06 23:00:00,2264.1
2012-06-07 23:00:00,2234.2
2012-06-08 23:00:00,2209.2
2012-06-09 23:00:00,2217.8999999999996
2012-06-13 23:00:00,2248.3999999999996
2012-06-14 23:00:00,2242.3
2012-06-15 23:00:00,2248.5
2012-06-18 23:00:00,2238.5
2012-06-19 23:00:00,2240.0
2012-06-20 23:00:00,2218.8
2012-06-21 23:00:00,2203.4
2012-06-22 23:00:00,2178.5
2012-06-25 23:00:00,2188.9
2012-06-26 23:00:00,2189.4
2012-06-27 23:00:00,2188.8
2012-06-28 23:00:00,2170.4
2012-06-29 23:00:00,2211.4
2012-07-02 23:00:00,2211.4
2012-07-03 23:00:00,2231.0
2012-07-04 23:00:00,2228.7
2012-07-05 23:00:00,2223.7
2012-07-06 23:00:00,2205.0
2012-07-09 23:00:00,2201.5
2012-07-10 23:00:00,2202.2
2012-07-11 23:00:00,2188.9
2012-07-12 23:00:00,2172.4
2012-07-13 23:00:00,2206.5
2012-07-16 23:00:00,2206.2
2012-07-17 23:00:00,2188.0
2012-07-18 23:00:00,2192.0
2012-07-19 23:00:00,2199.8
2012-07-20 23:00:00,2194.2
2012-07-23 23:00:00,2190.7
2012-07-24 23:00:00,2192.5
2012-07-25 23:00:00,2213.4
2012-07-26 23:00:00,2229.2
2012-07-27 23:00:00,2233.7
2012-07-30 23:00:00,2233.5
2012-07-31 23:00:00,2237.0
2012-08-01 23:00:00,2211.4
2012-08-02 23:00:00,2207.0
2012-08-03 23:00:00,2209.9
2012-08-06 23:00:00,2225.7
2012-08-07 23:00:00,2223.7
2012-08-08 23:00:00,2222.3
2012-08-09 23:00:00,2227.7
2012-08-10 23:00:00,2237.8
2012-08-13 23:00:00,2228.5
2012-08-14 23:00:00,2212.4
2012-08-15 23:00:00,2218.2
2012-08-16 23:00:00,2225.0
2012-08-17 23:00:00,2223.6000000000004
2012-08-20 23:00:00,2227.3
2012-08-21 23:00:00,2249.6000000000004
2012-08-22 23:00:00,2251.1000000000004
2012-08-23 23:00:00,2282.6000000000004
2012-08-24 23:00:00,2279.2
2012-08-27 23:00:00,2278.5
2012-08-28 23:00:00,2279.3
2012-08-29 23:00:00,2263.9
2012-08-30 23:00:00,2263.2
2012-08-31 23:00:00,2278.1000000000004
2012-09-03 23:00:00,2299.3999999999996
2012-09-04 23:00:00,2302.2
2012-09-05 23:00:00,2302.8
2012-09-06 23:00:00,2317.3999999999996
2012-09-07 23:00:00,2344.9000000000005
2012-09-10 23:00:00,2340.8
2012-09-11 23:00:00,2343.7
2012-09-12 23:00:00,2338.3
2012-09-13 23:00:00,2339.4000000000005
2012-09-14 23:00:00,2376.3
2012-09-17 23:00:00,2375.8999999999996
2012-09-18 23:00:00,2374.8999999999996
2012-09-19 23:00:00,2377.2
2012-09-20 23:00:00,2368.2
2012-09-21 23:00:00,2389.7
2012-09-24 23:00:00,2371.2
2012-09-25 23:00:00,2377.5
2012-09-26 23:00:00,2350.3999999999996
2012-09-27 23:00:00,2370.2
2012-09-28 23:00:00,2378.8
2012-10-01 23:00:00,2382.5
2012-10-02 23:00:00,2384.3999999999996
2012-10-03 23:00:00,2382.6000000000004
2012-10-04 23:00:00,2395.5
2012-10-05 23:00:00,2390.1000000000004
2012-10-08 23:00:00,2379.0
2012-10-09 23:00:00,2378.8
2012-10-10 23:00:00,2371.3999999999996
2012-10-11 23:00:00,2378.5
2012-10-12 23:00:00,2369.5
2012-10-15 23:00:00,2333.5
2012-10-16 23:00:00,2346.3999999999996
2012-10-17 23:00:00,2348.8999999999996
2012-10-18 23:00:00,2342.7
2012-10-19 23:00:00,2337.8999999999996
2012-10-22 23:00:00,2326.199999999999
2012-10-23 23:00:00,2309.8999999999996
2012-10-24 23:00:00,2307.5999999999995
2012-10-25 23:00:00,2316.2
2012-10-26 23:00:00,2316.5
2012-10-29 23:00:00,2310.8
2012-10-30 23:00:00,2311.8
2012-10-31 23:00:00,2320.499999999999
2012-11-01 23:00:00,2321.7
2012-11-02 23:00:00,2287.3999999999996
2012-11-06 23:00:00,2291.0999999999995
2012-11-07 23:00:00,2320.3999999999996
2012-11-08 23:00:00,2318.2
2012-11-09 23:00:00,2336.7
2012-11-12 23:00:00,2333.0
2012-11-13 23:00:00,2322.999999999999
2012-11-14 23:00:00,2326.8999999999996
2012-11-15 23:00:00,2311.7
2012-11-16 23:00:00,2312.0999999999995
2012-11-19 23:00:00,2327.499999999999
2012-11-20 23:00:00,2329.0999999999995
2012-11-21 23:00:00,2323.8999999999996
2012-11-22 23:00:00,2329.6000000000004
2012-11-23 23:00:00,2332.3999999999996
2012-11-26 23:00:00,2352.0
2012-11-27 23:00:00,2347.7
2012-11-28 23:00:00,2313.8999999999996
2012-11-29 23:00:00,2327.999999999999
2012-11-30 23:00:00,2323.2999999999993
2012-12-03 23:00:00,2314.2
2012-12-04 23:00:00,2299.2
2012-12-05 23:00:00,2296.5
2012-12-06 23:00:00,2285.5
2012-12-07 23:00:00,2300.7
2012-12-10 23:00:00,2308.0999999999995
2012-12-11 23:00:00,2302.8
2012-12-12 23:00:00,2314.8999999999996
2012-12-13 23:00:00,2287.7
2012-12-14 23:00:00,2292.2
2012-12-17 23:00:00,2289.8999999999996
2012-12-18 23:00:00,2290.0
2012-12-19 23:00:00,2263.3999999999996
2012-12-20 23:00:00,2243.3999999999996
2012-12-21 23:00:00,2246.0
2012-12-24 23:00:00,2251.6
2012-12-25 23:00:00,2251.3
2012-12-26 23:00:00,2258.8999999999996
2012-12-27 23:00:00,2246.6
2012-12-28 23:00:00,2254.5
2013-01-08 23:00:00,2248.5
2013-01-09 23:00:00,2252.2
2013-01-10 23:00:00,2263.3
2013-01-11 23:00:00,2253.8
2013-01-14 23:00:00,2259.8999999999996
2013-01-15 23:00:00,2269.3999999999996
2013-01-16 23:00:00,2266.8999999999996
2013-01-17 23:00:00,2265.3
2013-01-18 23:00:00,2281.1
2013-01-21 23:00:00,2278.5
2013-01-22 23:00:00,2280.7
2013-01-23 23:00:00,2283.3999999999996
2013-01-24 23:00:00,2264.2
2013-01-25 23:00:00,2248.6
2013-01-28 23:00:00,2246.1
2013-01-29 23:00:00,2252.8999999999996
2013-01-30 23:00:00,2266.2
2013-01-31 23:00:00,2259.3
2013-02-01 23:00:00,2267.3999999999996
2013-02-04 23:00:00,2256.3999999999996
2013-02-05 23:00:00,2267.3
2013-02-06 23:00:00,2265.3999999999996
2013-02-07 23:00:00,2256.6
2013-02-08 23:00:00,2256.0
2013-02-11 23:00:00,2236.3
2013-02-12 23:00:00,2233.5
2013-02-13 23:00:00,2236.6
2013-02-14 23:00:00,2235.2
2013-02-15 23:00:00,2197.8999999999996
2013-02-18 23:00:00,2199.2
2013-02-19 23:00:00,2196.6
2013-02-20 23:00:00,2175.8999999999996
2013-02-21 23:00:00,2161.0
2013-02-22 23:00:00,2162.7
2013-02-25 23:00:00,2175.3999999999996
2013-02-26 23:00:00,2182.2
2013-02-27 23:00:00,2192.3
2013-02-28 23:00:00,2177.8
2013-03-01 23:00:00,2172.3999999999996
2013-03-04 23:00:00,2161.8
2013-03-05 23:00:00,2170.3
2013-03-06 23:00:00,2158.3
2013-03-07 23:00:00,2168.0
2013-03-11 23:00:00,2166.0
2013-03-12 23:00:00,2180.5
2013-03-13 23:00:00,2173.3999999999996
2013-03-14 23:00:00,2171.5
2013-03-15 23:00:00,2178.5
2013-03-18 23:00:00,2185.5999999999995
2013-03-19 23:00:00,2194.5
2013-03-20 23:00:00,2189.2999999999997
2013-03-21 23:00:00,2194.3999999999996
2013-03-22 23:00:00,2189.5
2013-03-25 23:00:00,2177.2
2013-03-26 23:00:00,2177.2999999999997
2013-03-27 23:00:00,2182.2999999999997
2013-03-28 23:00:00,2173.7
2013-03-29 23:00:00,2175.7999999999997
2013-04-01 23:00:00,2174.0
2013-04-02 23:00:00,2160.0999999999995
2013-04-03 23:00:00,2147.0
2013-04-04 23:00:00,2121.8999999999996
2013-04-05 23:00:00,2140.5
2013-04-08 23:00:00,2145.0
2013-04-09 23:00:00,2161.7
2013-04-10 23:00:00,2144.8999999999996
2013-04-11 23:00:00,2137.7
2013-04-12 23:00:00,2085.2999999999997
2013-04-15 23:00:00,1968.8999999999999
2013-04-16 23:00:00,1952.3999999999999
2013-04-17 23:00:00,1960.9999999999998
2013-04-18 23:00:00,1967.1999999999998
2013-04-19 23:00:00,1974.9999999999998
2013-04-22 23:00:00,1991.9999999999998
2013-04-23 23:00:00,1980.4999999999998
2013-04-24 23:00:00,1998.1999999999998
2013-04-25 23:00:00,2025.4999999999998
2013-04-26 23:00:00,2050.5
2013-04-29 23:00:00,2037.5999999999997
2013-04-30 23:00:00,2038.6999999999998
2013-05-02 23:00:00,2041.6999999999998
2013-05-03 23:00:00,2040.6999999999998
2013-05-06 23:00:00,2042.3999999999999
2013-05-07 23:00:00,2020.1999999999998
2013-05-08 23:00:00,2035.4999999999998
2013-05-10 23:00:00,1999.1999999999998
2013-05-13 23:00:00,2006.4999999999998
2013-05-14 23:00:00,2007.0999999999997
2013-05-15 23:00:00,1969.0999999999997
2013-05-16 23:00:00,1959.1999999999998
2013-05-17 23:00:00,1936.7999999999997
2013-05-20 23:00:00,1930.6999999999998
2013-05-21 23:00:00,1939.9999999999998
2013-05-22 23:00:00,1957.0999999999997
2013-05-23 23:00:00,1957.1999999999998
2013-05-24 23:00:00,1959.7999999999997
2013-05-27 23:00:00,1966.3999999999999
2013-05-28 23:00:00,1951.0999999999997
2013-05-29 23:00:00,1961.0999999999997
2013-05-30 23:00:00,1986.1999999999998
2013-05-31 23:00:00,1969.0999999999997
2013-06-03 23:00:00,1976.0999999999997
2013-06-04 23:00:00,1968.1999999999998
2013-06-05 23:00:00,1976.7999999999997
2013-06-06 23:00:00,1973.8999999999999
2013-06-07 23:00:00,1957.9999999999998
2013-06-10 23:00:00,1956.7999999999997
2013-06-11 23:00:00,1946.5999999999997
2013-06-13 23:00:00,1952.7999999999997
2013-06-14 23:00:00,1957.4999999999998
2013-06-17 23:00:00,1950.9999999999998
2013-06-18 23:00:00,1933.7999999999997
2013-06-19 23:00:00,1939.1999999999998
2013-06-20 23:00:00,1861.2999999999997
2013-06-21 23:00:00,1856.6999999999998
2013-06-24 23:00:00,1848.7999999999997
2013-06-25 23:00:00,1838.2999999999997
2013-06-26 23:00:00,1803.8999999999996
2013-06-27 23:00:00,1797.0999999999997
2013-06-28 23:00:00,1777.7999999999997
2013-07-01 23:00:00,1807.0999999999997
2013-07-02 23:00:00,1814.8999999999996
2013-07-03 23:00:00,1818.6999999999998
2013-07-04 23:00:00,1813.8999999999996
2013-07-05 23:00:00,1776.8999999999996
2013-07-08 23:00:00,1799.1999999999998
2013-07-09 23:00:00,1812.9999999999998
2013-07-10 23:00:00,1824.8999999999996
2013-07-11 23:00:00,1846.0999999999997
2013-07-12 23:00:00,1843.7999999999997
2013-07-15 23:00:00,1849.6999999999998
2013-07-16 23:00:00,1857.4999999999998
2013-07-17 23:00:00,1847.3999999999996
2013-07-18 23:00:00,1851.6999999999998
2013-07-19 23:00:00,1858.9999999999998
2013-07-22 23:00:00,1893.2999999999997
2013-07-23 23:00:00,1898.8999999999996
2013-07-24 23:00:00,1901.2999999999997
2013-07-25 23:00:00,1890.4999999999998
2013-07-26 23:00:00,1891.6999999999998
2013-07-29 23:00:00,1895.6999999999998
2013-07-30 23:00:00,1889.0999999999997
2013-07-31 23:00:00,1880.3999999999996
2013-08-01 23:00:00,1881.4999999999998
2013-08-02 23:00:00,1880.1999999999998
2013-08-05 23:00:00,1872.0999999999997
2013-08-06 23:00:00,1852.2999999999997
2013-08-07 23:00:00,1849.5999999999997
2013-08-08 23:00:00,1870.6999999999998
2013-08-09 23:00:00,1876.2999999999997
2013-08-12 23:00:00,1905.8999999999996
2013-08-13 23:00:00,1892.4999999999998
2013-08-14 23:00:00,1898.8999999999996
2013-08-15 23:00:00,1890.9999999999998
2013-08-16 23:00:00,1930.2999999999997
2013-08-19 23:00:00,1932.7999999999997
2013-08-20 23:00:00,1939.9999999999998
2013-08-21 23:00:00,1932.0999999999997
2013-08-22 23:00:00,1944.0999999999997
2013-08-23 23:00:00,1960.7999999999997
2013-08-26 23:00:00,1961.3999999999996
2013-08-27 23:00:00,1983.3999999999996
2013-08-28 23:00:00,1983.3999999999996
2013-08-29 23:00:00,1967.5999999999997
2013-08-30 23:00:00,1958.9999999999998
2013-09-02 23:00:00,1955.9999999999998
2013-09-03 23:00:00,1966.2999999999997
2013-09-04 23:00:00,1954.2999999999997
2013-09-05 23:00:00,1933.6999999999998
2013-09-06 23:00:00,1949.4999999999998
2013-09-09 23:00:00,1951.9999999999998
2013-09-10 23:00:00,1926.7999999999997
2013-09-11 23:00:00,1925.5999999999997
2013-09-12 23:00:00,1893.7999999999997
2013-09-13 23:00:00,1876.6999999999998
2013-09-16 23:00:00,1877.3999999999996
2013-09-17 23:00:00,1866.5999999999997
2013-09-18 23:00:00,1855.8999999999996
2013-09-19 23:00:00,1917.7999999999997
2013-09-20 23:00:00,1893.4999999999998
2013-09-23 23:00:00,1881.0999999999997
2013-09-24 23:00:00,1868.7999999999997
2013-09-25 23:00:00,1881.1999999999996
2013-09-26 23:00:00,1880.2999999999997
2013-09-27 23:00:00,1895.2999999999997
2013-09-30 23:00:00,1885.6999999999996
2013-10-01 23:00:00,1841.4999999999998
2013-10-02 23:00:00,1875.2999999999997
2013-10-03 23:00:00,1869.9999999999998
2013-10-04 23:00:00,1867.9999999999998
2013-10-07 23:00:00,1881.2999999999997
2013-10-08 23:00:00,1883.0999999999997
2013-10-09 23:00:00,1855.4999999999998
2013-10-10 23:00:00,1855.7999999999997
2013-10-11 23:00:00,1822.0999999999997
2013-10-14 23:00:00,1840.7999999999997
2013-10-15 23:00:00,1827.0999999999997
2013-10-16 23:00:00,1827.7999999999997
2013-10-17 23:00:00,1873.9999999999998
2013-10-18 23:00:00,1873.2999999999997
2013-10-21 23:00:00,1874.8999999999996
2013-10-22 23:00:00,1896.9999999999998
2013-10-23 23:00:00,1890.5999999999997
2013-10-24 23:00:00,1909.9999999999998
2013-10-25 23:00:00,1907.9999999999998
2013-10-28 23:00:00,1915.4999999999998
2013-10-29 23:00:00,1910.4999999999998
2013-10-30 23:00:00,1914.7999999999997
2013-10-31 23:00:00,1883.0999999999997
2013-11-01 23:00:00,1867.0999999999997
2013-11-05 23:00:00,1871.2999999999997
2013-11-06 23:00:00,1875.2999999999997
2013-11-07 23:00:00,1866.2999999999997
2013-11-08 23:00:00,1842.8999999999996
2013-11-11 23:00:00,1838.7999999999997
2013-11-12 23:00:00,1836.6999999999996
2013-11-13 23:00:00,1830.4999999999998
2013-11-14 23:00:00,1842.7999999999997
2013-11-15 23:00:00,1844.7999999999997
2013-11-18 23:00:00,1840.2999999999997
2013-11-19 23:00:00,1833.0999999999997
2013-11-20 23:00:00,1811.4999999999998
2013-11-21 23:00:00,1793.5999999999997
2013-11-22 23:00:00,1802.5999999999997
2013-11-25 23:00:00,1798.5999999999997
2013-11-26 23:00:00,1799.4999999999998
2013-11-27 23:00:00,1803.7999999999997
2013-11-28 23:00:00,1799.9999999999998
2013-11-29 23:00:00,1809.0999999999997
2013-12-02 23:00:00,1789.6999999999996
2013-12-03 23:00:00,1775.0999999999997
2013-12-04 23:00:00,1784.0999999999997
2013-12-05 23:00:00,1777.9999999999998
2013-12-06 23:00:00,1788.8999999999996
2013-12-09 23:00:00,1792.0999999999997
2013-12-10 23:00:00,1817.0999999999997
2013-12-11 23:00:00,1813.7999999999997
2013-12-12 23:00:00,1778.2999999999997
2013-12-13 23:00:00,1784.8999999999996
2013-12-16 23:00:00,1781.4999999999998
2013-12-17 23:00:00,1781.0999999999997
2013-12-18 23:00:00,1774.0999999999997
2013-12-19 23:00:00,1743.4999999999998
2013-12-20 23:00:00,1738.2999999999997
2013-12-23 23:00:00,1739.6999999999996
2013-12-24 23:00:00,1743.3999999999996
2013-12-25 23:00:00,1743.7999999999997
2013-12-26 23:00:00,1755.5999999999997
2013-12-27 23:00:00,1758.0999999999997
2013-12-30 23:00:00,1746.1999999999996
2014-01-06 23:00:00,1782.7999999999997
2014-01-08 23:00:00,1762.5999999999997
2014-01-09 23:00:00,1764.8999999999996
2014-01-10 23:00:00,1781.6999999999996
2014-01-13 23:00:00,1786.6999999999996
2014-01-14 23:00:00,1791.0999999999997
2014-01-15 23:00:00,1776.0999999999997
2014-01-16 23:00:00,1782.3999999999996
2014-01-17 23:00:00,1787.7999999999997
2014-01-20 23:00:00,1797.7999999999997
2014-01-21 23:00:00,1782.1999999999996
2014-01-22 23:00:00,1782.8999999999996
2014-01-23 23:00:00,1797.4999999999998
2014-01-24 23:00:00,1811.3999999999996
2014-01-27 23:00:00,1798.1999999999996
2014-01-28 23:00:00,1795.8999999999996
2014-01-29 23:00:00,1804.0999999999997
2014-01-30 23:00:00,1782.5999999999997
2014-01-31 23:00:00,1790.0999999999997
2014-02-03 23:00:00,1789.0999999999997
2014-02-04 23:00:00,1791.3999999999996
2014-02-05 23:00:00,1797.7999999999997
2014-02-06 23:00:00,1796.9999999999998
2014-02-07 23:00:00,1797.6999999999996
2014-02-10 23:00:00,1812.8999999999996
2014-02-11 23:00:00,1820.1999999999996
2014-02-12 23:00:00,1826.5999999999997
2014-02-13 23:00:00,1834.2999999999997
2014-02-14 23:00:00,1856.6999999999996
2014-02-17 23:00:00,1865.2999999999997
2014-02-18 23:00:00,1857.3999999999996
2014-02-19 23:00:00,1858.5999999999997
2014-02-20 23:00:00,1850.5999999999997
2014-02-21 23:00:00,1860.7999999999997
2014-02-24 23:00:00,1873.0999999999997
2014-02-25 23:00:00,1875.5999999999997
2014-02-26 23:00:00,1872.4999999999998
2014-02-27 23:00:00,1868.5999999999997
2014-02-28 23:00:00,1866.5999999999997
2014-03-03 23:00:00,1884.5999999999997
2014-03-04 23:00:00,1871.0999999999997
2014-03-05 23:00:00,1872.3999999999996
2014-03-06 23:00:00,1881.2999999999997
2014-03-07 23:00:00,1871.0999999999997
2014-03-11 23:00:00,1882.8999999999996
2014-03-12 23:00:00,1901.5999999999997
2014-03-13 23:00:00,1905.7999999999997
2014-03-14 23:00:00,1919.8999999999996
2014-03-17 23:00:00,1913.7999999999997
2014-03-18 23:00:00,1884.7999999999997
2014-03-19 23:00:00,1867.9999999999995
2014-03-20 23:00:00,1856.5999999999997
2014-03-21 23:00:00,1865.3999999999996
2014-03-24 23:00:00,1844.5999999999997
2014-03-25 23:00:00,1841.2999999999997
2014-03-26 23:00:00,1835.9999999999995
2014-03-27 23:00:00,1822.7999999999997
2014-03-28 23:00:00,1822.5999999999997
2014-03-31 23:00:00,1823.0999999999997
2014-04-01 23:00:00,1810.7999999999997
2014-04-02 23:00:00,1821.1999999999996
2014-04-03 23:00:00,1815.2999999999997
2014-04-04 23:00:00,1829.7999999999997
2014-04-07 23:00:00,1831.1999999999996
2014-04-08 23:00:00,1838.4999999999995
2014-04-09 23:00:00,1832.7999999999997
2014-04-10 23:00:00,1847.3999999999996
2014-04-11 23:00:00,1846.0999999999997
2014-04-14 23:00:00,1855.9999999999995
2014-04-15 23:00:00,1825.1999999999996
2014-04-16 23:00:00,1826.8999999999996
2014-04-17 23:00:00,1826.8999999999996
2014-04-18 23:00:00,1826.8999999999996
2014-04-21 23:00:00,1815.3999999999996
2014-04-22 23:00:00,1809.1999999999996
2014-04-23 23:00:00,1813.7999999999997
2014-04-24 23:00:00,1820.6999999999996
2014-04-25 23:00:00,1832.2999999999997
2014-04-28 23:00:00,1823.5999999999997
2014-04-29 23:00:00,1827.8999999999996
2014-04-30 23:00:00,1822.1999999999996
2014-05-02 23:00:00,1824.8999999999996
2014-05-05 23:00:00,1841.3999999999996
2014-05-06 23:00:00,1837.9999999999995
2014-05-07 23:00:00,1827.5999999999997
2014-05-08 23:00:00,1820.8999999999996
2014-05-12 23:00:00,1828.4999999999995
2014-05-13 23:00:00,1825.6999999999996
2014-05-14 23:00:00,1835.1999999999996
2014-05-15 23:00:00,1829.2999999999997
2014-05-16 23:00:00,1822.8999999999996
2014-05-19 23:00:00,1828.3999999999996
2014-05-20 23:00:00,1821.2999999999997
2014-05-21 23:00:00,1818.9999999999995
2014-05-22 23:00:00,1827.9999999999995
2014-05-23 23:00:00,1822.3999999999996
2014-05-26 23:00:00,1821.2999999999997
2014-05-27 23:00:00,1798.4999999999995
2014-05-28 23:00:00,1788.8999999999996
2014-05-29 23:00:00,1784.9999999999995
2014-05-30 23:00:00,1775.8999999999996
2014-06-02 23:00:00,1776.0999999999997
2014-06-03 23:00:00,1773.7999999999997
2014-06-04 23:00:00,1773.5999999999997
2014-06-05 23:00:00,1782.1999999999996
2014-06-06 23:00:00,1779.3999999999996
2014-06-09 23:00:00,1781.9999999999995
2014-06-10 23:00:00,1789.0999999999997
2014-06-11 23:00:00,1791.6999999999996
2014-06-13 23:00:00,1802.6999999999996
2014-06-16 23:00:00,1809.7999999999997
2014-06-17 23:00:00,1796.9999999999998
2014-06-18 23:00:00,1802.7999999999997
2014-06-19 23:00:00,1825.1999999999998
2014-06-20 23:00:00,1847.7999999999997
2014-06-23 23:00:00,1848.9999999999998
2014-06-24 23:00:00,1851.9999999999998
2014-06-25 23:00:00,1848.5999999999997
2014-06-26 23:00:00,1847.2999999999997
2014-06-27 23:00:00,1849.7999999999997
2014-06-30 23:00:00,1847.9999999999998
2014-07-01 23:00:00,1858.9999999999998
2014-07-02 23:00:00,1860.2999999999997
2014-07-03 23:00:00,1851.4999999999998
2014-07-04 23:00:00,1850.6999999999998
2014-07-07 23:00:00,1845.2999999999997
2014-07-08 23:00:00,1847.8999999999999
2014-07-09 23:00:00,1856.5999999999997
2014-07-10 23:00:00,1869.4999999999998
2014-07-11 23:00:00,1865.4999999999998
2014-07-14 23:00:00,1837.8999999999999
2014-07-15 23:00:00,1836.2999999999997
2014-07-16 23:00:00,1831.9999999999998
2014-07-17 23:00:00,1832.9999999999998
2014-07-18 23:00:00,1837.0999999999997
2014-07-21 23:00:00,1843.9999999999998
2014-07-22 23:00:00,1835.1999999999998
2014-07-23 23:00:00,1836.1999999999998
2014-07-24 23:00:00,1817.9999999999998
2014-07-25 23:00:00,1822.1999999999998
2014-07-28 23:00:00,1832.6999999999998
2014-07-29 23:00:00,1827.5999999999997
2014-07-30 23:00:00,1821.7999999999997
2014-07-31 23:00:00,1815.3999999999999
2014-08-01 23:00:00,1822.6999999999998
2014-08-04 23:00:00,1819.1999999999998
2014-08-05 23:00:00,1813.2999999999997
2014-08-06 23:00:00,1835.7999999999997
2014-08-07 23:00:00,1834.3999999999999
2014-08-08 23:00:00,1840.2999999999997
2014-08-11 23:00:00,1835.1999999999998
2014-08-12 23:00:00,1844.3999999999999
2014-08-13 23:00:00,1841.9999999999998
2014-08-14 23:00:00,1841.8999999999999
2014-08-15 23:00:00,1827.1999999999998
2014-08-18 23:00:00,1827.9999999999998
2014-08-19 23:00:00,1824.0999999999997
2014-08-20 23:00:00,1821.8999999999999
2014-08-21 23:00:00,1806.0999999999997
2014-08-22 23:00:00,1802.9999999999998
2014-08-25 23:00:00,1805.2999999999997
2014-08-26 23:00:00,1813.2999999999997
2014-08-27 23:00:00,1810.2999999999997
2014-08-28 23:00:00,1816.8999999999999
2014-08-29 23:00:00,1817.0999999999997
2014-09-01 23:00:00,1815.3999999999999
2014-09-02 23:00:00,1792.8999999999999
2014-09-03 23:00:00,1794.8999999999999
2014-09-04 23:00:00,1797.6999999999998
2014-09-05 23:00:00,1795.8999999999999
2014-09-08 23:00:00,1785.9999999999998
2014-09-09 23:00:00,1781.6999999999998
2014-09-10 23:00:00,1776.7999999999997
2014-09-11 23:00:00,1768.5999999999997
2014-09-12 23:00:00,1755.6999999999998
2014-09-15 23:00:00,1762.5999999999997
2014-09-16 23:00:00,1761.4999999999995
2014-09-17 23:00:00,1763.9999999999995
2014-09-18 23:00:00,1753.1999999999996
2014-09-19 23:00:00,1744.8999999999996
2014-09-22 23:00:00,1741.6999999999996
2014-09-23 23:00:00,1749.2999999999995
2014-09-24 23:00:00,1748.9999999999995
2014-09-25 23:00:00,1751.7999999999995
2014-09-26 23:00:00,1741.2999999999995
2014-09-29 23:00:00,1743.7999999999995
2014-09-30 23:00:00,1738.9999999999995
2014-10-01 23:00:00,1742.8999999999996
2014-10-02 23:00:00,1741.5999999999997
2014-10-03 23:00:00,1719.7999999999995
2014-10-06 23:00:00,1727.0999999999997
2014-10-07 23:00:00,1736.0999999999997
2014-10-08 23:00:00,1737.9999999999995
2014-10-09 23:00:00,1755.2999999999995
2014-10-10 23:00:00,1747.2999999999995
2014-10-13 23:00:00,1758.9999999999995
2014-10-14 23:00:00,1761.6999999999996
2014-10-15 23:00:00,1768.6999999999996
2014-10-16 23:00:00,1770.6999999999996
2014-10-17 23:00:00,1762.5999999999997
2014-10-20 23:00:00,1773.9999999999995
2014-10-21 23:00:00,1781.4999999999995
2014-10-22 23:00:00,1773.3999999999996
2014-10-23 23:00:00,1755.9999999999995
2014-10-24 23:00:00,1759.2999999999995
2014-10-27 23:00:00,1757.0999999999997
2014-10-28 23:00:00,1758.0999999999997
2014-10-29 23:00:00,1751.0999999999997
2014-10-30 23:00:00,1725.9999999999995
2014-10-31 23:00:00,1692.1999999999996
2014-11-03 23:00:00,1696.2999999999995
2014-11-05 23:00:00,1673.6999999999996
2014-11-06 23:00:00,1672.7999999999995
2014-11-07 23:00:00,1691.5999999999997
2014-11-10 23:00:00,1691.4999999999995
2014-11-11 23:00:00,1682.3999999999996
2014-11-12 23:00:00,1691.7999999999995
2014-11-13 23:00:00,1689.3999999999996
2014-11-14 23:00:00,1702.4999999999995
2014-11-17 23:00:00,1712.6999999999996
2014-11-18 23:00:00,1720.3999999999996
2014-11-19 23:00:00,1714.1999999999996
2014-11-20 23:00:00,1716.5999999999997
2014-11-21 23:00:00,1731.2999999999995
2014-11-24 23:00:00,1727.1999999999996
2014-11-25 23:00:00,1726.8999999999996
2014-11-26 23:00:00,1726.0999999999997
2014-11-27 23:00:00,1721.1999999999996
2014-11-28 23:00:00,1707.4999999999995
2014-12-01 23:00:00,1722.6999999999996
2014-12-02 23:00:00,1726.2999999999995
2014-12-03 23:00:00,1737.2999999999995
2014-12-04 23:00:00,1736.4999999999995
2014-12-05 23:00:00,1722.2999999999995
2014-12-08 23:00:00,1721.5999999999997
2014-12-09 23:00:00,1759.8999999999996
2014-12-10 23:00:00,1757.4999999999995
2014-12-11 23:00:00,1750.4999999999995
2014-12-12 23:00:00,1746.8999999999996
2014-12-15 23:00:00,1737.6999999999996
2014-12-16 23:00:00,1721.8999999999996
2014-12-17 23:00:00,1716.4999999999995
2014-12-18 23:00:00,1720.4999999999995
2014-12-19 23:00:00,1725.9999999999995
2014-12-22 23:00:00,1715.1999999999996
2014-12-23 23:00:00,1705.8999999999996
2014-12-24 23:00:00,1701.5999999999997
2014-12-25 23:00:00,1694.9999999999995
2014-12-26 23:00:00,1721.1999999999996
2014-12-29 23:00:00,1707.6999999999996
2014-12-30 23:00:00,1731.3999999999996
2015-01-05 23:00:00,1724.2999999999995
2015-01-06 23:00:00,1733.9999999999995
2015-01-08 23:00:00,1738.9999999999995
2015-01-09 23:00:00,1743.6999999999996
2015-01-12 23:00:00,1752.4999999999995
2015-01-13 23:00:00,1762.3999999999996
2015-01-14 23:00:00,1764.7999999999995
2015-01-15 23:00:00,1783.1999999999996
2015-01-16 23:00:00,1799.5999999999997
2015-01-19 23:00:00,1799.1999999999996
2015-01-20 23:00:00,1818.0999999999997
2015-01-21 23:00:00,1812.2999999999995
2015-01-22 23:00:00,1828.4999999999995
2015-01-23 23:00:00,1814.5999999999997
2015-01-26 23:00:00,1803.0999999999997
2015-01-27 23:00:00,1820.5999999999997
2015-01-28 23:00:00,1810.9999999999995
2015-01-29 23:00:00,1789.7999999999995
2015-01-30 23:00:00,1791.7999999999995
2015-02-02 23:00:00,1797.3999999999996
2015-02-03 23:00:00,1783.9999999999995
2015-02-04 23:00:00,1785.1999999999996
2015-02-05 23:00:00,1784.2999999999995
2015-02-06 23:00:00,1759.0999999999997
2015-02-09 23:00:00,1762.9999999999995
2015-02-10 23:00:00,1759.5999999999997
2015-02-11 23:00:00,1744.6999999999996
2015-02-12 23:00:00,1743.4999999999995
2015-02-13 23:00:00,1755.2999999999995
2015-02-16 23:00:00,1754.4999999999995
2015-02-17 23:00:00,1728.7999999999995
2015-02-18 23:00:00,1726.7999999999995
2015-02-19 23:00:00,1731.9999999999995
2015-02-20 23:00:00,1729.8999999999996
2015-02-24 23:00:00,1721.7999999999995
2015-02-25 23:00:00,1726.9999999999995
2015-02-26 23:00:00,1731.2999999999995
2015-02-27 23:00:00,1739.2999999999995
2015-03-02 23:00:00,1733.0999999999997
2015-03-03 23:00:00,1730.8999999999996
2015-03-04 23:00:00,1725.0999999999997
2015-03-05 23:00:00,1730.1999999999996
2015-03-06 23:00:00,1698.0999999999997
2015-03-10 23:00:00,1684.6999999999996
2015-03-11 23:00:00,1670.4999999999995
2015-03-12 23:00:00,1673.9999999999995
2015-03-13 23:00:00,1675.0999999999997
2015-03-16 23:00:00,1678.6999999999996
2015-03-17 23:00:00,1676.6999999999996
2015-03-18 23:00:00,1675.5999999999997
2015-03-19 23:00:00,1697.1999999999996
2015-03-20 23:00:00,1707.8999999999996
2015-03-23 23:00:00,1711.2999999999997
2015-03-24 23:00:00,1714.8999999999996
2015-03-25 23:00:00,1723.9999999999995
2015-03-26 23:00:00,1731.9999999999995
2015-03-27 23:00:00,1725.4999999999995
2015-03-30 23:00:00,1710.3999999999996
2015-03-31 23:00:00,1713.2999999999997
2015-04-01 23:00:00,1727.7999999999997
2015-04-02 23:00:00,1723.5999999999997
2015-04-03 23:00:00,1737.3999999999996
2015-04-06 23:00:00,1748.6999999999996
2015-04-07 23:00:00,1738.8999999999996
2015-04-08 23:00:00,1730.8999999999996
2015-04-09 23:00:00,1722.1999999999996
2015-04-10 23:00:00,1733.4999999999995
2015-04-13 23:00:00,1725.9999999999995
2015-04-14 23:00:00,1723.0999999999997
2015-04-15 23:00:00,1724.4999999999995
2015-04-16 23:00:00,1724.4999999999995
2015-04-17 23:00:00,1732.1999999999996
2015-04-20 23:00:00,1719.8999999999996
2015-04-21 23:00:00,1724.4999999999995
2015-04-22 23:00:00,1715.8999999999996
2015-04-23 23:00:00,1718.7999999999997
2015-04-24 23:00:00,1701.2999999999997
2015-04-27 23:00:00,1726.2999999999997
2015-04-28 23:00:00,1736.8999999999996
2015-04-29 23:00:00,1733.8999999999996
2015-04-30 23:00:00,1703.7999999999997
2015-05-05 23:00:00,1719.3999999999996
2015-05-06 23:00:00,1713.4999999999995
2015-05-07 23:00:00,1708.1999999999996
2015-05-08 23:00:00,1711.6999999999996
2015-05-12 23:00:00,1717.2999999999997
2015-05-13 23:00:00,1743.2999999999997
2015-05-14 23:00:00,1749.4999999999995
2015-05-15 23:00:00,1750.1999999999996
2015-05-18 23:00:00,1754.5999999999997
2015-05-19 23:00:00,1735.1999999999996
2015-05-20 23:00:00,1736.4999999999995
2015-05-21 23:00:00,1731.1999999999996
2015-05-22 23:00:00,1733.0999999999997
2015-05-25 23:00:00,1734.2999999999997
2015-05-26 23:00:00,1713.7999999999997
2015-05-27 23:00:00,1712.0999999999997
2015-05-28 23:00:00,1714.9999999999995
2015-05-29 23:00:00,1715.5999999999997
2015-06-01 23:00:00,1720.6999999999996
2015-06-02 23:00:00,1718.7999999999997
2015-06-03 23:00:00,1715.8999999999996
2015-06-04 23:00:00,1698.2999999999997
2015-06-05 23:00:00,1692.1999999999996
2015-06-08 23:00:00,1696.6999999999996
2015-06-09 23:00:00,1702.0999999999997
2015-06-10 23:00:00,1712.2999999999997
2015-06-11 23:00:00,1700.0999999999997
2015-06-15 23:00:00,1702.0999999999997
2015-06-16 23:00:00,1691.4999999999998
2015-06-17 23:00:00,1689.1999999999998
2015-06-18 23:00:00,1711.4999999999998
2015-06-19 23:00:00,1712.1999999999998
2015-06-22 23:00:00,1696.2999999999997
2015-06-23 23:00:00,1689.1999999999998
2015-06-24 23:00:00,1682.8999999999999
2015-06-25 23:00:00,1684.1999999999998
2015-06-26 23:00:00,1684.1999999999998
2015-06-29 23:00:00,1687.9999999999998
2015-06-30 23:00:00,1682.1999999999998
2015-07-01 23:00:00,1680.9999999999998
2015-07-02 23:00:00,1674.3999999999999
2015-07-03 23:00:00,1679.1999999999998
2015-07-06 23:00:00,1677.3999999999999
2015-07-07 23:00:00,1664.7999999999997
2015-07-08 23:00:00,1670.3999999999999
2015-07-09 23:00:00,1671.3999999999999
2015-07-10 23:00:00,1670.5999999999997
2015-07-13 23:00:00,1667.8999999999999
2015-07-14 23:00:00,1664.9999999999998
2015-07-15 23:00:00,1656.9999999999998
2015-07-16 23:00:00,1654.7999999999997
2015-07-17 23:00:00,1641.7999999999997
2015-07-20 23:00:00,1618.6999999999998
2015-07-21 23:00:00,1614.1999999999998
2015-07-22 23:00:00,1601.4999999999998
2015-07-23 23:00:00,1602.2999999999997
2015-07-24 23:00:00,1594.0999999999997
2015-07-27 23:00:00,1606.5999999999997
2015-07-28 23:00:00,1602.9999999999998
2015-07-29 23:00:00,1606.6999999999998
2015-07-30 23:00:00,1600.6999999999998
2015-07-31 23:00:00,1602.6999999999998
2015-08-03 23:00:00,1598.4999999999998
2015-08-04 23:00:00,1599.6999999999998
2015-08-05 23:00:00,1590.2999999999997
2015-08-06 23:00:00,1596.5999999999997
2015-08-07 23:00:00,1603.6999999999998
2015-08-10 23:00:00,1615.8999999999999
2015-08-11 23:00:00,1618.1999999999998
2015-08-12 23:00:00,1632.2999999999997
2015-08-13 23:00:00,1623.5999999999997
2015-08-14 23:00:00,1620.9999999999998
2015-08-17 23:00:00,1626.8999999999999
2015-08-18 23:00:00,1623.7999999999997
2015-08-19 23:00:00,1640.9999999999998
2015-08-20 23:00:00,1659.6999999999998
2015-08-21 23:00:00,1669.0999999999997
2015-08-24 23:00:00,1667.4999999999998
2015-08-25 23:00:00,1645.2999999999997
2015-08-26 23:00:00,1631.4999999999998
2015-08-27 23:00:00,1634.3999999999999
2015-08-28 23:00:00,1641.9999999999998
2015-08-31 23:00:00,1641.1999999999998
2015-09-01 23:00:00,1647.1999999999998
2015-09-02 23:00:00,1641.9999999999998
2015-09-03 23:00:00,1632.0999999999997
2015-09-04 23:00:00,1630.2999999999997
2015-09-07 23:00:00,1627.3999999999999
2015-09-08 23:00:00,1635.0999999999997
2015-09-09 23:00:00,1619.0999999999997
2015-09-10 23:00:00,1619.9999999999998
2015-09-11 23:00:00,1608.3999999999999
2015-09-14 23:00:00,1613.8999999999999
2015-09-15 23:00:00,1613.3999999999999
2015-09-16 23:00:00,1629.7
2015-09-17 23:00:00,1625.8
2015-09-18 23:00:00,1644.1
2015-09-21 23:00:00,1640.8
2015-09-22 23:00:00,1633.3999999999999
2015-09-23 23:00:00,1639.6
2015-09-24 23:00:00,1664.8
2015-09-25 23:00:00,1654.3999999999999
2015-09-28 23:00:00,1642.0
2015-09-29 23:00:00,1639.8
2015-09-30 23:00:00,1623.7
2015-10-01 23:00:00,1625.0
2015-10-02 23:00:00,1647.3999999999999
2015-10-05 23:00:00,1644.3
2015-10-06 23:00:00,1656.3
2015-10-07 23:00:00,1654.8
2015-10-08 23:00:00,1653.1
2015-10-09 23:00:00,1667.2
2015-10-12 23:00:00,1671.6
2015-10-13 23:00:00,1675.5
2015-10-14 23:00:00,1686.5
2015-10-15 23:00:00,1697.8
2015-10-16 23:00:00,1688.5
2015-10-19 23:00:00,1678.5
2015-10-20 23:00:00,1684.3999999999999
2015-10-21 23:00:00,1674.5
2015-10-22 23:00:00,1673.5
2015-10-23 23:00:00,1670.1
2015-10-26 23:00:00,1674.8
2015-10-27 23:00:00,1674.8
2015-10-28 23:00:00,1687.2
2015-10-29 23:00:00,1657.6
2015-10-30 23:00:00,1647.8
2015-11-02 23:00:00,1641.1
2015-11-03 23:00:00,1629.3999999999999
2015-11-05 23:00:00,1614.0
2015-11-06 23:00:00,1595.0
2015-11-09 23:00:00,1597.8
2015-11-10 23:00:00,1595.8
2015-11-11 23:00:00,1595.2
2015-11-12 23:00:00,1587.7
2015-11-13 23:00:00,1591.1
2015-11-16 23:00:00,1592.8999999999999
2015-11-17 23:00:00,1584.1
2015-11-18 23:00:00,1574.6
2015-11-19 23:00:00,1589.8
2015-11-20 23:00:00,1586.5
2015-11-23 23:00:00,1575.7
2015-11-24 23:00:00,1581.3999999999999
2015-11-25 23:00:00,1577.5
2015-11-26 23:00:00,1577.5
2015-11-27 23:00:00,1562.8999999999999
2015-11-30 23:00:00,1568.7
2015-12-01 23:00:00,1571.8999999999999
2015-12-02 23:00:00,1561.6
2015-12-03 23:00:00,1561.5
2015-12-04 23:00:00,1593.0
2015-12-07 23:00:00,1582.3
2015-12-08 23:00:00,1578.7
2015-12-09 23:00:00,1581.8
2015-12-10 23:00:00,1577.7
2015-12-11 23:00:00,1578.8
2015-12-14 23:00:00,1573.8999999999999
2015-12-15 23:00:00,1574.8
2015-12-16 23:00:00,1586.4
2015-12-17 23:00:00,1566.6
2015-12-18 23:00:00,1578.4
2015-12-21 23:00:00,1590.3
2015-12-22 23:00:00,1587.1
2015-12-23 23:00:00,1583.1
2015-12-24 23:00:00,1586.3
2015-12-25 23:00:00,1588.0
2015-12-28 23:00:00,1581.8
2015-12-29 23:00:00,1581.2
2015-12-30 23:00:00,1571.9
2016-01-04 23:00:00,1588.5
2016-01-05 23:00:00,1587.2
2016-01-06 23:00:00,1600.0
2016-01-11 23:00:00,1610.3
2016-01-12 23:00:00,1598.1
2016-01-13 23:00:00,1600.7
2016-01-14 23:00:00,1595.3
2016-01-15 23:00:00,1600.8
2016-01-18 23:00:00,1600.9
2016-01-19 23:00:00,1598.1
2016-01-20 23:00:00,1612.5
2016-01-21 23:00:00,1605.4
2016-01-22 23:00:00,1613.0
2016-01-25 23:00:00,1619.1
2016-01-26 23:00:00,1629.0
2016-01-27 23:00:00,1627.7
2016-01-28 23:00:00,1627.8
2016-01-29 23:00:00,1628.2
2016-02-01 23:00:00,1638.2
2016-02-02 23:00:00,1639.3
2016-02-03 23:00:00,1649.0
2016-02-04 23:00:00,1661.9
2016-02-05 23:00:00,1662.8
2016-02-08 23:00:00,1701.8
2016-02-09 23:00:00,1706.0
2016-02-10 23:00:00,1698.3
2016-02-11 23:00:00,1754.3
2016-02-12 23:00:00,1750.1
2016-02-15 23:00:00,1715.9
2016-02-16 23:00:00,1723.2
2016-02-17 23:00:00,1720.3
2016-02-18 23:00:00,1724.5
2016-02-19 23:00:00,1741.8
2016-02-20 23:00:00,1740.0
2016-02-22 23:00:00,1721.1
2016-02-24 23:00:00,1756.7
2016-02-25 23:00:00,1745.2
2016-02-26 23:00:00,1732.1
2016-02-29 23:00:00,1744.2
2016-03-01 23:00:00,1741.0
2016-03-02 23:00:00,1750.2
2016-03-03 23:00:00,1767.3
2016-03-04 23:00:00,1782.7
2016-03-07 23:00:00,1779.6
2016-03-09 23:00:00,1764.3
2016-03-10 23:00:00,1773.3
2016-03-11 23:00:00,1768.5
2016-03-14 23:00:00,1754.4
2016-03-15 23:00:00,1741.0
2016-03-16 23:00:00,1740.0
2016-03-17 23:00:00,1771.6
2016-03-18 23:00:00,1761.7
2016-03-21 23:00:00,1753.8
2016-03-22 23:00:00,1761.5
2016-03-23 23:00:00,1730.5
2016-03-24 23:00:00,1728.8
2016-03-25 23:00:00,1726.8
2016-03-28 23:00:00,1728.9
2016-03-29 23:00:00,1737.2
2016-03-30 23:00:00,1735.6
2016-03-31 23:00:00,1744.7
2016-04-01 23:00:00,1720.5
2016-04-04 23:00:00,1724.5
2016-04-05 23:00:00,1736.9
2016-04-06 23:00:00,1733.5
2016-04-07 23:00:00,1747.0
2016-04-08 23:00:00,1748.2
2016-04-11 23:00:00,1765.0
2016-04-12 23:00:00,1766.4
2016-04-13 23:00:00,1753.6
2016-04-14 23:00:00,1735.8
2016-04-15 23:00:00,1741.0
2016-04-18 23:00:00,1743.5
2016-04-19 23:00:00,1763.8
2016-04-20 23:00:00,1761.7
2016-04-21 23:00:00,1759.8
2016-04-22 23:00:00,1748.5
2016-04-25 23:00:00,1750.6
2016-04-26 23:00:00,1752.0
2016-04-27 23:00:00,1757.3
2016-04-28 23:00:00,1773.0
2016-04-29 23:00:00,1801.9
2016-05-04 23:00:00,1786.9
2016-05-05 23:00:00,1783.6
2016-05-06 23:00:00,1800.6
2016-05-10 23:00:00,1767.8
2016-05-11 23:00:00,1782.5
2016-05-12 23:00:00,1777.0
2016-05-13 23:00:00,1777.6
2016-05-16 23:00:00,1784.0
2016-05-17 23:00:00,1789.2
2016-05-18 23:00:00,1780.6
2016-05-19 23:00:00,1760.0
2016-05-20 23:00:00,1758.9
2016-05-23 23:00:00,1756.6
2016-05-24 23:00:00,1736.2
2016-05-25 23:00:00,1729.9
2016-05-26 23:00:00,1728.2
2016-05-27 23:00:00,1720.4
2016-05-30 23:00:00,1713.8
2016-05-31 23:00:00,1719.5
2016-06-01 23:00:00,1716.5
2016-06-02 23:00:00,1718.5
2016-06-03 23:00:00,1744.6
2016-06-06 23:00:00,1751.9
2016-06-07 23:00:00,1748.2
2016-06-08 23:00:00,1767.9
2016-06-09 23:00:00,1775.9
2016-06-10 23:00:00,1776.2
2016-06-14 23:00:00,1787.0
2016-06-15 23:00:00,1790.5
2016-06-16 23:00:00,1813.6
2016-06-17 23:00:00,1792.2
2016-06-20 23:00:00,1788.8
2016-06-21 23:00:00,1773.9
2016-06-22 23:00:00,1773.0
2016-06-23 23:00:00,1770.9
2016-06-24 23:00:00,1819.4
2016-06-27 23:00:00,1822.1
2016-06-28 23:00:00,1817.8
2016-06-29 23:00:00,1827.8
2016-06-30 23:00:00,1823.3
2016-07-01 23:00:00,1839.7
2016-07-04 23:00:00,1854.6
2016-07-05 23:00:00,1852.0
2016-07-06 23:00:00,1870.0
2016-07-07 23:00:00,1860.5
2016-07-08 23:00:00,1855.5
2016-07-11 23:00:00,1861.2
2016-07-12 23:00:00,1840.4
2016-07-13 23:00:00,1844.5
2016-07-14 23:00:00,1831.6
2016-07-15 23:00:00,1831.9
2016-07-18 23:00:00,1831.9
2016-07-19 23:00:00,1834.8
2016-07-20 23:00:00,1823.6
2016-07-21 23:00:00,1831.7
2016-07-22 23:00:00,1825.7
2016-07-25 23:00:00,1822.0
2016-07-26 23:00:00,1821.4
2016-07-27 23:00:00,1828.5
2016-07-28 23:00:00,1837.5
2016-07-29 23:00:00,1850.6
2016-08-01 23:00:00,1854.8
2016-08-02 23:00:00,1868.9
2016-08-03 23:00:00,1859.9
2016-08-04 23:00:00,1864.9
2016-08-05 23:00:00,1842.3
2016-08-08 23:00:00,1837.0
2016-08-09 23:00:00,1842.6
2016-08-10 23:00:00,1848.2
2016-08-11 23:00:00,1851.0
2016-08-12 23:00:00,1854.0
2016-08-15 23:00:00,1843.8
2016-08-16 23:00:00,1850.0
2016-08-17 23:00:00,1846.8
2016-08-18 23:00:00,1851.6
2016-08-19 23:00:00,1843.7
2016-08-22 23:00:00,1837.9
2016-08-23 23:00:00,1838.8
2016-08-24 23:00:00,1826.8
2016-08-25 23:00:00,1822.7
2016-08-26 23:00:00,1825.2
2016-08-29 23:00:00,1824.8
2016-08-30 23:00:00,1817.8
2016-08-31 23:00:00,1807.3
2016-09-01 23:00:00,1813.3
2016-09-02 23:00:00,1819.2
2016-09-05 23:00:00,1827.3
2016-09-06 23:00:00,1840.2
2016-09-07 23:00:00,1845.5
2016-09-08 23:00:00,1840.5
2016-09-09 23:00:00,1833.6
2016-09-12 23:00:00,1822.7
2016-09-13 23:00:00,1824.5
2016-09-14 23:00:00,1822.6
2016-09-15 23:00:00,1820.1
2016-09-16 23:00:00,1811.6999999999998
2016-09-19 23:00:00,1816.3
2016-09-20 23:00:00,1817.8999999999999
2016-09-21 23:00:00,1828.3999999999999
2016-09-22 23:00:00,1841.6999999999998
2016-09-23 23:00:00,1840.5
2016-09-26 23:00:00,1842.3999999999999
2016-09-27 23:00:00,1826.8
2016-09-28 23:00:00,1821.6999999999998
2016-09-29 23:00:00,1819.1999999999998
2016-09-30 23:00:00,1821.0
2016-10-03 23:00:00,1813.3999999999999
2016-10-04 23:00:00,1777.3
2016-10-05 23:00:00,1767.6
2016-10-06 23:00:00,1753.8999999999999
2016-10-07 23:00:00,1744.8999999999999
2016-10-10 23:00:00,1758.1999999999998
2016-10-11 23:00:00,1758.3
2016-10-12 23:00:00,1753.1
2016-10-13 23:00:00,1756.6
2016-10-14 23:00:00,1753.6
2016-10-17 23:00:00,1755.6
2016-10-18 23:00:00,1762.5
2016-10-19 23:00:00,1771.0
2016-10-20 23:00:00,1765.6
2016-10-21 23:00:00,1765.0
2016-10-24 23:00:00,1762.3999999999999
2016-10-25 23:00:00,1771.8
2016-10-26 23:00:00,1766.5
2016-10-27 23:00:00,1768.6999999999998
2016-10-28 23:00:00,1766.6
2016-10-31 23:00:00,1772.3
2016-11-01 23:00:00,1786.0
2016-11-02 23:00:00,1802.8
2016-11-03 23:00:00,1799.6999999999998
2016-11-07 23:00:00,1781.6999999999998
2016-11-08 23:00:00,1787.6999999999998
2016-11-09 23:00:00,1789.3999999999999
2016-11-10 23:00:00,1769.6
2016-11-11 23:00:00,1733.1
2016-11-14 23:00:00,1711.3
2016-11-15 23:00:00,1722.3999999999999
2016-11-16 23:00:00,1722.1999999999998
2016-11-17 23:00:00,1723.8999999999999
2016-11-18 23:00:00,1706.1
2016-11-21 23:00:00,1712.8
2016-11-22 23:00:00,1705.6
2016-11-23 23:00:00,1683.1999999999998
2016-11-24 23:00:00,1684.6
2016-11-25 23:00:00,1683.6
2016-11-28 23:00:00,1687.5
2016-11-29 23:00:00,1685.3
2016-11-30 23:00:00,1675.6999999999998
2016-12-01 23:00:00,1662.8
2016-12-02 23:00:00,1673.1999999999998
2016-12-05 23:00:00,1660.6
2016-12-06 23:00:00,1669.6999999999998
2016-12-07 23:00:00,1674.1999999999998
2016-12-08 23:00:00,1668.8
2016-12-09 23:00:00,1660.1
2016-12-12 23:00:00,1658.3999999999999
2016-12-13 23:00:00,1653.8999999999999
2016-12-14 23:00:00,1659.3999999999999
2016-12-15 23:00:00,1628.8999999999999
2016-12-16 23:00:00,1629.8
2016-12-19 23:00:00,1639.6
2016-12-20 23:00:00,1628.6
2016-12-21 23:00:00,1634.6
2016-12-22 23:00:00,1634.1
2016-12-23 23:00:00,1632.8
2016-12-26 23:00:00,1633.1
2016-12-27 23:00:00,1639.8999999999999
2016-12-28 23:00:00,1638.8
2016-12-29 23:00:00,1647.5
2016-12-30 23:00:00,1657.6999999999998
2017-01-03 23:00:00,1652.3
2017-01-04 23:00:00,1667.6
2017-01-05 23:00:00,1680.8
2017-01-06 23:00:00,1676.3999999999999
2017-01-09 23:00:00,1678.8
2017-01-10 23:00:00,1688.5
2017-01-11 23:00:00,1679.6
2017-01-12 23:00:00,1699.3999999999999
2017-01-13 23:00:00,1694.8999999999999
2017-01-16 23:00:00,1703.3
2017-01-17 23:00:00,1713.0
2017-01-18 23:00:00,1716.0
2017-01-19 23:00:00,1698.1999999999998
2017-01-20 23:00:00,1703.8999999999999
2017-01-23 23:00:00,1715.1
2017-01-24 23:00:00,1715.1
2017-01-25 23:00:00,1697.1999999999998
2017-01-26 23:00:00,1685.0
2017-01-27 23:00:00,1685.8999999999999
2017-01-30 23:00:00,1696.3
2017-01-31 23:00:00,1712.5
2017-02-01 23:00:00,1700.5
2017-02-02 23:00:00,1718.0
2017-02-03 23:00:00,1720.6
2017-02-06 23:00:00,1727.3999999999999
2017-02-07 23:00:00,1731.0
2017-02-08 23:00:00,1739.3
2017-02-09 23:00:00,1731.0
2017-02-10 23:00:00,1730.1999999999998
2017-02-13 23:00:00,1720.1
2017-02-14 23:00:00,1720.8
2017-02-15 23:00:00,1723.6999999999998
2017-02-16 23:00:00,1737.3
2017-02-17 23:00:00,1737.6
2017-02-20 23:00:00,1735.8
2017-02-21 23:00:00,1731.5
2017-02-22 23:00:00,1731.3
2017-02-24 23:00:00,1753.8999999999999
2017-02-27 23:00:00,1755.1
2017-02-28 23:00:00,1754.0
2017-03-01 23:00:00,1741.0
2017-03-02 23:00:00,1738.1
2017-03-03 23:00:00,1724.3
2017-03-06 23:00:00,1727.1
2017-03-07 23:00:00,1713.6999999999998
2017-03-09 23:00:00,1700.6
2017-03-10 23:00:00,1697.3999999999999
2017-03-13 23:00:00,1701.5
2017-03-14 23:00:00,1700.6999999999998
2017-03-15 23:00:00,1695.8
2017-03-16 23:00:00,1722.3999999999999
2017-03-17 23:00:00,1725.1
2017-03-20 23:00:00,1728.0
2017-03-21 23:00:00,1738.5
2017-03-22 23:00:00,1742.5
2017-03-23 23:00:00,1739.1
2017-03-24 23:00:00,1743.8
2017-03-27 23:00:00,1750.3999999999999
2017-03-28 23:00:00,1752.3
2017-03-29 23:00:00,1747.5
2017-03-30 23:00:00,1744.3999999999999
2017-03-31 23:00:00,1741.3
2017-04-03 23:00:00,1748.0
2017-04-04 23:00:00,1750.3999999999999
2017-04-05 23:00:00,1742.1
2017-04-06 23:00:00,1745.8999999999999
2017-04-07 23:00:00,1761.0
2017-04-10 23:00:00,1747.8999999999999
2017-04-11 23:00:00,1766.6
2017-04-12 23:00:00,1769.8
2017-04-13 23:00:00,1779.3
2017-04-14 23:00:00,1790.1
2017-04-17 23:00:00,1783.7
2017-04-18 23:00:00,1785.2
2017-04-19 23:00:00,1772.8
2017-04-20 23:00:00,1774.7
2017-04-21 23:00:00,1777.3999999999999
2017-04-24 23:00:00,1768.7
2017-04-25 23:00:00,1761.0
2017-04-26 23:00:00,1758.0
2017-04-27 23:00:00,1759.3
2017-04-28 23:00:00,1761.6
2017-05-02 23:00:00,1748.2
2017-05-03 23:00:00,1741.8999999999999
2017-05-04 23:00:00,1720.8
2017-05-05 23:00:00,1721.8
2017-05-10 23:00:00,1714.6
2017-05-11 23:00:00,1717.0
2017-05-12 23:00:00,1722.2
2017-05-15 23:00:00,1726.8
2017-05-16 23:00:00,1730.6
2017-05-17 23:00:00,1747.7
2017-05-18 23:00:00,1746.5
2017-05-19 23:00:00,1744.6
2017-05-22 23:00:00,1752.3
2017-05-23 23:00:00,1748.6
2017-05-24 23:00:00,1742.6
2017-05-25 23:00:00,1749.8
2017-05-26 23:00:00,1758.8
2017-05-29 23:00:00,1759.3999999999999
2017-05-30 23:00:00,1754.7
2017-05-31 23:00:00,1758.7
2017-06-01 23:00:00,1755.2
2017-06-02 23:00:00,1770.5
2017-06-05 23:00:00,1771.3
2017-06-06 23:00:00,1785.5
2017-06-07 23:00:00,1783.5
2017-06-08 23:00:00,1767.8999999999999
2017-06-09 23:00:00,1759.6
2017-06-13 23:00:00,1753.8999999999999
2017-06-14 23:00:00,1768.1
2017-06-15 23:00:00,1751.2
2017-06-16 23:00:00,1752.1000000000001
2017-06-19 23:00:00,1746.0000000000002
2017-06-20 23:00:00,1740.3000000000002
2017-06-21 23:00:00,1741.0000000000002
2017-06-22 23:00:00,1746.4
2017-06-23 23:00:00,1753.1000000000001
2017-06-26 23:00:00,1738.9
2017-06-27 23:00:00,1743.5000000000002
2017-06-28 23:00:00,1746.0000000000002
2017-06-29 23:00:00,1739.9
2017-06-30 23:00:00,1738.4
2017-07-03 23:00:00,1717.7
2017-07-04 23:00:00,1718.9
2017-07-05 23:00:00,1718.8000000000002
2017-07-06 23:00:00,1719.2
2017-07-07 23:00:00,1703.8000000000002
2017-07-10 23:00:00,1709.0000000000002
2017-07-11 23:00:00,1709.5000000000002
2017-07-12 23:00:00,1716.9
2017-07-13 23:00:00,1712.8000000000002
2017-07-14 23:00:00,1723.6000000000001
2017-07-17 23:00:00,1728.6000000000001
2017-07-18 23:00:00,1738.0000000000002
2017-07-19 23:00:00,1736.1000000000001
2017-07-20 23:00:00,1742.3000000000002
2017-07-21 23:00:00,1746.9
2017-07-24 23:00:00,1752.6000000000001
2017-07-25 23:00:00,1747.6000000000001
2017-07-26 23:00:00,1744.6000000000001
2017-07-27 23:00:00,1754.2
2017-07-28 23:00:00,1765.6000000000001
2017-07-31 23:00:00,1764.2
2017-08-01 23:00:00,1768.1000000000001
2017-08-02 23:00:00,1767.3000000000002
2017-08-03 23:00:00,1765.4
2017-08-04 23:00:00,1752.4
2017-08-07 23:00:00,1755.1000000000001
2017-08-08 23:00:00,1749.7
2017-08-09 23:00:00,1770.5000000000002
2017-08-10 23:00:00,1780.4
2017-08-11 23:00:00,1782.9
2017-08-14 23:00:00,1779.9
2017-08-15 23:00:00,1767.8000000000002
2017-08-16 23:00:00,1769.1000000000001
2017-08-17 23:00:00,1780.1000000000001
2017-08-18 23:00:00,1786.2
2017-08-21 23:00:00,1785.5000000000002
2017-08-22 23:00:00,1783.4
2017-08-23 23:00:00,1782.6000000000001
2017-08-24 23:00:00,1783.0000000000002
2017-08-25 23:00:00,1784.1000000000001
2017-08-28 23:00:00,1801.9
2017-08-29 23:00:00,1812.7
2017-08-30 23:00:00,1804.2
2017-08-31 23:00:00,1812.3000000000002
2017-09-01 23:00:00,1817.3000000000002
2017-09-04 23:00:00,1829.4
2017-09-05 23:00:00,1830.1000000000001
2017-09-06 23:00:00,1834.4
2017-09-07 23:00:00,1840.6000000000001
2017-09-08 23:00:00,1840.8000000000002
2017-09-11 23:00:00,1826.3000000000002
2017-09-12 23:00:00,1819.3000000000002
2017-09-13 23:00:00,1814.5000000000002
2017-09-14 23:00:00,1817.7
2017-09-15 23:00:00,1815.5000000000002
2017-09-18 23:00:00,1802.5000000000002
2017-09-19 23:00:00,1802.1000000000001
2017-09-20 23:00:00,1807.4000000000003
2017-09-21 23:00:00,1787.0000000000002
2017-09-22 23:00:00,1789.1000000000001
2017-09-25 23:00:00,1797.7000000000003
2017-09-26 23:00:00,1794.5000000000002
2017-09-27 23:00:00,1778.7000000000003
2017-09-28 23:00:00,1778.6000000000001
2017-09-29 23:00:00,1777.5000000000002
2017-10-02 23:00:00,1767.4000000000003
2017-10-03 23:00:00,1766.8000000000002
2017-10-04 23:00:00,1766.4000000000003
2017-10-05 23:00:00,1766.5000000000002
2017-10-06 23:00:00,1766.7000000000003
2017-10-09 23:00:00,1773.8000000000002
2017-10-10 23:00:00,1784.0000000000002
2017-10-11 23:00:00,1780.6000000000001
2017-10-12 23:00:00,1785.8000000000002
2017-10-13 23:00:00,1792.4000000000003
2017-10-16 23:00:00,1796.4000000000003
2017-10-17 23:00:00,1777.1000000000001
2017-10-18 23:00:00,1772.9000000000003
2017-10-19 23:00:00,1780.2000000000003
2017-10-20 23:00:00,1771.5000000000002
2017-10-23 23:00:00,1766.0000000000002
2017-10-24 23:00:00,1767.8000000000002
2017-10-25 23:00:00,1767.3000000000002
2017-10-26 23:00:00,1764.2000000000003
2017-10-27 23:00:00,1762.9000000000003
2017-10-30 23:00:00,1765.8000000000002
2017-10-31 23:00:00,1761.1000000000001
2017-11-01 23:00:00,1768.6000000000001
2017-11-02 23:00:00,1770.1000000000001
2017-11-03 23:00:00,1759.0000000000002
2017-11-07 23:00:00,1766.4000000000003
2017-11-08 23:00:00,1776.7000000000003
2017-11-09 23:00:00,1773.9000000000003
2017-11-10 23:00:00,1775.8000000000002
2017-11-13 23:00:00,1769.4000000000003
2017-11-14 23:00:00,1769.4000000000003
2017-11-15 23:00:00,1770.2000000000003
2017-11-16 23:00:00,1770.5000000000002
2017-11-17 23:00:00,1776.0000000000002
2017-11-20 23:00:00,1777.0000000000002
2017-11-21 23:00:00,1773.6000000000001
2017-11-22 23:00:00,1779.5000000000002
2017-11-23 23:00:00,1782.8000000000002
2017-11-24 23:00:00,1779.5000000000002
2017-11-27 23:00:00,1786.3000000000002
2017-11-28 23:00:00,1786.2000000000003
2017-11-29 23:00:00,1775.9000000000003
2017-11-30 23:00:00,1770.3000000000002
2017-12-01 23:00:00,1763.0000000000002
2017-12-04 23:00:00,1763.5000000000002
2017-12-05 23:00:00,1754.5000000000002
2017-12-06 23:00:00,1754.4000000000003
2017-12-07 23:00:00,1743.1000000000001
2017-12-08 23:00:00,1737.1000000000001
2017-12-11 23:00:00,1736.8000000000002
2017-12-12 23:00:00,1725.6000000000001
2017-12-13 23:00:00,1733.1000000000001
2017-12-14 23:00:00,1739.9000000000003
2017-12-15 23:00:00,1744.3000000000002
2017-12-18 23:00:00,1749.5000000000002
2017-12-19 23:00:00,1749.1000000000001
2017-12-20 23:00:00,1752.0000000000002
2017-12-21 23:00:00,1750.8000000000002
2017-12-22 23:00:00,1758.6000000000001
2017-12-25 23:00:00,1763.2000000000003
2017-12-26 23:00:00,1767.1000000000001
2017-12-27 23:00:00,1773.8000000000002
2017-12-28 23:00:00,1777.6000000000001
2017-12-29 23:00:00,1789.2000000000003
2018-01-03 23:00:00,1800.5000000000002
2018-01-04 23:00:00,1802.1000000000001
2018-01-05 23:00:00,1802.4
2018-01-09 23:00:00,1796.7000000000003
2018-01-10 23:00:00,1802.6000000000001
2018-01-11 23:00:00,1805.4
2018-01-12 23:00:00,1814.8000000000002
2018-01-15 23:00:00,1825.4
2018-01-16 23:00:00,1818.3000000000002
2018-01-17 23:00:00,1819.3000000000002
2018-01-18 23:00:00,1813.0000000000002
2018-01-19 23:00:00,1817.4
2018-01-22 23:00:00,1817.6000000000001
2018-01-23 23:00:00,1820.4
2018-01-24 23:00:00,1837.3000000000002
2018-01-25 23:00:00,1840.3000000000002
2018-01-26 23:00:00,1834.2000000000003
2018-01-29 23:00:00,1825.2000000000003
2018-01-30 23:00:00,1824.1000000000001
2018-01-31 23:00:00,1827.1000000000001
2018-02-01 23:00:00,1825.4
2018-02-02 23:00:00,1811.3000000000002
2018-02-05 23:00:00,1817.9
2018-02-06 23:00:00,1812.3000000000002
2018-02-07 23:00:00,1803.4
2018-02-08 23:00:00,1796.9
2018-02-09 23:00:00,1796.1000000000001
2018-02-12 23:00:00,1805.0000000000002
2018-02-13 23:00:00,1809.4
2018-02-14 23:00:00,1829.4
2018-02-15 23:00:00,1834.4
2018-02-16 23:00:00,1837.1000000000001
2018-02-19 23:00:00,1829.4
2018-02-20 23:00:00,1820.5000000000002
2018-02-21 23:00:00,1811.9
2018-02-22 23:00:00,1810.3000000000002
2018-02-26 23:00:00,1814.7000000000003
2018-02-27 23:00:00,1801.3000000000002
2018-02-28 23:00:00,1798.5000000000002
2018-03-01 23:00:00,1790.6000000000001
2018-03-02 23:00:00,1802.4
2018-03-05 23:00:00,1803.6000000000001
2018-03-06 23:00:00,1816.6000000000001
2018-03-07 23:00:00,1808.6000000000001
2018-03-09 23:00:00,1801.5000000000002
2018-03-12 23:00:00,1798.1000000000001
2018-03-13 23:00:00,1806.1000000000001
2018-03-14 23:00:00,1804.9
2018-03-15 23:00:00,1803.1000000000001
2018-03-16 23:00:00,1797.6000000000001
2018-03-19 23:00:00,1803.7
2018-03-20 23:00:00,1797.6000000000001
2018-03-21 23:00:00,1811.7
2018-03-22 23:00:00,1814.1000000000001
2018-03-23 23:00:00,1834.5
2018-03-26 23:00:00,1840.0
2018-03-27 23:00:00,1827.9
2018-03-28 23:00:00,1815.5
2018-03-29 23:00:00,1807.7
2018-03-30 23:00:00,1809.6000000000001
2018-04-02 23:00:00,1822.3000000000002
2018-04-03 23:00:00,1815.8000000000002
2018-04-04 23:00:00,1820.4
2018-04-05 23:00:00,1808.1000000000001
2018-04-06 23:00:00,1817.3000000000002
2018-04-09 23:00:00,1817.2
2018-04-10 23:00:00,1821.2
2018-04-11 23:00:00,1849.4
2018-04-12 23:00:00,1820.5
2018-04-13 23:00:00,1829.0
2018-04-16 23:00:00,1830.0
2018-04-17 23:00:00,1827.0
2018-04-18 23:00:00,1834.3000000000002
2018-04-19 23:00:00,1823.7
2018-04-20 23:00:00,1820.5
2018-04-23 23:00:00,1806.0
2018-04-24 23:00:00,1810.8000000000002
2018-04-25 23:00:00,1803.4
2018-04-26 23:00:00,1797.6000000000001
2018-04-27 23:00:00,1803.6000000000001
2018-04-28 23:00:00,1806.2
2018-04-30 23:00:00,1796.3000000000002
2018-05-02 23:00:00,1788.4
2018-05-03 23:00:00,1795.6000000000001
2018-05-04 23:00:00,1792.5
2018-05-07 23:00:00,1795.1000000000001
2018-05-08 23:00:00,1791.9
2018-05-10 23:00:00,1799.5
2018-05-11 23:00:00,1802.4
2018-05-14 23:00:00,1800.7
2018-05-15 23:00:00,1775.4
2018-05-16 23:00:00,1769.4
2018-05-17 23:00:00,1768.3000000000002
2018-05-18 23:00:00,1772.0
2018-05-21 23:00:00,1770.9
2018-05-22 23:00:00,1773.9
2018-05-23 23:00:00,1773.8000000000002
2018-05-24 23:00:00,1786.8000000000002
2018-05-25 23:00:00,1785.0
2018-05-28 23:00:00,1780.4
2018-05-29 23:00:00,1784.7
2018-05-30 23:00:00,1782.5
2018-05-31 23:00:00,1782.6000000000001
2018-06-01 23:00:00,1777.5
2018-06-04 23:00:00,1774.3000000000002
2018-06-05 23:00:00,1776.9
2018-06-06 23:00:00,1779.5
2018-06-07 23:00:00,1777.8000000000002
2018-06-08 23:00:00,1778.1000000000001
2018-06-09 23:00:00,1778.1000000000001
2018-06-11 23:00:00,1780.5
2018-06-13 23:00:00,1777.0
2018-06-14 23:00:00,1783.9
2018-06-15 23:00:00,1758.1000000000001
2018-06-18 23:00:00,1758.1000000000001
2018-06-19 23:00:00,1754.7
2018-06-20 23:00:00,1753.1000000000001
2018-06-21 23:00:00,1746.9
2018-06-22 23:00:00,1748.6000000000001
2018-06-25 23:00:00,1744.4
2018-06-26 23:00:00,1740.6000000000001
2018-06-27 23:00:00,1732.2
2018-06-28 23:00:00,1728.5
2018-06-29 23:00:00,1729.3
2018-07-02 23:00:00,1721.3
2018-07-03 23:00:00,1733.4
2018-07-04 23:00:00,1734.4
2018-07-05 23:00:00,1735.6000000000001
2018-07-06 23:00:00,1731.9
2018-07-09 23:00:00,1739.0
2018-07-10 23:00:00,1733.4
2018-07-11 23:00:00,1724.4
2018-07-12 23:00:00,1724.8
2018-07-13 23:00:00,1719.7
2018-07-16 23:00:00,1715.7
2018-07-17 23:00:00,1705.5
2018-07-18 23:00:00,1701.4
2018-07-19 23:00:00,1693.0
2018-07-20 23:00:00,1703.6000000000001
2018-07-23 23:00:00,1701.7
2018-07-24 23:00:00,1701.8
2018-07-25 23:00:00,1704.4
2018-07-26 23:00:00,1702.7
2018-07-27 23:00:00,1700.1000000000001
2018-07-30 23:00:00,1698.4
2018-07-31 23:00:00,1698.6000000000001
2018-08-01 23:00:00,1693.8
2018-08-02 23:00:00,1688.0
2018-08-03 23:00:00,1692.2
2018-08-06 23:00:00,1685.0
2018-08-07 23:00:00,1686.9
2018-08-08 23:00:00,1683.4
2018-08-09 23:00:00,1687.6000000000001
2018-08-10 23:00:00,1685.6000000000001
2018-08-13 23:00:00,1668.9
2018-08-14 23:00:00,1669.4
2018-08-15 23:00:00,1649.7
2018-08-16 23:00:00,1652.6000000000001
2018-08-17 23:00:00,1650.7
2018-08-20 23:00:00,1659.1000000000001
2018-08-21 23:00:00,1662.8
2018-08-22 23:00:00,1668.1000000000001
2018-08-23 23:00:00,1661.5
2018-08-24 23:00:00,1679.1000000000001
2018-08-27 23:00:00,1681.1000000000001
2018-08-28 23:00:00,1681.2
2018-08-29 23:00:00,1676.0
2018-08-30 23:00:00,1671.0
2018-08-31 23:00:00,1672.7
2018-09-03 23:00:00,1672.8
2018-09-04 23:00:00,1662.7
2018-09-05 23:00:00,1667.6000000000001
2018-09-06 23:00:00,1670.2
2018-09-07 23:00:00,1668.5
2018-09-10 23:00:00,1667.7
2018-09-11 23:00:00,1664.9
2018-09-12 23:00:00,1673.2
2018-09-13 23:00:00,1673.1000000000001
2018-09-14 23:00:00,1668.4
2018-09-17 23:00:00,1672.9
2018-09-18 23:00:00,1668.3000000000002
2018-09-19 23:00:00,1672.6000000000001
2018-09-20 23:00:00,1673.0
2018-09-21 23:00:00,1666.7
2018-09-24 23:00:00,1670.9
2018-09-25 23:00:00,1670.9
2018-09-26 23:00:00,1663.9
2018-09-27 23:00:00,1652.0
2018-09-28 23:00:00,1661.6000000000001
2018-10-01 23:00:00,1657.6000000000001
2018-10-02 23:00:00,1675.1000000000001
2018-10-03 23:00:00,1668.4
2018-10-04 23:00:00,1670.2
2018-10-05 23:00:00,1671.1000000000001
2018-10-08 23:00:00,1654.6000000000001
2018-10-09 23:00:00,1658.6000000000001
2018-10-10 23:00:00,1657.7
2018-10-11 23:00:00,1689.1000000000001
2018-10-12 23:00:00,1687.9
2018-10-15 23:00:00,1696.4
2018-10-16 23:00:00,1697.3000000000002
2018-10-17 23:00:00,1695.3000000000002
2018-10-18 23:00:00,1696.8000000000002
2018-10-19 23:00:00,1695.0
2018-10-22 23:00:00,1689.0
2018-10-23 23:00:00,1702.5
2018-10-24 23:00:00,1697.3000000000002
2018-10-25 23:00:00,1697.7
2018-10-26 23:00:00,1708.8000000000002
2018-10-29 23:00:00,1698.4
2018-10-30 23:00:00,1692.0
2018-10-31 23:00:00,1682.5
2018-11-01 23:00:00,1698.4
2018-11-02 23:00:00,1699.8000000000002
2018-11-06 23:00:00,1696.2
2018-11-07 23:00:00,1696.5
2018-11-08 23:00:00,1691.1000000000001
2018-11-09 23:00:00,1676.1000000000001
2018-11-12 23:00:00,1668.5
2018-11-13 23:00:00,1665.3000000000002
2018-11-14 23:00:00,1667.4
2018-11-15 23:00:00,1679.0
2018-11-16 23:00:00,1686.3000000000002
2018-11-19 23:00:00,1689.0
2018-11-20 23:00:00,1687.1000000000001
2018-11-21 23:00:00,1693.0
2018-11-22 23:00:00,1692.2
2018-11-23 23:00:00,1687.9
2018-11-26 23:00:00,1687.7
2018-11-27 23:00:00,1681.2
2018-11-28 23:00:00,1677.1000000000001
2018-11-29 23:00:00,1691.3000000000002
2018-11-30 23:00:00,1681.7
2018-12-03 23:00:00,1697.7
2018-12-04 23:00:00,1703.7
2018-12-05 23:00:00,1700.2
2018-12-06 23:00:00,1706.9
2018-12-07 23:00:00,1710.1000000000001
2018-12-10 23:00:00,1710.8000000000002
2018-12-11 23:00:00,1708.6000000000001
2018-12-12 23:00:00,1710.2
2018-12-13 23:00:00,1704.3000000000002
2018-12-14 23:00:00,1698.3000000000002
2018-12-17 23:00:00,1703.2
2018-12-18 23:00:00,1709.2
2018-12-19 23:00:00,1721.7
2018-12-20 23:00:00,1721.5
2018-12-21 23:00:00,1721.6000000000001
2018-12-24 23:00:00,1728.9
2018-12-25 23:00:00,1732.3000000000002
2018-12-26 23:00:00,1741.6000000000001
2018-12-27 23:00:00,1736.6000000000001
2018-12-28 23:00:00,1741.8000000000002
2018-12-29 23:00:00,1744.4
2019-01-03 23:00:00,1753.3000000000002
2019-01-04 23:00:00,1744.2
2019-01-08 23:00:00,1745.5
2019-01-09 23:00:00,1751.2
2019-01-10 23:00:00,1751.6000000000001
2019-01-11 23:00:00,1750.5
2019-01-14 23:00:00,1750.4
2019-01-15 23:00:00,1751.9
2019-01-16 23:00:00,1753.6000000000001
2019-01-17 23:00:00,1749.6000000000001
2019-01-18 23:00:00,1741.9
2019-01-21 23:00:00,1739.4
2019-01-22 23:00:00,1739.8000000000002
2019-01-23 23:00:00,1741.6000000000001
2019-01-24 23:00:00,1740.2
2019-01-25 23:00:00,1756.4
2019-01-28 23:00:00,1761.1000000000001
2019-01-29 23:00:00,1769.2
2019-01-30 23:00:00,1769.9
2019-01-31 23:00:00,1782.2
2019-02-01 23:00:00,1776.0
2019-02-04 23:00:00,1772.2
2019-02-05 23:00:00,1772.7
2019-02-06 23:00:00,1770.0
2019-02-07 23:00:00,1763.8000000000002
2019-02-08 23:00:00,1770.4
2019-02-11 23:00:00,1765.2
2019-02-12 23:00:00,1765.8000000000002
2019-02-13 23:00:00,1773.6000000000001
2019-02-14 23:00:00,1764.9
2019-02-15 23:00:00,1771.6000000000001
2019-02-18 23:00:00,1782.3000000000002
2019-02-19 23:00:00,1792.8000000000002
2019-02-20 23:00:00,1799.9
2019-02-21 23:00:00,1787.6000000000001
2019-02-22 23:00:00,1785.5
2019-02-25 23:00:00,1784.8000000000002
2019-02-26 23:00:00,1780.9
2019-02-27 23:00:00,1779.2
2019-02-28 23:00:00,1769.4
2019-03-01 23:00:00,1761.7
2019-03-04 23:00:00,1739.9
2019-03-05 23:00:00,1737.8000000000002
2019-03-06 23:00:00,1740.7
2019-03-07 23:00:00,1741.1000000000001
2019-03-11 23:00:00,1746.4
2019-03-12 23:00:00,1750.8000000000002
2019-03-13 23:00:00,1761.2
2019-03-14 23:00:00,1748.6000000000001
2019-03-15 23:00:00,1756.3000000000002
2019-03-18 23:00:00,1756.4
2019-03-19 23:00:00,1761.9
2019-03-20 23:00:00,1753.6000000000001
2019-03-21 23:00:00,1763.6000000000001
2019-03-22 23:00:00,1763.9
2019-03-25 23:00:00,1771.7
2019-03-26 23:00:00,1764.2
2019-03-27 23:00:00,1762.3000000000002
2019-03-28 23:00:00,1741.8000000000002
2019-03-29 23:00:00,1744.5
2019-04-01 23:00:00,1742.2
2019-04-02 23:00:00,1739.5
2019-04-03 23:00:00,1739.5
2019-04-04 23:00:00,1736.5
2019-04-05 23:00:00,1740.5
2019-04-08 23:00:00,1747.5
2019-04-09 23:00:00,1754.0
2019-04-10 23:00:00,1757.0
2019-04-11 23:00:00,1741.8000000000002
2019-04-12 23:00:00,1739.6000000000001
2019-04-15 23:00:00,1736.6000000000001
2019-04-16 23:00:00,1722.7
2019-04-17 23:00:00,1721.4
2019-04-18 23:00:00,1720.5
2019-04-19 23:00:00,1722.3000000000002
2019-04-22 23:00:00,1721.7
2019-04-23 23:00:00,1715.9
2019-04-24 23:00:00,1724.1000000000001
2019-04-25 23:00:00,1724.7
2019-04-26 23:00:00,1732.8000000000002
2019-04-29 23:00:00,1725.1000000000001
2019-04-30 23:00:00,1730.2
2019-05-02 23:00:00,1716.1000000000001
2019-05-03 23:00:00,1725.1000000000001
2019-05-06 23:00:00,1725.6000000000001
2019-05-07 23:00:00,1728.6000000000001
2019-05-08 23:00:00,1728.1000000000001
2019-05-10 23:00:00,1733.4
2019-05-13 23:00:00,1742.6000000000001
2019-05-14 23:00:00,1738.4
2019-05-15 23:00:00,1740.8000000000002
2019-05-16 23:00:00,1730.1000000000001
2019-05-17 23:00:00,1721.2
2019-05-20 23:00:00,1722.6000000000001
2019-05-21 23:00:00,1718.5
2019-05-22 23:00:00,1720.5
2019-05-23 23:00:00,1729.5
2019-05-24 23:00:00,1728.1000000000001
2019-05-27 23:00:00,1728.6000000000001
2019-05-28 23:00:00,1723.4
2019-05-29 23:00:00,1726.9
2019-05-30 23:00:00,1731.1000000000001
2019-05-31 23:00:00,1743.4
2019-06-03 23:00:00,1761.5
2019-06-04 23:00:00,1764.3000000000002
2019-06-05 23:00:00,1771.3000000000002
2019-06-06 23:00:00,1780.3000000000002
2019-06-07 23:00:00,1785.1000000000001
2019-06-10 23:00:00,1771.2
2019-06-11 23:00:00,1768.5
2019-06-13 23:00:00,1781.1000000000001
2019-06-14 23:00:00,1792.1000000000001
2019-06-17 23:00:00,1781.1000000000001
2019-06-18 23:00:00,1786.9000000000003
2019-06-19 23:00:00,1787.6000000000001
2019-06-20 23:00:00,1825.9000000000003
2019-06-21 23:00:00,1836.1000000000001
2019-06-24 23:00:00,1856.2000000000003
2019-06-25 23:00:00,1867.5000000000002
2019-06-26 23:00:00,1852.0000000000002
2019-06-27 23:00:00,1845.0000000000002
2019-06-28 23:00:00,1850.7000000000003
2019-07-01 23:00:00,1829.0000000000002
2019-07-02 23:00:00,1842.6000000000001
2019-07-03 23:00:00,1855.8000000000002
2019-07-04 23:00:00,1855.6000000000001
2019-07-05 23:00:00,1837.5000000000002
2019-07-08 23:00:00,1835.3000000000002
2019-07-09 23:00:00,1836.2000000000003
2019-07-10 23:00:00,1850.1000000000001
2019-07-11 23:00:00,1851.5000000000002
2019-07-12 23:00:00,1847.8000000000002
2019-07-15 23:00:00,1850.8000000000002
2019-07-16 23:00:00,1848.3000000000002
2019-07-17 23:00:00,1860.9000000000003
2019-07-18 23:00:00,1866.0000000000002
2019-07-19 23:00:00,1867.0000000000002
2019-07-22 23:00:00,1865.0000000000002
2019-07-23 23:00:00,1859.4000000000003
2019-07-24 23:00:00,1859.9000000000003
2019-07-25 23:00:00,1856.2000000000003
2019-07-26 23:00:00,1855.6000000000001
2019-07-29 23:00:00,1857.5000000000002
2019-07-30 23:00:00,1865.3000000000002
2019-07-31 23:00:00,1865.0000000000002
2019-08-01 23:00:00,1853.4000000000003
2019-08-02 23:00:00,1881.3000000000002
2019-08-05 23:00:00,1899.3000000000002
2019-08-06 23:00:00,1909.0000000000002
2019-08-07 23:00:00,1944.0000000000002
2019-08-08 23:00:00,1932.7000000000003
2019-08-09 23:00:00,1938.3000000000002
2019-08-12 23:00:00,1940.2000000000003
2019-08-13 23:00:00,1934.4000000000003
2019-08-14 23:00:00,1952.2000000000003
2019-08-15 23:00:00,1951.8000000000002
2019-08-16 23:00:00,1943.0000000000002
2019-08-19 23:00:00,1935.7000000000003
2019-08-20 23:00:00,1938.0000000000002
2019-08-21 23:00:00,1938.9000000000003
2019-08-22 23:00:00,1935.0000000000002
2019-08-23 23:00:00,1959.4000000000003
2019-08-26 23:00:00,1964.0000000000002
2019-08-27 23:00:00,1973.9000000000003
2019-08-28 23:00:00,1970.0000000000002
2019-08-29 23:00:00,1969.8000000000002
2019-08-30 23:00:00,1961.7000000000003
2019-09-02 23:00:00,1957.6000000000001
2019-09-03 23:00:00,1980.8000000000002
2019-09-04 23:00:00,1980.0000000000002
2019-09-05 23:00:00,1950.0000000000002
2019-09-06 23:00:00,1953.0000000000002
2019-09-09 23:00:00,1935.7000000000003
2019-09-10 23:00:00,1929.2000000000003
2019-09-11 23:00:00,1928.4000000000003
2019-09-12 23:00:00,1934.1000000000001
2019-09-13 23:00:00,1927.9000000000003
2019-09-16 23:00:00,1934.4000000000003
2019-09-17 23:00:00,1936.0000000000002
2019-09-18 23:00:00,1940.7000000000003
2019-09-19 23:00:00,1928.6000000000001
2019-09-20 23:00:00,1932.8000000000002
2019-09-23 23:00:00,1953.1000000000001
2019-09-24 23:00:00,1958.5000000000002
2019-09-25 23:00:00,1943.6000000000001
2019-09-26 23:00:00,1938.8000000000002
2019-09-27 23:00:00,1925.5000000000002
2019-09-30 23:00:00,1900.1000000000001
2019-10-01 23:00:00,1912.2000000000003
2019-10-02 23:00:00,1930.5000000000002
2019-10-03 23:00:00,1938.0000000000002
2019-10-04 23:00:00,1932.7000000000003
2019-10-07 23:00:00,1927.0000000000002
2019-10-08 23:00:00,1931.2000000000003
2019-10-09 23:00:00,1934.5000000000002
2019-10-10 23:00:00,1922.5000000000002
2019-10-11 23:00:00,1907.6000000000001
2019-10-14 23:00:00,1919.3000000000002
2019-10-15 23:00:00,1908.9000000000003
2019-10-16 23:00:00,1913.0000000000002
2019-10-17 23:00:00,1920.7000000000003
2019-10-18 23:00:00,1918.1000000000001
2019-10-21 23:00:00,1910.8000000000002
2019-10-22 23:00:00,1909.5000000000002
2019-10-23 23:00:00,1918.6000000000001
2019-10-24 23:00:00,1925.7000000000003
2019-10-25 23:00:00,1933.9000000000003
2019-10-28 23:00:00,1916.6000000000001
2019-10-29 23:00:00,1914.4000000000003
2019-10-30 23:00:00,1920.8000000000002
2019-10-31 23:00:00,1935.2000000000003
2019-11-01 23:00:00,1935.8000000000002
2019-11-05 23:00:00,1912.2000000000003
2019-11-06 23:00:00,1912.6000000000001
2019-11-07 23:00:00,1898.9000000000003
2019-11-08 23:00:00,1889.5000000000002
2019-11-11 23:00:00,1876.0000000000002
2019-11-12 23:00:00,1870.5000000000002
2019-11-13 23:00:00,1888.3000000000002
2019-11-14 23:00:00,1889.5000000000002
2019-11-15 23:00:00,1891.9000000000003
2019-11-18 23:00:00,1893.1000000000001
2019-11-19 23:00:00,1893.7000000000003
2019-11-20 23:00:00,1892.5000000000002
2019-11-21 23:00:00,1891.8000000000002
2019-11-22 23:00:00,1885.0000000000002
2019-11-25 23:00:00,1882.2000000000003
2019-11-26 23:00:00,1882.1000000000001
2019-11-27 23:00:00,1879.4000000000003
2019-11-28 23:00:00,1878.4000000000003
2019-11-29 23:00:00,1884.3000000000002
2019-12-02 23:00:00,1884.3000000000002
2019-12-03 23:00:00,1899.8000000000002
2019-12-04 23:00:00,1894.9000000000003
2019-12-05 23:00:00,1899.8000000000002
2019-12-06 23:00:00,1884.1000000000001
2019-12-09 23:00:00,1884.1000000000001
2019-12-10 23:00:00,1886.9000000000003
2019-12-11 23:00:00,1891.7000000000003
2019-12-12 23:00:00,1891.6000000000001
2019-12-13 23:00:00,1891.2000000000003
2019-12-16 23:00:00,1897.6000000000001
2019-12-17 23:00:00,1896.8000000000002
2019-12-18 23:00:00,1898.6000000000001
2019-12-19 23:00:00,1897.3000000000002
2019-12-20 23:00:00,1901.0000000000002
2019-12-23 23:00:00,1904.9
2019-12-24 23:00:00,1919.0000000000002
2019-12-25 23:00:00,1922.6000000000001
2019-12-26 23:00:00,1934.4
2019-12-27 23:00:00,1934.7
2019-12-30 23:00:00,1935.8000000000002
2020-01-03 23:00:00,1971.4
2020-01-06 23:00:00,1979.6000000000001
2020-01-08 23:00:00,1992.8000000000002
2020-01-09 23:00:00,1966.8000000000002
2020-01-10 23:00:00,1973.6000000000001
2020-01-13 23:00:00,1971.4
2020-01-14 23:00:00,1960.5000000000002
2020-01-15 23:00:00,1968.5000000000002
2020-01-16 23:00:00,1966.7
2020-01-17 23:00:00,1973.1000000000001
2020-01-20 23:00:00,1978.8000000000002
2020-01-21 23:00:00,1975.2
2020-01-22 23:00:00,1972.7
2020-01-23 23:00:00,1979.3000000000002
2020-01-24 23:00:00,1990.2
2020-01-27 23:00:00,1999.0000000000002
2020-01-28 23:00:00,1985.9
2020-01-29 23:00:00,1988.6000000000001
2020-01-30 23:00:00,2001.1000000000001
2020-01-31 23:00:00,2002.0000000000002
2020-02-03 23:00:00,1990.6000000000001
2020-02-04 23:00:00,1968.6000000000001
2020-02-05 23:00:00,1972.8000000000002
2020-02-06 23:00:00,1979.5000000000002
2020-02-07 23:00:00,1984.3000000000002
2020-02-10 23:00:00,1989.8000000000002
2020-02-11 23:00:00,1980.2
2020-02-12 23:00:00,1982.1000000000001
2020-02-13 23:00:00,1992.6000000000001
2020-02-14 23:00:00,1997.9
2020-02-17 23:00:00,1996.7
2020-02-18 23:00:00,2013.4
2020-02-19 23:00:00,2021.8000000000002
2020-02-20 23:00:00,2034.5000000000002
2020-02-21 23:00:00,2061.4
2020-02-25 23:00:00,2067.5
2020-02-26 23:00:00,2050.9
2020-02-27 23:00:00,2071.9
2020-02-28 23:00:00,2000.2
2020-03-02 23:00:00,2006.4
2020-03-03 23:00:00,2054.8
2020-03-04 23:00:00,2054.3
2020-03-05 23:00:00,2073.0
2020-03-06 23:00:00,2065.5
2020-03-10 23:00:00,2069.1000000000004
2020-03-11 23:00:00,2058.3
2020-03-12 23:00:00,1981.9
2020-03-13 23:00:00,1951.7
2020-03-16 23:00:00,1923.3000000000002
2020-03-17 23:00:00,1946.4000000000003
2020-03-18 23:00:00,1902.9000000000003
2020-03-19 23:00:00,1897.7000000000003
2020-03-20 23:00:00,1911.1000000000004
2020-03-23 23:00:00,1955.6000000000004
2020-03-24 23:00:00,2058.4000000000005
2020-03-25 23:00:00,2029.3000000000002
2020-03-26 23:00:00,2055.2000000000003
2020-03-27 23:00:00,2045.7000000000003
2020-03-30 23:00:00,2040.8000000000002
2020-03-31 23:00:00,2020.9000000000003
2020-04-01 23:00:00,1997.5000000000002
2020-04-02 23:00:00,2025.1000000000004
2020-04-03 23:00:00,2037.7000000000003
2020-04-06 23:00:00,2087.0
2020-04-07 23:00:00,2091.0
2020-04-08 23:00:00,2082.0
2020-04-09 23:00:00,2130.4000000000005
2020-04-10 23:00:00,2135.0
2020-04-13 23:00:00,2151.6000000000004
2020-04-14 23:00:00,2159.8
2020-04-15 23:00:00,2137.9000000000005
2020-04-16 23:00:00,2133.8
2020-04-17 23:00:00,2106.0
2020-04-20 23:00:00,2105.2000000000003
2020-04-21 23:00:00,2093.7000000000003
2020-04-22 23:00:00,2128.3
2020-04-23 23:00:00,2149.6000000000004
2020-04-24 23:00:00,2124.8
2020-04-27 23:00:00,2121.3
2020-04-28 23:00:00,2117.4000000000005
2020-04-29 23:00:00,2112.2000000000003
2020-04-30 23:00:00,2113.9000000000005
2020-05-04 23:00:00,2109.4000000000005
2020-05-05 23:00:00,2104.4000000000005
2020-05-06 23:00:00,2094.8
2020-05-07 23:00:00,2115.7000000000003
2020-05-08 23:00:00,2119.9000000000005
2020-05-12 23:00:00,2115.4000000000005
2020-05-13 23:00:00,2124.0
2020-05-14 23:00:00,2140.7000000000003
2020-05-15 23:00:00,2155.1000000000004
2020-05-18 23:00:00,2140.0
2020-05-19 23:00:00,2146.3
2020-05-20 23:00:00,2155.8
2020-05-21 23:00:00,2129.0
2020-05-22 23:00:00,2140.9000000000005
2020-05-25 23:00:00,2138.2000000000003
2020-05-26 23:00:00,2119.3
2020-05-27 23:00:00,2106.0
2020-05-28 23:00:00,2126.9000000000005
2020-05-29 23:00:00,2143.0
2020-06-01 23:00:00,2147.7000000000003
2020-06-02 23:00:00,2137.7000000000003
2020-06-03 23:00:00,2099.8
2020-06-04 23:00:00,2116.3
2020-06-05 23:00:00,2080.8
2020-06-08 23:00:00,2096.3
2020-06-09 23:00:00,2121.3
2020-06-10 23:00:00,2120.1000000000004
2020-06-11 23:00:00,2139.5
2020-06-15 23:00:00,2122.5
2020-06-16 23:00:00,2129.1000000000004
2020-06-17 23:00:00,2131.1000000000004
2020-06-18 23:00:00,2128.0
2020-06-19 23:00:00,2146.8
2020-06-22 23:00:00,2164.5
2020-06-23 23:00:00,2173.7
2020-06-25 23:00:00,2167.0
2020-06-26 23:00:00,2172.0
2020-06-29 23:00:00,2177.8
2020-06-30 23:00:00,2191.6000000000004
2020-07-02 23:00:00,2185.5
2020-07-03 23:00:00,2183.4
2020-07-06 23:00:00,2189.5
2020-07-07 23:00:00,2203.0
2020-07-08 23:00:00,2215.6000000000004
2020-07-09 23:00:00,2205.4
2020-07-10 23:00:00,2203.7
2020-07-13 23:00:00,2210.1000000000004
2020-07-14 23:00:00,2213.9
2020-07-15 23:00:00,2214.3
2020-07-16 23:00:00,2211.1000000000004
2020-07-17 23:00:00,2213.9
2020-07-20 23:00:00,2218.6000000000004
2020-07-21 23:00:00,2240.1000000000004
2020-07-22 23:00:00,2265.3
2020-07-23 23:00:00,2297.2
2020-07-24 23:00:00,2302.8
2020-07-27 23:00:00,2340.4000000000005
2020-07-28 23:00:00,2351.1000000000004
2020-07-29 23:00:00,2360.4000000000005
2020-07-30 23:00:00,2349.1000000000004
2020-07-31 23:00:00,2375.0
2020-08-03 23:00:00,2368.9000000000005
2020-08-04 23:00:00,2396.9000000000005
2020-08-05 23:00:00,2443.5
2020-08-06 23:00:00,2455.1000000000004
2020-08-07 23:00:00,2433.0
2020-08-10 23:00:00,2432.7
2020-08-11 23:00:00,2344.2
2020-08-12 23:00:00,2346.9000000000005
2020-08-13 23:00:00,2349.2
2020-08-14 23:00:00,2344.1000000000004
2020-08-17 23:00:00,2385.4000000000005
2020-08-18 23:00:00,2403.4000000000005
2020-08-19 23:00:00,2366.1000000000004
2020-08-20 23:00:00,2348.3
2020-08-21 23:00:00,2337.5
2020-08-24 23:00:00,2336.6000000000004
2020-08-25 23:00:00,2315.0
2020-08-26 23:00:00,2344.3
2020-08-27 23:00:00,2328.3999999999996
2020-08-28 23:00:00,2368.7
2020-08-31 23:00:00,2368.3
2020-09-01 23:00:00,2374.3
2020-09-02 23:00:00,2341.7
2020-09-03 23:00:00,2324.0999999999995
2020-09-04 23:00:00,2322.2
2020-09-07 23:00:00,2329.2
2020-09-08 23:00:00,2327.5999999999995
2020-09-09 23:00:00,2342.3
2020-09-10 23:00:00,2361.0
2020-09-15 23:00:00,2352.1000000000004
2020-09-16 23:00:00,2365.5
2020-09-17 23:00:00,2340.0
2020-09-18 23:00:00,2345.1000000000004
2020-09-21 23:00:00,2287.8999999999996
2020-09-22 23:00:00,2292.1000000000004
2020-09-23 23:00:00,2262.0
2020-09-24 23:00:00,2260.6000000000004
2020-09-25 23:00:00,2252.7
2020-09-28 23:00:00,2263.8
2020-09-29 23:00:00,2282.2
2020-09-30 23:00:00,2288.8
2020-10-01 23:00:00,2301.6000000000004
2020-10-02 23:00:00,2295.5
2020-10-05 23:00:00,2306.8
2020-10-06 23:00:00,2300.8999999999996
2020-10-07 23:00:00,2279.6000000000004
2020-10-08 23:00:00,2280.8
2020-10-09 23:00:00,2317.0
2020-10-12 23:00:00,2313.2
2020-10-13 23:00:00,2284.3
2020-10-14 23:00:00,2301.2
2020-10-15 23:00:00,2296.8999999999996
2020-10-16 23:00:00,2291.3
2020-10-19 23:00:00,2296.8
2020-10-20 23:00:00,2301.5
2020-10-21 23:00:00,2317.3
2020-10-22 23:00:00,2292.2
2020-10-23 23:00:00,2289.2
2020-10-26 23:00:00,2293.8
2020-10-27 23:00:00,2299.3999999999996
2020-10-28 23:00:00,2267.5
2020-10-29 23:00:00,2256.9
2020-10-30 23:00:00,2266.1000000000004
2020-11-02 23:00:00,2279.4
2020-11-03 23:00:00,2297.8999999999996
2020-11-05 23:00:00,2333.9000000000005
2020-11-06 23:00:00,2335.9000000000005
2020-11-09 23:00:00,2249.5
2020-11-10 23:00:00,2268.0
2020-11-11 23:00:00,2252.3
2020-11-12 23:00:00,2270.0
2020-11-13 23:00:00,2279.1000000000004
2020-11-16 23:00:00,2278.0
2020-11-17 23:00:00,2277.6000000000004
2020-11-18 23:00:00,2272.1000000000004
2020-11-19 23:00:00,2252.1000000000004
2020-11-20 23:00:00,2265.1000000000004
2020-11-23 23:00:00,2225.1000000000004
2020-11-24 23:00:00,2192.5
2020-11-25 23:00:00,2201.2
2020-11-26 23:00:00,2199.1000000000004
2020-11-27 23:00:00,2173.9
2020-11-30 23:00:00,2162.5
2020-12-01 23:00:00,2197.3
2020-12-02 23:00:00,2214.1000000000004
2020-12-03 23:00:00,2223.7
2020-12-04 23:00:00,2224.2
2020-12-07 23:00:00,2252.1000000000004
2020-12-08 23:00:00,2256.9
2020-12-09 23:00:00,2235.5
2020-12-10 23:00:00,2229.2
2020-12-11 23:00:00,2236.2
2020-12-14 23:00:00,2217.5
2020-12-15 23:00:00,2238.1000000000004
2020-12-16 23:00:00,2245.5
2020-12-17 23:00:00,2282.5
2020-12-18 23:00:00,2273.7
2020-12-21 23:00:00,2271.8
2020-12-22 23:00:00,2261.4
2020-12-23 23:00:00,2264.8
2020-12-24 23:00:00,2265.2
2020-12-25 23:00:00,2272.5
2020-12-28 23:00:00,2278.4
2020-12-29 23:00:00,2267.7
2020-12-30 23:00:00,2272.7
2021-01-04 23:00:00,2327.999999999999
2021-01-05 23:00:00,2334.0
2021-01-06 23:00:00,2301.6000000000004
2021-01-08 23:00:00,2249.1000000000004
2021-01-11 23:00:00,2236.5
2021-01-12 23:00:00,2231.8
2021-01-13 23:00:00,2244.7
2021-01-14 23:00:00,2232.8
2021-01-15 23:00:00,2219.1000000000004
2021-01-18 23:00:00,2221.7
2021-01-19 23:00:00,2224.4
2021-01-20 23:00:00,2252.4
2021-01-21 23:00:00,2251.9
2021-01-22 23:00:00,2237.5
2021-01-25 23:00:00,2239.3
2021-01-26 23:00:00,2238.7
2021-01-27 23:00:00,2230.7
2021-01-28 23:00:00,2245.8
2021-01-29 23:00:00,2242.2
2021-02-01 23:00:00,2248.7
2021-02-02 23:00:00,2219.9
2021-02-03 23:00:00,2217.7
2021-02-04 23:00:00,2177.0
2021-02-05 23:00:00,2190.7
2021-02-08 23:00:00,2221.7
2021-02-09 23:00:00,2226.2
2021-02-10 23:00:00,2221.2
2021-02-11 23:00:00,2224.6000000000004
2021-02-12 23:00:00,2204.3
2021-02-15 23:00:00,2203.2
2021-02-16 23:00:00,2195.4
2021-02-17 23:00:00,2162.8
2021-02-18 23:00:00,2160.2
2021-02-19 23:00:00,2166.3
2021-02-20 23:00:00,2170.2
2021-02-22 23:00:00,2194.1000000000004
2021-02-24 23:00:00,2175.2
2021-02-25 23:00:00,2158.2
2021-02-26 23:00:00,2120.8
2021-03-01 23:00:00,2123.0
2021-03-02 23:00:00,2106.7
2021-03-03 23:00:00,2089.4
2021-03-04 23:00:00,2103.7
2021-03-05 23:00:00,2082.7
2021-03-09 23:00:00,2100.2
2021-03-10 23:00:00,2102.2
2021-03-11 23:00:00,2109.2
2021-03-12 23:00:00,2091.4
2021-03-15 23:00:00,2110.2
2021-03-16 23:00:00,2114.8
2021-03-17 23:00:00,2114.3
2021-03-18 23:00:00,2113.5
2021-03-19 23:00:00,2119.9
2021-03-22 23:00:00,2118.7
2021-03-23 23:00:00,2108.6000000000004
2021-03-24 23:00:00,2114.4
2021-03-25 23:00:00,2113.4
2021-03-26 23:00:00,2113.4
2021-03-29 23:00:00,2093.5
2021-03-30 23:00:00,2068.0
2021-03-31 23:00:00,2086.3
2021-04-01 23:00:00,2109.5
2021-04-02 23:00:00,2107.1000000000004
2021-04-05 23:00:00,2112.4
2021-04-06 23:00:00,2125.4
2021-04-07 23:00:00,2121.7
2021-04-08 23:00:00,2137.1000000000004
2021-04-09 23:00:00,2126.9
2021-04-12 23:00:00,2115.1000000000004
2021-04-13 23:00:00,2125.3
2021-04-14 23:00:00,2117.6000000000004
2021-04-15 23:00:00,2150.5
2021-04-16 23:00:00,2159.2
2021-04-19 23:00:00,2154.1000000000004
2021-04-20 23:00:00,2159.7
2021-04-21 23:00:00,2174.2
2021-04-22 23:00:00,2163.2
2021-04-23 23:00:00,2158.2
2021-04-26 23:00:00,2159.5
2021-04-27 23:00:00,2160.1000000000004
2021-04-28 23:00:00,2156.5
2021-04-29 23:00:00,2148.0
2021-04-30 23:00:00,2150.2
2021-05-04 23:00:00,2161.7
2021-05-05 23:00:00,2163.9
2021-05-06 23:00:00,2195.3
2021-05-07 23:00:00,2217.5
2021-05-10 23:00:00,2221.7
2021-05-11 23:00:00,2212.1000000000004
2021-05-12 23:00:00,2205.1000000000004
2021-05-13 23:00:00,2205.9
2021-05-14 23:00:00,2219.5
2021-05-17 23:00:00,2246.1000000000004
2021-05-18 23:00:00,2246.8
2021-05-19 23:00:00,2265.0
2021-05-20 23:00:00,2260.5
2021-05-21 23:00:00,2257.8
2021-05-24 23:00:00,2263.7
2021-05-25 23:00:00,2273.5
2021-05-26 23:00:00,2285.1000000000004
2021-05-27 23:00:00,2274.2
2021-05-28 23:00:00,2275.8
2021-05-31 23:00:00,2285.9
2021-06-01 23:00:00,2279.4
2021-06-02 23:00:00,2286.6000000000004
2021-06-03 23:00:00,2249.6000000000004
2021-06-04 23:00:00,2273.1000000000004
2021-06-07 23:00:00,2273.6000000000004
2021-06-08 23:00:00,2272.8
2021-06-09 23:00:00,2273.1000000000004
2021-06-10 23:00:00,2272.4
2021-06-11 23:00:00,2260.4
2021-06-14 23:00:00,2244.2
2021-06-15 23:00:00,2240.8
2021-06-16 23:00:00,2238.5
2021-06-17 23:00:00,2152.5
2021-06-18 23:00:00,2155.1
2021-06-21 23:00:00,2163.0
2021-06-22 23:00:00,2154.1
2021-06-23 23:00:00,2166.5
2021-06-24 23:00:00,2158.7
2021-06-25 23:00:00,2158.7
2021-06-28 23:00:00,2158.4
2021-06-29 23:00:00,2141.5
2021-06-30 23:00:00,2144.1
2021-07-01 23:00:00,2148.9
2021-07-02 23:00:00,2161.5
2021-07-05 23:00:00,2168.2
2021-07-06 23:00:00,2179.5
2021-07-07 23:00:00,2181.7
2021-07-08 23:00:00,2176.3
2021-07-09 23:00:00,2185.8
2021-07-12 23:00:00,2182.2
2021-07-13 23:00:00,2191.7
2021-07-14 23:00:00,2199.5
2021-07-15 23:00:00,2203.0
2021-07-16 23:00:00,2190.0
2021-07-19 23:00:00,2184.4
2021-07-20 23:00:00,2184.8
2021-07-21 23:00:00,2181.7
2021-07-22 23:00:00,2182.0
2021-07-23 23:00:00,2179.0
2021-07-26 23:00:00,2176.7
2021-07-27 23:00:00,2179.1
2021-07-28 23:00:00,2177.3
2021-07-29 23:00:00,2207.8
2021-07-30 23:00:00,2199.3
2021-08-02 23:00:00,2191.9
2021-08-03 23:00:00,2187.8
2021-08-04 23:00:00,2186.1
2021-08-05 23:00:00,2180.9
2021-08-06 23:00:00,2139.5
2021-08-09 23:00:00,2106.6
2021-08-10 23:00:00,2108.4
2021-08-11 23:00:00,2126.6
2021-08-12 23:00:00,2128.4
2021-08-13 23:00:00,2153.9
2021-08-16 23:00:00,2162.2
2021-08-17 23:00:00,2158.0
2021-08-18 23:00:00,2158.3
2021-08-19 23:00:00,2159.8
2021-08-20 23:00:00,2159.4
2021-08-23 23:00:00,2181.1
2021-08-24 23:00:00,2183.9
2021-08-25 23:00:00,2163.7
2021-08-26 23:00:00,2169.1
2021-08-27 23:00:00,2185.7
2021-08-30 23:00:00,2186.3
2021-08-31 23:00:00,2184.7
2021-09-01 23:00:00,2191.5
2021-09-02 23:00:00,2187.1
2021-09-03 23:00:00,2205.3
2021-09-06 23:00:00,2199.4
2021-09-07 23:00:00,2174.8
2021-09-08 23:00:00,2168.7
2021-09-09 23:00:00,2168.2
2021-09-10 23:00:00,2169.7
2021-09-13 23:00:00,2171.5
2021-09-14 23:00:00,2182.2
2021-09-15 23:00:00,2171.1
2021-09-16 23:00:00,2129.1
2021-09-17 23:00:00,2131.3
2021-09-20 23:00:00,2136.6
2021-09-21 23:00:00,2154.6
2021-09-22 23:00:00,2152.5
2021-09-23 23:00:00,2125.5
2021-09-24 23:00:00,2126.3
2021-09-27 23:00:00,2127.0
2021-09-28 23:00:00,2111.8
2021-09-29 23:00:00,2105.7
2021-09-30 23:00:00,2133.5
2021-10-01 23:00:00,2135.0
2021-10-04 23:00:00,2139.6
2021-10-05 23:00:00,2133.3999999999996
2021-10-06 23:00:00,2135.7
2021-10-07 23:00:00,2132.3
2021-10-08 23:00:00,2131.5
2021-10-11 23:00:00,2131.2
2021-10-12 23:00:00,2134.8
2021-10-13 23:00:00,2167.6
2021-10-14 23:00:00,2172.3999999999996
2021-10-15 23:00:00,2144.0
2021-10-18 23:00:00,2142.7
2021-10-19 23:00:00,2145.3999999999996
2021-10-20 23:00:00,2158.1
2021-10-21 23:00:00,2154.8
2021-10-22 23:00:00,2162.3
2021-10-25 23:00:00,2181.6
2021-10-26 23:00:00,2163.8
2021-10-27 23:00:00,2167.0
2021-10-28 23:00:00,2177.3999999999996
2021-10-29 23:00:00,2151.6
2021-11-01 23:00:00,2165.5
2021-11-02 23:00:00,2164.0
2021-11-03 23:00:00,2136.8
2021-11-05 23:00:00,2183.3999999999996
2021-11-08 23:00:00,2194.6
2021-11-09 23:00:00,2197.6
2021-11-10 23:00:00,2229.1
2021-11-11 23:00:00,2235.5
2021-11-12 23:00:00,2233.7
2021-11-15 23:00:00,2233.6
2021-11-16 23:00:00,2235.0
2021-11-17 23:00:00,2235.6
2021-11-18 23:00:00,2230.8
2021-11-19 23:00:00,2235.0
2021-11-22 23:00:00,2187.8
2021-11-23 23:00:00,2159.8
2021-11-24 23:00:00,2156.3999999999996
2021-11-25 23:00:00,2162.5
2021-11-26 23:00:00,2171.8999999999996
2021-11-29 23:00:00,2160.5
2021-11-30 23:00:00,2165.6
2021-12-01 23:00:00,2158.8999999999996
2021-12-02 23:00:00,2140.6
2021-12-03 23:00:00,2143.3
2021-12-06 23:00:00,2152.6
2021-12-07 23:00:00,2154.2
2021-12-08 23:00:00,2153.6
2021-12-09 23:00:00,2151.1
2021-12-10 23:00:00,2156.6
2021-12-13 23:00:00,2159.3
2021-12-14 23:00:00,2144.8
2021-12-15 23:00:00,2138.8999999999996
2021-12-16 23:00:00,2171.0
2021-12-17 23:00:00,2179.7
2021-12-20 23:00:00,2167.0
2021-12-21 23:00:00,2159.1
2021-12-22 23:00:00,2166.7
2021-12-23 23:00:00,2178.3999999999996
2021-12-24 23:00:00,2180.2
2021-12-27 23:00:00,2186.2
2021-12-28 23:00:00,2186.3999999999996
2021-12-29 23:00:00,2174.1
2021-12-30 23:00:00,2178.7999999999997
2022-01-03 23:00:00,2175.6
2022-01-04 23:00:00,2188.0
2022-01-05 23:00:00,2194.3999999999996
2022-01-06 23:00:00,2160.2999999999997
2022-01-07 23:00:00,2158.7
2022-01-10 23:00:00,2164.8999999999996
2022-01-11 23:00:00,2177.3999999999996
2022-01-12 23:00:00,2191.6
2022-01-13 23:00:00,2186.6
2022-01-14 23:00:00,2191.7
2022-01-17 23:00:00,2188.8999999999996
2022-01-18 23:00:00,2189.1
2022-01-19 23:00:00,2208.2999999999997
2022-01-20 23:00:00,2214.7
2022-01-21 23:00:00,2203.2
2022-01-24 23:00:00,2202.5
2022-01-25 23:00:00,2216.6
2022-01-26 23:00:00,2203.0
2022-01-27 23:00:00,2168.5
2022-01-28 23:00:00,2153.7999999999997
2022-01-31 23:00:00,2164.5
2022-02-01 23:00:00,2173.5
2022-02-02 23:00:00,2177.7
2022-02-03 23:00:00,2172.7
2022-02-04 23:00:00,2174.7
2022-02-07 23:00:00,2184.8999999999996
2022-02-08 23:00:00,2195.7999999999997
2022-02-09 23:00:00,2197.7999999999997
2022-02-10 23:00:00,2210.1
2022-02-11 23:00:00,2204.0
2022-02-14 23:00:00,2239.6
2022-02-15 23:00:00,2219.2
2022-02-16 23:00:00,2231.5
2022-02-17 23:00:00,2264.5
2022-02-18 23:00:00,2260.7
2022-02-21 23:00:00,2265.8999999999996
2022-02-22 23:00:00,2267.7999999999997
2022-02-23 23:00:00,2276.8999999999996
2022-02-24 23:00:00,2300.2
2022-02-25 23:00:00,2259.0
2022-02-28 23:00:00,2264.8999999999996
2022-03-02 23:00:00,2304.2
2022-03-03 23:00:00,2264.2
2022-03-04 23:00:00,2310.2
2022-03-09 23:00:00,2402.2
2022-03-10 23:00:00,2395.3999999999996
2022-03-11 23:00:00,2368.0
2022-03-14 23:00:00,2324.199999999999
2022-03-15 23:00:00,2272.6
2022-03-16 23:00:00,2278.0
2022-03-17 23:00:00,2300.0
2022-03-18 23:00:00,2280.8
2022-03-21 23:00:00,2260.6
2022-03-22 23:00:00,2225.0
2022-03-23 23:00:00,2221.0
2022-03-24 23:00:00,2243.3
2022-03-25 23:00:00,2239.8
2022-03-28 23:00:00,2212.8999999999996
2022-03-29 23:00:00,2188.3
2022-03-30 23:00:00,2210.3
2022-03-31 23:00:00,2217.8999999999996
2022-04-01 23:00:00,2202.8
2022-04-04 23:00:00,2203.6
2022-04-05 23:00:00,2200.3
2022-04-06 23:00:00,2202.2
2022-04-07 23:00:00,2210.5
2022-04-08 23:00:00,2218.1
2022-04-11 23:00:00,2226.8999999999996
2022-04-12 23:00:00,2249.3
2022-04-13 23:00:00,2256.7
2022-04-14 23:00:00,2246.6
2022-04-15 23:00:00,2259.8
2022-04-18 23:00:00,2266.1
2022-04-19 23:00:00,2243.8
2022-04-20 23:00:00,2228.8
2022-04-21 23:00:00,2220.3999999999996
2022-04-22 23:00:00,2213.0
2022-04-25 23:00:00,2182.6
2022-04-26 23:00:00,2187.3
2022-04-27 23:00:00,2169.8
2022-04-28 23:00:00,2170.6
2022-04-29 23:00:00,2195.3
2022-05-04 23:00:00,2165.8
2022-05-05 23:00:00,2171.3
2022-05-06 23:00:00,2184.3
2022-05-11 23:00:00,2146.3999999999996
2022-05-12 23:00:00,2130.2
2022-05-13 23:00:00,2108.7
2022-05-16 23:00:00,2108.2
2022-05-17 23:00:00,2108.5
2022-05-18 23:00:00,2110.3
2022-05-19 23:00:00,2127.8999999999996
2022-05-20 23:00:00,2126.2
2022-05-23 23:00:00,2135.5
2022-05-24 23:00:00,2146.3999999999996
2022-05-25 23:00:00,2123.8999999999996
2022-05-26 23:00:00,2121.6
2022-05-27 23:00:00,2135.7
2022-05-30 23:00:00,2137.1
2022-05-31 23:00:00,2117.8
2022-06-01 23:00:00,2123.7
2022-06-02 23:00:00,2138.3999999999996
2022-06-03 23:00:00,2129.2
2022-06-06 23:00:00,2124.3
2022-06-07 23:00:00,2129.8
2022-06-08 23:00:00,2132.8
2022-06-09 23:00:00,2124.1
2022-06-10 23:00:00,2138.7
2022-06-14 23:00:00,2106.3
2022-06-15 23:00:00,2102.8999999999996
2022-06-16 23:00:00,2108.8999999999996
2022-06-17 23:00:00,2106.2
2022-06-20 23:00:00,2091.3
2022-06-21 23:00:00,2092.0
2022-06-22 23:00:00,2107.6
2022-06-23 23:00:00,2099.3999999999996
2022-06-24 23:00:00,2098.2
2022-06-27 23:00:00,2104.5
2022-06-28 23:00:00,2095.3
2022-06-29 23:00:00,2104.8999999999996
2022-06-30 23:00:00,2098.7
2022-07-01 23:00:00,2102.1
2022-07-04 23:00:00,2095.1
2022-07-05 23:00:00,2067.8
2022-07-06 23:00:00,2019.8
2022-07-07 23:00:00,2013.9999999999998
2022-07-08 23:00:00,2022.1999999999998
2022-07-11 23:00:00,2012.8999999999999
2022-07-12 23:00:00,2013.1
2022-07-13 23:00:00,2002.6
2022-07-14 23:00:00,1986.1
2022-07-15 23:00:00,1977.1999999999998
2022-07-18 23:00:00,1981.8999999999999
2022-07-19 23:00:00,1982.1999999999998
2022-07-20 23:00:00,1975.1999999999998
2022-07-21 23:00:00,1981.6999999999998
2022-07-22 23:00:00,1995.6999999999998
2022-07-25 23:00:00,1988.9999999999998
2022-07-26 23:00:00,1987.9999999999998
2022-07-27 23:00:00,1994.8999999999999
2022-07-28 23:00:00,2018.3
2022-07-29 23:00:00,2036.1999999999998
2022-08-01 23:00:00,2035.8999999999999
2022-08-02 23:00:00,2048.2
2022-08-03 23:00:00,2025.8
2022-08-04 23:00:00,2045.3999999999999
2022-08-05 23:00:00,2036.9999999999998
2022-08-08 23:00:00,2053.3999999999996
2022-08-09 23:00:00,2057.7
2022-08-10 23:00:00,2059.2
2022-08-11 23:00:00,2054.8
2022-08-12 23:00:00,2050.3
2022-08-15 23:00:00,2028.9999999999998
2022-08-16 23:00:00,2022.8999999999999
2022-08-17 23:00:00,2018.6
2022-08-18 23:00:00,2015.1
2022-08-19 23:00:00,2012.8
2022-08-22 23:00:00,1991.9999999999998
2022-08-23 23:00:00,1999.1999999999998
2022-08-24 23:00:00,2002.6999999999998
2022-08-25 23:00:00,2002.1999999999998
2022-08-26 23:00:00,1993.6
2022-08-29 23:00:00,1997.4999999999998
2022-08-30 23:00:00,1985.1999999999998
2022-08-31 23:00:00,1979.8999999999999
2022-09-01 23:00:00,1958.8
2022-09-02 23:00:00,1966.3
2022-09-05 23:00:00,1961.8
2022-09-06 23:00:00,1962.6
2022-09-07 23:00:00,1968.9999999999998
2022-09-08 23:00:00,1972.6999999999998
2022-09-09 23:00:00,1980.8
2022-09-12 23:00:00,1994.8
2022-09-13 23:00:00,1966.6999999999998
2022-09-14 23:00:00,1972.6
2022-09-15 23:00:00,1956.4999999999998
2022-09-16 23:00:00,1951.7999999999997
2022-09-19 23:00:00,1950.1999999999998
2022-09-20 23:00:00,1944.1999999999998
2022-09-21 23:00:00,1939.2999999999997
2022-09-22 23:00:00,1941.4999999999998
2022-09-23 23:00:00,1920.1999999999998
2022-09-26 23:00:00,1913.1999999999998
2022-09-27 23:00:00,1918.0999999999997
2022-09-28 23:00:00,1946.4999999999998
2022-09-29 23:00:00,1951.5999999999997
2022-09-30 23:00:00,1969.4999999999998
2022-10-03 23:00:00,1984.0999999999997
2022-10-04 23:00:00,2011.4999999999998
2022-10-05 23:00:00,1997.2999999999997
2022-10-06 23:00:00,2003.2999999999997
2022-10-07 23:00:00,1991.8999999999999
2022-10-10 23:00:00,1964.3999999999999
2022-10-11 23:00:00,1972.4999999999998
2022-10-12 23:00:00,1959.9999999999998
2022-10-13 23:00:00,1958.5999999999997
2022-10-14 23:00:00,1943.8999999999999
2022-10-17 23:00:00,1951.9999999999998
2022-10-18 23:00:00,1943.0999999999997
2022-10-19 23:00:00,1923.7999999999997
2022-10-20 23:00:00,1932.1999999999998
2022-10-21 23:00:00,1930.5999999999997
2022-10-24 23:00:00,1937.2999999999997
2022-10-25 23:00:00,1947.2999999999997
2022-10-26 23:00:00,1959.6999999999998
2022-10-27 23:00:00,1953.9999999999998
2022-10-28 23:00:00,1937.4999999999998
2022-10-31 23:00:00,1931.0999999999997
2022-11-01 23:00:00,1934.3999999999999
2022-11-02 23:00:00,1934.9999999999998
2022-11-03 23:00:00,1919.8999999999999
2022-11-07 23:00:00,1962.2999999999997
2022-11-08 23:00:00,1999.7999999999997
2022-11-09 23:00:00,1995.2999999999997
2022-11-10 23:00:00,2032.2999999999997
2022-11-11 23:00:00,2042.8999999999999
2022-11-14 23:00:00,2049.8999999999996
2022-11-15 23:00:00,2047.7999999999997
2022-11-16 23:00:00,2058.0
2022-11-17 23:00:00,2039.4999999999998
2022-11-18 23:00:00,2038.0999999999997
2022-11-21 23:00:00,2022.0999999999997
2022-11-22 23:00:00,2026.7999999999997
2022-11-23 23:00:00,2026.8999999999999
2022-11-24 23:00:00,2039.7999999999997
2022-11-25 23:00:00,2031.2999999999997
2022-11-28 23:00:00,2025.4999999999998
2022-11-29 23:00:00,2032.9999999999998
2022-11-30 23:00:00,2029.6999999999998
2022-12-01 23:00:00,2064.8999999999996
2022-12-02 23:00:00,2064.3999999999996
2022-12-05 23:00:00,2059.7999999999997
2022-12-06 23:00:00,2050.5
2022-12-07 23:00:00,2058.0999999999995
2022-12-08 23:00:00,2070.0999999999995
2022-12-09 23:00:00,2077.3999999999996
2022-12-12 23:00:00,2065.7
2022-12-13 23:00:00,2087.2999999999997
2022-12-14 23:00:00,2091.7
2022-12-15 23:00:00,2064.3999999999996
2022-12-16 23:00:00,2068.2
2022-12-19 23:00:00,2071.5
2022-12-20 23:00:00,2093.0
2022-12-21 23:00:00,2099.2999999999997
2022-12-22 23:00:00,2072.1
2022-12-23 23:00:00,2067.5
2022-12-26 23:00:00,2063.5
2022-12-27 23:00:00,2083.5
2022-12-28 23:00:00,2053.0
2022-12-29 23:00:00,2063.2
2022-12-30 23:00:00,2079.1
2023-01-03 23:00:00,2090.0
2023-01-04 23:00:00,2106.0
2023-01-05 23:00:00,2088.5
2023-01-06 23:00:00,2108.6
2023-01-09 23:00:00,2119.6
2023-01-10 23:00:00,2122.3999999999996
2023-01-11 23:00:00,2123.6
2023-01-12 23:00:00,2130.7999999999997
2023-01-13 23:00:00,2146.7999999999997
2023-01-16 23:00:00,2173.3999999999996
2023-01-17 23:00:00,2175.3999999999996
2023-01-18 23:00:00,2188.0
2023-01-19 23:00:00,2189.7
2023-01-20 23:00:00,2205.3999999999996
2023-01-23 23:00:00,2199.2
2023-01-24 23:00:00,2214.8999999999996
2023-01-25 23:00:00,2214.1
2023-01-26 23:00:00,2215.7
2023-01-27 23:00:00,2206.0
2023-01-30 23:00:00,2213.2
2023-01-31 23:00:00,2208.7
2023-02-01 23:00:00,2215.7
2023-02-02 23:00:00,2218.5
2023-02-03 23:00:00,2173.2
2023-02-06 23:00:00,2151.7
2023-02-07 23:00:00,2162.2
2023-02-08 23:00:00,2168.5
2023-02-09 23:00:00,2163.3999999999996
2023-02-10 23:00:00,2153.0
2023-02-13 23:00:00,2149.3999999999996
2023-02-14 23:00:00,2151.7
2023-02-15 23:00:00,2128.8999999999996
2023-02-16 23:00:00,2129.6
2023-02-17 23:00:00,2133.2
2023-02-20 23:00:00,2138.1
2023-02-21 23:00:00,2138.3999999999996
2023-02-22 23:00:00,2132.5
2023-02-24 23:00:00,2108.6
2023-02-27 23:00:00,2114.7999999999997
2023-02-28 23:00:00,2123.8999999999996
2023-03-01 23:00:00,2136.5
2023-03-02 23:00:00,2129.7
2023-03-03 23:00:00,2138.3999999999996
2023-03-06 23:00:00,2144.8999999999996
2023-03-07 23:00:00,2120.0
2023-03-09 23:00:00,2122.1
2023-03-10 23:00:00,2148.2999999999997
2023-03-13 23:00:00,2188.7999999999997
2023-03-14 23:00:00,2186.7
2023-03-15 23:00:00,2206.2
2023-03-16 23:00:00,2193.2
2023-03-17 23:00:00,2228.8
2023-03-20 23:00:00,2257.2
2023-03-21 23:00:00,2236.6
2023-03-22 23:00:00,2236.5
2023-03-23 23:00:00,2258.2
2023-03-24 23:00:00,2268.6
2023-03-27 23:00:00,2246.3999999999996
2023-03-28 23:00:00,2257.6
2023-03-29 23:00:00,2257.8999999999996
2023-03-30 23:00:00,2261.3999999999996
2023-03-31 23:00:00,2269.6
2023-04-03 23:00:00,2275.3999999999996
2023-04-04 23:00:00,2298.5
2023-04-05 23:00:00,2302.5999999999995
2023-04-06 23:00:00,2286.3
2023-04-07 23:00:00,2278.5
2023-04-10 23:00:00,2278.3
2023-04-11 23:00:00,2292.7
2023-04-12 23:00:00,2292.5
2023-04-13 23:00:00,2309.8999999999996
2023-04-14 23:00:00,2288.5999999999995
2023-04-17 23:00:00,2277.8
2023-04-18 23:00:00,2287.2
2023-04-19 23:00:00,2274.3999999999996
2023-04-20 23:00:00,2288.3999999999996
2023-04-21 23:00:00,2273.1
2023-04-24 23:00:00,2267.3999999999996
2023-04-25 23:00:00,2275.8999999999996
2023-04-26 23:00:00,2280.8
2023-04-27 23:00:00,2278.2
2023-04-28 23:00:00,2286.7
2023-05-02 23:00:00,2304.5999999999995
2023-05-03 23:00:00,2325.7999999999993
2023-05-04 23:00:00,2353.8999999999996
2023-05-05 23:00:00,2323.7
2023-05-08 23:00:00,2334.7999999999993
2023-05-10 23:00:00,2313.5999999999995
2023-05-11 23:00:00,2314.0
2023-05-12 23:00:00,2303.3999999999996
2023-05-15 23:00:00,2302.5999999999995
2023-05-16 23:00:00,2286.1
2023-05-17 23:00:00,2275.8
2023-05-18 23:00:00,2252.8
2023-05-19 23:00:00,2260.1
2023-05-22 23:00:00,2254.3999999999996
2023-05-23 23:00:00,2248.1
2023-05-24 23:00:00,2250.7
2023-05-25 23:00:00,2230.6
2023-05-26 23:00:00,2227.1
2023-05-29 23:00:00,2226.8999999999996
2023-05-30 23:00:00,2242.3
2023-05-31 23:00:00,2249.3999999999996
2023-06-01 23:00:00,2257.8999999999996
2023-06-02 23:00:00,2243.3999999999996
2023-06-05 23:00:00,2236.5
2023-06-06 23:00:00,2239.8999999999996
2023-06-07 23:00:00,2226.8
2023-06-08 23:00:00,2240.1
2023-06-09 23:00:00,2236.3
2023-06-13 23:00:00,2219.3999999999996
2023-06-14 23:00:00,2230.0
2023-06-15 23:00:00,2205.2
2023-06-16 23:00:00,2210.1
2023-06-19 23:00:00,2202.7
2023-06-20 23:00:00,2192.6
2023-06-21 23:00:00,2190.8999999999996
2023-06-22 23:00:00,2179.3999999999996
2023-06-23 23:00:00,2181.8999999999996
2023-06-26 23:00:00,2188.1
2023-06-27 23:00:00,2179.2
2023-06-28 23:00:00,2170.3999999999996
2023-06-29 23:00:00,2164.5
2023-06-30 23:00:00,2171.3
2023-07-03 23:00:00,2179.0
2023-07-04 23:00:00,2180.2
2023-07-05 23:00:00,2173.7
2023-07-06 23:00:00,2157.5
2023-07-07 23:00:00,2172.8999999999996
2023-07-10 23:00:00,2171.2
2023-07-11 23:00:00,2179.8
2023-07-12 23:00:00,2193.3
2023-07-13 23:00:00,2199.3
2023-07-14 23:00:00,2195.8
2023-07-17 23:00:00,2192.1
2023-07-18 23:00:00,2215.5
2023-07-19 23:00:00,2214.7
2023-07-20 23:00:00,2210.8999999999996
2023-07-21 23:00:00,2205.8999999999996
2023-07-24 23:00:00,2202.7
2023-07-25 23:00:00,2205.8
2023-07-26 23:00:00,2213.7
2023-07-27 23:00:00,2195.8
2023-07-28 23:00:00,2203.3
2023-07-31 23:00:00,2211.3
2023-08-01 23:00:00,2193.2
2023-08-02 23:00:00,2184.3
2023-08-03 23:00:00,2186.3
2023-08-04 23:00:00,2191.5
2023-08-07 23:00:00,2184.1
2023-08-08 23:00:00,2180.3
2023-08-09 23:00:00,2176.3999999999996
2023-08-10 23:00:00,2181.8999999999996
2023-08-11 23:00:00,2178.5
2023-08-14 23:00:00,2173.7
2023-08-15 23:00:00,2173.8
2023-08-16 23:00:00,2165.3999999999996
2023-08-17 23:00:00,2156.5
2023-08-18 23:00:00,2150.1
2023-08-21 23:00:00,2150.8
2023-08-22 23:00:00,2161.1
2023-08-23 23:00:00,2178.8999999999996
2023-08-24 23:00:00,2183.3
2023-08-25 23:00:00,2172.3
2023-08-28 23:00:00,2184.8
2023-08-29 23:00:00,2193.1
2023-08-30 23:00:00,2198.3999999999996
2023-08-31 23:00:00,2193.7
2023-09-01 23:00:00,2192.6
2023-09-04 23:00:00,2191.7
2023-09-05 23:00:00,2181.8
2023-09-06 23:00:00,2172.5
2023-09-07 23:00:00,2173.5
2023-09-08 23:00:00,2172.3999999999996
2023-09-11 23:00:00,2172.6
2023-09-12 23:00:00,2160.2
2023-09-13 23:00:00,2158.3
2023-09-14 23:00:00,2154.6
2023-09-15 23:00:00,2174.1
2023-09-18 23:00:00,2180.0
2023-09-19 23:00:00,2179.0
2023-09-20 23:00:00,2182.1
2023-09-21 23:00:00,2156.7
2023-09-22 23:00:00,2156.6
2023-09-25 23:00:00,2153.0
2023-09-26 23:00:00,2139.5
2023-09-27 23:00:00,2127.7999999999997
2023-09-28 23:00:00,2104.0
2023-09-29 23:00:00,2092.7
2023-10-02 23:00:00,2071.6
2023-10-03 23:00:00,2062.0
2023-10-04 23:00:00,2067.5
2023-10-05 23:00:00,2051.7999999999997
2023-10-06 23:00:00,2067.5
2023-10-09 23:00:00,2082.5
2023-10-10 23:00:00,2091.1
2023-10-11 23:00:00,2101.7
2023-10-12 23:00:00,2090.0
2023-10-13 23:00:00,2129.1
2023-10-16 23:00:00,2133.8999999999996
2023-10-17 23:00:00,2136.7
2023-10-18 23:00:00,2152.6
2023-10-19 23:00:00,2161.7
2023-10-20 23:00:00,2198.6
2023-10-23 23:00:00,2187.7
2023-10-24 23:00:00,2178.8999999999996
2023-10-25 23:00:00,2196.2999999999997
2023-10-26 23:00:00,2196.5
2023-10-27 23:00:00,2194.3999999999996
2023-10-30 23:00:00,2213.6
2023-10-31 23:00:00,2206.8999999999996
2023-11-01 23:00:00,2191.1
2023-11-02 23:00:00,2192.2
2023-11-03 23:00:00,2200.7999999999997
2023-11-06 23:00:00,2191.8999999999996
2023-11-07 23:00:00,2175.2
2023-11-08 23:00:00,2164.8999999999996
2023-11-09 23:00:00,2175.2999999999997
2023-11-10 23:00:00,2154.5
2023-11-13 23:00:00,2149.7
2023-11-14 23:00:00,2173.2999999999997
2023-11-15 23:00:00,2174.1
2023-11-16 23:00:00,2184.7
2023-11-17 23:00:00,2184.2
2023-11-20 23:00:00,2175.7
2023-11-21 23:00:00,2204.0
2023-11-22 23:00:00,2193.7999999999997
2023-11-23 23:00:00,2189.0
2023-11-24 23:00:00,2198.6
2023-11-27 23:00:00,2206.7999999999997
2023-11-28 23:00:00,2224.6
2023-11-29 23:00:00,2239.7
2023-11-30 23:00:00,2242.6
2023-12-01 23:00:00,2253.7
2023-12-04 23:00:00,2240.1
2023-12-05 23:00:00,2222.7
2023-12-06 23:00:00,2239.7
2023-12-07 23:00:00,2240.7
2023-12-08 23:00:00,2220.7
2023-12-11 23:00:00,2194.1
2023-12-12 23:00:00,2192.2999999999997
2023-12-13 23:00:00,2193.7
2023-12-14 23:00:00,2251.3999999999996
2023-12-15 23:00:00,2245.7
2023-12-18 23:00:00,2234.4
2023-12-19 23:00:00,2248.2
2023-12-20 23:00:00,2243.0
2023-12-21 23:00:00,2249.6
2023-12-22 23:00:00,2247.2
2023-12-25 23:00:00,2250.0
2023-12-26 23:00:00,2252.8
2023-12-27 23:00:00,2271.0
2023-12-28 23:00:00,2280.2
2023-12-29 23:00:00,2272.5
2024-01-03 23:00:00,2244.7
2024-01-04 23:00:00,2246.9
2024-01-05 23:00:00,2258.3
2024-01-08 23:00:00,2239.6
2024-01-09 23:00:00,2240.6
2024-01-10 23:00:00,2235.3
2024-01-11 23:00:00,2236.1
2024-01-12 23:00:00,2259.8
2024-01-15 23:00:00,2258.5
2024-01-16 23:00:00,2251.3
2024-01-17 23:00:00,2217.0
2024-01-18 23:00:00,2216.3
2024-01-19 23:00:00,2225.1
2024-01-22 23:00:00,2223.1
2024-01-23 23:00:00,2219.7
2024-01-24 23:00:00,2218.2
2024-01-25 23:00:00,2219.3
2024-01-26 23:00:00,2219.8
2024-01-29 23:00:00,2230.9
2024-01-30 23:00:00,2233.5
2024-01-31 23:00:00,2247.5
2024-02-01 23:00:00,2242.0
2024-02-02 23:00:00,2230.5
2024-02-05 23:00:00,2215.8
2024-02-06 23:00:00,2228.3
2024-02-07 23:00:00,2224.9
2024-02-08 23:00:00,2217.5
2024-02-09 23:00:00,2208.3
2024-02-12 23:00:00,2198.4
2024-02-13 23:00:00,2184.7
2024-02-14 23:00:00,2174.2
2024-02-15 23:00:00,2183.4
2024-02-16 23:00:00,2187.4
2024-02-19 23:00:00,2191.1
2024-02-20 23:00:00,2201.4
2024-02-21 23:00:00,2197.5
2024-02-22 23:00:00,2199.5
2024-02-26 23:00:00,2204.0
2024-02-27 23:00:00,2211.7
2024-02-28 23:00:00,2211.8
2024-02-29 23:00:00,2222.2
2024-03-01 23:00:00,2242.0
2024-03-04 23:00:00,2272.5
2024-03-05 23:00:00,2296.8
2024-03-06 23:00:00,2303.7
2024-03-07 23:00:00,2320.4
2024-03-11 23:00:00,2345.7
2024-03-12 23:00:00,2324.7
2024-03-13 23:00:00,2333.0
2024-03-14 23:00:00,2315.5
2024-03-15 23:00:00,2328.3
2024-03-18 23:00:00,2318.9
2024-03-19 23:00:00,2315.3
2024-03-20 23:00:00,2318.5
2024-03-21 23:00:00,2340.0
2024-03-22 23:00:00,2323.9
2024-03-25 23:00:00,2328.1
2024-03-26 23:00:00,2324.6
2024-03-27 23:00:00,2339.3
2024-03-28 23:00:00,2360.4
2024-03-29 23:00:00,2382.8
2024-04-01 23:00:00,2387.3
2024-04-02 23:00:00,2404.9
2024-04-03 23:00:00,2428.6
2024-04-04 23:00:00,2440.5
2024-04-05 23:00:00,2465.0
2024-04-08 23:00:00,2472.5
2024-04-09 23:00:00,2488.1
2024-04-10 23:00:00,2482.5
2024-04-11 23:00:00,2490.0
2024-04-12 23:00:00,2546.8
2024-04-15 23:00:00,2491.6
2024-04-16 23:00:00,2526.0
2024-04-17 23:00:00,2531.7
2024-04-18 23:00:00,2521.1
2024-04-19 23:00:00,2528.1
2024-04-22 23:00:00,2483.0
2024-04-23 23:00:00,2466.0
2024-04-24 23:00:00,2471.1
2024-04-25 23:00:00,2470.3
2024-04-26 23:00:00,2479.3
2024-04-27 23:00:00,2479.8
2024-04-29 23:00:00,2479.2
2024-04-30 23:00:00,2443.5
2024-05-02 23:00:00,2429.5
2024-05-03 23:00:00,2422.4
2024-05-06 23:00:00,2448.4
2024-05-07 23:00:00,2438.9
2024-05-08 23:00:00,2440.5
2024-05-10 23:00:00,2480.7
2024-05-13 23:00:00,2456.0
2024-05-14 23:00:00,2468.0
2024-05-15 23:00:00,2490.1
2024-05-16 23:00:00,2495.8
2024-05-17 23:00:00,2519.0
2024-05-20 23:00:00,2535.5
2024-05-21 23:00:00,2533.4
2024-05-22 23:00:00,2502.2
2024-05-23 23:00:00,2461.1
2024-05-24 23:00:00,2450.5
2024-05-27 23:00:00,2467.4
2024-05-28 23:00:00,2476.8
2024-05-29 23:00:00,2454.5
2024-05-30 23:00:00,2458.5
2024-05-31 23:00:00,2447.5
2024-06-03 23:00:00,2457.6
2024-06-04 23:00:00,2444.3
2024-06-05 23:00:00,2473.0
2024-06-06 23:00:00,2494.7
2024-06-07 23:00:00,2427.7
2024-06-10 23:00:00,2425.9
2024-06-11 23:00:00,2429.9
2024-06-13 23:00:00,2416.9
2024-06-14 23:00:00,2440.5
2024-06-17 23:00:00,2433.9
2024-06-18 23:00:00,2456.6
2024-06-19 23:00:00,2454.1
2024-06-20 23:00:00,2485.1
2024-06-21 23:00:00,2464.9
2024-06-24 23:00:00,2455.7
2024-06-25 23:00:00,2451.5
2024-06-26 23:00:00,2428.0
2024-06-27 23:00:00,2451.0
2024-06-28 23:00:00,2459.1
2024-07-01 23:00:00,2461.4
2024-07-02 23:00:00,2455.5
2024-07-03 23:00:00,2490.7
2024-07-04 23:00:00,2487.0
2024-07-05 23:00:00,2507.5
2024-07-08 23:00:00,2485.2
2024-07-09 23:00:00,2483.1
2024-07-10 23:00:00,2500.4
2024-07-11 23:00:00,2533.1
2024-07-12 23:00:00,2529.0
2024-07-15 23:00:00,2543.1
2024-07-16 23:00:00,2570.8
2024-07-17 23:00:00,2571.8
2024-07-18 23:00:00,2564.1
2024-07-19 23:00:00,2522.2
2024-07-22 23:00:00,2495.2
2024-07-23 23:00:00,2515.6
2024-07-24 23:00:00,2528.4
2024-07-25 23:00:00,2469.3
2024-07-26 23:00:00,2487.3
2024-07-29 23:00:00,2481.9
2024-07-30 23:00:00,2489.7
2024-07-31 23:00:00,2528.6
2024-08-01 23:00:00,2544.8
2024-08-02 23:00:00,2533.0
2024-08-05 23:00:00,2507.4
2024-08-06 23:00:00,2499.4
2024-08-07 23:00:00,2501.6
2024-08-08 23:00:00,2524.4
2024-08-09 23:00:00,2540.6
2024-08-12 23:00:00,2561.4
2024-08-13 23:00:00,2571.8
2024-08-14 23:00:00,2543.6
2024-08-15 23:00:00,2554.5
2024-08-16 23:00:00,2585.0
2024-08-19 23:00:00,2601.2
2024-08-20 23:00:00,2605.5
2024-08-21 23:00:00,2604.2
2024-08-22 23:00:00,2580.3
2024-08-23 23:00:00,2608.4
2024-08-26 23:00:00,2615.6
2024-08-27 23:00:00,2614.6
2024-08-28 23:00:00,2608.0
2024-08-29 23:00:00,2617.6
2024-08-30 23:00:00,2597.8
2024-09-02 23:00:00,2593.5
2024-09-03 23:00:00,2575.9
2024-09-04 23:00:00,2580.4
2024-09-05 23:00:00,2593.5
2024-09-06 23:00:00,2589.4
2024-09-09 23:00:00,2576.9
2024-09-10 23:00:00,2590.4
2024-09-11 23:00:00,2587.7
2024-09-12 23:00:00,2626.0
2024-09-13 23:00:00,2650.5
2024-09-16 23:00:00,2648.8
2024-09-17 23:00:00,2636.4
2024-09-18 23:00:00,2636.7
2024-09-19 23:00:00,2658.1
2024-09-20 23:00:00,2685.0
2024-09-23 23:00:00,2693.7
2024-09-24 23:00:00,2703.6
2024-09-25 23:00:00,2722.5
2024-09-26 23:00:00,2732.8
