DATETIME,price
2010-03-15 23:00:00,24327.0
2010-03-16 23:00:00,24688.0
2010-03-17 23:00:00,25269.0
2010-03-18 23:00:00,25389.0
2010-03-19 23:00:00,25199.0
2010-03-22 23:00:00,25199.0
2010-03-23 23:00:00,24889.0
2010-03-24 23:00:00,24742.0
2010-03-25 23:00:00,24560.0
2010-03-26 23:00:00,24697.0
2010-03-29 23:00:00,25009.0
2010-03-30 23:00:00,24862.0
2010-03-31 23:00:00,24951.0
2010-04-01 23:00:00,25168.0
2010-04-02 23:00:00,25258.0
2010-04-05 23:00:00,25490.0
2010-04-06 23:00:00,25912.0
2010-04-07 23:00:00,25708.0
2010-04-08 23:00:00,25481.0
2010-04-09 23:00:00,25569.0
2010-04-12 23:00:00,25636.0
2010-04-13 23:00:00,25487.0
2010-04-14 23:00:00,25694.0
2010-04-15 23:00:00,25845.0
2010-04-16 23:00:00,25464.0
2010-04-19 23:00:00,25056.0
2010-04-20 23:00:00,25072.0
2010-04-21 23:00:00,25130.0
2010-04-22 23:00:00,24993.0
2010-04-23 23:00:00,25194.0
2010-04-26 23:00:00,25429.0
2010-04-27 23:00:00,25191.0
2010-04-28 23:00:00,24949.0
2010-04-29 23:00:00,25017.0
2010-04-30 23:00:00,24881.0
2010-05-04 23:00:00,24649.0
2010-05-05 23:00:00,24890.0
2010-05-06 23:00:00,24706.0
2010-05-07 23:00:00,24120.0
2010-05-11 23:00:00,24695.0
2010-05-12 23:00:00,24912.0
2010-05-13 23:00:00,24684.0
2010-05-14 23:00:00,24535.0
2010-05-17 23:00:00,24417.0
2010-05-18 23:00:00,24251.0
2010-05-19 23:00:00,23912.0
2010-05-20 23:00:00,23393.0
2010-05-21 23:00:00,23356.0
2010-05-24 23:00:00,23399.0
2010-05-25 23:00:00,22649.0
2010-05-26 23:00:00,23162.0
2010-05-27 23:00:00,23688.0
2010-05-28 23:00:00,23430.0
2010-05-31 23:00:00,23861.0
2010-06-01 23:00:00,23729.0
2010-06-02 23:00:00,24139.0
2010-06-03 23:00:00,24533.0
2010-06-04 23:00:00,24856.0
2010-06-07 23:00:00,24812.0
2010-06-08 23:00:00,24583.0
2010-06-09 23:00:00,24748.0
2010-06-10 23:00:00,25325.0
2010-06-11 23:00:00,25426.0
2010-06-15 23:00:00,25556.0
2010-06-16 23:00:00,25735.0
2010-06-17 23:00:00,25229.0
2010-06-18 23:00:00,25148.0
2010-06-21 23:00:00,25610.0
2010-06-22 23:00:00,25484.0
2010-06-23 23:00:00,25600.0
2010-06-24 23:00:00,25456.0
2010-06-25 23:00:00,25632.0
2010-06-28 23:00:00,25455.0
2010-06-29 23:00:00,25055.0
2010-06-30 23:00:00,24770.0
2010-07-01 23:00:00,24122.0
2010-07-02 23:00:00,24447.0
2010-07-05 23:00:00,24412.0
2010-07-06 23:00:00,24597.0
2010-07-07 23:00:00,24599.0
2010-07-08 23:00:00,24554.0
2010-07-09 23:00:00,24481.0
2010-07-12 23:00:00,24845.0
2010-07-13 23:00:00,25147.0
2010-07-14 23:00:00,24869.0
2010-07-15 23:00:00,24640.0
2010-07-16 23:00:00,24470.0
2010-07-19 23:00:00,24504.0
2010-07-20 23:00:00,24468.0
2010-07-21 23:00:00,24911.0
2010-07-22 23:00:00,25245.0
2010-07-23 23:00:00,25334.0
2010-07-26 23:00:00,25503.0
2010-07-27 23:00:00,25471.0
2010-07-28 23:00:00,26044.0
2010-07-29 23:00:00,26146.0
2010-07-30 23:00:00,25760.0
2010-08-02 23:00:00,25816.0
2010-08-03 23:00:00,25493.0
2010-08-04 23:00:00,25382.0
2010-08-05 23:00:00,25541.0
2010-08-06 23:00:00,25531.0
2010-08-09 23:00:00,25617.0
2010-08-10 23:00:00,25292.0
2010-08-11 23:00:00,25125.0
2010-08-12 23:00:00,25141.0
2010-08-13 23:00:00,25062.0
2010-08-16 23:00:00,25050.0
2010-08-17 23:00:00,25093.0
2010-08-18 23:00:00,25050.0
2010-08-19 23:00:00,24910.0
2010-08-20 23:00:00,24994.0
2010-08-23 23:00:00,24974.0
2010-08-24 23:00:00,24844.0
2010-08-25 23:00:00,24926.0
2010-08-26 23:00:00,25042.0
2010-08-27 23:00:00,25199.0
2010-08-30 23:00:00,25105.0
2010-08-31 23:00:00,24877.0
2010-09-01 23:00:00,25113.0
2010-09-02 23:00:00,25278.0
2010-09-03 23:00:00,25306.0
2010-09-06 23:00:00,25228.0
2010-09-07 23:00:00,25242.0
2010-09-08 23:00:00,25347.0
2010-09-09 23:00:00,25670.0
2010-09-10 23:00:00,25675.0
2010-09-13 23:00:00,25677.0
2010-09-14 23:00:00,25585.0
2010-09-15 23:00:00,25749.0
2010-09-16 23:00:00,25765.0
2010-09-17 23:00:00,25549.0
2010-09-20 23:00:00,25797.0
2010-09-21 23:00:00,25976.0
2010-09-22 23:00:00,26507.0
2010-09-23 23:00:00,26517.0
2010-09-24 23:00:00,26545.0
2010-09-27 23:00:00,25792.0
2010-09-28 23:00:00,25720.0
2010-09-29 23:00:00,25590.0
2010-09-30 23:00:00,25874.0
2010-10-01 23:00:00,26003.0
2010-10-04 23:00:00,25977.0
2010-10-05 23:00:00,26040.0
2010-10-06 23:00:00,26112.0
2010-10-07 23:00:00,25937.0
2010-10-08 23:00:00,25786.0
2010-10-11 23:00:00,26008.0
2010-10-12 23:00:00,26104.0
2010-10-13 23:00:00,26361.0
2010-10-14 23:00:00,26439.0
2010-10-15 23:00:00,26382.0
2010-10-18 23:00:00,26299.0
2010-10-19 23:00:00,26023.0
2010-10-20 23:00:00,25938.0
2010-10-21 23:00:00,26108.0
2010-10-22 23:00:00,25855.0
2010-10-25 23:00:00,25945.0
2010-10-26 23:00:00,25899.0
2010-10-27 23:00:00,25799.0
2010-10-28 23:00:00,25601.0
2010-10-29 23:00:00,25766.0
2010-11-01 23:00:00,26000.0
2010-11-02 23:00:00,26086.0
2010-11-03 23:00:00,26007.0
2010-11-08 23:00:00,26216.0
2010-11-09 23:00:00,26482.0
2010-11-10 23:00:00,26203.0
2010-11-11 23:00:00,26088.0
2010-11-12 23:00:00,25911.0
2010-11-13 23:00:00,25793.0
2010-11-15 23:00:00,25960.0
2010-11-16 23:00:00,25686.0
2010-11-17 23:00:00,25718.0
2010-11-18 23:00:00,25789.0
2010-11-19 23:00:00,25930.0
2010-11-22 23:00:00,25697.0
2010-11-23 23:00:00,25490.0
2010-11-24 23:00:00,25750.0
2010-11-25 23:00:00,25723.0
2010-11-26 23:00:00,25588.0
2010-11-29 23:00:00,25283.0
2010-11-30 23:00:00,25847.0
2010-12-01 23:00:00,26353.0
2010-12-02 23:00:00,26456.0
2010-12-03 23:00:00,26568.0
2010-12-06 23:00:00,26910.0
2010-12-07 23:00:00,26626.0
2010-12-08 23:00:00,26262.0
2010-12-09 23:00:00,26250.0
2010-12-10 23:00:00,26168.0
2010-12-13 23:00:00,26023.0
2010-12-14 23:00:00,25845.0
2010-12-15 23:00:00,25935.0
2010-12-16 23:00:00,25917.0
2010-12-17 23:00:00,25987.0
2010-12-20 23:00:00,25810.0
2010-12-21 23:00:00,25900.0
2010-12-22 23:00:00,25995.0
2010-12-23 23:00:00,25983.0
2010-12-24 23:00:00,25902.0
2010-12-27 23:00:00,25733.0
2010-12-28 23:00:00,25795.0
2010-12-29 23:00:00,25819.0
2010-12-30 23:00:00,25690.0
2011-01-11 23:00:00,26347.0
2011-01-12 23:00:00,27010.0
2011-01-13 23:00:00,27373.0
2011-01-14 23:00:00,27284.0
2011-01-17 23:00:00,27590.0
2011-01-18 23:00:00,27455.0
2011-01-19 23:00:00,27669.0
2011-01-20 23:00:00,27300.0
2011-01-21 23:00:00,27645.0
2011-01-24 23:00:00,27165.0
2011-01-25 23:00:00,27205.0
2011-01-26 23:00:00,27290.0
2011-01-27 23:00:00,27122.0
2011-01-28 23:00:00,26825.0
2011-01-31 23:00:00,26625.0
2011-02-01 23:00:00,27383.0
2011-02-02 23:00:00,27866.0
2011-02-03 23:00:00,27835.0
2011-02-04 23:00:00,27990.0
2011-02-07 23:00:00,28074.0
2011-02-08 23:00:00,27703.0
2011-02-09 23:00:00,27640.0
2011-02-10 23:00:00,27269.0
2011-02-11 23:00:00,27573.0
2011-02-14 23:00:00,27425.0
2011-02-15 23:00:00,27249.0
2011-02-16 23:00:00,27474.0
2011-02-17 23:00:00,27392.0
2011-02-18 23:00:00,27528.0
2011-02-21 23:00:00,27895.0
2011-02-22 23:00:00,27782.0
2011-02-24 23:00:00,28282.0
2011-02-25 23:00:00,28373.0
2011-02-28 23:00:00,28725.0
2011-03-01 23:00:00,28596.0
2011-03-02 23:00:00,28482.0
2011-03-03 23:00:00,28675.0
2011-03-04 23:00:00,28786.0
2011-03-05 23:00:00,28960.0
2011-03-09 23:00:00,28710.0
2011-03-10 23:00:00,28126.0
2011-03-11 23:00:00,28193.0
2011-03-14 23:00:00,28026.0
2011-03-15 23:00:00,27478.0
2011-03-16 23:00:00,27547.0
2011-03-17 23:00:00,28069.0
2011-03-18 23:00:00,28294.0
2011-03-21 23:00:00,28318.0
2011-03-22 23:00:00,27821.0
2011-03-23 23:00:00,28254.0
2011-03-24 23:00:00,28541.0
2011-03-25 23:00:00,28510.0
2011-03-28 23:00:00,28347.0
2011-03-29 23:00:00,27994.0
2011-03-30 23:00:00,28407.0
2011-03-31 23:00:00,28410.0
2011-04-01 23:00:00,28693.0
2011-04-04 23:00:00,28666.0
2011-04-05 23:00:00,28587.0
2011-04-06 23:00:00,28796.0
2011-04-07 23:00:00,28420.0
2011-04-08 23:00:00,28562.0
2011-04-11 23:00:00,28357.0
2011-04-12 23:00:00,27902.0
2011-04-13 23:00:00,27994.0
2011-04-14 23:00:00,27588.0
2011-04-15 23:00:00,27709.0
2011-04-18 23:00:00,27111.0
2011-04-19 23:00:00,27518.0
2011-04-20 23:00:00,27707.0
2011-04-21 23:00:00,27586.0
2011-04-22 23:00:00,27575.0
2011-04-25 23:00:00,27364.0
2011-04-26 23:00:00,27165.0
2011-04-27 23:00:00,26962.0
2011-04-28 23:00:00,27033.0
2011-04-29 23:00:00,26910.0
2011-05-03 23:00:00,26669.0
2011-05-04 23:00:00,26259.0
2011-05-05 23:00:00,26055.0
2011-05-06 23:00:00,26536.0
2011-05-10 23:00:00,26576.0
2011-05-11 23:00:00,26331.0
2011-05-12 23:00:00,25785.0
2011-05-13 23:00:00,25877.0
2011-05-16 23:00:00,25909.0
2011-05-17 23:00:00,25944.0
2011-05-18 23:00:00,25994.0
2011-05-19 23:00:00,26008.0
2011-05-20 23:00:00,25647.0
2011-05-23 23:00:00,25553.0
2011-05-24 23:00:00,25733.0
2011-05-25 23:00:00,26005.0
2011-05-26 23:00:00,25845.0
2011-05-27 23:00:00,26108.0
2011-05-30 23:00:00,26043.0
2011-05-31 23:00:00,26655.0
2011-06-01 23:00:00,26198.0
2011-06-02 23:00:00,26351.0
2011-06-03 23:00:00,26006.0
2011-06-06 23:00:00,26095.0
2011-06-07 23:00:00,26470.0
2011-06-08 23:00:00,26410.0
2011-06-09 23:00:00,26518.0
2011-06-10 23:00:00,26404.0
2011-06-14 23:00:00,26242.0
2011-06-15 23:00:00,26272.0
2011-06-16 23:00:00,26252.0
2011-06-17 23:00:00,25957.0
2011-06-20 23:00:00,25863.0
2011-06-21 23:00:00,25887.0
2011-06-22 23:00:00,26067.0
2011-06-23 23:00:00,25702.0
2011-06-24 23:00:00,25940.0
2011-06-27 23:00:00,25955.0
2011-06-28 23:00:00,26102.0
2011-06-29 23:00:00,26117.0
2011-06-30 23:00:00,26183.0
2011-07-01 23:00:00,26424.0
2011-07-04 23:00:00,26522.0
2011-07-05 23:00:00,26527.0
2011-07-06 23:00:00,26405.0
2011-07-07 23:00:00,26872.0
2011-07-08 23:00:00,26743.0
2011-07-11 23:00:00,26534.0
2011-07-12 23:00:00,26596.0
2011-07-13 23:00:00,26709.0
2011-07-14 23:00:00,26856.0
2011-07-15 23:00:00,26869.0
2011-07-18 23:00:00,26589.0
2011-07-19 23:00:00,26760.0
2011-07-20 23:00:00,26708.0
2011-07-21 23:00:00,27169.0
2011-07-22 23:00:00,27208.0
2011-07-25 23:00:00,27223.0
2011-07-26 23:00:00,27185.0
2011-07-27 23:00:00,26930.0
2011-07-28 23:00:00,27065.0
2011-07-29 23:00:00,26942.0
2011-08-01 23:00:00,27078.0
2011-08-02 23:00:00,26796.0
2011-08-03 23:00:00,26303.0
2011-08-04 23:00:00,25836.0
2011-08-05 23:00:00,25562.0
2011-08-08 23:00:00,25122.0
2011-08-09 23:00:00,25044.0
2011-08-10 23:00:00,24302.0
2011-08-11 23:00:00,24575.0
2011-08-12 23:00:00,24592.0
2011-08-15 23:00:00,24952.0
2011-08-16 23:00:00,24702.0
2011-08-17 23:00:00,24941.0
2011-08-18 23:00:00,24649.0
2011-08-19 23:00:00,24703.0
2011-08-22 23:00:00,24702.0
2011-08-23 23:00:00,25124.0
2011-08-24 23:00:00,25242.0
2011-08-25 23:00:00,24914.0
2011-08-26 23:00:00,25209.0
2011-08-29 23:00:00,25800.0
2011-08-30 23:00:00,25676.0
2011-08-31 23:00:00,25762.0
2011-09-01 23:00:00,25768.0
2011-09-02 23:00:00,25491.0
2011-09-05 23:00:00,25386.0
2011-09-06 23:00:00,25605.0
2011-09-07 23:00:00,26078.0
2011-09-08 23:00:00,25982.0
2011-09-09 23:00:00,25653.0
2011-09-12 23:00:00,25587.0
2011-09-13 23:00:00,25517.0
2011-09-14 23:00:00,25667.0
2011-09-15 23:00:00,25788.0
2011-09-16 23:00:00,25712.0
2011-09-19 23:00:00,25799.0
2011-09-20 23:00:00,26142.0
2011-09-21 23:00:00,26096.0
2011-09-22 23:00:00,24412.0
2011-09-23 23:00:00,23844.0
2011-09-26 23:00:00,24306.0
2011-09-27 23:00:00,24507.0
2011-09-28 23:00:00,24548.0
2011-09-29 23:00:00,24975.0
2011-09-30 23:00:00,24796.0
2011-10-03 23:00:00,24417.0
2011-10-04 23:00:00,23897.0
2011-10-05 23:00:00,23878.0
2011-10-06 23:00:00,24317.0
2011-10-07 23:00:00,24524.0
2011-10-10 23:00:00,25071.0
2011-10-11 23:00:00,25001.0
2011-10-12 23:00:00,25232.0
2011-10-13 23:00:00,25067.0
2011-10-14 23:00:00,25493.0
2011-10-17 23:00:00,25122.0
2011-10-18 23:00:00,25597.0
2011-10-19 23:00:00,25464.0
2011-10-20 23:00:00,25368.0
2011-10-21 23:00:00,25806.0
2011-10-24 23:00:00,26129.0
2011-10-25 23:00:00,25919.0
2011-10-26 23:00:00,26064.0
2011-10-27 23:00:00,25945.0
2011-10-28 23:00:00,25978.0
2011-10-31 23:00:00,25928.0
2011-11-01 23:00:00,25734.0
2011-11-02 23:00:00,25947.0
2011-11-03 23:00:00,25984.0
2011-11-07 23:00:00,26379.0
2011-11-08 23:00:00,26324.0
2011-11-09 23:00:00,25987.0
2011-11-10 23:00:00,26161.0
2011-11-11 23:00:00,25651.0
2011-11-14 23:00:00,25513.0
2011-11-15 23:00:00,25749.0
2011-11-16 23:00:00,25756.0
2011-11-17 23:00:00,25768.0
2011-11-18 23:00:00,25463.0
2011-11-21 23:00:00,24799.0
2011-11-22 23:00:00,24776.0
2011-11-23 23:00:00,24888.0
2011-11-24 23:00:00,24638.0
2011-11-25 23:00:00,24718.0
2011-11-28 23:00:00,25377.0
2011-11-29 23:00:00,25246.0
2011-11-30 23:00:00,25516.0
2011-12-01 23:00:00,25326.0
2011-12-02 23:00:00,25331.0
2011-12-05 23:00:00,25587.0
2011-12-06 23:00:00,24964.0
2011-12-07 23:00:00,24858.0
2011-12-08 23:00:00,25137.0
2011-12-09 23:00:00,24413.0
2011-12-12 23:00:00,24124.0
2011-12-13 23:00:00,24447.0
2011-12-14 23:00:00,24336.0
2011-12-15 23:00:00,24545.0
2011-12-16 23:00:00,24379.0
2011-12-19 23:00:00,24577.0
2011-12-20 23:00:00,24752.0
2011-12-21 23:00:00,24601.0
2011-12-22 23:00:00,24586.0
2011-12-23 23:00:00,24650.0
2011-12-26 23:00:00,24762.0
2011-12-27 23:00:00,24797.0
2011-12-28 23:00:00,24990.0
2011-12-29 23:00:00,25085.0
2011-12-30 23:00:00,25316.0
2012-01-03 23:00:00,25565.0
2012-01-04 23:00:00,25484.0
2012-01-05 23:00:00,25464.0
2012-01-06 23:00:00,25641.0
2012-01-09 23:00:00,25787.0
2012-01-10 23:00:00,26074.0
2012-01-11 23:00:00,26046.0
2012-01-12 23:00:00,25840.0
2012-01-13 23:00:00,25711.0
2012-01-16 23:00:00,25912.0
2012-01-17 23:00:00,26124.0
2012-01-18 23:00:00,26273.0
2012-01-19 23:00:00,26374.0
2012-01-20 23:00:00,26244.0
2012-01-23 23:00:00,26330.0
2012-01-24 23:00:00,26019.0
2012-01-25 23:00:00,25971.0
2012-01-26 23:00:00,25865.0
2012-01-27 23:00:00,25829.0
2012-01-30 23:00:00,25807.0
2012-01-31 23:00:00,25855.0
2012-02-01 23:00:00,26004.0
2012-02-02 23:00:00,26117.0
2012-02-03 23:00:00,26291.0
2012-02-06 23:00:00,26251.0
2012-02-07 23:00:00,26089.0
2012-02-08 23:00:00,26306.0
2012-02-09 23:00:00,26212.0
2012-02-10 23:00:00,26210.0
2012-02-13 23:00:00,26564.0
2012-02-14 23:00:00,26760.0
2012-02-15 23:00:00,26928.0
2012-02-16 23:00:00,26914.0
2012-02-17 23:00:00,26877.0
2012-02-20 23:00:00,26919.0
2012-02-21 23:00:00,26494.0
2012-02-22 23:00:00,25911.0
2012-02-24 23:00:00,26841.0
2012-02-27 23:00:00,26783.0
2012-02-28 23:00:00,26405.0
2012-02-29 23:00:00,26854.0
2012-03-01 23:00:00,26811.0
2012-03-02 23:00:00,27012.0
2012-03-05 23:00:00,27176.0
2012-03-06 23:00:00,26526.0
2012-03-07 23:00:00,26584.0
2012-03-11 23:00:00,26904.0
2012-03-12 23:00:00,27013.0
2012-03-13 23:00:00,27252.0
2012-03-14 23:00:00,27273.0
2012-03-15 23:00:00,27287.0
2012-03-16 23:00:00,27074.0
2012-03-19 23:00:00,26685.0
2012-03-20 23:00:00,26537.0
2012-03-21 23:00:00,26496.0
2012-03-22 23:00:00,26233.0
2012-03-23 23:00:00,26368.0
2012-03-26 23:00:00,26544.0
2012-03-27 23:00:00,26513.0
2012-03-28 23:00:00,26057.0
2012-03-29 23:00:00,25797.0
2012-03-30 23:00:00,25825.0
2012-04-02 23:00:00,25740.0
2012-04-03 23:00:00,26207.0
2012-04-04 23:00:00,25804.0
2012-04-05 23:00:00,26023.0
2012-04-06 23:00:00,25704.0
2012-04-09 23:00:00,25874.0
2012-04-10 23:00:00,25857.0
2012-04-11 23:00:00,26082.0
2012-04-12 23:00:00,26086.0
2012-04-13 23:00:00,26082.0
2012-04-16 23:00:00,25830.0
2012-04-17 23:00:00,25766.0
2012-04-18 23:00:00,25725.0
2012-04-19 23:00:00,25973.0
2012-04-20 23:00:00,26092.0
2012-04-23 23:00:00,25672.0
2012-04-24 23:00:00,25656.0
2012-04-25 23:00:00,25638.0
2012-04-26 23:00:00,25550.0
2012-04-27 23:00:00,25874.0
2012-04-28 23:00:00,25904.0
2012-05-02 23:00:00,25664.0
2012-05-03 23:00:00,25654.0
2012-05-04 23:00:00,25152.0
2012-05-05 23:00:00,25076.0
2012-05-07 23:00:00,25142.0
2012-05-08 23:00:00,24957.0
2012-05-10 23:00:00,25375.0
2012-05-11 23:00:00,25262.0
2012-05-12 23:00:00,25466.0
2012-05-14 23:00:00,25021.0
2012-05-15 23:00:00,25462.0
2012-05-16 23:00:00,25169.0
2012-05-17 23:00:00,24519.0
2012-05-18 23:00:00,24646.0
2012-05-21 23:00:00,24968.0
2012-05-22 23:00:00,24873.0
2012-05-23 23:00:00,24642.0
2012-05-24 23:00:00,25022.0
2012-05-25 23:00:00,24968.0
2012-05-28 23:00:00,25243.0
2012-05-29 23:00:00,25838.0
2012-05-30 23:00:00,25629.0
2012-05-31 23:00:00,25785.0
2012-06-01 23:00:00,25956.0
2012-06-04 23:00:00,25882.0
2012-06-05 23:00:00,25698.0
2012-06-06 23:00:00,25823.0
2012-06-07 23:00:00,25651.0
2012-06-08 23:00:00,25662.0
2012-06-09 23:00:00,25639.0
2012-06-13 23:00:00,25637.0
2012-06-14 23:00:00,25687.0
2012-06-15 23:00:00,25924.0
2012-06-18 23:00:00,26023.0
2012-06-19 23:00:00,26009.0
2012-06-20 23:00:00,25992.0
2012-06-21 23:00:00,25888.0
2012-06-22 23:00:00,25688.0
2012-06-25 23:00:00,25594.0
2012-06-26 23:00:00,25859.0
2012-06-27 23:00:00,26134.0
2012-06-28 23:00:00,26035.0
2012-06-29 23:00:00,26409.0
2012-07-02 23:00:00,26465.0
2012-07-03 23:00:00,26729.0
2012-07-04 23:00:00,26781.0
2012-07-05 23:00:00,26745.0
2012-07-06 23:00:00,26637.0
2012-07-09 23:00:00,26632.0
2012-07-10 23:00:00,26602.0
2012-07-11 23:00:00,26358.0
2012-07-12 23:00:00,26393.0
2012-07-13 23:00:00,26528.0
2012-07-16 23:00:00,26719.0
2012-07-17 23:00:00,26886.0
2012-07-18 23:00:00,26763.0
2012-07-19 23:00:00,26622.0
2012-07-20 23:00:00,26471.0
2012-07-23 23:00:00,26384.0
2012-07-24 23:00:00,26267.0
2012-07-25 23:00:00,26156.0
2012-07-26 23:00:00,26288.0
2012-07-27 23:00:00,26576.0
2012-07-30 23:00:00,26757.0
2012-07-31 23:00:00,26628.0
2012-08-01 23:00:00,26738.0
2012-08-02 23:00:00,26583.0
2012-08-03 23:00:00,26687.0
2012-08-06 23:00:00,26830.0
2012-08-07 23:00:00,27098.0
2012-08-08 23:00:00,27136.0
2012-08-09 23:00:00,27123.0
2012-08-10 23:00:00,26944.0
2012-08-13 23:00:00,27166.0
2012-08-14 23:00:00,27222.0
2012-08-15 23:00:00,27007.0
2012-08-16 23:00:00,26998.0
2012-08-17 23:00:00,27072.0
2012-08-20 23:00:00,26931.0
2012-08-21 23:00:00,27074.0
2012-08-22 23:00:00,27038.0
2012-08-23 23:00:00,27191.0
2012-08-24 23:00:00,27200.0
2012-08-27 23:00:00,27172.0
2012-08-28 23:00:00,27158.0
2012-08-29 23:00:00,27077.0
2012-08-30 23:00:00,27082.0
2012-08-31 23:00:00,26698.0
2012-09-03 23:00:00,26927.0
2012-09-04 23:00:00,27061.0
2012-09-05 23:00:00,26946.0
2012-09-06 23:00:00,27253.0
2012-09-07 23:00:00,27578.0
2012-09-10 23:00:00,27614.0
2012-09-11 23:00:00,27626.0
2012-09-12 23:00:00,27789.0
2012-09-13 23:00:00,27719.0
2012-09-14 23:00:00,28498.0
2012-09-17 23:00:00,28683.0
2012-09-18 23:00:00,28244.0
2012-09-19 23:00:00,28004.0
2012-09-20 23:00:00,27995.0
2012-09-21 23:00:00,27775.0
2012-09-24 23:00:00,27765.0
2012-09-25 23:00:00,27729.0
2012-09-26 23:00:00,27411.0
2012-09-27 23:00:00,27437.0
2012-09-28 23:00:00,27586.0
2012-10-01 23:00:00,27844.0
2012-10-02 23:00:00,27884.0
2012-10-03 23:00:00,27825.0
2012-10-04 23:00:00,27439.0
2012-10-05 23:00:00,27636.0
2012-10-08 23:00:00,27618.0
2012-10-09 23:00:00,27739.0
2012-10-10 23:00:00,27672.0
2012-10-11 23:00:00,27704.0
2012-10-12 23:00:00,27525.0
2012-10-15 23:00:00,27568.0
2012-10-16 23:00:00,27790.0
2012-10-17 23:00:00,28126.0
2012-10-18 23:00:00,28160.0
2012-10-19 23:00:00,27987.0
2012-10-22 23:00:00,28100.0
2012-10-23 23:00:00,27681.0
2012-10-24 23:00:00,27445.0
2012-10-25 23:00:00,27474.0
2012-10-26 23:00:00,27079.0
2012-10-29 23:00:00,27263.0
2012-10-30 23:00:00,27204.0
2012-10-31 23:00:00,27282.0
2012-11-01 23:00:00,27425.0
2012-11-02 23:00:00,27659.0
2012-11-06 23:00:00,27783.0
2012-11-07 23:00:00,27461.0
2012-11-08 23:00:00,27487.0
2012-11-09 23:00:00,27380.0
2012-11-12 23:00:00,27392.0
2012-11-13 23:00:00,27108.0
2012-11-14 23:00:00,27158.0
2012-11-15 23:00:00,27485.0
2012-11-16 23:00:00,27385.0
2012-11-19 23:00:00,27551.0
2012-11-20 23:00:00,27616.0
2012-11-21 23:00:00,27692.0
2012-11-22 23:00:00,27648.0
2012-11-23 23:00:00,27789.0
2012-11-26 23:00:00,27758.0
2012-11-27 23:00:00,27632.0
2012-11-28 23:00:00,27414.0
2012-11-29 23:00:00,27513.0
2012-11-30 23:00:00,27878.0
2012-12-03 23:00:00,28044.0
2012-12-04 23:00:00,27874.0
2012-12-05 23:00:00,28211.0
2012-12-06 23:00:00,28282.0
2012-12-07 23:00:00,28393.0
2012-12-10 23:00:00,28329.0
2012-12-11 23:00:00,28446.0
2012-12-12 23:00:00,28624.0
2012-12-13 23:00:00,28421.0
2012-12-14 23:00:00,28476.0
2012-12-17 23:00:00,28597.0
2012-12-18 23:00:00,28515.0
2012-12-19 23:00:00,28551.0
2012-12-20 23:00:00,28827.0
2012-12-21 23:00:00,28684.0
2012-12-24 23:00:00,28557.0
2012-12-25 23:00:00,28617.0
2012-12-26 23:00:00,28654.0
2012-12-27 23:00:00,28611.0
2012-12-28 23:00:00,28521.0
2013-01-08 23:00:00,28691.0
2013-01-09 23:00:00,28665.0
2013-01-10 23:00:00,28478.0
2013-01-11 23:00:00,28441.0
2013-01-14 23:00:00,28563.0
2013-01-15 23:00:00,28447.0
2013-01-16 23:00:00,28473.0
2013-01-17 23:00:00,28485.0
2013-01-18 23:00:00,28559.0
2013-01-21 23:00:00,28395.0
2013-01-22 23:00:00,28219.0
2013-01-23 23:00:00,28244.0
2013-01-24 23:00:00,28358.0
2013-01-25 23:00:00,28573.0
2013-01-28 23:00:00,28570.0
2013-01-29 23:00:00,28333.0
2013-01-30 23:00:00,28344.0
2013-01-31 23:00:00,28562.0
2013-02-01 23:00:00,28495.0
2013-02-04 23:00:00,28397.0
2013-02-05 23:00:00,28497.0
2013-02-06 23:00:00,28359.0
2013-02-07 23:00:00,28383.0
2013-02-08 23:00:00,28233.0
2013-02-11 23:00:00,28269.0
2013-02-12 23:00:00,28218.0
2013-02-13 23:00:00,28433.0
2013-02-14 23:00:00,28338.0
2013-02-15 23:00:00,28314.0
2013-02-18 23:00:00,28214.0
2013-02-19 23:00:00,28152.0
2013-02-20 23:00:00,28093.0
2013-02-21 23:00:00,27993.0
2013-02-22 23:00:00,28075.0
2013-02-25 23:00:00,28164.0
2013-02-26 23:00:00,27983.0
2013-02-27 23:00:00,28064.0
2013-02-28 23:00:00,28056.0
2013-03-01 23:00:00,27825.0
2013-03-04 23:00:00,27888.0
2013-03-05 23:00:00,28002.0
2013-03-06 23:00:00,28180.0
2013-03-07 23:00:00,28348.0
2013-03-11 23:00:00,28399.0
2013-03-12 23:00:00,28378.0
2013-03-13 23:00:00,28289.0
2013-03-14 23:00:00,28177.0
2013-03-15 23:00:00,28116.0
2013-03-18 23:00:00,27820.0
2013-03-19 23:00:00,27593.0
2013-03-20 23:00:00,27630.0
2013-03-21 23:00:00,27581.0
2013-03-22 23:00:00,27599.0
2013-03-25 23:00:00,27401.0
2013-03-26 23:00:00,27529.0
2013-03-27 23:00:00,27874.0
2013-03-28 23:00:00,28125.0
2013-03-29 23:00:00,28150.0
2013-04-01 23:00:00,27919.0
2013-04-02 23:00:00,28059.0
2013-04-03 23:00:00,27881.0
2013-04-04 23:00:00,27812.0
2013-04-05 23:00:00,27523.0
2013-04-08 23:00:00,27361.0
2013-04-09 23:00:00,27741.0
2013-04-10 23:00:00,27579.0
2013-04-11 23:00:00,27388.0
2013-04-12 23:00:00,27442.0
2013-04-15 23:00:00,27009.0
2013-04-16 23:00:00,27060.0
2013-04-17 23:00:00,27127.0
2013-04-18 23:00:00,27003.0
2013-04-19 23:00:00,26906.0
2013-04-22 23:00:00,26653.0
2013-04-23 23:00:00,27047.0
2013-04-24 23:00:00,27719.0
2013-04-25 23:00:00,27633.0
2013-04-26 23:00:00,27731.0
2013-04-29 23:00:00,27375.0
2013-04-30 23:00:00,27717.0
2013-05-02 23:00:00,27804.0
2013-05-03 23:00:00,28062.0
2013-05-06 23:00:00,28185.0
2013-05-07 23:00:00,28443.0
2013-05-08 23:00:00,28409.0
2013-05-10 23:00:00,28389.0
2013-05-13 23:00:00,28519.0
2013-05-14 23:00:00,28674.0
2013-05-15 23:00:00,28639.0
2013-05-16 23:00:00,28436.0
2013-05-17 23:00:00,28718.0
2013-05-20 23:00:00,28691.0
2013-05-21 23:00:00,28917.0
2013-05-22 23:00:00,29266.0
2013-05-23 23:00:00,28774.0
2013-05-24 23:00:00,28559.0
2013-05-27 23:00:00,28402.0
2013-05-28 23:00:00,28614.0
2013-05-29 23:00:00,27891.0
2013-05-30 23:00:00,27663.0
2013-05-31 23:00:00,27227.0
2013-06-03 23:00:00,27258.0
2013-06-04 23:00:00,27196.0
2013-06-05 23:00:00,27166.0
2013-06-06 23:00:00,27106.0
2013-06-07 23:00:00,27570.0
2013-06-10 23:00:00,27312.0
2013-06-11 23:00:00,27001.0
2013-06-13 23:00:00,26887.0
2013-06-14 23:00:00,26989.0
2013-06-17 23:00:00,27150.0
2013-06-18 23:00:00,27279.0
2013-06-19 23:00:00,27182.0
2013-06-20 23:00:00,26996.0
2013-06-21 23:00:00,26299.0
2013-06-24 23:00:00,26187.0
2013-06-25 23:00:00,26465.0
2013-06-26 23:00:00,26960.0
2013-06-27 23:00:00,26880.0
2013-06-28 23:00:00,27194.0
2013-07-01 23:00:00,27420.0
2013-07-02 23:00:00,27472.0
2013-07-03 23:00:00,27557.0
2013-07-04 23:00:00,27579.0
2013-07-05 23:00:00,27428.0
2013-07-08 23:00:00,27474.0
2013-07-09 23:00:00,27390.0
2013-07-10 23:00:00,27206.0
2013-07-11 23:00:00,27818.0
2013-07-12 23:00:00,28143.0
2013-07-15 23:00:00,28174.0
2013-07-16 23:00:00,28192.0
2013-07-17 23:00:00,28155.0
2013-07-18 23:00:00,28248.0
2013-07-19 23:00:00,28425.0
2013-07-22 23:00:00,28274.0
2013-07-23 23:00:00,28384.0
2013-07-24 23:00:00,28277.0
2013-07-25 23:00:00,28164.0
2013-07-26 23:00:00,28131.0
2013-07-29 23:00:00,27995.0
2013-07-30 23:00:00,27968.0
2013-07-31 23:00:00,27703.0
2013-08-01 23:00:00,27849.0
2013-08-02 23:00:00,27745.0
2013-08-05 23:00:00,27754.0
2013-08-06 23:00:00,27189.0
2013-08-07 23:00:00,27242.0
2013-08-08 23:00:00,26760.0
2013-08-09 23:00:00,26940.0
2013-08-12 23:00:00,26911.0
2013-08-13 23:00:00,27175.0
2013-08-14 23:00:00,27496.0
2013-08-15 23:00:00,27211.0
2013-08-16 23:00:00,27331.0
2013-08-19 23:00:00,27213.0
2013-08-20 23:00:00,27178.0
2013-08-21 23:00:00,27186.0
2013-08-22 23:00:00,27716.0
2013-08-23 23:00:00,27599.0
2013-08-26 23:00:00,27596.0
2013-08-27 23:00:00,27615.0
2013-08-28 23:00:00,27707.0
2013-08-29 23:00:00,27619.0
2013-08-30 23:00:00,27352.0
2013-09-02 23:00:00,27575.0
2013-09-03 23:00:00,27545.0
2013-09-04 23:00:00,27356.0
2013-09-05 23:00:00,28002.0
2013-09-06 23:00:00,28118.0
2013-09-09 23:00:00,28241.0
2013-09-10 23:00:00,28149.0
2013-09-11 23:00:00,28281.0
2013-09-12 23:00:00,28132.0
2013-09-13 23:00:00,28109.0
2013-09-16 23:00:00,28269.0
2013-09-17 23:00:00,28227.0
2013-09-18 23:00:00,28186.0
2013-09-19 23:00:00,28371.0
2013-09-20 23:00:00,28319.0
2013-09-23 23:00:00,28354.0
2013-09-24 23:00:00,28452.0
2013-09-25 23:00:00,28784.0
2013-09-26 23:00:00,28745.0
2013-09-27 23:00:00,28793.0
2013-09-30 23:00:00,28539.0
2013-10-01 23:00:00,28480.0
2013-10-02 23:00:00,28276.0
2013-10-03 23:00:00,28365.0
2013-10-04 23:00:00,28534.0
2013-10-07 23:00:00,28590.0
2013-10-08 23:00:00,29087.0
2013-10-09 23:00:00,29074.0
2013-10-10 23:00:00,29157.0
2013-10-11 23:00:00,29154.0
2013-10-14 23:00:00,29005.0
2013-10-15 23:00:00,29252.0
2013-10-16 23:00:00,29198.0
2013-10-17 23:00:00,28886.0
2013-10-18 23:00:00,29123.0
2013-10-21 23:00:00,29020.0
2013-10-22 23:00:00,28929.0
2013-10-23 23:00:00,28734.0
2013-10-24 23:00:00,28639.0
2013-10-25 23:00:00,28779.0
2013-10-28 23:00:00,28886.0
2013-10-29 23:00:00,28993.0
2013-10-30 23:00:00,28768.0
2013-10-31 23:00:00,28880.0
2013-11-01 23:00:00,28952.0
2013-11-05 23:00:00,28813.0
2013-11-06 23:00:00,28759.0
2013-11-07 23:00:00,28798.0
2013-11-08 23:00:00,28505.0
2013-11-11 23:00:00,28441.0
2013-11-12 23:00:00,28618.0
2013-11-13 23:00:00,28313.0
2013-11-14 23:00:00,28585.0
2013-11-15 23:00:00,28529.0
2013-11-18 23:00:00,28691.0
2013-11-19 23:00:00,28639.0
2013-11-20 23:00:00,28622.0
2013-11-21 23:00:00,28477.0
2013-11-22 23:00:00,28637.0
2013-11-25 23:00:00,28583.0
2013-11-26 23:00:00,28522.0
2013-11-27 23:00:00,28366.0
2013-11-28 23:00:00,28312.0
2013-11-29 23:00:00,28211.0
2013-12-02 23:00:00,28128.0
2013-12-03 23:00:00,27754.0
2013-12-04 23:00:00,27614.0
2013-12-05 23:00:00,27393.0
2013-12-06 23:00:00,27467.0
2013-12-09 23:00:00,27699.0
2013-12-10 23:00:00,27722.0
2013-12-11 23:00:00,27740.0
2013-12-12 23:00:00,27725.0
2013-12-13 23:00:00,27676.0
2013-12-16 23:00:00,27820.0
2013-12-17 23:00:00,27926.0
2013-12-18 23:00:00,27872.0
2013-12-19 23:00:00,28097.0
2013-12-20 23:00:00,27997.0
2013-12-23 23:00:00,27983.0
2013-12-24 23:00:00,27887.0
2013-12-25 23:00:00,27786.0
2013-12-26 23:00:00,27858.0
2013-12-27 23:00:00,27710.0
2013-12-30 23:00:00,28057.0
2014-01-06 23:00:00,27565.0
2014-01-08 23:00:00,27221.0
2014-01-09 23:00:00,27381.0
2014-01-10 23:00:00,27548.0
2014-01-13 23:00:00,27603.0
2014-01-14 23:00:00,27423.0
2014-01-15 23:00:00,27555.0
2014-01-16 23:00:00,27344.0
2014-01-17 23:00:00,27370.0
2014-01-20 23:00:00,27519.0
2014-01-21 23:00:00,27535.0
2014-01-22 23:00:00,27542.0
2014-01-23 23:00:00,27333.0
2014-01-24 23:00:00,27131.0
2014-01-27 23:00:00,27135.0
2014-01-28 23:00:00,27307.0
2014-01-29 23:00:00,27138.0
2014-01-30 23:00:00,27511.0
2014-01-31 23:00:00,27388.0
2014-02-03 23:00:00,27228.0
2014-02-04 23:00:00,27245.0
2014-02-05 23:00:00,27177.0
2014-02-06 23:00:00,27215.0
2014-02-07 23:00:00,27288.0
2014-02-10 23:00:00,27404.0
2014-02-11 23:00:00,27671.0
2014-02-12 23:00:00,27782.0
2014-02-13 23:00:00,27742.0
2014-02-14 23:00:00,27871.0
2014-02-17 23:00:00,27961.0
2014-02-18 23:00:00,27866.0
2014-02-19 23:00:00,27759.0
2014-02-20 23:00:00,27801.0
2014-02-21 23:00:00,27757.0
2014-02-24 23:00:00,27752.0
2014-02-25 23:00:00,27512.0
2014-02-26 23:00:00,27541.0
2014-02-27 23:00:00,27436.0
2014-02-28 23:00:00,27143.0
2014-03-03 23:00:00,25777.0
2014-03-04 23:00:00,26512.0
2014-03-05 23:00:00,26661.0
2014-03-06 23:00:00,26323.0
2014-03-07 23:00:00,26919.0
2014-03-11 23:00:00,26752.0
2014-03-12 23:00:00,26350.0
2014-03-13 23:00:00,25781.0
2014-03-14 23:00:00,26281.0
2014-03-17 23:00:00,26345.0
2014-03-18 23:00:00,26640.0
2014-03-19 23:00:00,26321.0
2014-03-20 23:00:00,26415.0
2014-03-21 23:00:00,26657.0
2014-03-24 23:00:00,26152.0
2014-03-25 23:00:00,26256.0
2014-03-26 23:00:00,26641.0
2014-03-27 23:00:00,26547.0
2014-03-28 23:00:00,26470.0
2014-03-31 23:00:00,26913.0
2014-04-01 23:00:00,27051.0
2014-04-02 23:00:00,26940.0
2014-04-03 23:00:00,26913.0
2014-04-04 23:00:00,27136.0
2014-04-07 23:00:00,26539.0
2014-04-08 23:00:00,26545.0
2014-04-09 23:00:00,26291.0
2014-04-10 23:00:00,26420.0
2014-04-11 23:00:00,26399.0
2014-04-14 23:00:00,26189.0
2014-04-15 23:00:00,25852.0
2014-04-16 23:00:00,26027.0
2014-04-17 23:00:00,26140.0
2014-04-18 23:00:00,26371.0
2014-04-21 23:00:00,26142.0
2014-04-22 23:00:00,26036.0
2014-04-23 23:00:00,26166.0
2014-04-24 23:00:00,25913.0
2014-04-25 23:00:00,25781.0
2014-04-28 23:00:00,26117.0
2014-04-29 23:00:00,26287.0
2014-04-30 23:00:00,26109.0
2014-05-02 23:00:00,26172.0
2014-05-05 23:00:00,25916.0
2014-05-06 23:00:00,26179.0
2014-05-07 23:00:00,26756.0
2014-05-08 23:00:00,26775.0
2014-05-12 23:00:00,26862.0
2014-05-13 23:00:00,26681.0
2014-05-14 23:00:00,26519.0
2014-05-15 23:00:00,26310.0
2014-05-16 23:00:00,26489.0
2014-05-19 23:00:00,26745.0
2014-05-20 23:00:00,27122.0
2014-05-21 23:00:00,27295.0
2014-05-22 23:00:00,26975.0
2014-05-23 23:00:00,26900.0
2014-05-26 23:00:00,27008.0
2014-05-27 23:00:00,26608.0
2014-05-28 23:00:00,26664.0
2014-05-29 23:00:00,27084.0
2014-05-30 23:00:00,27068.0
2014-06-02 23:00:00,27629.0
2014-06-03 23:00:00,27741.0
2014-06-04 23:00:00,27752.0
2014-06-05 23:00:00,27609.0
2014-06-06 23:00:00,27660.0
2014-06-09 23:00:00,27504.0
2014-06-10 23:00:00,27881.0
2014-06-11 23:00:00,28195.0
2014-06-13 23:00:00,28276.0
2014-06-16 23:00:00,28678.0
2014-06-17 23:00:00,28561.0
2014-06-18 23:00:00,28600.0
2014-06-19 23:00:00,28471.0
2014-06-20 23:00:00,28324.0
2014-06-23 23:00:00,28168.0
2014-06-24 23:00:00,28371.0
2014-06-25 23:00:00,27687.0
2014-06-26 23:00:00,27531.0
2014-06-27 23:00:00,27447.0
2014-06-30 23:00:00,27591.0
2014-07-01 23:00:00,27813.0
2014-07-02 23:00:00,28321.0
2014-07-03 23:00:00,28131.0
2014-07-04 23:00:00,27824.0
2014-07-07 23:00:00,28407.0
2014-07-08 23:00:00,28432.0
2014-07-09 23:00:00,28293.0
2014-07-10 23:00:00,28141.0
2014-07-11 23:00:00,28309.0
2014-07-14 23:00:00,27950.0
2014-07-15 23:00:00,27940.0
2014-07-16 23:00:00,28213.0
2014-07-17 23:00:00,27763.0
2014-07-18 23:00:00,27649.0
2014-07-21 23:00:00,27180.0
2014-07-22 23:00:00,27432.0
2014-07-23 23:00:00,27549.0
2014-07-24 23:00:00,27728.0
2014-07-25 23:00:00,27463.0
2014-07-28 23:00:00,27331.0
2014-07-29 23:00:00,27472.0
2014-07-30 23:00:00,27813.0
2014-07-31 23:00:00,27695.0
2014-08-01 23:00:00,27699.0
2014-08-04 23:00:00,27501.0
2014-08-05 23:00:00,27361.0
2014-08-06 23:00:00,27063.0
2014-08-07 23:00:00,27107.0
2014-08-08 23:00:00,27010.0
2014-08-11 23:00:00,27206.0
2014-08-12 23:00:00,27287.0
2014-08-13 23:00:00,27429.0
2014-08-14 23:00:00,27639.0
2014-08-15 23:00:00,27870.0
2014-08-18 23:00:00,28023.0
2014-08-19 23:00:00,28322.0
2014-08-20 23:00:00,28435.0
2014-08-21 23:00:00,28521.0
2014-08-22 23:00:00,28441.0
2014-08-25 23:00:00,28523.0
2014-08-26 23:00:00,28284.0
2014-08-27 23:00:00,28563.0
2014-08-28 23:00:00,28409.0
2014-08-29 23:00:00,28261.0
2014-09-01 23:00:00,27990.0
2014-09-02 23:00:00,28049.0
2014-09-03 23:00:00,28826.0
2014-09-04 23:00:00,28897.0
2014-09-05 23:00:00,29214.0
2014-09-08 23:00:00,29206.0
2014-09-09 23:00:00,29197.0
2014-09-10 23:00:00,29186.0
2014-09-11 23:00:00,29118.0
2014-09-12 23:00:00,29195.0
2014-09-15 23:00:00,29441.0
2014-09-16 23:00:00,29686.0
2014-09-17 23:00:00,29210.0
2014-09-18 23:00:00,28983.0
2014-09-19 23:00:00,28501.0
2014-09-22 23:00:00,28293.0
2014-09-23 23:00:00,28288.0
2014-09-24 23:00:00,28395.0
2014-09-25 23:00:00,28272.0
2014-09-26 23:00:00,28444.0
2014-09-29 23:00:00,27914.0
2014-09-30 23:00:00,27970.0
2014-10-01 23:00:00,27725.0
2014-10-02 23:00:00,27385.0
2014-10-03 23:00:00,27620.0
2014-10-06 23:00:00,28079.0
2014-10-07 23:00:00,27822.0
2014-10-08 23:00:00,27494.0
2014-10-09 23:00:00,27543.0
2014-10-10 23:00:00,27039.0
2014-10-13 23:00:00,27549.0
2014-10-14 23:00:00,27819.0
2014-10-15 23:00:00,27657.0
2014-10-16 23:00:00,27566.0
2014-10-17 23:00:00,27829.0
2014-10-20 23:00:00,27703.0
2014-10-21 23:00:00,27769.0
2014-10-22 23:00:00,27595.0
2014-10-23 23:00:00,27414.0
2014-10-24 23:00:00,27626.0
2014-10-27 23:00:00,28053.0
2014-10-28 23:00:00,28366.0
2014-10-29 23:00:00,28589.0
2014-10-30 23:00:00,28638.0
2014-10-31 23:00:00,29212.0
2014-11-03 23:00:00,29222.0
2014-11-05 23:00:00,29367.0
2014-11-06 23:00:00,29344.0
2014-11-07 23:00:00,29453.0
2014-11-10 23:00:00,29545.0
2014-11-11 23:00:00,29444.0
2014-11-12 23:00:00,29445.0
2014-11-13 23:00:00,28945.0
2014-11-14 23:00:00,28921.0
2014-11-17 23:00:00,28950.0
2014-11-18 23:00:00,29375.0
2014-11-19 23:00:00,29776.0
2014-11-20 23:00:00,30304.0
2014-11-21 23:00:00,30832.0
2014-11-24 23:00:00,30681.0
2014-11-25 23:00:00,30611.0
2014-11-26 23:00:00,30793.0
2014-11-27 23:00:00,30943.0
2014-11-28 23:00:00,30989.0
2014-12-01 23:00:00,32247.0
2014-12-02 23:00:00,32448.0
2014-12-03 23:00:00,33631.0
2014-12-04 23:00:00,32966.0
2014-12-05 23:00:00,31864.0
2014-12-08 23:00:00,31586.0
2014-12-09 23:00:00,31280.0
2014-12-10 23:00:00,30967.0
2014-12-11 23:00:00,30277.0
2014-12-12 23:00:00,30965.0
2014-12-15 23:00:00,30447.0
2014-12-16 23:00:00,31717.0
2014-12-17 23:00:00,31098.0
2014-12-18 23:00:00,31849.0
2014-12-19 23:00:00,30899.0
2014-12-22 23:00:00,31432.0
2014-12-23 23:00:00,30839.0
2014-12-24 23:00:00,30038.0
2014-12-25 23:00:00,30265.0
2014-12-26 23:00:00,31111.0
2014-12-29 23:00:00,31256.0
2014-12-30 23:00:00,30553.0
2015-01-05 23:00:00,31198.0
2015-01-06 23:00:00,31773.0
2015-01-08 23:00:00,33749.0
2015-01-09 23:00:00,33133.0
2015-01-12 23:00:00,32998.0
2015-01-13 23:00:00,33577.0
2015-01-14 23:00:00,33999.0
2015-01-15 23:00:00,34399.0
2015-01-16 23:00:00,35698.0
2015-01-19 23:00:00,34702.0
2015-01-20 23:00:00,34400.0
2015-01-21 23:00:00,35764.0
2015-01-22 23:00:00,36644.0
2015-01-23 23:00:00,36693.0
2015-01-26 23:00:00,36879.0
2015-01-27 23:00:00,37575.0
2015-01-28 23:00:00,36942.0
2015-01-29 23:00:00,36680.0
2015-01-30 23:00:00,35983.0
2015-02-02 23:00:00,35789.0
2015-02-03 23:00:00,36614.0
2015-02-04 23:00:00,37214.0
2015-02-05 23:00:00,38069.0
2015-02-06 23:00:00,39425.0
2015-02-09 23:00:00,38407.0
2015-02-10 23:00:00,38215.0
2015-02-11 23:00:00,38839.0
2015-02-12 23:00:00,39429.0
2015-02-13 23:00:00,39423.0
2015-02-16 23:00:00,38325.0
2015-02-17 23:00:00,38126.0
2015-02-18 23:00:00,38092.0
2015-02-19 23:00:00,37763.0
2015-02-20 23:00:00,37810.0
2015-02-24 23:00:00,37893.0
2015-02-25 23:00:00,37200.0
2015-02-26 23:00:00,37197.0
2015-02-27 23:00:00,37809.0
2015-03-02 23:00:00,38009.0
2015-03-03 23:00:00,38054.0
2015-03-04 23:00:00,37433.0
2015-03-05 23:00:00,36969.0
2015-03-06 23:00:00,35864.0
2015-03-10 23:00:00,34903.0
2015-03-11 23:00:00,35191.0
2015-03-12 23:00:00,35009.0
2015-03-13 23:00:00,34312.0
2015-03-16 23:00:00,34393.0
2015-03-17 23:00:00,34637.0
2015-03-18 23:00:00,35029.0
2015-03-19 23:00:00,34518.0
2015-03-20 23:00:00,35041.0
2015-03-23 23:00:00,34352.0
2015-03-24 23:00:00,34563.0
2015-03-25 23:00:00,34593.0
2015-03-26 23:00:00,33919.0
2015-03-27 23:00:00,33530.0
2015-03-30 23:00:00,34204.0
2015-03-31 23:00:00,34616.0
2015-04-01 23:00:00,35080.0
2015-04-02 23:00:00,35492.0
2015-04-03 23:00:00,35725.0
2015-04-06 23:00:00,35743.0
2015-04-07 23:00:00,35380.0
2015-04-08 23:00:00,34948.0
2015-04-09 23:00:00,34475.0
2015-04-10 23:00:00,33673.0
2015-04-13 23:00:00,33847.0
2015-04-14 23:00:00,32917.0
2015-04-15 23:00:00,33226.0
2015-04-16 23:00:00,33035.0
2015-04-17 23:00:00,33278.0
2015-04-20 23:00:00,34053.0
2015-04-21 23:00:00,34543.0
2015-04-22 23:00:00,33626.0
2015-04-23 23:00:00,33405.0
2015-04-24 23:00:00,33607.0
2015-04-27 23:00:00,33877.0
2015-04-28 23:00:00,33662.0
2015-04-29 23:00:00,33569.0
2015-04-30 23:00:00,33654.0
2015-05-05 23:00:00,33624.0
2015-05-06 23:00:00,33594.0
2015-05-07 23:00:00,33781.0
2015-05-08 23:00:00,34012.0
2015-05-12 23:00:00,34082.0
2015-05-13 23:00:00,33272.0
2015-05-14 23:00:00,33302.0
2015-05-15 23:00:00,32937.0
2015-05-18 23:00:00,32558.0
2015-05-19 23:00:00,32310.0
2015-05-20 23:00:00,31936.0
2015-05-21 23:00:00,32212.0
2015-05-22 23:00:00,32399.0
2015-05-25 23:00:00,32090.0
2015-05-26 23:00:00,32150.0
2015-05-27 23:00:00,32326.0
2015-05-28 23:00:00,32688.0
2015-05-29 23:00:00,32009.0
2015-06-01 23:00:00,31481.0
2015-06-02 23:00:00,32059.0
2015-06-03 23:00:00,31828.0
2015-06-04 23:00:00,32060.0
2015-06-05 23:00:00,32590.0
2015-06-08 23:00:00,32391.0
2015-06-09 23:00:00,32938.0
2015-06-10 23:00:00,32367.0
2015-06-11 23:00:00,31782.0
2015-06-15 23:00:00,31662.0
2015-06-16 23:00:00,31767.0
2015-06-17 23:00:00,31533.0
2015-06-18 23:00:00,31513.0
2015-06-19 23:00:00,31610.0
2015-06-22 23:00:00,31577.0
2015-06-23 23:00:00,31500.0
2015-06-24 23:00:00,31010.0
2015-06-25 23:00:00,30909.0
2015-06-26 23:00:00,30650.0
2015-06-29 23:00:00,30665.0
2015-06-30 23:00:00,31291.0
2015-07-01 23:00:00,31000.0
2015-07-02 23:00:00,31133.0
2015-07-03 23:00:00,30852.0
2015-07-06 23:00:00,31186.0
2015-07-07 23:00:00,31173.0
2015-07-08 23:00:00,31290.0
2015-07-09 23:00:00,31359.0
2015-07-10 23:00:00,31205.0
2015-07-13 23:00:00,31665.0
2015-07-14 23:00:00,31605.0
2015-07-15 23:00:00,31950.0
2015-07-16 23:00:00,31982.0
2015-07-17 23:00:00,31987.0
2015-07-20 23:00:00,31530.0
2015-07-21 23:00:00,31637.0
2015-07-22 23:00:00,31809.0
2015-07-23 23:00:00,31935.0
2015-07-24 23:00:00,31963.0
2015-07-27 23:00:00,31237.0
2015-07-28 23:00:00,31616.0
2015-07-29 23:00:00,31521.0
2015-07-30 23:00:00,31599.0
2015-07-31 23:00:00,32510.0
2015-08-03 23:00:00,32190.0
2015-08-04 23:00:00,32210.0
2015-08-05 23:00:00,32382.0
2015-08-06 23:00:00,32043.0
2015-08-07 23:00:00,32339.0
2015-08-10 23:00:00,32444.0
2015-08-11 23:00:00,32250.0
2015-08-12 23:00:00,32410.0
2015-08-13 23:00:00,32486.0
2015-08-14 23:00:00,32795.0
2015-08-17 23:00:00,32577.0
2015-08-18 23:00:00,31991.0
2015-08-19 23:00:00,31697.0
2015-08-20 23:00:00,31829.0
2015-08-21 23:00:00,31240.0
2015-08-24 23:00:00,30505.0
2015-08-25 23:00:00,30814.0
2015-08-26 23:00:00,30610.0
2015-08-27 23:00:00,31173.0
2015-08-28 23:00:00,32062.0
2015-08-31 23:00:00,32173.0
2015-09-01 23:00:00,31428.0
2015-09-02 23:00:00,31322.0
2015-09-03 23:00:00,31960.0
2015-09-04 23:00:00,31447.0
2015-09-07 23:00:00,31459.0
2015-09-08 23:00:00,31541.0
2015-09-09 23:00:00,31904.0
2015-09-10 23:00:00,31868.0
2015-09-11 23:00:00,31733.0
2015-09-14 23:00:00,32130.0
2015-09-15 23:00:00,31681.0
2015-09-16 23:00:00,31671.0
2015-09-17 23:00:00,31228.0
2015-09-18 23:00:00,31024.0
2015-09-21 23:00:00,30197.0
2015-09-22 23:00:00,29154.0
2015-09-23 23:00:00,28936.0
2015-09-24 23:00:00,28766.0
2015-09-25 23:00:00,29218.0
2015-09-28 23:00:00,29362.0
2015-09-29 23:00:00,29467.0
2015-09-30 23:00:00,29127.0
2015-10-01 23:00:00,28649.0
2015-10-02 23:00:00,28230.0
2015-10-05 23:00:00,28672.0
2015-10-06 23:00:00,29069.0
2015-10-07 23:00:00,29248.0
2015-10-08 23:00:00,29655.0
2015-10-09 23:00:00,30738.0
2015-10-12 23:00:00,30018.0
2015-10-13 23:00:00,30127.0
2015-10-14 23:00:00,30122.0
2015-10-15 23:00:00,29999.0
2015-10-16 23:00:00,29667.0
2015-10-19 23:00:00,29809.0
2015-10-20 23:00:00,29936.0
2015-10-21 23:00:00,29768.0
2015-10-22 23:00:00,29908.0
2015-10-23 23:00:00,29878.0
2015-10-26 23:00:00,29552.0
2015-10-27 23:00:00,30108.0
2015-10-28 23:00:00,30207.0
2015-10-29 23:00:00,30088.0
2015-10-30 23:00:00,29942.0
2015-11-02 23:00:00,30739.0
2015-11-03 23:00:00,31482.0
2015-11-05 23:00:00,31471.0
2015-11-06 23:00:00,31718.0
2015-11-09 23:00:00,31967.0
2015-11-10 23:00:00,31802.0
2015-11-11 23:00:00,32115.0
2015-11-12 23:00:00,32129.0
2015-11-13 23:00:00,31516.0
2015-11-16 23:00:00,31428.0
2015-11-17 23:00:00,31917.0
2015-11-18 23:00:00,31896.0
2015-11-19 23:00:00,31916.0
2015-11-20 23:00:00,31982.0
2015-11-23 23:00:00,33013.0
2015-11-24 23:00:00,32274.0
2015-11-25 23:00:00,32466.0
2015-11-26 23:00:00,32412.0
2015-11-27 23:00:00,31833.0
2015-11-30 23:00:00,31839.0
2015-12-01 23:00:00,32007.0
2015-12-02 23:00:00,31900.0
2015-12-03 23:00:00,32103.0
2015-12-04 23:00:00,31308.0
2015-12-07 23:00:00,30547.0
2015-12-08 23:00:00,30277.0
2015-12-09 23:00:00,30266.0
2015-12-10 23:00:00,30791.0
2015-12-11 23:00:00,30779.0
2015-12-14 23:00:00,30670.0
2015-12-15 23:00:00,30812.0
2015-12-16 23:00:00,30539.0
2015-12-17 23:00:00,30561.0
2015-12-18 23:00:00,29755.0
2015-12-21 23:00:00,29560.0
2015-12-22 23:00:00,29486.0
2015-12-23 23:00:00,30139.0
2015-12-24 23:00:00,30122.0
2015-12-25 23:00:00,29988.0
2015-12-28 23:00:00,29914.0
2015-12-29 23:00:00,30407.0
2015-12-30 23:00:00,30261.0
2016-01-04 23:00:00,29930.0
2016-01-05 23:00:00,30584.0
2016-01-06 23:00:00,30625.0
2016-01-11 23:00:00,29427.0
2016-01-12 23:00:00,29107.0
2016-01-13 23:00:00,28978.0
2016-01-14 23:00:00,28636.0
2016-01-15 23:00:00,27736.0
2016-01-18 23:00:00,27879.0
2016-01-19 23:00:00,28211.0
2016-01-20 23:00:00,28136.0
2016-01-21 23:00:00,28896.0
2016-01-22 23:00:00,29975.0
2016-01-25 23:00:00,30083.0
2016-01-26 23:00:00,29904.0
2016-01-27 23:00:00,30621.0
2016-01-28 23:00:00,31513.0
2016-01-29 23:00:00,32129.0
2016-02-01 23:00:00,32106.0
2016-02-02 23:00:00,31457.0
2016-02-03 23:00:00,31459.0
2016-02-04 23:00:00,32163.0
2016-02-05 23:00:00,32516.0
2016-02-08 23:00:00,31422.0
2016-02-09 23:00:00,30463.0
2016-02-10 23:00:00,30479.0
2016-02-11 23:00:00,30418.0
2016-02-12 23:00:00,30451.0
2016-02-15 23:00:00,30732.0
2016-02-16 23:00:00,31064.0
2016-02-17 23:00:00,31273.0
2016-02-18 23:00:00,32090.0
2016-02-19 23:00:00,31887.0
2016-02-20 23:00:00,31785.0
2016-02-22 23:00:00,32506.0
2016-02-24 23:00:00,31976.0
2016-02-25 23:00:00,32049.0
2016-02-26 23:00:00,32359.0
2016-02-29 23:00:00,33214.0
2016-03-01 23:00:00,33416.0
2016-03-02 23:00:00,32864.0
2016-03-03 23:00:00,33362.0
2016-03-04 23:00:00,34057.0
2016-03-07 23:00:00,34616.0
2016-03-09 23:00:00,33868.0
2016-03-10 23:00:00,33218.0
2016-03-11 23:00:00,33032.0
2016-03-14 23:00:00,32875.0
2016-03-15 23:00:00,32856.0
2016-03-16 23:00:00,33140.0
2016-03-17 23:00:00,33602.0
2016-03-18 23:00:00,34116.0
2016-03-21 23:00:00,34040.0
2016-03-22 23:00:00,33659.0
2016-03-23 23:00:00,33098.0
2016-03-24 23:00:00,32358.0
2016-03-25 23:00:00,32273.0
2016-03-28 23:00:00,31886.0
2016-03-29 23:00:00,32222.0
2016-03-30 23:00:00,32237.0
2016-03-31 23:00:00,32243.0
2016-04-01 23:00:00,32374.0
2016-04-04 23:00:00,32945.0
2016-04-05 23:00:00,33017.0
2016-04-06 23:00:00,33321.0
2016-04-07 23:00:00,33201.0
2016-04-08 23:00:00,33809.0
2016-04-11 23:00:00,33894.0
2016-04-12 23:00:00,33935.0
2016-04-13 23:00:00,34385.0
2016-04-14 23:00:00,34141.0
2016-04-15 23:00:00,34080.0
2016-04-18 23:00:00,33567.0
2016-04-19 23:00:00,34194.0
2016-04-20 23:00:00,34781.0
2016-04-21 23:00:00,34870.0
2016-04-22 23:00:00,34805.0
2016-04-25 23:00:00,34467.0
2016-04-26 23:00:00,33845.0
2016-04-27 23:00:00,33157.0
2016-04-28 23:00:00,33835.0
2016-04-29 23:00:00,33257.0
2016-05-04 23:00:00,32597.0
2016-05-05 23:00:00,32235.0
2016-05-06 23:00:00,32106.0
2016-05-10 23:00:00,31779.0
2016-05-11 23:00:00,32315.0
2016-05-12 23:00:00,32558.0
2016-05-13 23:00:00,32645.0
2016-05-16 23:00:00,32431.0
2016-05-17 23:00:00,32586.0
2016-05-18 23:00:00,32759.0
2016-05-19 23:00:00,32861.0
2016-05-20 23:00:00,32847.0
2016-05-23 23:00:00,32259.0
2016-05-24 23:00:00,32317.0
2016-05-25 23:00:00,32217.0
2016-05-26 23:00:00,32534.0
2016-05-27 23:00:00,32566.0
2016-05-30 23:00:00,32688.0
2016-05-31 23:00:00,31469.0
2016-06-01 23:00:00,31535.0
2016-06-02 23:00:00,31704.0
2016-06-03 23:00:00,31445.0
2016-06-06 23:00:00,31711.0
2016-06-07 23:00:00,32367.0
2016-06-08 23:00:00,32346.0
2016-06-09 23:00:00,31995.0
2016-06-10 23:00:00,32045.0
2016-06-14 23:00:00,32274.0
2016-06-15 23:00:00,32060.0
2016-06-16 23:00:00,31719.0
2016-06-17 23:00:00,31949.0
2016-06-20 23:00:00,31910.0
2016-06-21 23:00:00,31999.0
2016-06-22 23:00:00,31977.0
2016-06-23 23:00:00,32692.0
2016-06-24 23:00:00,32583.0
2016-06-27 23:00:00,31855.0
2016-06-28 23:00:00,31624.0
2016-06-29 23:00:00,32035.0
2016-06-30 23:00:00,32168.0
2016-07-01 23:00:00,32378.0
2016-07-04 23:00:00,32836.0
2016-07-05 23:00:00,33018.0
2016-07-06 23:00:00,32771.0
2016-07-07 23:00:00,32699.0
2016-07-08 23:00:00,33081.0
2016-07-11 23:00:00,33840.0
2016-07-12 23:00:00,34157.0
2016-07-13 23:00:00,33630.0
2016-07-14 23:00:00,34109.0
2016-07-15 23:00:00,34152.0
2016-07-18 23:00:00,34300.0
2016-07-19 23:00:00,34465.0
2016-07-20 23:00:00,34768.0
2016-07-21 23:00:00,34716.0
2016-07-22 23:00:00,34835.0
2016-07-25 23:00:00,34449.0
2016-07-26 23:00:00,34466.0
2016-07-27 23:00:00,34471.0
2016-07-28 23:00:00,34950.0
2016-07-29 23:00:00,34874.0
2016-08-01 23:00:00,34964.0
2016-08-02 23:00:00,33925.0
2016-08-03 23:00:00,34208.0
2016-08-04 23:00:00,34524.0
2016-08-05 23:00:00,34360.0
2016-08-08 23:00:00,34422.0
2016-08-09 23:00:00,34340.0
2016-08-10 23:00:00,33537.0
2016-08-11 23:00:00,33857.0
2016-08-12 23:00:00,34708.0
2016-08-15 23:00:00,35439.0
2016-08-16 23:00:00,35305.0
2016-08-17 23:00:00,35357.0
2016-08-18 23:00:00,35665.0
2016-08-19 23:00:00,35580.0
2016-08-22 23:00:00,35792.0
2016-08-23 23:00:00,36225.0
2016-08-24 23:00:00,36283.0
2016-08-25 23:00:00,36368.0
2016-08-26 23:00:00,36234.0
2016-08-29 23:00:00,35820.0
2016-08-30 23:00:00,35851.0
2016-08-31 23:00:00,35200.0
2016-09-01 23:00:00,35352.0
2016-09-02 23:00:00,35931.0
2016-09-05 23:00:00,36570.0
2016-09-06 23:00:00,36716.0
2016-09-07 23:00:00,36743.0
2016-09-08 23:00:00,36926.0
2016-09-09 23:00:00,36572.0
2016-09-12 23:00:00,36432.0
2016-09-13 23:00:00,36210.0
2016-09-14 23:00:00,36334.0
2016-09-15 23:00:00,36437.0
2016-09-16 23:00:00,35903.0
2016-09-19 23:00:00,36071.0
2016-09-20 23:00:00,36341.0
2016-09-21 23:00:00,36275.0
2016-09-22 23:00:00,37025.0
2016-09-23 23:00:00,36622.0
2016-09-26 23:00:00,36402.0
2016-09-27 23:00:00,36104.0
2016-09-28 23:00:00,36025.0
2016-09-29 23:00:00,36658.0
2016-09-30 23:00:00,36486.0
2016-10-03 23:00:00,36510.0
2016-10-04 23:00:00,36559.0
2016-10-05 23:00:00,36511.0
2016-10-06 23:00:00,36418.0
2016-10-07 23:00:00,36178.0
2016-10-10 23:00:00,36674.0
2016-10-11 23:00:00,36819.0
2016-10-12 23:00:00,36863.0
2016-10-13 23:00:00,36534.0
2016-10-14 23:00:00,36353.0
2016-10-17 23:00:00,36034.0
2016-10-18 23:00:00,36169.0
2016-10-19 23:00:00,36159.0
2016-10-20 23:00:00,36107.0
2016-10-21 23:00:00,36383.0
2016-10-24 23:00:00,36611.0
2016-10-25 23:00:00,36668.0
2016-10-26 23:00:00,36489.0
2016-10-27 23:00:00,36574.0
2016-10-28 23:00:00,36594.0
2016-10-31 23:00:00,36639.0
2016-11-01 23:00:00,36767.0
2016-11-02 23:00:00,35358.0
2016-11-03 23:00:00,35421.0
2016-11-07 23:00:00,35598.0
2016-11-08 23:00:00,35935.0
2016-11-09 23:00:00,36221.0
2016-11-10 23:00:00,37117.0
2016-11-11 23:00:00,36578.0
2016-11-14 23:00:00,36289.0
2016-11-15 23:00:00,36040.0
2016-11-16 23:00:00,36120.0
2016-11-17 23:00:00,36590.0
2016-11-18 23:00:00,36346.0
2016-11-21 23:00:00,36786.0
2016-11-22 23:00:00,36653.0
2016-11-23 23:00:00,37186.0
2016-11-24 23:00:00,37244.0
2016-11-25 23:00:00,37008.0
2016-11-28 23:00:00,36916.0
2016-11-29 23:00:00,36906.0
2016-11-30 23:00:00,37048.0
2016-12-01 23:00:00,37433.0
2016-12-02 23:00:00,38356.0
2016-12-05 23:00:00,38463.0
2016-12-06 23:00:00,38092.0
2016-12-07 23:00:00,38182.0
2016-12-08 23:00:00,38918.0
2016-12-09 23:00:00,38968.0
2016-12-12 23:00:00,38996.0
2016-12-13 23:00:00,38530.0
2016-12-14 23:00:00,38817.0
2016-12-15 23:00:00,39168.0
2016-12-16 23:00:00,38864.0
2016-12-19 23:00:00,38793.0
2016-12-20 23:00:00,39204.0
2016-12-21 23:00:00,39424.0
2016-12-22 23:00:00,39565.0
2016-12-23 23:00:00,39704.0
2016-12-26 23:00:00,39937.0
2016-12-27 23:00:00,40147.0
2016-12-28 23:00:00,39301.0
2016-12-29 23:00:00,40009.0
2016-12-30 23:00:00,40141.0
2017-01-03 23:00:00,41371.0
2017-01-04 23:00:00,40483.0
2017-01-05 23:00:00,39471.0
2017-01-06 23:00:00,39383.0
2017-01-09 23:00:00,39523.0
2017-01-10 23:00:00,39549.0
2017-01-11 23:00:00,39638.0
2017-01-12 23:00:00,38670.0
2017-01-13 23:00:00,38448.0
2017-01-16 23:00:00,38137.0
2017-01-17 23:00:00,37988.0
2017-01-18 23:00:00,37898.0
2017-01-19 23:00:00,37709.0
2017-01-20 23:00:00,37512.0
2017-01-23 23:00:00,37405.0
2017-01-24 23:00:00,37375.0
2017-01-25 23:00:00,37854.0
2017-01-26 23:00:00,39287.0
2017-01-27 23:00:00,40431.0
2017-01-30 23:00:00,39737.0
2017-01-31 23:00:00,39346.0
2017-02-01 23:00:00,39258.0
2017-02-02 23:00:00,39053.0
2017-02-03 23:00:00,39180.0
2017-02-06 23:00:00,38852.0
2017-02-07 23:00:00,39295.0
2017-02-08 23:00:00,38518.0
2017-02-09 23:00:00,38203.0
2017-02-10 23:00:00,38217.0
2017-02-13 23:00:00,38142.0
2017-02-14 23:00:00,37990.0
2017-02-15 23:00:00,37505.0
2017-02-16 23:00:00,37670.0
2017-02-17 23:00:00,37506.0
2017-02-20 23:00:00,37108.0
2017-02-21 23:00:00,37365.0
2017-02-22 23:00:00,37108.0
2017-02-24 23:00:00,37079.0
2017-02-27 23:00:00,36730.0
2017-02-28 23:00:00,36190.0
2017-03-01 23:00:00,36504.0
2017-03-02 23:00:00,36298.0
2017-03-03 23:00:00,36149.0
2017-03-06 23:00:00,35978.0
2017-03-07 23:00:00,35882.0
2017-03-09 23:00:00,34865.0
2017-03-10 23:00:00,35467.0
2017-03-13 23:00:00,35718.0
2017-03-14 23:00:00,35888.0
2017-03-15 23:00:00,36149.0
2017-03-16 23:00:00,36091.0
2017-03-17 23:00:00,36227.0
2017-03-20 23:00:00,35974.0
2017-03-21 23:00:00,35909.0
2017-03-22 23:00:00,36193.0
2017-03-23 23:00:00,35770.0
2017-03-24 23:00:00,35273.0
2017-03-27 23:00:00,35136.0
2017-03-28 23:00:00,35439.0
2017-03-29 23:00:00,35573.0
2017-03-30 23:00:00,34863.0
2017-03-31 23:00:00,34804.0
2017-04-03 23:00:00,35181.0
2017-04-04 23:00:00,35499.0
2017-04-05 23:00:00,35427.0
2017-04-06 23:00:00,35415.0
2017-04-07 23:00:00,34848.0
2017-04-10 23:00:00,34496.0
2017-04-11 23:00:00,34539.0
2017-04-12 23:00:00,34290.0
2017-04-13 23:00:00,33989.0
2017-04-14 23:00:00,33491.0
2017-04-17 23:00:00,33700.0
2017-04-18 23:00:00,33144.0
2017-04-19 23:00:00,33486.0
2017-04-20 23:00:00,33254.0
2017-04-21 23:00:00,33140.0
2017-04-24 23:00:00,33888.0
2017-04-25 23:00:00,34240.0
2017-04-26 23:00:00,34537.0
2017-04-27 23:00:00,33565.0
2017-04-28 23:00:00,32988.0
2017-05-02 23:00:00,33371.0
2017-05-03 23:00:00,32384.0
2017-05-04 23:00:00,32517.0
2017-05-05 23:00:00,32729.0
2017-05-10 23:00:00,33703.0
2017-05-11 23:00:00,32981.0
2017-05-12 23:00:00,33073.0
2017-05-15 23:00:00,33304.0
2017-05-16 23:00:00,33559.0
2017-05-17 23:00:00,33239.0
2017-05-18 23:00:00,33277.0
2017-05-19 23:00:00,33009.0
2017-05-22 23:00:00,32599.0
2017-05-23 23:00:00,32835.0
2017-05-24 23:00:00,32460.0
2017-05-25 23:00:00,32557.0
2017-05-26 23:00:00,32379.0
2017-05-29 23:00:00,32494.0
2017-05-30 23:00:00,32772.0
2017-05-31 23:00:00,31855.0
2017-06-01 23:00:00,31462.0
2017-06-02 23:00:00,31793.0
2017-06-05 23:00:00,31717.0
2017-06-06 23:00:00,31739.0
2017-06-07 23:00:00,31504.0
2017-06-08 23:00:00,31789.0
2017-06-09 23:00:00,32045.0
2017-06-13 23:00:00,32020.0
2017-06-14 23:00:00,31659.0
2017-06-15 23:00:00,31579.0
2017-06-16 23:00:00,31331.0
2017-06-19 23:00:00,32108.0
2017-06-20 23:00:00,32006.0
2017-06-21 23:00:00,31549.0
2017-06-22 23:00:00,31892.0
2017-06-23 23:00:00,32211.0
2017-06-26 23:00:00,32056.0
2017-06-27 23:00:00,32286.0
2017-06-28 23:00:00,33044.0
2017-06-29 23:00:00,32940.0
2017-06-30 23:00:00,33170.0
2017-07-03 23:00:00,33434.0
2017-07-04 23:00:00,33651.0
2017-07-05 23:00:00,33791.0
2017-07-06 23:00:00,34028.0
2017-07-07 23:00:00,33907.0
2017-07-10 23:00:00,34001.0
2017-07-11 23:00:00,33992.0
2017-07-12 23:00:00,34468.0
2017-07-13 23:00:00,34441.0
2017-07-14 23:00:00,34599.0
2017-07-17 23:00:00,34108.0
2017-07-18 23:00:00,33702.0
2017-07-19 23:00:00,34140.0
2017-07-20 23:00:00,34137.0
2017-07-21 23:00:00,33751.0
2017-07-24 23:00:00,33436.0
2017-07-25 23:00:00,33613.0
2017-07-26 23:00:00,33552.0
2017-07-27 23:00:00,33656.0
2017-07-28 23:00:00,33148.0
2017-07-31 23:00:00,33464.0
2017-08-01 23:00:00,33775.0
2017-08-02 23:00:00,34623.0
2017-08-03 23:00:00,34552.0
2017-08-04 23:00:00,34211.0
2017-08-07 23:00:00,34295.0
2017-08-08 23:00:00,34855.0
2017-08-09 23:00:00,34613.0
2017-08-10 23:00:00,34217.0
2017-08-11 23:00:00,33803.0
2017-08-14 23:00:00,33913.0
2017-08-15 23:00:00,33887.0
2017-08-16 23:00:00,33586.0
2017-08-17 23:00:00,33544.0
2017-08-18 23:00:00,33331.0
2017-08-21 23:00:00,33541.0
2017-08-22 23:00:00,34001.0
2017-08-23 23:00:00,33918.0
2017-08-24 23:00:00,33911.0
2017-08-25 23:00:00,34101.0
2017-08-28 23:00:00,34129.0
2017-08-29 23:00:00,33960.0
2017-08-30 23:00:00,33972.0
2017-08-31 23:00:00,34303.0
2017-09-01 23:00:00,34139.0
2017-09-04 23:00:00,34007.0
2017-09-05 23:00:00,33881.0
2017-09-06 23:00:00,34120.0
2017-09-07 23:00:00,33824.0
2017-09-08 23:00:00,34112.0
2017-09-11 23:00:00,34058.0
2017-09-12 23:00:00,34478.0
2017-09-13 23:00:00,34331.0
2017-09-14 23:00:00,34671.0
2017-09-15 23:00:00,34603.0
2017-09-18 23:00:00,35204.0
2017-09-19 23:00:00,35076.0
2017-09-20 23:00:00,34564.0
2017-09-21 23:00:00,34489.0
2017-09-22 23:00:00,34081.0
2017-09-25 23:00:00,34733.0
2017-09-26 23:00:00,34690.0
2017-09-27 23:00:00,34930.0
2017-09-28 23:00:00,34970.0
2017-09-29 23:00:00,34894.0
2017-10-02 23:00:00,34739.0
2017-10-03 23:00:00,34783.0
2017-10-04 23:00:00,34712.0
2017-10-05 23:00:00,34881.0
2017-10-06 23:00:00,34959.0
2017-10-09 23:00:00,34886.0
2017-10-10 23:00:00,34742.0
2017-10-11 23:00:00,34794.0
2017-10-12 23:00:00,34652.0
2017-10-13 23:00:00,34510.0
2017-10-16 23:00:00,34548.0
2017-10-17 23:00:00,34266.0
2017-10-18 23:00:00,34391.0
2017-10-19 23:00:00,34078.0
2017-10-20 23:00:00,34239.0
2017-10-23 23:00:00,34231.0
2017-10-24 23:00:00,34474.0
2017-10-25 23:00:00,34043.0
2017-10-26 23:00:00,33952.0
2017-10-27 23:00:00,34521.0
2017-10-30 23:00:00,34546.0
2017-10-31 23:00:00,34924.0
2017-11-01 23:00:00,35211.0
2017-11-02 23:00:00,35320.0
2017-11-03 23:00:00,35621.0
2017-11-07 23:00:00,37076.0
2017-11-08 23:00:00,37364.0
2017-11-09 23:00:00,37432.0
2017-11-10 23:00:00,37330.0
2017-11-13 23:00:00,37138.0
2017-11-14 23:00:00,37108.0
2017-11-15 23:00:00,36823.0
2017-11-16 23:00:00,36942.0
2017-11-17 23:00:00,36789.0
2017-11-20 23:00:00,36543.0
2017-11-21 23:00:00,36883.0
2017-11-22 23:00:00,37312.0
2017-11-23 23:00:00,37474.0
2017-11-24 23:00:00,37577.0
2017-11-27 23:00:00,37285.0
2017-11-28 23:00:00,36988.0
2017-11-29 23:00:00,36766.0
2017-11-30 23:00:00,36334.0
2017-12-01 23:00:00,36980.0
2017-12-04 23:00:00,37519.0
2017-12-05 23:00:00,37625.0
2017-12-06 23:00:00,37561.0
2017-12-07 23:00:00,37442.0
2017-12-08 23:00:00,37446.0
2017-12-11 23:00:00,37897.0
2017-12-12 23:00:00,38222.0
2017-12-13 23:00:00,38088.0
2017-12-14 23:00:00,38014.0
2017-12-15 23:00:00,37644.0
2017-12-18 23:00:00,37550.0
2017-12-19 23:00:00,37792.0
2017-12-20 23:00:00,37474.0
2017-12-21 23:00:00,37526.0
2017-12-22 23:00:00,37602.0
2017-12-25 23:00:00,37511.0
2017-12-26 23:00:00,37215.0
2017-12-27 23:00:00,37047.0
2017-12-28 23:00:00,37291.0
2017-12-29 23:00:00,37552.0
2018-01-03 23:00:00,38366.0
2018-01-04 23:00:00,39042.0
2018-01-05 23:00:00,39781.0
2018-01-09 23:00:00,40459.0
2018-01-10 23:00:00,40558.0
2018-01-11 23:00:00,40947.0
2018-01-12 23:00:00,43228.0
2018-01-15 23:00:00,43003.0
2018-01-16 23:00:00,42664.0
2018-01-17 23:00:00,42617.0
2018-01-18 23:00:00,42606.0
2018-01-19 23:00:00,42296.0
2018-01-22 23:00:00,42710.0
2018-01-23 23:00:00,42444.0
2018-01-24 23:00:00,42557.0
2018-01-25 23:00:00,42207.0
2018-01-26 23:00:00,42058.0
2018-01-29 23:00:00,41786.0
2018-01-30 23:00:00,41202.0
2018-01-31 23:00:00,41214.0
2018-02-01 23:00:00,41534.0
2018-02-02 23:00:00,41847.0
2018-02-05 23:00:00,41615.0
2018-02-06 23:00:00,40612.0
2018-02-07 23:00:00,41274.0
2018-02-08 23:00:00,40877.0
2018-02-09 23:00:00,40224.0
2018-02-12 23:00:00,40679.0
2018-02-13 23:00:00,41102.0
2018-02-14 23:00:00,41002.0
2018-02-15 23:00:00,41186.0
2018-02-16 23:00:00,41404.0
2018-02-19 23:00:00,41087.0
2018-02-20 23:00:00,41202.0
2018-02-21 23:00:00,41802.0
2018-02-22 23:00:00,42088.0
2018-02-26 23:00:00,42137.0
2018-02-27 23:00:00,42177.0
2018-02-28 23:00:00,41611.0
2018-03-01 23:00:00,41456.0
2018-03-02 23:00:00,41241.0
2018-03-05 23:00:00,41145.0
2018-03-06 23:00:00,41137.0
2018-03-07 23:00:00,40958.0
2018-03-09 23:00:00,41325.0
2018-03-12 23:00:00,41302.0
2018-03-13 23:00:00,41391.0
2018-03-14 23:00:00,41371.0
2018-03-15 23:00:00,41654.0
2018-03-16 23:00:00,42220.0
2018-03-19 23:00:00,41888.0
2018-03-20 23:00:00,42189.0
2018-03-21 23:00:00,42428.0
2018-03-22 23:00:00,42211.0
2018-03-23 23:00:00,42216.0
2018-03-26 23:00:00,41796.0
2018-03-27 23:00:00,42601.0
2018-03-28 23:00:00,43044.0
2018-03-29 23:00:00,43523.0
2018-03-30 23:00:00,43451.0
2018-04-02 23:00:00,43270.0
2018-04-03 23:00:00,43065.0
2018-04-04 23:00:00,42989.0
2018-04-05 23:00:00,43411.0
2018-04-06 23:00:00,42901.0
2018-04-09 23:00:00,40085.0
2018-04-10 23:00:00,42551.0
2018-04-11 23:00:00,43955.0
2018-04-12 23:00:00,43226.0
2018-04-13 23:00:00,42694.0
2018-04-16 23:00:00,42604.0
2018-04-17 23:00:00,42746.0
2018-04-18 23:00:00,43757.0
2018-04-19 23:00:00,43656.0
2018-04-20 23:00:00,43308.0
2018-04-23 23:00:00,43122.0
2018-04-24 23:00:00,43445.0
2018-04-25 23:00:00,43701.0
2018-04-26 23:00:00,44812.0
2018-04-27 23:00:00,45371.0
2018-04-28 23:00:00,45271.0
2018-04-30 23:00:00,45335.0
2018-05-02 23:00:00,45142.0
2018-05-03 23:00:00,44276.0
2018-05-04 23:00:00,44749.0
2018-05-07 23:00:00,44679.0
2018-05-08 23:00:00,45151.0
2018-05-10 23:00:00,45952.0
2018-05-11 23:00:00,47035.0
2018-05-14 23:00:00,47301.0
2018-05-15 23:00:00,47167.0
2018-05-16 23:00:00,47395.0
2018-05-17 23:00:00,47069.0
2018-05-18 23:00:00,47748.0
2018-05-21 23:00:00,47367.0
2018-05-22 23:00:00,46947.0
2018-05-23 23:00:00,46151.0
2018-05-24 23:00:00,45792.0
2018-05-25 23:00:00,45600.0
2018-05-28 23:00:00,46237.0
2018-05-29 23:00:00,45412.0
2018-05-30 23:00:00,45817.0
2018-05-31 23:00:00,45148.0
2018-06-01 23:00:00,45570.0
2018-06-04 23:00:00,46090.0
2018-06-05 23:00:00,45811.0
2018-06-06 23:00:00,45779.0
2018-06-07 23:00:00,45891.0
2018-06-08 23:00:00,45007.0
2018-06-09 23:00:00,45158.0
2018-06-11 23:00:00,45083.0
2018-06-13 23:00:00,44733.0
2018-06-14 23:00:00,44169.0
2018-06-15 23:00:00,43762.0
2018-06-18 23:00:00,43747.0
2018-06-19 23:00:00,44057.0
2018-06-20 23:00:00,44570.0
2018-06-21 23:00:00,44640.0
2018-06-22 23:00:00,44455.0
2018-06-25 23:00:00,44584.0
2018-06-26 23:00:00,44711.0
2018-06-27 23:00:00,45410.0
2018-06-28 23:00:00,45442.0
2018-06-29 23:00:00,46267.0
2018-07-02 23:00:00,46635.0
2018-07-03 23:00:00,46245.0
2018-07-04 23:00:00,46293.0
2018-07-05 23:00:00,47374.0
2018-07-06 23:00:00,47077.0
2018-07-09 23:00:00,47431.0
2018-07-10 23:00:00,47652.0
2018-07-11 23:00:00,46928.0
2018-07-12 23:00:00,46513.0
2018-07-13 23:00:00,47081.0
2018-07-16 23:00:00,46857.0
2018-07-17 23:00:00,46724.0
2018-07-18 23:00:00,46717.0
2018-07-19 23:00:00,47269.0
2018-07-20 23:00:00,46978.0
2018-07-23 23:00:00,47417.0
2018-07-24 23:00:00,47218.0
2018-07-25 23:00:00,47875.0
2018-07-26 23:00:00,48013.0
2018-07-27 23:00:00,47961.0
2018-07-30 23:00:00,47758.0
2018-07-31 23:00:00,48584.0
2018-08-01 23:00:00,48692.0
2018-08-02 23:00:00,48842.0
2018-08-03 23:00:00,48672.0
2018-08-06 23:00:00,48542.0
2018-08-07 23:00:00,48953.0
2018-08-08 23:00:00,48692.0
2018-08-09 23:00:00,49608.0
2018-08-10 23:00:00,49405.0
2018-08-13 23:00:00,49222.0
2018-08-14 23:00:00,48554.0
2018-08-15 23:00:00,47960.0
2018-08-16 23:00:00,47664.0
2018-08-17 23:00:00,47636.0
2018-08-20 23:00:00,47568.0
2018-08-21 23:00:00,48415.0
2018-08-22 23:00:00,48816.0
2018-08-23 23:00:00,48158.0
2018-08-24 23:00:00,48846.0
2018-08-27 23:00:00,49344.0
2018-08-28 23:00:00,49387.0
2018-08-29 23:00:00,49996.0
2018-08-30 23:00:00,50657.0
2018-08-31 23:00:00,50503.0
2018-09-03 23:00:00,50881.0
2018-09-04 23:00:00,50700.0
2018-09-05 23:00:00,50130.0
2018-09-06 23:00:00,49796.0
2018-09-07 23:00:00,50036.0
2018-09-10 23:00:00,50386.0
2018-09-11 23:00:00,50479.0
2018-09-12 23:00:00,49925.0
2018-09-13 23:00:00,49989.0
2018-09-14 23:00:00,49669.0
2018-09-17 23:00:00,49859.0
2018-09-18 23:00:00,50105.0
2018-09-19 23:00:00,50469.0
2018-09-20 23:00:00,50489.0
2018-09-21 23:00:00,50782.0
2018-09-24 23:00:00,51327.0
2018-09-25 23:00:00,52322.0
2018-09-26 23:00:00,51753.0
2018-09-27 23:00:00,52823.0
2018-09-28 23:00:00,53541.0
2018-10-01 23:00:00,53664.0
2018-10-02 23:00:00,52444.0
2018-10-03 23:00:00,53716.0
2018-10-04 23:00:00,53497.0
2018-10-05 23:00:00,53515.0
2018-10-08 23:00:00,53155.0
2018-10-09 23:00:00,53277.0
2018-10-10 23:00:00,52533.0
2018-10-11 23:00:00,51540.0
2018-10-12 23:00:00,51559.0
2018-10-15 23:00:00,51002.0
2018-10-16 23:00:00,51330.0
2018-10-17 23:00:00,51034.0
2018-10-18 23:00:00,50310.0
2018-10-19 23:00:00,50012.0
2018-10-22 23:00:00,49796.0
2018-10-23 23:00:00,50914.0
2018-10-24 23:00:00,52469.0
2018-10-25 23:00:00,52469.0
2018-10-26 23:00:00,51800.0
2018-10-29 23:00:00,51669.0
2018-10-30 23:00:00,50781.0
2018-10-31 23:00:00,52309.0
2018-11-01 23:00:00,52319.0
2018-11-02 23:00:00,52610.0
2018-11-06 23:00:00,53454.0
2018-11-07 23:00:00,54670.0
2018-11-08 23:00:00,54454.0
2018-11-09 23:00:00,53783.0
2018-11-12 23:00:00,54266.0
2018-11-13 23:00:00,52609.0
2018-11-14 23:00:00,51600.0
2018-11-15 23:00:00,51508.0
2018-11-16 23:00:00,51100.0
2018-11-19 23:00:00,51259.0
2018-11-20 23:00:00,50876.0
2018-11-21 23:00:00,50893.0
2018-11-22 23:00:00,50954.0
2018-11-23 23:00:00,49446.0
2018-11-26 23:00:00,49048.0
2018-11-27 23:00:00,49706.0
2018-11-28 23:00:00,49980.0
2018-11-29 23:00:00,50426.0
2018-11-30 23:00:00,51601.0
2018-12-03 23:00:00,53569.0
2018-12-04 23:00:00,54619.0
2018-12-05 23:00:00,55159.0
2018-12-06 23:00:00,54174.0
2018-12-07 23:00:00,55429.0
2018-12-10 23:00:00,54360.0
2018-12-11 23:00:00,55167.0
2018-12-12 23:00:00,53781.0
2018-12-13 23:00:00,53769.0
2018-12-14 23:00:00,53596.0
2018-12-17 23:00:00,53373.0
2018-12-18 23:00:00,51756.0
2018-12-19 23:00:00,51537.0
2018-12-20 23:00:00,51606.0
2018-12-21 23:00:00,52859.0
2018-12-24 23:00:00,52433.0
2018-12-25 23:00:00,51445.0
2018-12-26 23:00:00,51697.0
2018-12-27 23:00:00,52287.0
2018-12-28 23:00:00,52939.0
2018-12-29 23:00:00,53329.0
2019-01-03 23:00:00,53186.0
2019-01-04 23:00:00,53917.0
2019-01-08 23:00:00,53507.0
2019-01-09 23:00:00,53801.0
2019-01-10 23:00:00,54703.0
2019-01-11 23:00:00,55104.0
2019-01-14 23:00:00,55166.0
2019-01-15 23:00:00,55079.0
2019-01-16 23:00:00,54434.0
2019-01-17 23:00:00,54925.0
2019-01-18 23:00:00,54981.0
2019-01-21 23:00:00,55236.0
2019-01-22 23:00:00,55024.0
2019-01-23 23:00:00,55110.0
2019-01-24 23:00:00,55031.0
2019-01-25 23:00:00,55185.0
2019-01-28 23:00:00,54639.0
2019-01-29 23:00:00,54932.0
2019-01-30 23:00:00,55189.0
2019-01-31 23:00:00,55827.0
2019-02-01 23:00:00,56175.0
2019-02-04 23:00:00,56646.0
2019-02-05 23:00:00,57365.0
2019-02-06 23:00:00,57584.0
2019-02-07 23:00:00,56892.0
2019-02-08 23:00:00,56750.0
2019-02-11 23:00:00,57146.0
2019-02-12 23:00:00,57366.0
2019-02-13 23:00:00,56448.0
2019-02-14 23:00:00,56601.0
2019-02-15 23:00:00,57257.0
2019-02-18 23:00:00,57741.0
2019-02-19 23:00:00,57337.0
2019-02-20 23:00:00,57397.0
2019-02-21 23:00:00,57231.0
2019-02-22 23:00:00,58039.0
2019-02-25 23:00:00,58176.0
2019-02-26 23:00:00,58263.0
2019-02-27 23:00:00,58523.0
2019-02-28 23:00:00,57919.0
2019-03-01 23:00:00,57777.0
2019-03-04 23:00:00,58215.0
2019-03-05 23:00:00,59046.0
2019-03-06 23:00:00,59761.0
2019-03-07 23:00:00,59491.0
2019-03-11 23:00:00,58470.0
2019-03-12 23:00:00,58478.0
2019-03-13 23:00:00,58679.0
2019-03-14 23:00:00,58636.0
2019-03-15 23:00:00,59020.0
2019-03-18 23:00:00,58979.0
2019-03-19 23:00:00,59494.0
2019-03-20 23:00:00,60315.0
2019-03-21 23:00:00,60241.0
2019-03-22 23:00:00,60653.0
2019-03-25 23:00:00,60124.0
2019-03-26 23:00:00,60761.0
2019-03-27 23:00:00,61085.0
2019-03-28 23:00:00,61435.0
2019-03-29 23:00:00,61490.0
2019-04-01 23:00:00,61789.0
2019-04-02 23:00:00,62070.0
2019-04-03 23:00:00,61899.0
2019-04-04 23:00:00,61223.0
2019-04-05 23:00:00,60948.0
2019-04-08 23:00:00,60738.0
2019-04-09 23:00:00,59807.0
2019-04-10 23:00:00,59547.0
2019-04-11 23:00:00,58920.0
2019-04-12 23:00:00,58465.0
2019-04-15 23:00:00,58442.0
2019-04-16 23:00:00,58694.0
2019-04-17 23:00:00,58169.0
2019-04-18 23:00:00,58437.0
2019-04-19 23:00:00,58444.0
2019-04-22 23:00:00,59363.0
2019-04-23 23:00:00,60132.0
2019-04-24 23:00:00,59854.0
2019-04-25 23:00:00,58925.0
2019-04-26 23:00:00,58298.0
2019-04-29 23:00:00,57920.0
2019-04-30 23:00:00,57346.0
2019-05-02 23:00:00,57703.0
2019-05-03 23:00:00,56910.0
2019-05-06 23:00:00,56919.0
2019-05-07 23:00:00,56111.0
2019-05-08 23:00:00,55720.0
2019-05-10 23:00:00,55124.0
2019-05-13 23:00:00,55720.0
2019-05-14 23:00:00,54089.0
2019-05-15 23:00:00,52230.0
2019-05-16 23:00:00,54177.0
2019-05-17 23:00:00,54671.0
2019-05-20 23:00:00,53875.0
2019-05-21 23:00:00,55065.0
2019-05-22 23:00:00,55236.0
2019-05-23 23:00:00,54745.0
2019-05-24 23:00:00,54391.0
2019-05-27 23:00:00,54235.0
2019-05-28 23:00:00,52947.0
2019-05-29 23:00:00,54273.0
2019-05-30 23:00:00,54050.0
2019-05-31 23:00:00,54506.0
2019-06-03 23:00:00,54470.0
2019-06-04 23:00:00,53626.0
2019-06-05 23:00:00,52855.0
2019-06-06 23:00:00,53344.0
2019-06-07 23:00:00,53249.0
2019-06-10 23:00:00,53556.0
2019-06-11 23:00:00,54060.0
2019-06-13 23:00:00,53845.0
2019-06-14 23:00:00,53649.0
2019-06-17 23:00:00,53656.0
2019-06-18 23:00:00,53931.0
2019-06-19 23:00:00,54085.0
2019-06-20 23:00:00,54825.0
2019-06-21 23:00:00,54829.0
2019-06-24 23:00:00,54230.0
2019-06-25 23:00:00,54669.0
2019-06-26 23:00:00,55169.0
2019-06-27 23:00:00,55304.0
2019-06-28 23:00:00,54559.0
2019-07-01 23:00:00,55282.0
2019-07-02 23:00:00,55120.0
2019-07-03 23:00:00,54788.0
2019-07-04 23:00:00,56027.0
2019-07-05 23:00:00,55760.0
2019-07-08 23:00:00,56460.0
2019-07-09 23:00:00,56586.0
2019-07-10 23:00:00,56562.0
2019-07-11 23:00:00,55547.0
2019-07-12 23:00:00,55486.0
2019-07-15 23:00:00,54571.0
2019-07-16 23:00:00,54587.0
2019-07-17 23:00:00,54669.0
2019-07-18 23:00:00,54363.0
2019-07-19 23:00:00,54727.0
2019-07-22 23:00:00,54361.0
2019-07-23 23:00:00,54570.0
2019-07-24 23:00:00,53928.0
2019-07-25 23:00:00,53415.0
2019-07-26 23:00:00,53479.0
2019-07-29 23:00:00,53431.0
2019-07-30 23:00:00,53411.0
2019-07-31 23:00:00,54801.0
2019-08-01 23:00:00,54550.0
2019-08-02 23:00:00,53577.0
2019-08-05 23:00:00,53884.0
2019-08-06 23:00:00,54578.0
2019-08-07 23:00:00,54426.0
2019-08-08 23:00:00,55165.0
2019-08-09 23:00:00,55279.0
2019-08-12 23:00:00,55762.0
2019-08-13 23:00:00,55485.0
2019-08-14 23:00:00,53860.0
2019-08-15 23:00:00,52946.0
2019-08-16 23:00:00,52655.0
2019-08-19 23:00:00,54979.0
2019-08-20 23:00:00,55829.0
2019-08-21 23:00:00,55468.0
2019-08-22 23:00:00,55337.0
2019-08-23 23:00:00,54395.0
2019-08-26 23:00:00,53788.0
2019-08-27 23:00:00,53164.0
2019-08-28 23:00:00,54548.0
2019-08-29 23:00:00,55992.0
2019-08-30 23:00:00,56317.0
2019-09-02 23:00:00,57400.0
2019-09-03 23:00:00,56803.0
2019-09-04 23:00:00,57011.0
2019-09-05 23:00:00,57666.0
2019-09-06 23:00:00,57826.0
2019-09-09 23:00:00,57343.0
2019-09-10 23:00:00,57099.0
2019-09-11 23:00:00,57871.0
2019-09-12 23:00:00,56833.0
2019-09-13 23:00:00,56010.0
2019-09-16 23:00:00,57996.0
2019-09-17 23:00:00,57026.0
2019-09-18 23:00:00,57050.0
2019-09-19 23:00:00,56701.0
2019-09-20 23:00:00,57053.0
2019-09-23 23:00:00,56940.0
2019-09-24 23:00:00,55994.0
2019-09-25 23:00:00,55940.0
2019-09-26 23:00:00,56406.0
2019-09-27 23:00:00,56677.0
2019-09-30 23:00:00,56451.0
2019-10-01 23:00:00,58013.0
2019-10-02 23:00:00,56802.0
2019-10-03 23:00:00,56315.0
2019-10-04 23:00:00,55767.0
2019-10-07 23:00:00,56307.0
2019-10-08 23:00:00,55782.0
2019-10-09 23:00:00,55541.0
2019-10-10 23:00:00,55641.0
2019-10-11 23:00:00,56528.0
2019-10-14 23:00:00,56876.0
2019-10-15 23:00:00,58504.0
2019-10-16 23:00:00,58490.0
2019-10-17 23:00:00,58512.0
2019-10-18 23:00:00,58523.0
2019-10-21 23:00:00,59040.0
2019-10-22 23:00:00,59968.0
2019-10-23 23:00:00,61012.0
2019-10-24 23:00:00,62732.0
2019-10-25 23:00:00,62641.0
2019-10-28 23:00:00,60454.0
2019-10-29 23:00:00,59335.0
2019-10-30 23:00:00,59736.0
2019-10-31 23:00:00,60505.0
2019-11-01 23:00:00,61458.0
2019-11-05 23:00:00,61091.0
2019-11-06 23:00:00,62526.0
2019-11-07 23:00:00,62527.0
2019-11-08 23:00:00,61567.0
2019-11-11 23:00:00,61589.0
2019-11-12 23:00:00,61417.0
2019-11-13 23:00:00,61627.0
2019-11-14 23:00:00,61814.0
2019-11-15 23:00:00,62678.0
2019-11-18 23:00:00,61821.0
2019-11-19 23:00:00,62000.0
2019-11-20 23:00:00,61865.0
2019-11-21 23:00:00,61923.0
2019-11-22 23:00:00,62101.0
2019-11-25 23:00:00,62107.0
2019-11-26 23:00:00,61666.0
2019-11-27 23:00:00,61616.0
2019-11-28 23:00:00,62176.0
2019-11-29 23:00:00,62274.0
2019-12-02 23:00:00,62602.0
2019-12-03 23:00:00,61336.0
2019-12-04 23:00:00,61701.0
2019-12-05 23:00:00,62019.0
2019-12-06 23:00:00,62937.0
2019-12-09 23:00:00,62692.0
2019-12-10 23:00:00,61835.0
2019-12-11 23:00:00,61988.0
2019-12-12 23:00:00,62156.0
2019-12-13 23:00:00,62451.0
2019-12-16 23:00:00,62631.0
2019-12-17 23:00:00,62893.0
2019-12-18 23:00:00,62988.0
2019-12-19 23:00:00,63047.0
2019-12-20 23:00:00,63149.0
2019-12-23 23:00:00,63121.0
2019-12-24 23:00:00,63090.0
2019-12-25 23:00:00,63118.0
2019-12-26 23:00:00,63151.0
2019-12-27 23:00:00,63808.0
2019-12-30 23:00:00,63809.0
2020-01-03 23:00:00,65007.0
2020-01-06 23:00:00,65845.0
2020-01-08 23:00:00,67145.0
2020-01-09 23:00:00,66509.0
2020-01-10 23:00:00,66954.0
2020-01-13 23:00:00,67449.0
2020-01-14 23:00:00,67371.0
2020-01-15 23:00:00,67703.0
2020-01-16 23:00:00,68087.0
2020-01-17 23:00:00,68939.0
2020-01-20 23:00:00,69240.0
2020-01-21 23:00:00,69130.0
2020-01-22 23:00:00,68803.0
2020-01-23 23:00:00,67881.0
2020-01-24 23:00:00,68247.0
2020-01-27 23:00:00,67569.0
2020-01-28 23:00:00,68573.0
2020-01-29 23:00:00,68349.0
2020-01-30 23:00:00,66296.0
2020-01-31 23:00:00,67451.0
2020-02-03 23:00:00,67831.0
2020-02-04 23:00:00,67000.0
2020-02-05 23:00:00,67411.0
2020-02-06 23:00:00,67085.0
2020-02-07 23:00:00,66440.0
2020-02-10 23:00:00,65891.0
2020-02-11 23:00:00,65854.0
2020-02-12 23:00:00,66380.0
2020-02-13 23:00:00,66578.0
2020-02-14 23:00:00,66497.0
2020-02-17 23:00:00,66416.0
2020-02-18 23:00:00,65752.0
2020-02-19 23:00:00,66862.0
2020-02-20 23:00:00,67141.0
2020-02-21 23:00:00,66412.0
2020-02-25 23:00:00,63256.0
2020-02-26 23:00:00,64384.0
2020-02-27 23:00:00,61823.0
2020-02-28 23:00:00,58332.0
2020-03-02 23:00:00,57583.0
2020-03-03 23:00:00,59675.0
2020-03-04 23:00:00,60635.0
2020-03-05 23:00:00,60131.0
2020-03-06 23:00:00,57574.0
2020-03-10 23:00:00,46858.0
2020-03-11 23:00:00,50547.0
2020-03-12 23:00:00,46621.0
2020-03-13 23:00:00,45827.0
2020-03-16 23:00:00,43965.0
2020-03-17 23:00:00,43622.0
2020-03-18 23:00:00,39372.0
2020-03-19 23:00:00,44723.0
2020-03-20 23:00:00,46073.0
2020-03-23 23:00:00,43312.0
2020-03-24 23:00:00,46679.0
2020-03-25 23:00:00,47283.0
2020-03-26 23:00:00,48522.0
2020-03-27 23:00:00,45886.0
2020-03-30 23:00:00,46060.0
2020-03-31 23:00:00,48554.0
2020-04-01 23:00:00,48162.0
2020-04-02 23:00:00,51977.0
2020-04-03 23:00:00,53470.0
2020-04-06 23:00:00,53160.0
2020-04-07 23:00:00,52463.0
2020-04-08 23:00:00,52564.0
2020-04-09 23:00:00,53479.0
2020-04-10 23:00:00,52764.0
2020-04-13 23:00:00,51959.0
2020-04-14 23:00:00,49737.0
2020-04-15 23:00:00,46182.0
2020-04-16 23:00:00,47140.0
2020-04-17 23:00:00,47663.0
2020-04-20 23:00:00,46410.0
2020-04-21 23:00:00,46247.0
2020-04-22 23:00:00,49328.0
2020-04-23 23:00:00,50484.0
2020-04-24 23:00:00,48792.0
2020-04-27 23:00:00,47848.0
2020-04-28 23:00:00,48695.0
2020-04-29 23:00:00,50364.0
2020-04-30 23:00:00,49496.0
2020-05-04 23:00:00,49847.0
2020-05-05 23:00:00,51080.0
2020-05-06 23:00:00,49920.0
2020-05-07 23:00:00,49739.0
2020-05-08 23:00:00,49580.0
2020-05-12 23:00:00,50278.0
2020-05-13 23:00:00,49360.0
2020-05-14 23:00:00,49736.0
2020-05-15 23:00:00,50073.0
2020-05-18 23:00:00,52856.0
2020-05-19 23:00:00,53871.0
2020-05-20 23:00:00,55614.0
2020-05-21 23:00:00,53965.0
2020-05-22 23:00:00,54300.0
2020-05-25 23:00:00,55257.0
2020-05-26 23:00:00,55664.0
2020-05-27 23:00:00,54580.0
2020-05-28 23:00:00,55111.0
2020-05-29 23:00:00,53482.0
2020-06-01 23:00:00,54413.0
2020-06-02 23:00:00,54939.0
2020-06-03 23:00:00,56434.0
2020-06-04 23:00:00,55431.0
2020-06-05 23:00:00,55726.0
2020-06-08 23:00:00,54722.0
2020-06-09 23:00:00,55083.0
2020-06-10 23:00:00,54501.0
2020-06-11 23:00:00,54271.0
2020-06-15 23:00:00,53532.0
2020-06-16 23:00:00,54718.0
2020-06-17 23:00:00,54568.0
2020-06-18 23:00:00,54447.0
2020-06-19 23:00:00,55335.0
2020-06-22 23:00:00,55126.0
2020-06-23 23:00:00,55280.0
2020-06-25 23:00:00,54059.0
2020-06-26 23:00:00,53609.0
2020-06-29 23:00:00,53567.0
2020-06-30 23:00:00,53311.0
2020-07-02 23:00:00,54410.0
2020-07-03 23:00:00,54368.0
2020-07-06 23:00:00,54958.0
2020-07-07 23:00:00,55029.0
2020-07-08 23:00:00,54420.0
2020-07-09 23:00:00,54064.0
2020-07-10 23:00:00,54317.0
2020-07-13 23:00:00,53040.0
2020-07-14 23:00:00,51927.0
2020-07-15 23:00:00,52681.0
2020-07-16 23:00:00,52943.0
2020-07-17 23:00:00,52784.0
2020-07-20 23:00:00,52769.0
2020-07-21 23:00:00,53139.0
2020-07-22 23:00:00,53522.0
2020-07-23 23:00:00,53339.0
2020-07-24 23:00:00,53025.0
2020-07-27 23:00:00,53277.0
2020-07-28 23:00:00,53719.0
2020-07-29 23:00:00,55172.0
2020-07-30 23:00:00,54118.0
2020-07-31 23:00:00,53931.0
2020-08-03 23:00:00,53755.0
2020-08-04 23:00:00,53509.0
2020-08-05 23:00:00,54712.0
2020-08-06 23:00:00,54465.0
2020-08-07 23:00:00,54112.0
2020-08-10 23:00:00,54271.0
2020-08-11 23:00:00,55184.0
2020-08-12 23:00:00,56093.0
2020-08-13 23:00:00,56283.0
2020-08-14 23:00:00,55988.0
2020-08-17 23:00:00,55781.0
2020-08-18 23:00:00,55915.0
2020-08-19 23:00:00,55720.0
2020-08-20 23:00:00,54148.0
2020-08-21 23:00:00,53924.0
2020-08-24 23:00:00,54994.0
2020-08-25 23:00:00,55243.0
2020-08-26 23:00:00,55759.0
2020-08-27 23:00:00,54927.0
2020-08-28 23:00:00,53729.0
2020-08-31 23:00:00,52695.0
2020-09-01 23:00:00,52349.0
2020-09-02 23:00:00,51319.0
2020-09-03 23:00:00,51322.0
2020-09-04 23:00:00,51389.0
2020-09-07 23:00:00,50999.0
2020-09-08 23:00:00,50204.0
2020-09-09 23:00:00,49899.0
2020-09-10 23:00:00,49769.0
2020-09-15 23:00:00,51661.0
2020-09-16 23:00:00,51546.0
2020-09-17 23:00:00,50811.0
2020-09-18 23:00:00,49877.0
2020-09-21 23:00:00,47849.0
2020-09-22 23:00:00,48051.0
2020-09-23 23:00:00,47827.0
2020-09-24 23:00:00,48641.0
2020-09-25 23:00:00,48604.0
2020-09-28 23:00:00,49064.0
2020-09-29 23:00:00,47975.0
2020-09-30 23:00:00,47834.0
2020-10-01 23:00:00,47026.0
2020-10-02 23:00:00,46559.0
2020-10-05 23:00:00,47550.0
2020-10-06 23:00:00,48186.0
2020-10-07 23:00:00,47303.0
2020-10-08 23:00:00,47626.0
2020-10-09 23:00:00,47303.0
2020-10-12 23:00:00,47317.0
2020-10-13 23:00:00,46600.0
2020-10-14 23:00:00,46231.0
2020-10-15 23:00:00,45126.0
2020-10-16 23:00:00,45341.0
2020-10-19 23:00:00,44619.0
2020-10-20 23:00:00,45228.0
2020-10-21 23:00:00,44693.0
2020-10-22 23:00:00,45489.0
2020-10-23 23:00:00,45857.0
2020-10-26 23:00:00,44968.0
2020-10-27 23:00:00,43808.0
2020-10-28 23:00:00,42727.0
2020-10-29 23:00:00,43097.0
2020-10-30 23:00:00,43027.0
2020-11-02 23:00:00,43713.0
2020-11-03 23:00:00,44874.0
2020-11-05 23:00:00,45877.0
2020-11-06 23:00:00,46532.0
2020-11-09 23:00:00,50702.0
2020-11-10 23:00:00,51451.0
2020-11-11 23:00:00,52088.0
2020-11-12 23:00:00,51566.0
2020-11-13 23:00:00,50754.0
2020-11-16 23:00:00,51629.0
2020-11-17 23:00:00,50884.0
2020-11-18 23:00:00,51887.0
2020-11-19 23:00:00,51424.0
2020-11-20 23:00:00,51482.0
2020-11-23 23:00:00,52124.0
2020-11-24 23:00:00,53583.0
2020-11-25 23:00:00,56099.0
2020-11-26 23:00:00,54956.0
2020-11-27 23:00:00,54812.0
2020-11-30 23:00:00,52718.0
2020-12-01 23:00:00,52755.0
2020-12-02 23:00:00,53972.0
2020-12-03 23:00:00,52763.0
2020-12-04 23:00:00,53702.0
2020-12-07 23:00:00,52898.0
2020-12-08 23:00:00,52187.0
2020-12-09 23:00:00,52776.0
2020-12-10 23:00:00,55464.0
2020-12-11 23:00:00,56193.0
2020-12-14 23:00:00,55179.0
2020-12-15 23:00:00,54593.0
2020-12-16 23:00:00,54079.0
2020-12-17 23:00:00,54212.0
2020-12-18 23:00:00,54037.0
2020-12-21 23:00:00,53163.0
2020-12-22 23:00:00,53589.0
2020-12-23 23:00:00,53599.0
2020-12-24 23:00:00,53828.0
2020-12-25 23:00:00,53690.0
2020-12-28 23:00:00,53789.0
2020-12-29 23:00:00,54222.0
2020-12-30 23:00:00,54388.0
2021-01-04 23:00:00,54997.0
2021-01-05 23:00:00,55657.0
2021-01-06 23:00:00,56414.0
2021-01-08 23:00:00,57844.0
2021-01-11 23:00:00,58627.0
2021-01-12 23:00:00,59530.0
2021-01-13 23:00:00,60314.0
2021-01-14 23:00:00,61497.0
2021-01-15 23:00:00,61382.0
2021-01-18 23:00:00,61231.0
2021-01-19 23:00:00,61461.0
2021-01-20 23:00:00,61146.0
2021-01-21 23:00:00,60153.0
2021-01-22 23:00:00,59867.0
2021-01-25 23:00:00,59701.0
2021-01-26 23:00:00,58336.0
2021-01-27 23:00:00,57579.0
2021-01-28 23:00:00,58185.0
2021-01-29 23:00:00,56509.0
2021-02-01 23:00:00,55649.0
2021-02-02 23:00:00,58143.0
2021-02-03 23:00:00,57752.0
2021-02-04 23:00:00,59094.0
2021-02-05 23:00:00,59237.0
2021-02-08 23:00:00,59891.0
2021-02-09 23:00:00,59179.0
2021-02-10 23:00:00,58088.0
2021-02-11 23:00:00,59103.0
2021-02-12 23:00:00,59253.0
2021-02-15 23:00:00,61327.0
2021-02-16 23:00:00,60963.0
2021-02-17 23:00:00,59237.0
2021-02-18 23:00:00,58409.0
2021-02-19 23:00:00,58879.0
2021-02-20 23:00:00,58741.0
2021-02-22 23:00:00,59945.0
2021-02-24 23:00:00,59889.0
2021-02-25 23:00:00,60777.0
2021-02-26 23:00:00,58190.0
2021-03-01 23:00:00,58666.0
2021-03-02 23:00:00,58741.0
2021-03-03 23:00:00,59310.0
2021-03-04 23:00:00,60497.0
2021-03-05 23:00:00,64119.0
2021-03-09 23:00:00,65295.0
2021-03-10 23:00:00,63247.0
2021-03-11 23:00:00,65131.0
2021-03-12 23:00:00,65608.0
2021-03-15 23:00:00,66774.0
2021-03-16 23:00:00,66804.0
2021-03-17 23:00:00,65846.0
2021-03-18 23:00:00,64364.0
2021-03-19 23:00:00,62466.0
2021-03-22 23:00:00,63910.0
2021-03-23 23:00:00,62222.0
2021-03-24 23:00:00,64512.0
2021-03-25 23:00:00,63432.0
2021-03-26 23:00:00,64617.0
2021-03-29 23:00:00,64875.0
2021-03-30 23:00:00,63920.0
2021-03-31 23:00:00,63464.0
2021-04-01 23:00:00,62804.0
2021-04-02 23:00:00,63305.0
2021-04-05 23:00:00,62193.0
2021-04-06 23:00:00,61419.0
2021-04-07 23:00:00,61895.0
2021-04-08 23:00:00,62092.0
2021-04-09 23:00:00,61668.0
2021-04-12 23:00:00,62237.0
2021-04-13 23:00:00,62232.0
2021-04-14 23:00:00,63740.0
2021-04-15 23:00:00,62951.0
2021-04-16 23:00:00,62856.0
2021-04-19 23:00:00,62189.0
2021-04-20 23:00:00,61109.0
2021-04-21 23:00:00,61659.0
2021-04-22 23:00:00,62518.0
2021-04-23 23:00:00,61657.0
2021-04-26 23:00:00,61225.0
2021-04-27 23:00:00,60995.0
2021-04-28 23:00:00,61262.0
2021-04-29 23:00:00,61417.0
2021-04-30 23:00:00,60113.0
2021-05-04 23:00:00,61949.0
2021-05-05 23:00:00,63610.0
2021-05-06 23:00:00,63045.0
2021-05-07 23:00:00,62989.0
2021-05-10 23:00:00,63298.0
2021-05-11 23:00:00,62002.0
2021-05-12 23:00:00,63799.0
2021-05-13 23:00:00,62484.0
2021-05-14 23:00:00,62639.0
2021-05-17 23:00:00,61419.0
2021-05-18 23:00:00,62257.0
2021-05-19 23:00:00,60251.0
2021-05-20 23:00:00,59347.0
2021-05-21 23:00:00,60337.0
2021-05-24 23:00:00,60023.0
2021-05-25 23:00:00,61357.0
2021-05-26 23:00:00,62101.0
2021-05-27 23:00:00,61972.0
2021-05-28 23:00:00,61622.0
2021-05-31 23:00:00,61887.0
2021-06-01 23:00:00,63803.0
2021-06-02 23:00:00,65918.0
2021-06-03 23:00:00,66710.0
2021-06-04 23:00:00,66915.0
2021-06-07 23:00:00,67561.0
2021-06-08 23:00:00,66679.0
2021-06-09 23:00:00,67547.0
2021-06-10 23:00:00,67595.0
2021-06-11 23:00:00,67036.0
2021-06-14 23:00:00,66979.0
2021-06-15 23:00:00,66707.0
2021-06-16 23:00:00,67923.0
2021-06-17 23:00:00,68453.0
2021-06-18 23:00:00,68564.0
2021-06-21 23:00:00,68403.0
2021-06-22 23:00:00,68594.0
2021-06-23 23:00:00,68128.0
2021-06-24 23:00:00,69358.0
2021-06-25 23:00:00,69683.0
2021-06-28 23:00:00,69359.0
2021-06-29 23:00:00,68492.0
2021-06-30 23:00:00,69452.0
2021-07-01 23:00:00,71487.0
2021-07-02 23:00:00,72008.0
2021-07-05 23:00:00,71845.0
2021-07-06 23:00:00,72077.0
2021-07-07 23:00:00,71078.0
2021-07-08 23:00:00,70286.0
2021-07-09 23:00:00,69893.0
2021-07-12 23:00:00,69406.0
2021-07-13 23:00:00,69745.0
2021-07-14 23:00:00,69368.0
2021-07-15 23:00:00,68005.0
2021-07-16 23:00:00,67267.0
2021-07-19 23:00:00,65755.0
2021-07-20 23:00:00,66527.0
2021-07-21 23:00:00,67383.0
2021-07-22 23:00:00,67832.0
2021-07-23 23:00:00,67786.0
2021-07-26 23:00:00,66999.0
2021-07-27 23:00:00,66778.0
2021-07-28 23:00:00,67559.0
2021-07-29 23:00:00,67519.0
2021-07-30 23:00:00,66348.0
2021-08-02 23:00:00,66728.0
2021-08-03 23:00:00,66043.0
2021-08-04 23:00:00,65875.0
2021-08-05 23:00:00,66250.0
2021-08-06 23:00:00,65649.0
2021-08-09 23:00:00,66311.0
2021-08-10 23:00:00,67508.0
2021-08-11 23:00:00,67656.0
2021-08-12 23:00:00,68239.0
2021-08-13 23:00:00,67428.0
2021-08-16 23:00:00,67999.0
2021-08-17 23:00:00,69246.0
2021-08-18 23:00:00,68487.0
2021-08-19 23:00:00,66204.0
2021-08-20 23:00:00,66380.0
2021-08-23 23:00:00,67828.0
2021-08-24 23:00:00,67785.0
2021-08-25 23:00:00,67528.0
2021-08-26 23:00:00,66618.0
2021-08-27 23:00:00,67394.0
2021-08-30 23:00:00,67500.0
2021-08-31 23:00:00,65588.0
2021-09-01 23:00:00,66363.0
2021-09-02 23:00:00,67016.0
2021-09-03 23:00:00,66478.0
2021-09-06 23:00:00,66239.0
2021-09-07 23:00:00,65916.0
2021-09-08 23:00:00,66478.0
2021-09-09 23:00:00,66097.0
2021-09-10 23:00:00,65883.0
2021-09-13 23:00:00,66907.0
2021-09-14 23:00:00,68876.0
2021-09-15 23:00:00,70188.0
2021-09-16 23:00:00,69538.0
2021-09-17 23:00:00,68654.0
2021-09-20 23:00:00,68218.0
2021-09-21 23:00:00,68264.0
2021-09-22 23:00:00,69583.0
2021-09-23 23:00:00,70326.0
2021-09-24 23:00:00,70636.0
2021-09-27 23:00:00,71974.0
2021-09-28 23:00:00,72291.0
2021-09-29 23:00:00,72137.0
2021-09-30 23:00:00,71462.0
2021-10-01 23:00:00,71824.0
2021-10-04 23:00:00,73509.0
2021-10-05 23:00:00,75813.0
2021-10-06 23:00:00,72971.0
2021-10-07 23:00:00,73723.0
2021-10-08 23:00:00,74663.0
2021-10-11 23:00:00,74718.0
2021-10-12 23:00:00,75328.0
2021-10-13 23:00:00,76926.0
2021-10-14 23:00:00,76465.0
2021-10-15 23:00:00,77676.0
2021-10-18 23:00:00,77925.0
2021-10-19 23:00:00,77865.0
2021-10-20 23:00:00,78742.0
2021-10-21 23:00:00,76774.0
2021-10-22 23:00:00,76597.0
2021-10-25 23:00:00,79183.0
2021-10-26 23:00:00,79045.0
2021-10-27 23:00:00,77768.0
2021-10-28 23:00:00,76762.0
2021-10-29 23:00:00,76813.0
2021-11-01 23:00:00,77273.0
2021-11-02 23:00:00,76732.0
2021-11-03 23:00:00,75780.0
2021-11-05 23:00:00,76205.0
2021-11-08 23:00:00,76785.0
2021-11-09 23:00:00,75744.0
2021-11-10 23:00:00,76448.0
2021-11-11 23:00:00,75075.0
2021-11-12 23:00:00,73494.0
2021-11-15 23:00:00,73688.0
2021-11-16 23:00:00,73726.0
2021-11-17 23:00:00,73477.0
2021-11-18 23:00:00,72413.0
2021-11-19 23:00:00,70950.0
2021-11-22 23:00:00,70306.0
2021-11-23 23:00:00,71564.0
2021-11-24 23:00:00,72559.0
2021-11-25 23:00:00,70888.0
2021-11-26 23:00:00,67973.0
2021-11-29 23:00:00,70494.0
2021-11-30 23:00:00,69621.0
2021-12-01 23:00:00,70326.0
2021-12-02 23:00:00,71030.0
2021-12-03 23:00:00,70430.0
2021-12-06 23:00:00,70216.0
2021-12-07 23:00:00,71067.0
2021-12-08 23:00:00,69132.0
2021-12-09 23:00:00,70007.0
2021-12-10 23:00:00,69892.0
2021-12-13 23:00:00,67804.0
2021-12-14 23:00:00,69560.0
2021-12-15 23:00:00,68565.0
2021-12-16 23:00:00,71136.0
2021-12-17 23:00:00,69880.0
2021-12-20 23:00:00,69808.0
2021-12-21 23:00:00,69807.0
2021-12-22 23:00:00,70335.0
2021-12-23 23:00:00,69616.0
2021-12-24 23:00:00,69751.0
2021-12-27 23:00:00,70127.0
2021-12-28 23:00:00,71331.0
2021-12-29 23:00:00,71405.0
2021-12-30 23:00:00,72197.0
2022-01-03 23:00:00,72825.0
2022-01-04 23:00:00,73588.0
2022-01-05 23:00:00,73017.0
2022-01-06 23:00:00,73035.0
2022-01-07 23:00:00,73833.0
2022-01-10 23:00:00,73271.0
2022-01-11 23:00:00,74199.0
2022-01-12 23:00:00,75724.0
2022-01-13 23:00:00,72774.0
2022-01-14 23:00:00,72467.0
2022-01-17 23:00:00,71427.0
2022-01-18 23:00:00,68127.0
2022-01-19 23:00:00,71224.0
2022-01-20 23:00:00,71432.0
2022-01-21 23:00:00,71051.0
2022-01-24 23:00:00,68325.0
2022-01-25 23:00:00,69767.0
2022-01-26 23:00:00,71807.0
2022-01-27 23:00:00,74207.0
2022-01-28 23:00:00,74232.0
2022-01-31 23:00:00,74345.0
2022-02-01 23:00:00,75563.0
2022-02-02 23:00:00,76145.0
2022-02-03 23:00:00,74319.0
2022-02-04 23:00:00,75628.0
2022-02-07 23:00:00,75523.0
2022-02-08 23:00:00,76021.0
2022-02-09 23:00:00,75715.0
2022-02-10 23:00:00,76563.0
2022-02-11 23:00:00,74347.0
2022-02-14 23:00:00,74096.0
2022-02-15 23:00:00,75925.0
2022-02-16 23:00:00,75686.0
2022-02-17 23:00:00,72782.0
2022-02-18 23:00:00,71336.0
2022-02-21 23:00:00,65911.0
2022-02-22 23:00:00,65063.0
2022-02-23 23:00:00,63337.0
2022-02-24 23:00:00,44040.0
2022-02-25 23:00:00,54839.0
2022-02-28 23:00:00,54314.0
2022-03-24 23:00:00,61278.0
2022-03-25 23:00:00,59002.0
2022-03-28 23:00:00,57049.0
2022-03-29 23:00:00,58968.0
2022-03-30 23:00:00,57634.0
2022-03-31 23:00:00,59575.0
2022-04-01 23:00:00,62581.0
2022-04-04 23:00:00,60860.0
2022-04-05 23:00:00,59611.0
2022-04-06 23:00:00,59185.0
2022-04-07 23:00:00,58119.0
2022-04-08 23:00:00,58279.0
2022-04-11 23:00:00,58267.0
2022-04-12 23:00:00,57388.0
2022-04-13 23:00:00,56579.0
2022-04-14 23:00:00,54779.0
2022-04-15 23:00:00,54736.0
2022-04-18 23:00:00,51817.0
2022-04-19 23:00:00,50643.0
2022-04-20 23:00:00,48779.0
2022-04-21 23:00:00,45639.0
2022-04-22 23:00:00,44309.0
2022-04-25 23:00:00,45369.0
2022-04-26 23:00:00,48994.0
2022-04-27 23:00:00,50989.0
2022-04-28 23:00:00,48639.0
2022-04-29 23:00:00,52392.0
2022-05-04 23:00:00,50604.0
2022-05-05 23:00:00,51538.0
2022-05-06 23:00:00,51164.0
2022-05-11 23:00:00,50879.0
2022-05-12 23:00:00,48551.0
2022-05-13 23:00:00,49239.0
2022-05-16 23:00:00,50979.0
2022-05-17 23:00:00,50577.0
2022-05-18 23:00:00,50107.0
2022-05-19 23:00:00,49379.0
2022-05-20 23:00:00,48449.0
2022-05-23 23:00:00,45979.0
2022-05-24 23:00:00,45189.0
2022-05-25 23:00:00,46979.0
2022-05-26 23:00:00,48018.0
2022-05-27 23:00:00,48438.0
2022-05-30 23:00:00,47299.0
2022-05-31 23:00:00,45879.0
2022-06-01 23:00:00,46123.0
2022-06-02 23:00:00,45782.0
2022-06-03 23:00:00,45198.0
2022-06-06 23:00:00,44852.0
2022-06-07 23:00:00,44908.0
2022-06-08 23:00:00,44844.0
2022-06-09 23:00:00,44216.0
2022-06-10 23:00:00,44329.0
2022-06-14 23:00:00,44379.0
2022-06-15 23:00:00,46919.0
2022-06-16 23:00:00,46679.0
2022-06-17 23:00:00,46137.0
2022-06-20 23:00:00,47340.0
2022-06-21 23:00:00,45588.0
2022-06-22 23:00:00,46265.0
2022-06-23 23:00:00,46791.0
2022-06-24 23:00:00,46339.0
2022-06-27 23:00:00,46414.0
2022-06-28 23:00:00,45150.0
2022-06-29 23:00:00,45461.0
2022-06-30 23:00:00,44440.0
2022-07-01 23:00:00,44815.0
2022-07-04 23:00:00,44668.0
2022-07-05 23:00:00,45262.0
2022-07-06 23:00:00,44779.0
2022-07-07 23:00:00,44708.0
2022-07-08 23:00:00,44101.0
2022-07-11 23:00:00,43705.0
2022-07-12 23:00:00,42240.0
2022-07-13 23:00:00,41544.0
2022-07-14 23:00:00,40957.0
2022-07-15 23:00:00,41969.0
2022-07-18 23:00:00,41427.0
2022-07-19 23:00:00,41010.0
2022-07-20 23:00:00,40630.0
2022-07-21 23:00:00,40425.0
2022-07-22 23:00:00,41730.0
2022-07-25 23:00:00,41490.0
2022-07-26 23:00:00,43186.0
2022-07-27 23:00:00,43439.0
2022-07-28 23:00:00,43189.0
2022-07-29 23:00:00,43556.0
2022-08-01 23:00:00,44241.0
2022-08-02 23:00:00,43060.0
2022-08-03 23:00:00,42796.0
2022-08-04 23:00:00,42071.0
2022-08-05 23:00:00,41761.0
2022-08-08 23:00:00,42038.0
2022-08-09 23:00:00,43530.0
2022-08-10 23:00:00,43572.0
2022-08-11 23:00:00,43801.0
2022-08-12 23:00:00,44145.0
2022-08-15 23:00:00,44130.0
2022-08-16 23:00:00,44890.0
2022-08-17 23:00:00,43908.0
2022-08-18 23:00:00,43846.0
2022-08-19 23:00:00,44388.0
2022-08-22 23:00:00,44852.0
2022-08-23 23:00:00,45676.0
2022-08-24 23:00:00,45811.0
2022-08-25 23:00:00,45195.0
2022-08-26 23:00:00,45752.0
2022-08-29 23:00:00,46615.0
2022-08-30 23:00:00,45968.0
2022-08-31 23:00:00,47248.0
2022-09-01 23:00:00,52040.0
2022-09-02 23:00:00,50390.0
2022-09-05 23:00:00,51040.0
2022-09-06 23:00:00,49976.0
2022-09-07 23:00:00,48816.0
2022-09-08 23:00:00,48740.0
2022-09-09 23:00:00,49164.0
2022-09-12 23:00:00,49989.0
2022-09-13 23:00:00,50040.0
2022-09-14 23:00:00,49168.0
2022-09-15 23:00:00,49750.0
2022-09-16 23:00:00,48863.0
2022-09-19 23:00:00,48386.0
2022-09-20 23:00:00,43950.0
2022-09-21 23:00:00,43751.0
2022-09-22 23:00:00,43851.0
2022-09-23 23:00:00,42333.0
2022-09-26 23:00:00,41801.0
2022-09-27 23:00:00,41860.0
2022-09-28 23:00:00,42281.0
2022-09-29 23:00:00,41501.0
2022-09-30 23:00:00,42290.0
2022-10-03 23:00:00,43513.0
2022-10-04 23:00:00,43888.0
2022-10-05 23:00:00,45006.0
2022-10-06 23:00:00,43303.0
2022-10-07 23:00:00,43350.0
2022-10-10 23:00:00,42551.0
2022-10-11 23:00:00,44151.0
2022-10-12 23:00:00,44620.0
2022-10-13 23:00:00,44470.0
2022-10-14 23:00:00,43412.0
2022-10-17 23:00:00,45271.0
2022-10-18 23:00:00,45971.0
2022-10-19 23:00:00,44091.0
2022-10-20 23:00:00,46859.0
2022-10-21 23:00:00,47301.0
2022-10-24 23:00:00,47200.0
2022-10-25 23:00:00,48170.0
2022-10-26 23:00:00,48931.0
2022-10-27 23:00:00,49972.0
2022-10-28 23:00:00,52050.0
2022-10-31 23:00:00,51795.0
2022-11-01 23:00:00,51900.0
2022-11-02 23:00:00,52075.0
2022-11-03 23:00:00,51613.0
2022-11-07 23:00:00,52128.0
2022-11-08 23:00:00,52130.0
2022-11-09 23:00:00,51411.0
2022-11-10 23:00:00,51871.0
2022-11-11 23:00:00,51520.0
2022-11-14 23:00:00,51550.0
2022-11-15 23:00:00,51129.0
2022-11-16 23:00:00,51561.0
2022-11-17 23:00:00,51042.0
2022-11-18 23:00:00,51135.0
2022-11-21 23:00:00,50536.0
2022-11-22 23:00:00,51051.0
2022-11-23 23:00:00,51401.0
2022-11-24 23:00:00,51406.0
2022-11-25 23:00:00,51503.0
2022-11-28 23:00:00,51002.0
2022-11-29 23:00:00,50876.0
2022-11-30 23:00:00,50832.0
2022-12-01 23:00:00,50849.0
2022-12-02 23:00:00,50547.0
2022-12-05 23:00:00,51027.0
2022-12-06 23:00:00,51052.0
2022-12-07 23:00:00,50836.0
2022-12-08 23:00:00,50707.0
2022-12-09 23:00:00,50501.0
2022-12-12 23:00:00,50624.0
2022-12-13 23:00:00,50542.0
2022-12-14 23:00:00,50571.0
2022-12-15 23:00:00,49802.0
2022-12-16 23:00:00,50313.0
2022-12-19 23:00:00,50479.0
2022-12-20 23:00:00,52490.0
2022-12-21 23:00:00,52109.0
2022-12-22 23:00:00,52077.0
2022-12-23 23:00:00,51981.0
2022-12-26 23:00:00,51980.0
2022-12-27 23:00:00,52103.0
2022-12-28 23:00:00,52066.0
2022-12-29 23:00:00,52039.0
2022-12-30 23:00:00,52414.0
2023-01-03 23:00:00,53112.0
2023-01-04 23:00:00,52872.0
2023-01-05 23:00:00,52472.0
2023-01-06 23:00:00,52662.0
2023-01-09 23:00:00,52604.0
2023-01-10 23:00:00,52286.0
2023-01-11 23:00:00,52627.0
2023-01-12 23:00:00,52307.0
2023-01-13 23:00:00,52289.0
2023-01-16 23:00:00,52244.0
2023-01-17 23:00:00,52083.0
2023-01-18 23:00:00,51890.0
2023-01-19 23:00:00,51402.0
2023-01-20 23:00:00,51037.0
2023-01-23 23:00:00,51291.0
2023-01-24 23:00:00,51086.0
2023-01-25 23:00:00,50662.0
2023-01-26 23:00:00,50685.0
2023-01-27 23:00:00,50717.0
2023-01-30 23:00:00,50950.0
2023-01-31 23:00:00,51164.0
2023-02-01 23:00:00,50954.0
2023-02-02 23:00:00,50672.0
2023-02-03 23:00:00,50770.0
2023-02-06 23:00:00,50872.0
2023-02-07 23:00:00,51163.0
2023-02-08 23:00:00,50805.0
2023-02-09 23:00:00,50787.0
2023-02-10 23:00:00,50854.0
2023-02-13 23:00:00,50843.0
2023-02-14 23:00:00,50643.0
2023-02-15 23:00:00,50104.0
2023-02-16 23:00:00,49628.0
2023-02-17 23:00:00,49845.0
2023-02-20 23:00:00,50480.0
2023-02-21 23:00:00,50449.0
2023-02-22 23:00:00,50624.0
2023-02-24 23:00:00,50337.0
2023-02-27 23:00:00,50357.0
2023-02-28 23:00:00,51081.0
2023-03-01 23:00:00,51814.0
2023-03-02 23:00:00,51475.0
2023-03-03 23:00:00,51664.0
2023-03-06 23:00:00,52413.0
2023-03-07 23:00:00,52531.0
2023-03-09 23:00:00,52452.0
2023-03-10 23:00:00,52077.0
2023-03-13 23:00:00,51959.0
2023-03-14 23:00:00,52110.0
2023-03-15 23:00:00,51325.0
2023-03-16 23:00:00,51869.0
2023-03-17 23:00:00,52328.0
2023-03-20 23:00:00,53509.0
2023-03-21 23:00:00,53519.0
2023-03-22 23:00:00,53312.0
2023-03-23 23:00:00,52894.0
2023-03-24 23:00:00,53108.0
2023-03-27 23:00:00,54108.0
2023-03-28 23:00:00,54422.0
2023-03-29 23:00:00,54386.0
2023-03-30 23:00:00,54859.0
2023-03-31 23:00:00,54537.0
2023-04-03 23:00:00,55708.0
2023-04-04 23:00:00,56058.0
2023-04-05 23:00:00,56258.0
2023-04-06 23:00:00,56883.0
2023-04-07 23:00:00,57025.0
2023-04-10 23:00:00,57465.0
2023-04-11 23:00:00,57358.0
2023-04-12 23:00:00,57444.0
2023-04-13 23:00:00,57289.0
2023-04-14 23:00:00,56929.0
2023-04-17 23:00:00,57481.0
2023-04-18 23:00:00,56984.0
2023-04-19 23:00:00,56341.0
2023-04-20 23:00:00,55093.0
2023-04-21 23:00:00,54707.0
2023-04-24 23:00:00,54591.0
2023-04-25 23:00:00,54320.0
2023-04-26 23:00:00,53958.0
2023-04-27 23:00:00,54178.0
2023-04-28 23:00:00,53988.0
2023-05-02 23:00:00,53033.0
2023-05-03 23:00:00,52368.0
2023-05-04 23:00:00,52146.0
2023-05-05 23:00:00,52157.0
2023-05-08 23:00:00,52623.0
2023-05-10 23:00:00,53724.0
2023-05-11 23:00:00,54988.0
2023-05-12 23:00:00,54810.0
2023-05-15 23:00:00,56423.0
2023-05-16 23:00:00,57481.0
2023-05-17 23:00:00,57556.0
2023-05-18 23:00:00,57558.0
2023-05-19 23:00:00,57238.0
2023-05-22 23:00:00,57433.0
2023-05-23 23:00:00,57798.0
2023-05-24 23:00:00,58648.0
2023-05-25 23:00:00,58508.0
2023-05-26 23:00:00,59347.0
2023-05-29 23:00:00,61998.0
2023-05-30 23:00:00,61887.0
2023-05-31 23:00:00,62168.0
2023-06-01 23:00:00,63111.0
2023-06-02 23:00:00,64193.0
2023-06-05 23:00:00,62639.0
2023-06-06 23:00:00,61743.0
2023-06-07 23:00:00,61605.0
2023-06-08 23:00:00,61216.0
2023-06-09 23:00:00,61353.0
2023-06-13 23:00:00,62858.0
2023-06-14 23:00:00,62828.0
2023-06-15 23:00:00,63363.0
2023-06-16 23:00:00,63134.0
2023-06-19 23:00:00,62548.0
2023-06-20 23:00:00,61911.0
2023-06-21 23:00:00,61646.0
2023-06-22 23:00:00,61973.0
2023-06-23 23:00:00,61356.0
2023-06-26 23:00:00,60780.0
2023-06-27 23:00:00,61577.0
2023-06-28 23:00:00,61352.0
2023-06-29 23:00:00,61474.0
2023-06-30 23:00:00,61370.0
2023-07-03 23:00:00,61107.0
2023-07-04 23:00:00,62731.0
2023-07-05 23:00:00,62975.0
2023-07-06 23:00:00,63186.0
2023-07-07 23:00:00,64372.0
2023-07-10 23:00:00,64326.0
2023-07-11 23:00:00,64070.0
2023-07-12 23:00:00,65122.0
2023-07-13 23:00:00,64651.0
2023-07-14 23:00:00,65110.0
2023-07-17 23:00:00,64876.0
2023-07-18 23:00:00,65377.0
2023-07-19 23:00:00,65133.0
2023-07-20 23:00:00,64345.0
2023-07-21 23:00:00,64906.0
2023-07-24 23:00:00,65052.0
2023-07-25 23:00:00,66335.0
2023-07-26 23:00:00,66206.0
2023-07-27 23:00:00,66632.0
2023-07-28 23:00:00,68204.0
2023-07-31 23:00:00,69406.0
2023-08-01 23:00:00,70115.0
2023-08-02 23:00:00,70396.0
2023-08-03 23:00:00,71226.0
2023-08-04 23:00:00,70433.0
2023-08-07 23:00:00,70511.0
2023-08-08 23:00:00,70684.0
2023-08-09 23:00:00,71176.0
2023-08-10 23:00:00,72273.0
2023-08-11 23:00:00,72315.0
2023-08-14 23:00:00,71666.0
2023-08-15 23:00:00,71796.0
2023-08-16 23:00:00,70609.0
2023-08-17 23:00:00,70935.0
2023-08-18 23:00:00,72234.0
2023-08-21 23:00:00,72308.0
2023-08-22 23:00:00,75386.0
2023-08-23 23:00:00,75176.0
2023-08-24 23:00:00,75116.0
2023-08-25 23:00:00,75315.0
2023-08-28 23:00:00,76026.0
2023-08-29 23:00:00,77066.0
2023-08-30 23:00:00,78176.0
2023-08-31 23:00:00,78126.0
2023-09-01 23:00:00,77827.0
2023-09-04 23:00:00,78332.0
2023-09-05 23:00:00,78688.0
2023-09-06 23:00:00,78264.0
2023-09-07 23:00:00,76156.0
2023-09-08 23:00:00,75691.0
2023-09-11 23:00:00,74669.0
2023-09-12 23:00:00,75799.0
2023-09-13 23:00:00,75736.0
2023-09-14 23:00:00,74776.0
2023-09-15 23:00:00,74876.0
2023-09-18 23:00:00,74032.0
2023-09-19 23:00:00,73367.0
2023-09-20 23:00:00,74096.0
2023-09-21 23:00:00,73770.0
2023-09-22 23:00:00,75145.0
2023-09-25 23:00:00,74702.0
2023-09-26 23:00:00,73840.0
2023-09-27 23:00:00,74446.0
2023-09-28 23:00:00,76095.0
2023-09-29 23:00:00,76765.0
2023-10-02 23:00:00,76762.0
2023-10-03 23:00:00,77220.0
2023-10-04 23:00:00,76554.0
2023-10-05 23:00:00,76498.0
2023-10-06 23:00:00,76765.0
2023-10-09 23:00:00,77485.0
2023-10-10 23:00:00,77057.0
2023-10-11 23:00:00,78235.0
2023-10-12 23:00:00,77592.0
2023-10-13 23:00:00,78168.0
2023-10-16 23:00:00,79220.0
2023-10-17 23:00:00,80088.0
2023-10-18 23:00:00,80171.0
2023-10-19 23:00:00,79809.0
2023-10-20 23:00:00,80106.0
2023-10-23 23:00:00,79975.0
2023-10-24 23:00:00,79520.0
2023-10-25 23:00:00,78886.0
2023-10-26 23:00:00,77720.0
2023-10-27 23:00:00,77916.0
2023-10-30 23:00:00,77596.0
2023-10-31 23:00:00,77069.0
2023-11-01 23:00:00,77662.0
2023-11-02 23:00:00,77330.0
2023-11-03 23:00:00,77270.0
2023-11-06 23:00:00,78509.0
2023-11-07 23:00:00,78573.0
2023-11-08 23:00:00,78139.0
2023-11-09 23:00:00,78066.0
2023-11-10 23:00:00,77796.0
2023-11-13 23:00:00,77795.0
2023-11-14 23:00:00,76970.0
2023-11-15 23:00:00,77406.0
2023-11-16 23:00:00,76450.0
2023-11-17 23:00:00,76919.0
2023-11-20 23:00:00,76668.0
2023-11-21 23:00:00,76662.0
2023-11-22 23:00:00,77370.0
2023-11-23 23:00:00,77179.0
2023-11-24 23:00:00,77457.0
2023-11-27 23:00:00,76930.0
2023-11-28 23:00:00,76770.0
2023-11-29 23:00:00,76612.0
2023-11-30 23:00:00,77357.0
2023-12-01 23:00:00,76431.0
2023-12-04 23:00:00,76241.0
2023-12-05 23:00:00,76859.0
2023-12-06 23:00:00,75522.0
2023-12-07 23:00:00,75312.0
2023-12-08 23:00:00,75621.0
2023-12-11 23:00:00,73966.0
2023-12-12 23:00:00,74528.0
2023-12-13 23:00:00,74410.0
2023-12-14 23:00:00,73345.0
2023-12-15 23:00:00,73920.0
2023-12-18 23:00:00,75909.0
2023-12-19 23:00:00,75596.0
2023-12-20 23:00:00,76413.0
2023-12-21 23:00:00,75445.0
2023-12-22 23:00:00,75836.0
2023-12-25 23:00:00,75757.0
2023-12-26 23:00:00,75749.0
2023-12-27 23:00:00,75892.0
2023-12-28 23:00:00,75807.0
2023-12-29 23:00:00,75562.0
2024-01-03 23:00:00,75932.0
2024-01-04 23:00:00,75583.0
2024-01-05 23:00:00,75579.0
2024-01-08 23:00:00,75514.0
2024-01-09 23:00:00,76807.0
2024-01-10 23:00:00,77357.0
2024-01-11 23:00:00,77384.0
2024-01-12 23:00:00,77332.0
2024-01-15 23:00:00,76432.0
2024-01-16 23:00:00,76012.0
2024-01-17 23:00:00,76232.0
2024-01-18 23:00:00,76185.0
2024-01-19 23:00:00,75931.0
2024-01-22 23:00:00,75814.0
2024-01-23 23:00:00,75232.0
2024-01-24 23:00:00,75291.0
2024-01-25 23:00:00,75030.0
2024-01-26 23:00:00,75881.0
2024-01-29 23:00:00,76506.0
2024-01-30 23:00:00,76993.0
2024-01-31 23:00:00,78046.0
2024-02-01 23:00:00,77832.0
2024-02-02 23:00:00,78096.0
2024-02-05 23:00:00,78092.0
2024-02-06 23:00:00,78524.0
2024-02-07 23:00:00,79376.0
2024-02-08 23:00:00,79012.0
2024-02-09 23:00:00,79123.0
2024-02-12 23:00:00,79419.0
2024-02-13 23:00:00,79136.0
2024-02-14 23:00:00,78926.0
2024-02-15 23:00:00,79392.0
2024-02-16 23:00:00,78713.0
2024-02-19 23:00:00,78443.0
2024-02-20 23:00:00,77685.0
2024-02-21 23:00:00,76232.0
2024-02-22 23:00:00,76355.0
2024-02-26 23:00:00,77675.0
2024-02-27 23:00:00,77532.0
2024-02-28 23:00:00,78414.0
2024-02-29 23:00:00,79998.0
2024-03-01 23:00:00,80532.0
2024-03-04 23:00:00,81112.0
2024-03-05 23:00:00,80974.0
2024-03-06 23:00:00,81162.0
2024-03-07 23:00:00,80819.0
2024-03-11 23:00:00,81233.0
2024-03-12 23:00:00,81033.0
2024-03-13 23:00:00,79957.0
2024-03-14 23:00:00,79150.0
2024-03-15 23:00:00,79219.0
2024-03-18 23:00:00,78776.0
2024-03-19 23:00:00,78357.0
2024-03-20 23:00:00,79890.0
2024-03-21 23:00:00,80188.0
2024-03-22 23:00:00,76922.0
2024-03-25 23:00:00,77551.0
2024-03-26 23:00:00,77347.0
2024-03-27 23:00:00,77943.0
2024-03-28 23:00:00,77814.0
2024-03-29 23:00:00,78503.0
2024-04-01 23:00:00,79560.0
2024-04-02 23:00:00,79488.0
2024-04-03 23:00:00,79474.0
2024-04-04 23:00:00,80214.0
2024-04-05 23:00:00,79668.0
2024-04-08 23:00:00,79973.0
2024-04-09 23:00:00,79842.0
2024-04-10 23:00:00,80324.0
2024-04-11 23:00:00,80621.0
2024-04-12 23:00:00,80332.0
2024-04-15 23:00:00,81074.0
2024-04-16 23:00:00,80874.0
2024-04-17 23:00:00,80899.0
2024-04-18 23:00:00,80349.0
2024-04-19 23:00:00,80400.0
2024-04-22 23:00:00,80643.0
2024-04-23 23:00:00,80183.0
2024-04-24 23:00:00,80407.0
2024-04-25 23:00:00,80496.0
2024-04-26 23:00:00,81005.0
2024-04-27 23:00:00,81853.0
2024-04-29 23:00:00,83250.0
2024-04-30 23:00:00,82748.0
2024-05-02 23:00:00,82450.0
2024-05-03 23:00:00,82681.0
2024-05-06 23:00:00,81393.0
2024-05-07 23:00:00,83472.0
2024-05-08 23:00:00,83327.0
2024-05-10 23:00:00,83313.0
2024-05-13 23:00:00,83103.0
2024-05-14 23:00:00,82923.0
2024-05-15 23:00:00,82462.0
2024-05-16 23:00:00,82718.0
2024-05-17 23:00:00,84451.0
2024-05-20 23:00:00,83728.0
2024-05-21 23:00:00,83922.0
2024-05-22 23:00:00,84043.0
2024-05-23 23:00:00,84301.0
2024-05-24 23:00:00,83248.0
2024-05-27 23:00:00,81471.0
2024-05-28 23:00:00,81767.0
2024-05-29 23:00:00,81999.0
2024-05-30 23:00:00,81328.0
2024-05-31 23:00:00,79397.0
2024-06-03 23:00:00,77448.0
2024-06-04 23:00:00,78505.0
2024-06-05 23:00:00,80073.0
2024-06-06 23:00:00,79389.0
2024-06-07 23:00:00,79873.0
2024-06-10 23:00:00,78293.0
2024-06-11 23:00:00,77863.0
2024-06-13 23:00:00,77592.0
2024-06-14 23:00:00,78653.0
2024-06-17 23:00:00,77222.0
2024-06-18 23:00:00,75804.0
2024-06-19 23:00:00,73800.0
2024-06-20 23:00:00,75961.0
2024-06-21 23:00:00,75729.0
2024-06-24 23:00:00,75564.0
2024-06-25 23:00:00,76082.0
2024-06-26 23:00:00,77413.0
2024-06-27 23:00:00,76684.0
2024-06-28 23:00:00,76535.0
2024-07-01 23:00:00,77396.0
2024-07-02 23:00:00,77545.0
2024-07-03 23:00:00,77027.0
2024-07-04 23:00:00,75154.0
2024-07-05 23:00:00,76180.0
2024-07-08 23:00:00,75132.0
2024-07-09 23:00:00,73846.0
2024-07-10 23:00:00,71664.0
2024-07-11 23:00:00,72945.0
2024-07-12 23:00:00,72664.0
2024-07-15 23:00:00,71744.0
2024-07-16 23:00:00,72096.0
2024-07-17 23:00:00,71840.0
2024-07-18 23:00:00,72670.0
2024-07-19 23:00:00,72911.0
2024-07-22 23:00:00,73364.0
2024-07-23 23:00:00,73354.0
2024-07-24 23:00:00,73298.0
2024-07-25 23:00:00,72948.0
2024-07-26 23:00:00,72246.0
2024-07-29 23:00:00,70295.0
2024-07-30 23:00:00,71369.0
2024-07-31 23:00:00,70725.0
2024-08-01 23:00:00,70156.0
2024-08-02 23:00:00,69144.0
2024-08-05 23:00:00,67196.0
2024-08-06 23:00:00,67125.0
2024-08-07 23:00:00,68243.0
2024-08-08 23:00:00,67296.0
2024-08-09 23:00:00,66964.0
2024-08-12 23:00:00,66744.0
2024-08-13 23:00:00,67089.0
2024-08-14 23:00:00,66745.0
2024-08-15 23:00:00,66044.0
2024-08-16 23:00:00,65599.0
2024-08-19 23:00:00,64119.0
2024-08-20 23:00:00,64125.0
2024-08-21 23:00:00,65172.0
2024-08-22 23:00:00,67004.0
2024-08-23 23:00:00,65959.0
2024-08-26 23:00:00,68369.0
2024-08-27 23:00:00,67407.0
2024-08-28 23:00:00,66377.0
2024-08-29 23:00:00,65404.0
2024-08-30 23:00:00,64194.0
2024-09-02 23:00:00,62890.0
2024-09-03 23:00:00,63556.0
2024-09-04 23:00:00,64542.0
2024-09-05 23:00:00,64920.0
2024-09-06 23:00:00,64944.0
2024-09-09 23:00:00,66803.0
2024-09-10 23:00:00,66266.0
2024-09-11 23:00:00,66614.0
2024-09-12 23:00:00,65815.0
2024-09-13 23:00:00,67744.0
2024-09-16 23:00:00,69599.0
2024-09-17 23:00:00,70042.0
2024-09-18 23:00:00,69139.0
2024-09-19 23:00:00,69544.0
2024-09-20 23:00:00,70524.0
2024-09-23 23:00:00,71430.0
2024-09-24 23:00:00,70696.0
2024-09-25 23:00:00,69668.0
2024-09-26 23:00:00,69737.0
