DATETIME,price
2010-03-15 23:00:00,14643.0
2010-03-16 23:00:00,15233.0
2010-03-17 23:00:00,15252.0
2010-03-18 23:00:00,15208.0
2010-03-19 23:00:00,15102.0
2010-03-22 23:00:00,15462.0
2010-03-23 23:00:00,15407.0
2010-03-24 23:00:00,15512.0
2010-03-25 23:00:00,15662.0
2010-03-26 23:00:00,16114.0
2010-03-29 23:00:00,16142.0
2010-03-30 23:00:00,16195.0
2010-03-31 23:00:00,16235.0
2010-04-01 23:00:00,16314.0
2010-04-02 23:00:00,16398.0
2010-04-05 23:00:00,16380.0
2010-04-06 23:00:00,16375.0
2010-04-07 23:00:00,16315.0
2010-04-08 23:00:00,16860.0
2010-04-09 23:00:00,16808.0
2010-04-12 23:00:00,17070.0
2010-04-13 23:00:00,17062.0
2010-04-14 23:00:00,17949.0
2010-04-15 23:00:00,17913.0
2010-04-16 23:00:00,17442.0
2010-04-19 23:00:00,16750.0
2010-04-20 23:00:00,17028.0
2010-04-21 23:00:00,16896.0
2010-04-22 23:00:00,16693.0
2010-04-23 23:00:00,16802.0
2010-04-26 23:00:00,17341.0
2010-04-27 23:00:00,17512.0
2010-04-28 23:00:00,17181.0
2010-04-29 23:00:00,17375.0
2010-04-30 23:00:00,17403.0
2010-05-04 23:00:00,17026.0
2010-05-05 23:00:00,16062.0
2010-05-06 23:00:00,16629.0
2010-05-07 23:00:00,15027.0
2010-05-11 23:00:00,17058.0
2010-05-12 23:00:00,17472.0
2010-05-13 23:00:00,17087.0
2010-05-14 23:00:00,16731.0
2010-05-17 23:00:00,16910.0
2010-05-18 23:00:00,16699.0
2010-05-19 23:00:00,15832.0
2010-05-20 23:00:00,14947.0
2010-05-21 23:00:00,15337.0
2010-05-24 23:00:00,14896.0
2010-05-25 23:00:00,13784.0
2010-05-26 23:00:00,14545.0
2010-05-27 23:00:00,14979.0
2010-05-28 23:00:00,15069.0
2010-05-31 23:00:00,15250.0
2010-06-01 23:00:00,14599.0
2010-06-02 23:00:00,15003.0
2010-06-03 23:00:00,15632.0
2010-06-04 23:00:00,15178.0
2010-06-08 23:00:00,14969.0
2010-06-07 23:00:00,14969.0
2010-06-15 23:00:00,15018.0
2010-06-16 23:00:00,15671.0
2010-06-17 23:00:00,15083.0
2010-06-18 23:00:00,15057.0
2010-06-21 23:00:00,15237.0
2010-06-22 23:00:00,15045.0
2010-06-24 23:00:00,15481.0
2010-06-25 23:00:00,16149.0
2010-06-28 23:00:00,16359.0
2010-06-29 23:00:00,15186.0
2010-06-30 23:00:00,15268.0
2010-07-01 23:00:00,15023.0
2010-07-02 23:00:00,14768.0
2010-07-05 23:00:00,15048.0
2010-07-06 23:00:00,15638.0
2010-07-07 23:00:00,15377.0
2010-07-08 23:00:00,15968.0
2010-07-09 23:00:00,15996.0
2010-07-12 23:00:00,15908.0
2010-07-13 23:00:00,16087.0
2010-07-14 23:00:00,15688.0
2010-07-15 23:00:00,15638.0
2010-07-16 23:00:00,15781.0
2010-07-19 23:00:00,15823.0
2010-07-20 23:00:00,15797.0
2010-07-21 23:00:00,15827.0
2010-07-22 23:00:00,16054.0
2010-07-23 23:00:00,15999.0
2010-07-26 23:00:00,16078.0
2010-07-27 23:00:00,16058.0
2010-07-28 23:00:00,16018.0
2010-07-29 23:00:00,16268.0
2010-07-30 23:00:00,15796.0
2010-08-02 23:00:00,15938.0
2010-08-03 23:00:00,16221.0
2010-08-04 23:00:00,16067.0
2010-08-05 23:00:00,16368.0
2010-08-06 23:00:00,16181.0
2010-08-09 23:00:00,16261.0
2010-08-10 23:00:00,16130.0
2010-08-11 23:00:00,16120.0
2010-08-12 23:00:00,16067.0
2010-08-13 23:00:00,16140.0
2010-08-16 23:00:00,16119.0
2010-08-17 23:00:00,16298.0
2010-08-18 23:00:00,16143.0
2010-08-19 23:00:00,16146.0
2010-08-20 23:00:00,16158.0
2010-08-23 23:00:00,16184.0
2010-08-24 23:00:00,16173.0
2010-08-25 23:00:00,16188.0
2010-08-26 23:00:00,16538.0
2010-08-27 23:00:00,16583.0
2010-08-30 23:00:00,16924.0
2010-08-31 23:00:00,16718.0
2010-09-01 23:00:00,16706.0
2010-09-02 23:00:00,16693.0
2010-09-03 23:00:00,16526.0
2010-09-06 23:00:00,16715.0
2010-09-07 23:00:00,16616.0
2010-09-08 23:00:00,16972.0
2010-09-09 23:00:00,17278.0
2010-09-10 23:00:00,17212.0
2010-09-13 23:00:00,17552.0
2010-09-14 23:00:00,17486.0
2010-09-15 23:00:00,17506.0
2010-09-16 23:00:00,19506.0
2010-09-20 23:00:00,17276.0
2010-09-21 23:00:00,17263.0
2010-09-22 23:00:00,16821.0
2010-09-23 23:00:00,16582.0
2010-09-24 23:00:00,17100.0
2010-09-27 23:00:00,16945.0
2010-09-28 23:00:00,16749.0
2010-09-29 23:00:00,16801.0
2010-09-30 23:00:00,16824.0
2010-10-01 23:00:00,16666.0
2010-10-04 23:00:00,16941.0
2010-10-05 23:00:00,16971.0
2010-10-06 23:00:00,16874.0
2010-10-07 23:00:00,16908.0
2010-10-08 23:00:00,16716.0
2010-10-11 23:00:00,16792.0
2010-10-12 23:00:00,16743.0
2010-10-13 23:00:00,16682.0
2010-10-14 23:00:00,16455.0
2010-10-15 23:00:00,16577.0
2010-10-18 23:00:00,16532.0
2010-10-19 23:00:00,16865.0
2010-10-20 23:00:00,16566.0
2010-10-21 23:00:00,16912.0
2010-10-22 23:00:00,16690.0
2010-10-25 23:00:00,16739.0
2010-10-26 23:00:00,16490.0
2010-10-27 23:00:00,16486.0
2010-10-28 23:00:00,16446.0
2010-10-29 23:00:00,16476.0
2010-11-01 23:00:00,16532.0
2010-11-02 23:00:00,16886.0
2010-11-03 23:00:00,17185.0
2010-11-08 23:00:00,17573.0
2010-11-09 23:00:00,17610.0
2010-11-10 23:00:00,17446.0
2010-11-11 23:00:00,17315.0
2010-11-12 23:00:00,17241.0
2010-11-13 23:00:00,17139.0
2010-11-15 23:00:00,17144.0
2010-11-16 23:00:00,17105.0
2010-11-17 23:00:00,17187.0
2010-11-18 23:00:00,17417.0
2010-11-19 23:00:00,17449.0
2010-11-22 23:00:00,17284.0
2010-11-23 23:00:00,17098.0
2010-11-24 23:00:00,17147.0
2010-11-25 23:00:00,17123.0
2010-11-26 23:00:00,17066.0
2010-11-29 23:00:00,17077.0
2010-11-30 23:00:00,17012.0
2010-12-01 23:00:00,17219.0
2010-12-02 23:00:00,17310.0
2010-12-03 23:00:00,17252.0
2010-12-06 23:00:00,17342.0
2010-12-07 23:00:00,17372.0
2010-12-08 23:00:00,17172.0
2010-12-09 23:00:00,17134.0
2010-12-10 23:00:00,17063.0
2010-12-13 23:00:00,17111.0
2010-12-14 23:00:00,17044.0
2010-12-15 23:00:00,16837.0
2010-12-16 23:00:00,16853.0
2010-12-17 23:00:00,17143.0
2010-12-20 23:00:00,17293.0
2010-12-21 23:00:00,17574.0
2010-12-22 23:00:00,17545.0
2010-12-23 23:00:00,17478.0
2010-12-24 23:00:00,17394.0
2010-12-27 23:00:00,17323.0
2010-12-28 23:00:00,17307.0
2010-12-29 23:00:00,17355.0
2010-12-30 23:00:00,17488.0
2011-01-11 23:00:00,17629.0
2011-01-12 23:00:00,17496.0
2011-01-13 23:00:00,17407.0
2011-01-14 23:00:00,17275.0
2011-01-17 23:00:00,17504.0
2011-01-18 23:00:00,17395.0
2011-01-19 23:00:00,17789.0
2011-01-20 23:00:00,17407.0
2011-01-21 23:00:00,17324.0
2011-01-24 23:00:00,17169.0
2011-01-25 23:00:00,17090.0
2011-01-26 23:00:00,17101.0
2011-01-27 23:00:00,16794.0
2011-01-28 23:00:00,16744.0
2011-01-31 23:00:00,16447.0
2011-02-01 23:00:00,16563.0
2011-02-02 23:00:00,16382.0
2011-02-03 23:00:00,16392.0
2011-02-04 23:00:00,16492.0
2011-02-07 23:00:00,16603.0
2011-02-08 23:00:00,16514.0
2011-02-09 23:00:00,16483.0
2011-02-10 23:00:00,16194.0
2011-02-11 23:00:00,16235.0
2011-02-14 23:00:00,16239.0
2011-02-15 23:00:00,16111.0
2011-02-16 23:00:00,16493.0
2011-02-17 23:00:00,16689.0
2011-02-18 23:00:00,16895.0
2011-02-21 23:00:00,17003.0
2011-02-22 23:00:00,16617.0
2011-02-24 23:00:00,15895.0
2011-02-25 23:00:00,17031.0
2011-02-28 23:00:00,16294.0
2011-03-02 23:00:00,15872.0
2011-03-03 23:00:00,15994.0
2011-03-04 23:00:00,16347.0
2011-03-05 23:00:00,16442.0
2011-03-09 23:00:00,16935.0
2011-03-10 23:00:00,16880.0
2011-03-11 23:00:00,16749.0
2011-03-14 23:00:00,16652.0
2011-03-01 23:00:00,16652.0
2011-03-15 23:00:00,15747.0
2011-03-16 23:00:00,15566.0
2011-03-17 23:00:00,15789.0
2011-03-18 23:00:00,15815.0
2011-03-21 23:00:00,16061.0
2011-03-22 23:00:00,15982.0
2011-03-23 23:00:00,16070.0
2011-03-24 23:00:00,16084.0
2011-03-25 23:00:00,16715.0
2011-03-28 23:00:00,16760.0
2011-03-29 23:00:00,16665.0
2011-03-30 23:00:00,16765.0
2011-03-31 23:00:00,16911.0
2011-04-01 23:00:00,17103.0
2011-04-04 23:00:00,16965.0
2011-04-05 23:00:00,16869.0
2011-04-06 23:00:00,16931.0
2011-04-07 23:00:00,16899.0
2011-04-08 23:00:00,17004.0
2011-04-11 23:00:00,16764.0
2011-04-12 23:00:00,16289.0
2011-04-13 23:00:00,16579.0
2011-04-14 23:00:00,16287.0
2011-04-15 23:00:00,16717.0
2011-04-18 23:00:00,15921.0
2011-04-19 23:00:00,16047.0
2011-04-20 23:00:00,16199.0
2011-04-21 23:00:00,16330.0
2011-04-22 23:00:00,16517.0
2011-04-25 23:00:00,16217.0
2011-04-26 23:00:00,16347.0
2011-04-27 23:00:00,16023.0
2011-04-28 23:00:00,16114.0
2011-04-29 23:00:00,16582.0
2011-05-03 23:00:00,16440.0
2011-05-04 23:00:00,15950.0
2011-05-05 23:00:00,16061.0
2011-05-06 23:00:00,16345.0
2011-05-10 23:00:00,16537.0
2011-05-11 23:00:00,16838.0
2011-05-12 23:00:00,16350.0
2011-05-13 23:00:00,16306.0
2011-05-16 23:00:00,16505.0
2011-05-17 23:00:00,16294.0
2011-05-18 23:00:00,16452.0
2011-05-19 23:00:00,16300.0
2011-05-20 23:00:00,16329.0
2011-05-23 23:00:00,15701.0
2011-05-24 23:00:00,15716.0
2011-05-25 23:00:00,15695.0
2011-05-26 23:00:00,15519.0
2011-05-27 23:00:00,15840.0
2011-05-30 23:00:00,15865.0
2011-05-31 23:00:00,16024.0
2011-06-01 23:00:00,16114.0
2011-06-02 23:00:00,15980.0
2011-06-03 23:00:00,15765.0
2011-06-06 23:00:00,15958.0
2011-06-07 23:00:00,15965.0
2011-06-08 23:00:00,15961.0
2011-06-09 23:00:00,16618.0
2011-06-10 23:00:00,16460.0
2011-06-14 23:00:00,16645.0
2011-06-15 23:00:00,16362.0
2011-06-16 23:00:00,16215.0
2011-06-17 23:00:00,15980.0
2011-06-20 23:00:00,15725.0
2011-06-21 23:00:00,15672.0
2011-06-22 23:00:00,15555.0
2011-06-23 23:00:00,15213.0
2011-06-24 23:00:00,15439.0
2011-06-27 23:00:00,15185.0
2011-06-28 23:00:00,15211.0
2011-06-29 23:00:00,15110.0
2011-06-30 23:00:00,15230.0
2011-07-01 23:00:00,16360.0
2011-07-04 23:00:00,16522.0
2011-07-05 23:00:00,16678.0
2011-07-06 23:00:00,16624.0
2011-07-07 23:00:00,16833.0
2011-07-08 23:00:00,16472.0
2011-07-11 23:00:00,16346.0
2011-07-12 23:00:00,16181.0
2011-07-13 23:00:00,15426.0
2011-07-14 23:00:00,16255.0
2011-07-15 23:00:00,16144.0
2011-07-18 23:00:00,16157.0
2011-07-19 23:00:00,16229.0
2011-07-20 23:00:00,16117.0
2011-07-21 23:00:00,16194.0
2011-07-22 23:00:00,16352.0
2011-07-25 23:00:00,16565.0
2011-07-26 23:00:00,16575.0
2011-07-27 23:00:00,16543.0
2011-07-28 23:00:00,16574.0
2011-07-29 23:00:00,16184.0
2011-08-01 23:00:00,16444.0
2011-08-02 23:00:00,16414.0
2011-08-03 23:00:00,15487.0
2011-08-04 23:00:00,15370.0
2011-08-05 23:00:00,15086.0
2011-08-08 23:00:00,14081.0
2011-08-09 23:00:00,14344.0
2011-08-10 23:00:00,14137.0
2011-08-11 23:00:00,13025.0
2011-08-12 23:00:00,14522.0
2011-08-15 23:00:00,14324.0
2011-08-16 23:00:00,13433.0
2011-08-17 23:00:00,14206.0
2011-08-18 23:00:00,13563.0
2011-08-19 23:00:00,13103.0
2011-08-22 23:00:00,13555.0
2011-08-23 23:00:00,13396.0
2011-08-24 23:00:00,13483.0
2011-08-25 23:00:00,13828.0
2011-08-29 23:00:00,12935.0
2011-08-30 23:00:00,13805.0
2011-08-31 23:00:00,13925.0
2011-09-01 23:00:00,14675.0
2011-09-02 23:00:00,14352.0
2011-09-05 23:00:00,14125.0
2011-09-06 23:00:00,13458.0
2011-09-07 23:00:00,13748.0
2011-09-08 23:00:00,13384.0
2011-09-09 23:00:00,12935.0
2011-09-12 23:00:00,12590.0
2011-09-13 23:00:00,12625.0
2011-09-14 23:00:00,12489.0
2011-09-15 23:00:00,12939.0
2011-09-19 23:00:00,12572.0
2011-09-20 23:00:00,12848.0
2011-09-21 23:00:00,12959.0
2011-09-22 23:00:00,11539.0
2011-09-23 23:00:00,10422.0
2011-09-26 23:00:00,11011.0
2011-09-27 23:00:00,11489.0
2011-09-29 23:00:00,11037.0
2011-09-30 23:00:00,10093.0
2011-10-03 23:00:00,9931.0
2011-10-04 23:00:00,9259.0
2011-10-05 23:00:00,9358.0
2011-10-06 23:00:00,10439.0
2011-10-07 23:00:00,11193.0
2011-10-10 23:00:00,10942.0
2011-10-11 23:00:00,10779.0
2011-10-12 23:00:00,11039.0
2011-10-13 23:00:00,10747.0
2011-10-14 23:00:00,11146.0
2011-10-17 23:00:00,10631.0
2011-10-18 23:00:00,10275.0
2011-10-19 23:00:00,10496.0
2011-10-20 23:00:00,10030.0
2011-10-21 23:00:00,10894.0
2011-10-24 23:00:00,11373.0
2011-10-25 23:00:00,11267.0
2011-10-26 23:00:00,11482.0
2011-10-27 23:00:00,11714.0
2011-10-28 23:00:00,11628.0
2011-10-31 23:00:00,11442.0
2011-11-01 23:00:00,11239.0
2011-11-02 23:00:00,11448.0
2011-11-03 23:00:00,11510.0
2011-11-07 23:00:00,11679.0
2011-11-09 23:00:00,10949.0
2011-11-10 23:00:00,10934.0
2011-11-11 23:00:00,10751.0
2011-11-14 23:00:00,11222.0
2011-11-15 23:00:00,11043.0
2011-11-16 23:00:00,11225.0
2011-11-17 23:00:00,11014.0
2011-11-21 23:00:00,10214.0
2011-11-22 23:00:00,10744.0
2011-11-23 23:00:00,11889.0
2011-11-24 23:00:00,11639.0
2011-11-25 23:00:00,11593.0
2011-11-28 23:00:00,13039.0
2011-11-29 23:00:00,12510.0
2011-11-30 23:00:00,13191.0
2011-12-01 23:00:00,13420.0
2011-12-02 23:00:00,13634.0
2011-12-05 23:00:00,13044.0
2011-12-06 23:00:00,12529.0
2011-12-07 23:00:00,12426.0
2011-12-09 23:00:00,11367.0
2011-12-12 23:00:00,11039.0
2011-12-13 23:00:00,11139.0
2011-12-14 23:00:00,11191.0
2011-12-15 23:00:00,11061.0
2011-12-16 23:00:00,10626.0
2011-12-19 23:00:00,10372.0
2011-12-20 23:00:00,10296.0
2011-12-21 23:00:00,10712.0
2011-12-22 23:00:00,9912.0
2011-12-23 23:00:00,9878.0
2011-12-26 23:00:00,9572.0
2011-12-27 23:00:00,9782.0
2011-12-28 23:00:00,9679.0
2011-12-29 23:00:00,9226.0
2011-12-30 23:00:00,9924.0
2012-01-03 23:00:00,10195.0
2012-01-04 23:00:00,10283.0
2012-01-05 23:00:00,10257.0
2012-01-06 23:00:00,11499.0
2012-01-09 23:00:00,11467.0
2012-01-10 23:00:00,11614.0
2012-01-11 23:00:00,11349.0
2012-01-12 23:00:00,11962.0
2012-01-13 23:00:00,12262.0
2012-01-16 23:00:00,12189.0
2012-01-17 23:00:00,12502.0
2012-01-18 23:00:00,12369.0
2012-01-19 23:00:00,12445.0
2012-01-20 23:00:00,12492.0
2012-01-23 23:00:00,12761.0
2012-01-24 23:00:00,12588.0
2012-01-25 23:00:00,12972.0
2012-01-26 23:00:00,13662.0
2012-01-27 23:00:00,13262.0
2012-01-30 23:00:00,13085.0
2012-01-31 23:00:00,12906.0
2012-02-01 23:00:00,12889.0
2012-02-02 23:00:00,12788.0
2012-02-03 23:00:00,12972.0
2012-02-06 23:00:00,12792.0
2012-02-07 23:00:00,13365.0
2012-02-09 23:00:00,13142.0
2012-02-10 23:00:00,13181.0
2012-02-13 23:00:00,13225.0
2012-02-16 23:00:00,13332.0
2012-02-17 23:00:00,13553.0
2012-02-21 23:00:00,13322.0
2012-02-22 23:00:00,13136.0
2012-02-24 23:00:00,13832.0
2012-02-27 23:00:00,13852.0
2012-02-28 23:00:00,13511.0
2012-02-29 23:00:00,13804.0
2012-03-01 23:00:00,13837.0
2012-03-02 23:00:00,13900.0
2012-03-05 23:00:00,14165.0
2012-03-06 23:00:00,13712.0
2012-03-07 23:00:00,13636.0
2012-03-11 23:00:00,14115.0
2012-03-12 23:00:00,14082.0
2012-03-13 23:00:00,14260.0
2012-03-14 23:00:00,14438.0
2012-03-15 23:00:00,14443.0
2012-03-16 23:00:00,14698.0
2012-03-19 23:00:00,14785.0
2012-03-20 23:00:00,14214.0
2012-03-21 23:00:00,14177.0
2012-03-22 23:00:00,14002.0
2012-03-23 23:00:00,13985.0
2012-03-26 23:00:00,14287.0
2012-03-27 23:00:00,13494.0
2012-03-29 23:00:00,13644.0
2012-03-30 23:00:00,13907.0
2012-04-02 23:00:00,14366.0
2012-04-03 23:00:00,14577.0
2012-04-04 23:00:00,13983.0
2012-04-05 23:00:00,14185.0
2012-04-06 23:00:00,14263.0
2012-04-09 23:00:00,14098.0
2012-04-10 23:00:00,14193.0
2012-04-11 23:00:00,14128.0
2012-04-12 23:00:00,13829.0
2012-04-13 23:00:00,14669.0
2012-04-16 23:00:00,14527.0
2012-04-17 23:00:00,14218.0
2012-04-18 23:00:00,14017.0
2012-04-19 23:00:00,14524.0
2012-04-20 23:00:00,14313.0
2012-04-23 23:00:00,13801.0
2012-04-24 23:00:00,13675.0
2012-04-25 23:00:00,13784.0
2012-04-26 23:00:00,14038.0
2012-04-27 23:00:00,14166.0
2012-04-28 23:00:00,14508.0
2012-05-02 23:00:00,14914.0
2012-05-03 23:00:00,15094.0
2012-05-04 23:00:00,14240.0
2012-05-05 23:00:00,14270.0
2012-05-07 23:00:00,14185.0
2012-05-08 23:00:00,14364.0
2012-05-10 23:00:00,14193.0
2012-05-11 23:00:00,14013.0
2012-05-12 23:00:00,13983.0
2012-05-14 23:00:00,13644.0
2012-05-15 23:00:00,13396.0
2012-05-16 23:00:00,13678.0
2012-05-17 23:00:00,13030.0
2012-05-18 23:00:00,12856.0
2012-05-21 23:00:00,13149.0
2012-05-22 23:00:00,13893.0
2012-05-23 23:00:00,13606.0
2012-05-24 23:00:00,13896.0
2012-05-25 23:00:00,14118.0
2012-05-28 23:00:00,15062.0
2012-05-29 23:00:00,15625.0
2012-05-30 23:00:00,14565.0
2012-05-31 23:00:00,14776.0
2012-06-01 23:00:00,14173.0
2012-06-04 23:00:00,14240.0
2012-06-05 23:00:00,14191.0
2012-06-06 23:00:00,15140.0
2012-06-07 23:00:00,15692.0
2012-06-08 23:00:00,15578.0
2012-06-09 23:00:00,15738.0
2012-06-13 23:00:00,15534.0
2012-06-14 23:00:00,14943.0
2012-06-15 23:00:00,15032.0
2012-06-18 23:00:00,15389.0
2012-06-19 23:00:00,15680.0
2012-06-20 23:00:00,15368.0
2012-06-21 23:00:00,15019.0
2012-06-22 23:00:00,14479.0
2012-06-25 23:00:00,14013.0
2012-06-26 23:00:00,14269.0
2012-06-27 23:00:00,14931.0
2012-06-28 23:00:00,15099.0
2012-06-29 23:00:00,15686.0
2012-07-02 23:00:00,15441.0
2012-07-03 23:00:00,15661.0
2012-07-04 23:00:00,15195.0
2012-07-05 23:00:00,14946.0
2012-07-06 23:00:00,14867.0
2012-07-09 23:00:00,14749.0
2012-07-10 23:00:00,14969.0
2012-07-11 23:00:00,14700.0
2012-07-12 23:00:00,14487.0
2012-07-13 23:00:00,15036.0
2012-07-16 23:00:00,14870.0
2012-07-17 23:00:00,14955.0
2012-07-18 23:00:00,14687.0
2012-07-19 23:00:00,14811.0
2012-07-20 23:00:00,14904.0
2012-07-23 23:00:00,14481.0
2012-07-24 23:00:00,14587.0
2012-07-25 23:00:00,14394.0
2012-07-26 23:00:00,15059.0
2012-07-27 23:00:00,16336.0
2012-07-30 23:00:00,16456.0
2012-07-31 23:00:00,16807.0
2012-08-01 23:00:00,16543.0
2012-08-02 23:00:00,16498.0
2012-08-03 23:00:00,16497.0
2012-08-06 23:00:00,16371.0
2012-08-07 23:00:00,16316.0
2012-08-08 23:00:00,16310.0
2012-08-09 23:00:00,16734.0
2012-08-10 23:00:00,16376.0
2012-08-13 23:00:00,16485.0
2012-08-14 23:00:00,16285.0
2012-08-15 23:00:00,16188.0
2012-08-16 23:00:00,16333.0
2012-08-17 23:00:00,16203.0
2012-08-20 23:00:00,15982.0
2012-08-21 23:00:00,16190.0
2012-08-22 23:00:00,16048.0
2012-08-23 23:00:00,15552.0
2012-08-24 23:00:00,15713.0
2012-08-27 23:00:00,15604.0
2012-08-28 23:00:00,16410.0
2012-08-29 23:00:00,16128.0
2012-08-30 23:00:00,16199.0
2012-08-31 23:00:00,15886.0
2012-09-03 23:00:00,16803.0
2012-09-04 23:00:00,16632.0
2012-09-05 23:00:00,16624.0
2012-09-06 23:00:00,17344.0
2012-09-07 23:00:00,17173.0
2012-09-10 23:00:00,17164.0
2012-09-11 23:00:00,16901.0
2012-09-12 23:00:00,16536.0
2012-09-13 23:00:00,16148.0
2012-09-14 23:00:00,16163.0
2012-09-17 23:00:00,16036.0
2012-09-18 23:00:00,15434.0
2012-09-19 23:00:00,15420.0
2012-09-20 23:00:00,15118.0
2012-09-21 23:00:00,15070.0
2012-09-24 23:00:00,14848.0
2012-09-25 23:00:00,14943.0
2012-09-26 23:00:00,14393.0
2012-09-27 23:00:00,14482.0
2012-09-28 23:00:00,14658.0
2012-10-01 23:00:00,14688.0
2012-10-02 23:00:00,15008.0
2012-10-03 23:00:00,14410.0
2012-10-04 23:00:00,14643.0
2012-10-05 23:00:00,14383.0
2012-10-08 23:00:00,14228.0
2012-10-09 23:00:00,14147.0
2012-10-10 23:00:00,14631.0
2012-10-11 23:00:00,14676.0
2012-10-12 23:00:00,14627.0
2012-10-15 23:00:00,14893.0
2012-10-16 23:00:00,15089.0
2012-10-17 23:00:00,15348.0
2012-10-18 23:00:00,14976.0
2012-10-19 23:00:00,15051.0
2012-10-22 23:00:00,15340.0
2012-10-23 23:00:00,15403.0
2012-10-24 23:00:00,15298.0
2012-10-25 23:00:00,14916.0
2012-10-26 23:00:00,14443.0
2012-10-29 23:00:00,14543.0
2012-10-30 23:00:00,14586.0
2012-10-31 23:00:00,14695.0
2012-11-01 23:00:00,14701.0
2012-11-02 23:00:00,14912.0
2012-11-06 23:00:00,14975.0
2012-11-07 23:00:00,14694.0
2012-11-08 23:00:00,14992.0
2012-11-09 23:00:00,14603.0
2012-11-12 23:00:00,14523.0
2012-11-13 23:00:00,14257.0
2012-11-14 23:00:00,14564.0
2012-11-15 23:00:00,14882.0
2012-11-16 23:00:00,15012.0
2012-11-19 23:00:00,15166.0
2012-11-20 23:00:00,15015.0
2012-11-21 23:00:00,15177.0
2012-11-22 23:00:00,15055.0
2012-11-23 23:00:00,15318.0
2012-11-26 23:00:00,15068.0
2012-11-27 23:00:00,14864.0
2012-11-28 23:00:00,14398.0
2012-11-29 23:00:00,14620.0
2012-11-30 23:00:00,14843.0
2012-12-03 23:00:00,15146.0
2012-12-04 23:00:00,15330.0
2012-12-05 23:00:00,15643.0
2012-12-06 23:00:00,15531.0
2012-12-07 23:00:00,15399.0
2012-12-10 23:00:00,15219.0
2012-12-11 23:00:00,15320.0
2012-12-12 23:00:00,15408.0
2012-12-13 23:00:00,15561.0
2012-12-14 23:00:00,15695.0
2012-12-18 23:00:00,15962.0
2012-12-19 23:00:00,15982.0
2012-12-20 23:00:00,16093.0
2012-12-21 23:00:00,16085.0
2012-12-24 23:00:00,16272.0
2012-12-25 23:00:00,16027.0
2012-12-27 23:00:00,16302.0
2012-12-28 23:00:00,16443.0
2013-01-08 23:00:00,16609.0
2013-01-10 23:00:00,16509.0
2013-01-11 23:00:00,16347.0
2013-01-15 23:00:00,16247.0
2013-01-16 23:00:00,16272.0
2013-01-17 23:00:00,16672.0
2013-01-18 23:00:00,16645.0
2013-01-21 23:00:00,16718.0
2013-01-22 23:00:00,16552.0
2013-01-23 23:00:00,16705.0
2013-01-24 23:00:00,16507.0
2013-01-25 23:00:00,16431.0
2013-01-28 23:00:00,17161.0
2013-01-29 23:00:00,17037.0
2013-01-30 23:00:00,17127.0
2013-01-31 23:00:00,17172.0
2013-02-01 23:00:00,16890.0
2013-02-04 23:00:00,17172.0
2013-02-05 23:00:00,17507.0
2013-02-06 23:00:00,17372.0
2013-02-07 23:00:00,17277.0
2013-02-08 23:00:00,17507.0
2013-02-11 23:00:00,17961.0
2013-02-12 23:00:00,18072.0
2013-02-13 23:00:00,18123.0
2013-02-14 23:00:00,17878.0
2013-02-15 23:00:00,18042.0
2013-02-18 23:00:00,17901.0
2013-02-19 23:00:00,17892.0
2013-02-20 23:00:00,17832.0
2013-02-21 23:00:00,17463.0
2013-02-22 23:00:00,17765.0
2013-02-25 23:00:00,17913.0
2013-02-26 23:00:00,17666.0
2013-02-27 23:00:00,17601.0
2013-02-28 23:00:00,18206.0
2013-03-01 23:00:00,18592.0
2013-03-04 23:00:00,18523.0
2013-03-05 23:00:00,18871.0
2013-03-06 23:00:00,19371.0
2013-03-07 23:00:00,19628.0
2013-03-11 23:00:00,19895.0
2013-03-12 23:00:00,19808.0
2013-03-13 23:00:00,19560.0
2013-03-14 23:00:00,19788.0
2013-03-15 23:00:00,19512.0
2013-03-18 23:00:00,17188.0
2013-03-19 23:00:00,17176.0
2013-03-20 23:00:00,17588.0
2013-03-21 23:00:00,17784.0
2013-03-22 23:00:00,17678.0
2013-03-25 23:00:00,18186.0
2013-03-26 23:00:00,18388.0
2013-03-27 23:00:00,18287.0
2013-03-29 23:00:00,18217.0
2013-04-01 23:00:00,18980.0
2013-04-02 23:00:00,18988.0
2013-04-03 23:00:00,18463.0
2013-04-04 23:00:00,17888.0
2013-04-05 23:00:00,16720.0
2013-04-08 23:00:00,17188.0
2013-04-09 23:00:00,17388.0
2013-04-11 23:00:00,17544.0
2013-04-12 23:00:00,17495.0
2013-04-15 23:00:00,17302.0
2013-04-16 23:00:00,17188.0
2013-04-17 23:00:00,17288.0
2013-04-19 23:00:00,17262.0
2013-04-22 23:00:00,17240.0
2013-04-23 23:00:00,16288.0
2013-04-24 23:00:00,16769.0
2013-04-25 23:00:00,17088.0
2013-04-26 23:00:00,17683.0
2013-04-29 23:00:00,18427.0
2013-04-30 23:00:00,18708.0
2013-05-02 23:00:00,18788.0
2013-05-03 23:00:00,18629.0
2013-05-06 23:00:00,19097.0
2013-05-07 23:00:00,18788.0
2013-05-08 23:00:00,18496.0
2013-05-10 23:00:00,19077.0
2013-05-13 23:00:00,18843.0
2013-05-14 23:00:00,18578.0
2013-05-15 23:00:00,18280.0
2013-05-16 23:00:00,18700.0
2013-05-17 23:00:00,19268.0
2013-05-20 23:00:00,18730.0
2013-05-21 23:00:00,19621.0
2013-05-22 23:00:00,20228.0
2013-05-23 23:00:00,19205.0
2013-05-24 23:00:00,18992.0
2013-05-27 23:00:00,18971.0
2013-05-28 23:00:00,18730.0
2013-05-29 23:00:00,18926.0
2013-05-30 23:00:00,18183.0
2013-05-31 23:00:00,17764.0
2013-06-03 23:00:00,18157.0
2013-06-04 23:00:00,18438.0
2013-06-05 23:00:00,17898.0
2013-06-06 23:00:00,18332.0
2013-06-07 23:00:00,18319.0
2013-06-10 23:00:00,18195.0
2013-06-11 23:00:00,17803.0
2013-06-13 23:00:00,17527.0
2013-06-14 23:00:00,17589.0
2013-06-17 23:00:00,17862.0
2013-06-18 23:00:00,18122.0
2013-06-19 23:00:00,18167.0
2013-06-20 23:00:00,17503.0
2013-06-24 23:00:00,17592.0
2013-06-25 23:00:00,17338.0
2013-06-26 23:00:00,18174.0
2013-06-27 23:00:00,18230.0
2013-06-28 23:00:00,18019.0
2013-07-01 23:00:00,18164.0
2013-07-02 23:00:00,17914.0
2013-07-03 23:00:00,18000.0
2013-07-04 23:00:00,17796.0
2013-07-05 23:00:00,18219.0
2013-07-08 23:00:00,18609.0
2013-07-09 23:00:00,18519.0
2013-07-10 23:00:00,18223.0
2013-07-11 23:00:00,18819.0
2013-07-12 23:00:00,19219.0
2013-07-15 23:00:00,19046.0
2013-07-16 23:00:00,19509.0
2013-07-17 23:00:00,19169.0
2013-07-19 23:00:00,18773.0
2013-07-22 23:00:00,19605.0
2013-07-23 23:00:00,19861.0
2013-07-24 23:00:00,19942.0
2013-07-25 23:00:00,20264.0
2013-07-26 23:00:00,20399.0
2013-07-29 23:00:00,20119.0
2013-07-30 23:00:00,20089.0
2013-07-31 23:00:00,19779.0
2013-08-01 23:00:00,20344.0
2013-08-02 23:00:00,20235.0
2013-08-05 23:00:00,20919.0
2013-08-06 23:00:00,20322.0
2013-08-07 23:00:00,20672.0
2013-08-08 23:00:00,20624.0
2013-08-09 23:00:00,21006.0
2013-08-12 23:00:00,21328.0
2013-08-13 23:00:00,21657.0
2013-08-14 23:00:00,22008.0
2013-08-15 23:00:00,21544.0
2013-08-16 23:00:00,21219.0
2013-08-19 23:00:00,21247.0
2013-08-20 23:00:00,21913.0
2013-08-21 23:00:00,22539.0
2013-08-22 23:00:00,22384.0
2013-08-23 23:00:00,22184.0
2013-08-26 23:00:00,22446.0
2013-08-27 23:00:00,21789.0
2013-08-28 23:00:00,21292.0
2013-08-29 23:00:00,21108.0
2013-08-30 23:00:00,21268.0
2013-09-02 23:00:00,20519.0
2013-09-03 23:00:00,21000.0
2013-09-04 23:00:00,20442.0
2013-09-05 23:00:00,21730.0
2013-09-06 23:00:00,22407.0
2013-09-09 23:00:00,22300.0
2013-09-10 23:00:00,22319.0
2013-09-11 23:00:00,22059.0
2013-09-12 23:00:00,22110.0
2013-09-13 23:00:00,22569.0
2013-09-16 23:00:00,23557.0
2013-09-17 23:00:00,23136.0
2013-09-18 23:00:00,23731.0
2013-09-19 23:00:00,23942.0
2013-09-20 23:00:00,23871.0
2013-09-23 23:00:00,23518.0
2013-09-24 23:00:00,23851.0
2013-09-25 23:00:00,24212.0
2013-09-26 23:00:00,24971.0
2013-09-27 23:00:00,24851.0
2013-09-30 23:00:00,24898.0
2013-10-01 23:00:00,25446.0
2013-10-02 23:00:00,25321.0
2013-10-03 23:00:00,25361.0
2013-10-04 23:00:00,25427.0
2013-10-07 23:00:00,25678.0
2013-10-08 23:00:00,25576.0
2013-10-09 23:00:00,25863.0
2013-10-10 23:00:00,25927.0
2013-10-11 23:00:00,26182.0
2013-10-14 23:00:00,26371.0
2013-10-15 23:00:00,27029.0
2013-10-16 23:00:00,27856.0
2013-10-17 23:00:00,27071.0
2013-10-18 23:00:00,27570.0
2013-10-21 23:00:00,27071.0
2013-10-22 23:00:00,27570.0
2013-10-23 23:00:00,26571.0
2013-10-24 23:00:00,26821.0
2013-10-25 23:00:00,26951.0
2013-10-28 23:00:00,26274.0
2013-10-29 23:00:00,26869.0
2013-10-30 23:00:00,27146.0
2013-10-31 23:00:00,26562.0
2013-11-01 23:00:00,26471.0
2013-11-05 23:00:00,26461.0
2013-11-06 23:00:00,25896.0
2013-11-07 23:00:00,25898.0
2013-11-08 23:00:00,25638.0
2013-11-11 23:00:00,25488.0
2013-11-12 23:00:00,25929.0
2013-11-13 23:00:00,24643.0
2013-11-14 23:00:00,24661.0
2013-11-15 23:00:00,25561.0
2013-11-18 23:00:00,25587.0
2013-11-19 23:00:00,25280.0
2013-11-20 23:00:00,24871.0
2013-11-21 23:00:00,24071.0
2013-11-22 23:00:00,23776.0
2013-11-25 23:00:00,24071.0
2013-11-26 23:00:00,24374.0
2013-11-27 23:00:00,24512.0
2013-11-28 23:00:00,23671.0
2013-11-29 23:00:00,23867.0
2013-12-02 23:00:00,23451.0
2013-12-03 23:00:00,23314.0
2013-12-04 23:00:00,22877.0
2013-12-05 23:00:00,23442.0
2013-12-06 23:00:00,24371.0
2013-12-09 23:00:00,25070.0
2013-12-10 23:00:00,25073.0
2013-12-11 23:00:00,24656.0
2013-12-12 23:00:00,24076.0
2013-12-13 23:00:00,24851.0
2013-12-16 23:00:00,24502.0
2013-12-17 23:00:00,24812.0
2013-12-18 23:00:00,24701.0
2013-12-19 23:00:00,25001.0
2013-12-20 23:00:00,25291.0
2013-12-23 23:00:00,25490.0
2013-12-24 23:00:00,25646.0
2013-12-25 23:00:00,25102.0
2013-12-26 23:00:00,25362.0
2013-12-27 23:00:00,25371.0
2013-12-30 23:00:00,25756.0
2014-01-06 23:00:00,23968.0
2014-01-08 23:00:00,24302.0
2014-01-09 23:00:00,24001.0
2014-01-10 23:00:00,23652.0
2014-01-13 23:00:00,24398.0
2014-01-14 23:00:00,24081.0
2014-01-15 23:00:00,24492.0
2014-01-16 23:00:00,23792.0
2014-01-17 23:00:00,23753.0
2014-01-20 23:00:00,23810.0
2014-01-21 23:00:00,24048.0
2014-01-22 23:00:00,23453.0
2014-01-23 23:00:00,23651.0
2014-01-24 23:00:00,23151.0
2014-01-27 23:00:00,22565.0
2014-01-28 23:00:00,23371.0
2014-01-29 23:00:00,21979.0
2014-01-30 23:00:00,21950.0
2014-01-31 23:00:00,21319.0
2014-02-03 23:00:00,21551.0
2014-02-04 23:00:00,22370.0
2014-02-05 23:00:00,21916.0
2014-02-06 23:00:00,22351.0
2014-02-07 23:00:00,22654.0
2014-02-10 23:00:00,22736.0
2014-02-11 23:00:00,22904.0
2014-02-12 23:00:00,22856.0
2014-02-13 23:00:00,22021.0
2014-02-14 23:00:00,22194.0
2014-02-17 23:00:00,22701.0
2014-02-18 23:00:00,22004.0
2014-02-19 23:00:00,21263.0
2014-02-20 23:00:00,20741.0
2014-02-21 23:00:00,21085.0
2014-02-24 23:00:00,21079.0
2014-02-25 23:00:00,20704.0
2014-02-26 23:00:00,20172.0
2014-02-27 23:00:00,19451.0
2014-02-28 23:00:00,19841.0
2014-03-03 23:00:00,16281.0
2014-03-04 23:00:00,17426.0
2014-03-05 23:00:00,17950.0
2014-03-06 23:00:00,18010.0
2014-03-07 23:00:00,16958.0
2014-03-11 23:00:00,16956.0
2014-03-12 23:00:00,15502.0
2014-03-13 23:00:00,15940.0
2014-03-14 23:00:00,15652.0
2014-03-17 23:00:00,16743.0
2014-03-18 23:00:00,17492.0
2014-03-19 23:00:00,17402.0
2014-03-21 23:00:00,17130.0
2014-03-24 23:00:00,17392.0
2014-03-25 23:00:00,17992.0
2014-03-26 23:00:00,18391.0
2014-03-27 23:00:00,17990.0
2014-03-28 23:00:00,18422.0
2014-03-31 23:00:00,18392.0
2014-04-01 23:00:00,18492.0
2014-04-02 23:00:00,18676.0
2014-04-03 23:00:00,18392.0
2014-04-04 23:00:00,18342.0
2014-04-07 23:00:00,17098.0
2014-04-08 23:00:00,17592.0
2014-04-09 23:00:00,17289.0
2014-04-10 23:00:00,17292.0
2014-04-11 23:00:00,17342.0
2014-04-14 23:00:00,16432.0
2014-04-15 23:00:00,15562.0
2014-04-16 23:00:00,16092.0
2014-04-17 23:00:00,16986.0
2014-04-18 23:00:00,17592.0
2014-04-21 23:00:00,17315.0
2014-04-22 23:00:00,17808.0
2014-04-23 23:00:00,17540.0
2014-04-24 23:00:00,16792.0
2014-04-25 23:00:00,16539.0
2014-04-28 23:00:00,16892.0
2014-04-29 23:00:00,17293.0
2014-04-30 23:00:00,17292.0
2014-05-02 23:00:00,17442.0
2014-05-05 23:00:00,17292.0
2014-05-06 23:00:00,17442.0
2014-05-07 23:00:00,18392.0
2014-05-08 23:00:00,18642.0
2014-05-12 23:00:00,18662.0
2014-05-13 23:00:00,18717.0
2014-05-14 23:00:00,18678.0
2014-05-15 23:00:00,18550.0
2014-05-16 23:00:00,18668.0
2014-05-19 23:00:00,19043.0
2014-05-20 23:00:00,19392.0
2014-05-21 23:00:00,19677.0
2014-05-22 23:00:00,19554.0
2014-05-23 23:00:00,19814.0
2014-05-26 23:00:00,19982.0
2014-05-27 23:00:00,19174.0
2014-05-28 23:00:00,19453.0
2014-05-29 23:00:00,20355.0
2014-05-30 23:00:00,20361.0
2014-06-02 23:00:00,20946.0
2014-06-03 23:00:00,20839.0
2014-06-04 23:00:00,20792.0
2014-06-05 23:00:00,21392.0
2014-06-06 23:00:00,22322.0
2014-06-09 23:00:00,22023.0
2014-06-10 23:00:00,21932.0
2014-06-11 23:00:00,22020.0
2014-06-16 23:00:00,22749.0
2014-06-13 23:00:00,22749.0
2014-06-17 23:00:00,22399.0
2014-06-18 23:00:00,22349.0
2014-06-19 23:00:00,22659.0
2014-06-20 23:00:00,22999.0
2014-06-23 23:00:00,23042.0
2014-06-24 23:00:00,24249.0
2014-06-25 23:00:00,22927.0
2014-06-26 23:00:00,22034.0
2014-06-27 23:00:00,22283.0
2014-06-30 23:00:00,22749.0
2014-07-01 23:00:00,23150.0
2014-07-02 23:00:00,24149.0
2014-07-03 23:00:00,24709.0
2014-07-04 23:00:00,24299.0
2014-07-07 23:00:00,24809.0
2014-07-08 23:00:00,23853.0
2014-07-09 23:00:00,23753.0
2014-07-10 23:00:00,23249.0
2014-07-11 23:00:00,23769.0
2014-07-14 23:00:00,24085.0
2014-07-15 23:00:00,23845.0
2014-07-16 23:00:00,24108.0
2014-07-17 23:00:00,23162.0
2014-07-18 23:00:00,22528.0
2014-07-21 23:00:00,21699.0
2014-07-22 23:00:00,21843.0
2014-07-23 23:00:00,21602.0
2014-07-24 23:00:00,21232.0
2014-07-25 23:00:00,20904.0
2014-07-28 23:00:00,20229.0
2014-07-29 23:00:00,21349.0
2014-07-30 23:00:00,21769.0
2014-07-31 23:00:00,21849.0
2014-08-01 23:00:00,21950.0
2014-08-04 23:00:00,22479.0
2014-08-05 23:00:00,21729.0
2014-08-06 23:00:00,21272.0
2014-08-07 23:00:00,21238.0
2014-08-08 23:00:00,21499.0
2014-08-11 23:00:00,22373.0
2014-08-12 23:00:00,22274.0
2014-08-13 23:00:00,23000.0
2014-08-14 23:00:00,23550.0
2014-08-15 23:00:00,24100.0
2014-08-18 23:00:00,23549.0
2014-08-19 23:00:00,23640.0
2014-08-20 23:00:00,23524.0
2014-08-21 23:00:00,24099.0
2014-08-22 23:00:00,23589.0
2014-08-25 23:00:00,23894.0
2014-08-26 23:00:00,23624.0
2014-08-27 23:00:00,24162.0
2014-08-28 23:00:00,24148.0
2014-08-29 23:00:00,22874.0
2014-09-01 23:00:00,22022.0
2014-09-02 23:00:00,22503.0
2014-09-03 23:00:00,23123.0
2014-09-04 23:00:00,23342.0
2014-09-05 23:00:00,24108.0
2014-09-08 23:00:00,24016.0
2014-09-09 23:00:00,24398.0
2014-09-10 23:00:00,23649.0
2014-09-11 23:00:00,23552.0
2014-09-12 23:00:00,23911.0
2014-09-15 23:00:00,23618.0
2014-09-16 23:00:00,23818.0
2014-09-17 23:00:00,21268.0
2014-09-18 23:00:00,21962.0
2014-09-19 23:00:00,22117.0
2014-09-22 23:00:00,21001.0
2014-09-23 23:00:00,23417.0
2014-09-24 23:00:00,22570.0
2014-09-25 23:00:00,22368.0
2014-09-26 23:00:00,21493.0
2014-09-29 23:00:00,17848.0
2014-09-30 23:00:00,19618.0
2014-10-01 23:00:00,19817.0
2014-10-02 23:00:00,19148.0
2014-10-03 23:00:00,19088.0
2014-10-06 23:00:00,19487.0
2014-10-07 23:00:00,18981.0
2014-10-08 23:00:00,18633.0
2014-10-09 23:00:00,17533.0
2014-10-10 23:00:00,17067.0
2014-10-13 23:00:00,16968.0
2014-10-14 23:00:00,16993.0
2014-10-15 23:00:00,16843.0
2014-10-16 23:00:00,16656.0
2014-10-17 23:00:00,17568.0
2014-10-20 23:00:00,17819.0
2014-10-21 23:00:00,17778.0
2014-10-22 23:00:00,17897.0
2014-10-23 23:00:00,17989.0
2014-10-24 23:00:00,17643.0
2014-10-27 23:00:00,18292.0
2014-10-28 23:00:00,18716.0
2014-10-29 23:00:00,18938.0
2014-10-30 23:00:00,19318.0
2014-10-31 23:00:00,20166.0
2014-11-03 23:00:00,20417.0
2014-11-05 23:00:00,20334.0
2014-11-06 23:00:00,20543.0
2014-11-07 23:00:00,20376.0
2014-11-10 23:00:00,20648.0
2014-11-11 23:00:00,20760.0
2014-11-12 23:00:00,20968.0
2014-11-13 23:00:00,20567.0
2014-11-14 23:00:00,19894.0
2014-11-17 23:00:00,19918.0
2014-11-18 23:00:00,20477.0
2014-11-19 23:00:00,20442.0
2014-11-20 23:00:00,20584.0
2014-11-21 23:00:00,20704.0
2014-11-24 23:00:00,20613.0
2014-11-25 23:00:00,20675.0
2014-11-26 23:00:00,20710.0
2014-11-27 23:00:00,20449.0
2014-11-28 23:00:00,19746.0
2014-12-01 23:00:00,18128.0
2014-12-02 23:00:00,20035.0
2014-12-03 23:00:00,19490.0
2014-12-04 23:00:00,18534.0
2014-12-05 23:00:00,17093.0
2014-12-08 23:00:00,15862.0
2014-12-09 23:00:00,15093.0
2014-12-10 23:00:00,14918.0
2014-12-11 23:00:00,14718.0
2014-12-12 23:00:00,14393.0
2014-12-15 23:00:00,12541.0
2014-12-16 23:00:00,11541.0
2014-12-17 23:00:00,10253.0
2014-12-18 23:00:00,14291.0
2014-12-19 23:00:00,12853.0
2014-12-22 23:00:00,12085.0
2014-12-23 23:00:00,11341.0
2014-12-24 23:00:00,11422.0
2014-12-25 23:00:00,11166.0
2014-12-26 23:00:00,11441.0
2014-12-29 23:00:00,11641.0
2014-12-30 23:00:00,10541.0
2015-01-05 23:00:00,10801.0
2015-01-06 23:00:00,11626.0
2015-01-08 23:00:00,12641.0
2015-01-09 23:00:00,12841.0
2015-01-12 23:00:00,12776.0
2015-01-13 23:00:00,13541.0
2015-01-14 23:00:00,14141.0
2015-01-15 23:00:00,14642.0
2015-01-16 23:00:00,14251.0
2015-01-19 23:00:00,14522.0
2015-01-20 23:00:00,14141.0
2015-01-21 23:00:00,15411.0
2015-01-22 23:00:00,16061.0
2015-01-23 23:00:00,16336.0
2015-01-26 23:00:00,14990.0
2015-01-27 23:00:00,15301.0
2015-01-28 23:00:00,14680.0
2015-01-29 23:00:00,15541.0
2015-01-30 23:00:00,15241.0
2015-02-02 23:00:00,16073.0
2015-02-03 23:00:00,17441.0
2015-02-04 23:00:00,16908.0
2015-02-05 23:00:00,17090.0
2015-02-06 23:00:00,18193.0
2015-02-09 23:00:00,17741.0
2015-02-10 23:00:00,17320.0
2015-02-11 23:00:00,17581.0
2015-02-12 23:00:00,18941.0
2015-02-13 23:00:00,19521.0
2015-02-16 23:00:00,19166.0
2015-02-17 23:00:00,19140.0
2015-02-18 23:00:00,19044.0
2015-02-19 23:00:00,19430.0
2015-02-20 23:00:00,19645.0
2015-02-24 23:00:00,19291.0
2015-02-25 23:00:00,18841.0
2015-02-26 23:00:00,19230.0
2015-02-27 23:00:00,18980.0
2015-03-02 23:00:00,18721.0
2015-03-03 23:00:00,19641.0
2015-03-04 23:00:00,19136.0
2015-03-05 23:00:00,18941.0
2015-03-06 23:00:00,18530.0
2015-03-10 23:00:00,16702.0
2015-03-11 23:00:00,17141.0
2015-03-12 23:00:00,16723.0
2015-03-13 23:00:00,16556.0
2015-03-16 23:00:00,16216.0
2015-03-17 23:00:00,15666.0
2015-03-18 23:00:00,16565.0
2015-03-19 23:00:00,16811.0
2015-03-20 23:00:00,17459.0
2015-03-23 23:00:00,17666.0
2015-03-24 23:00:00,18466.0
2015-03-25 23:00:00,18745.0
2015-03-26 23:00:00,18115.0
2015-03-27 23:00:00,17896.0
2015-03-30 23:00:00,18386.0
2015-03-31 23:00:00,18367.0
2015-04-01 23:00:00,18826.0
2015-04-02 23:00:00,18885.0
2015-04-03 23:00:00,18786.0
2015-04-06 23:00:00,19166.0
2015-04-07 23:00:00,19266.0
2015-04-08 23:00:00,19036.0
2015-04-09 23:00:00,18663.0
2015-04-10 23:00:00,18365.0
2015-04-13 23:00:00,18915.0
2015-04-14 23:00:00,18711.0
2015-04-15 23:00:00,20239.0
2015-04-16 23:00:00,20268.0
2015-04-17 23:00:00,19366.0
2015-04-20 23:00:00,19076.0
2015-04-21 23:00:00,19566.0
2015-04-22 23:00:00,18809.0
2015-04-23 23:00:00,19016.0
2015-04-24 23:00:00,19318.0
2015-04-27 23:00:00,19065.0
2015-04-28 23:00:00,19993.0
2015-04-29 23:00:00,19903.0
2015-04-30 23:00:00,19867.0
2015-05-05 23:00:00,20251.0
2015-05-06 23:00:00,19653.0
2015-05-07 23:00:00,19536.0
2015-05-08 23:00:00,20043.0
2015-05-12 23:00:00,20222.0
2015-05-13 23:00:00,20681.0
2015-05-14 23:00:00,20416.0
2015-05-15 23:00:00,20466.0
2015-05-18 23:00:00,20317.0
2015-05-19 23:00:00,19566.0
2015-05-20 23:00:00,18836.0
2015-05-21 23:00:00,18516.0
2015-05-22 23:00:00,18557.0
2015-05-25 23:00:00,18830.0
2015-05-26 23:00:00,18312.0
2015-05-27 23:00:00,17850.0
2015-05-28 23:00:00,18022.0
2015-05-29 23:00:00,17652.0
2015-06-01 23:00:00,17506.0
2015-06-02 23:00:00,17911.0
2015-06-03 23:00:00,17467.0
2015-06-04 23:00:00,17168.0
2015-06-05 23:00:00,17293.0
2015-06-08 23:00:00,17280.0
2015-06-09 23:00:00,17585.0
2015-06-10 23:00:00,17112.0
2015-06-11 23:00:00,17746.0
2015-06-15 23:00:00,17553.0
2015-06-16 23:00:00,17772.0
2015-06-17 23:00:00,17355.0
2015-06-18 23:00:00,17723.0
2015-06-19 23:00:00,17688.0
2015-06-22 23:00:00,18359.0
2015-06-23 23:00:00,18307.0
2015-06-24 23:00:00,18008.0
2015-06-25 23:00:00,17710.0
2015-06-26 23:00:00,17783.0
2015-06-29 23:00:00,17586.0
2015-06-30 23:00:00,17508.0
2015-07-01 23:00:00,17548.0
2015-07-02 23:00:00,17632.0
2015-07-03 23:00:00,17259.0
2015-07-06 23:00:00,16928.0
2015-07-07 23:00:00,17115.0
2015-07-08 23:00:00,16809.0
2015-07-09 23:00:00,16895.0
2015-07-10 23:00:00,16760.0
2015-07-13 23:00:00,17018.0
2015-07-14 23:00:00,17098.0
2015-07-15 23:00:00,16953.0
2015-07-16 23:00:00,16978.0
2015-07-17 23:00:00,16986.0
2015-07-20 23:00:00,16558.0
2015-07-21 23:00:00,16358.0
2015-07-22 23:00:00,16186.0
2015-07-23 23:00:00,16346.0
2015-07-24 23:00:00,15951.0
2015-07-27 23:00:00,15608.0
2015-07-28 23:00:00,15938.0
2015-07-29 23:00:00,16158.0
2015-07-30 23:00:00,16403.0
2015-07-31 23:00:00,17058.0
2015-08-03 23:00:00,16569.0
2015-08-04 23:00:00,16883.0
2015-08-05 23:00:00,17009.0
2015-08-06 23:00:00,17145.0
2015-08-07 23:00:00,17358.0
2015-08-10 23:00:00,17488.0
2015-08-11 23:00:00,17576.0
2015-08-12 23:00:00,17533.0
2015-08-13 23:00:00,17353.0
2015-08-14 23:00:00,17013.0
2015-08-17 23:00:00,17558.0
2015-08-18 23:00:00,17438.0
2015-08-19 23:00:00,17534.0
2015-08-20 23:00:00,17483.0
2015-08-21 23:00:00,17457.0
2015-08-24 23:00:00,16959.0
2015-08-25 23:00:00,16858.0
2015-08-26 23:00:00,16628.0
2015-08-27 23:00:00,17110.0
2015-08-28 23:00:00,17388.0
2015-08-31 23:00:00,17632.0
2015-09-01 23:00:00,17284.0
2015-09-02 23:00:00,17365.0
2015-09-03 23:00:00,17555.0
2015-09-04 23:00:00,17050.0
2015-09-07 23:00:00,17076.0
2015-09-08 23:00:00,17205.0
2015-09-09 23:00:00,17247.0
2015-09-10 23:00:00,17013.0
2015-09-11 23:00:00,16906.0
2015-09-14 23:00:00,16811.0
2015-09-15 23:00:00,16640.0
2015-09-16 23:00:00,17137.0
2015-09-17 23:00:00,17094.0
2015-09-18 23:00:00,16904.0
2015-09-21 23:00:00,16836.0
2015-09-22 23:00:00,16757.0
2015-09-23 23:00:00,16240.0
2015-09-24 23:00:00,15869.0
2015-09-25 23:00:00,16237.0
2015-09-28 23:00:00,15850.0
2015-09-29 23:00:00,15709.0
2015-09-30 23:00:00,15640.0
2015-10-01 23:00:00,15729.0
2015-10-02 23:00:00,15338.0
2015-10-05 23:00:00,16110.0
2015-10-06 23:00:00,15967.0
2015-10-07 23:00:00,15782.0
2015-10-08 23:00:00,16077.0
2015-10-09 23:00:00,16122.0
2015-10-12 23:00:00,16007.0
2015-10-13 23:00:00,16287.0
2015-10-14 23:00:00,16242.0
2015-10-15 23:00:00,16489.0
2015-10-16 23:00:00,16687.0
2015-10-19 23:00:00,16637.0
2015-10-20 23:00:00,16212.0
2015-10-21 23:00:00,16075.0
2015-10-22 23:00:00,16037.0
2015-10-23 23:00:00,15997.0
2015-10-26 23:00:00,16117.0
2015-10-27 23:00:00,16117.0
2015-10-28 23:00:00,16301.0
2015-10-29 23:00:00,16084.0
2015-10-30 23:00:00,15832.0
2015-11-02 23:00:00,15937.0
2015-11-03 23:00:00,15890.0
2015-11-05 23:00:00,15051.0
2015-11-06 23:00:00,15087.0
2015-11-09 23:00:00,14904.0
2015-11-10 23:00:00,14504.0
2015-11-11 23:00:00,14187.0
2015-11-12 23:00:00,14316.0
2015-11-13 23:00:00,14172.0
2015-11-16 23:00:00,14587.0
2015-11-17 23:00:00,16077.0
2015-11-18 23:00:00,16187.0
2015-11-19 23:00:00,16041.0
2015-11-20 23:00:00,16237.0
2015-11-23 23:00:00,16637.0
2015-11-24 23:00:00,16003.0
2015-11-25 23:00:00,16562.0
2015-11-26 23:00:00,16342.0
2015-11-27 23:00:00,16175.0
2015-11-30 23:00:00,16206.0
2015-12-01 23:00:00,16292.0
2015-12-02 23:00:00,16347.0
2015-12-03 23:00:00,16337.0
2015-12-04 23:00:00,16037.0
2015-12-07 23:00:00,16037.0
2015-12-08 23:00:00,16157.0
2015-12-09 23:00:00,16417.0
2015-12-10 23:00:00,16373.0
2015-12-11 23:00:00,16044.0
2015-12-14 23:00:00,15877.0
2015-12-15 23:00:00,16345.0
2015-12-16 23:00:00,16545.0
2015-12-17 23:00:00,16675.0
2015-12-18 23:00:00,16555.0
2015-12-21 23:00:00,16065.0
2015-12-22 23:00:00,16304.0
2015-12-23 23:00:00,16244.0
2015-12-24 23:00:00,16295.0
2015-12-25 23:00:00,16026.0
2015-12-28 23:00:00,15954.0
2015-12-29 23:00:00,15870.0
2015-12-30 23:00:00,15671.0
2016-01-04 23:00:00,15554.0
2016-01-05 23:00:00,15646.0
2016-01-06 23:00:00,15630.0
2016-01-11 23:00:00,14646.0
2016-01-12 23:00:00,15145.0
2016-01-13 23:00:00,15282.0
2016-01-14 23:00:00,15795.0
2016-01-15 23:00:00,15101.0
2016-01-18 23:00:00,15495.0
2016-01-19 23:00:00,15584.0
2016-01-20 23:00:00,15185.0
2016-01-21 23:00:00,15802.0
2016-01-22 23:00:00,16150.0
2016-01-25 23:00:00,16295.0
2016-01-26 23:00:00,16112.0
2016-01-27 23:00:00,16791.0
2016-01-28 23:00:00,17061.0
2016-01-29 23:00:00,17394.0
2016-02-01 23:00:00,17045.0
2016-02-02 23:00:00,17360.0
2016-02-03 23:00:00,17425.0
2016-02-04 23:00:00,17737.0
2016-02-05 23:00:00,17446.0
2016-02-08 23:00:00,16930.0
2016-02-09 23:00:00,17345.0
2016-02-10 23:00:00,17335.0
2016-02-11 23:00:00,17345.0
2016-02-12 23:00:00,17545.0
2016-02-15 23:00:00,17429.0
2016-02-16 23:00:00,17696.0
2016-02-17 23:00:00,18339.0
2016-02-18 23:00:00,18195.0
2016-02-19 23:00:00,17989.0
2016-02-20 23:00:00,18076.0
2016-02-22 23:00:00,18293.0
2016-02-24 23:00:00,17373.0
2016-02-25 23:00:00,17319.0
2016-02-26 23:00:00,17695.0
2016-02-29 23:00:00,17780.0
2016-03-01 23:00:00,17545.0
2016-03-02 23:00:00,17483.0
2016-03-03 23:00:00,17914.0
2016-03-04 23:00:00,17914.0
2016-03-07 23:00:00,18415.0
2016-03-09 23:00:00,18011.0
2016-03-10 23:00:00,17636.0
2016-03-11 23:00:00,17530.0
2016-03-14 23:00:00,17645.0
2016-03-15 23:00:00,17598.0
2016-03-16 23:00:00,17404.0
2016-03-17 23:00:00,17623.0
2016-03-18 23:00:00,17534.0
2016-03-21 23:00:00,17824.0
2016-03-22 23:00:00,17929.0
2016-03-23 23:00:00,17744.0
2016-03-24 23:00:00,17653.0
2016-03-25 23:00:00,17758.0
2016-03-28 23:00:00,17691.0
2016-03-29 23:00:00,17763.0
2016-03-30 23:00:00,17684.0
2016-03-31 23:00:00,17864.0
2016-04-01 23:00:00,17846.0
2016-04-04 23:00:00,17781.0
2016-04-05 23:00:00,17563.0
2016-04-06 23:00:00,17368.0
2016-04-07 23:00:00,17485.0
2016-04-08 23:00:00,17884.0
2016-04-11 23:00:00,19105.0
2016-04-12 23:00:00,19283.0
2016-04-13 23:00:00,19294.0
2016-04-14 23:00:00,19034.0
2016-04-15 23:00:00,19094.0
2016-04-18 23:00:00,18797.0
2016-04-19 23:00:00,19876.0
2016-04-20 23:00:00,19489.0
2016-04-21 23:00:00,19527.0
2016-04-22 23:00:00,19634.0
2016-04-25 23:00:00,19633.0
2016-04-26 23:00:00,19359.0
2016-04-27 23:00:00,19149.0
2016-04-28 23:00:00,19166.0
2016-04-29 23:00:00,19158.0
2016-05-04 23:00:00,19332.0
2016-05-05 23:00:00,19434.0
2016-05-06 23:00:00,19809.0
2016-05-10 23:00:00,19112.0
2016-05-11 23:00:00,19089.0
2016-05-12 23:00:00,19077.0
2016-05-13 23:00:00,19333.0
2016-05-16 23:00:00,19807.0
2016-05-17 23:00:00,19640.0
2016-05-18 23:00:00,19875.0
2016-05-19 23:00:00,19028.0
2016-05-20 23:00:00,19508.0
2016-05-23 23:00:00,18994.0
2016-05-24 23:00:00,19202.0
2016-05-25 23:00:00,19356.0
2016-05-26 23:00:00,19228.0
2016-05-27 23:00:00,19539.0
2016-05-30 23:00:00,19258.0
2016-05-31 23:00:00,19533.0
2016-06-01 23:00:00,18860.0
2016-06-02 23:00:00,18404.0
2016-06-03 23:00:00,18997.0
2016-06-06 23:00:00,20239.0
2016-06-07 23:00:00,20094.0
2016-06-08 23:00:00,19926.0
2016-06-09 23:00:00,20024.0
2016-06-10 23:00:00,19570.0
2016-06-14 23:00:00,19824.0
2016-06-15 23:00:00,20264.0
2016-06-16 23:00:00,18994.0
2016-06-17 23:00:00,19004.0
2016-06-20 23:00:00,19689.0
2016-06-21 23:00:00,19484.0
2016-06-22 23:00:00,19060.0
2016-06-23 23:00:00,18763.0
2016-06-24 23:00:00,17674.0
2016-06-27 23:00:00,17044.0
2016-06-28 23:00:00,17803.0
2016-06-29 23:00:00,17903.0
2016-06-30 23:00:00,17886.0
2016-07-01 23:00:00,17731.0
2016-07-04 23:00:00,18243.0
2016-07-05 23:00:00,18360.0
2016-07-06 23:00:00,18364.0
2016-07-07 23:00:00,17833.0
2016-07-08 23:00:00,17984.0
2016-07-11 23:00:00,18554.0
2016-07-12 23:00:00,18704.0
2016-07-13 23:00:00,18209.0
2016-07-14 23:00:00,18018.0
2016-07-15 23:00:00,18344.0
2016-07-18 23:00:00,18350.0
2016-07-19 23:00:00,18581.0
2016-07-20 23:00:00,18504.0
2016-07-21 23:00:00,19004.0
2016-07-22 23:00:00,19170.0
2016-07-25 23:00:00,19274.0
2016-07-26 23:00:00,19381.0
2016-07-27 23:00:00,19449.0
2016-07-28 23:00:00,19804.0
2016-07-29 23:00:00,19871.0
2016-08-01 23:00:00,19642.0
2016-08-02 23:00:00,19518.0
2016-08-03 23:00:00,19165.0
2016-08-04 23:00:00,19409.0
2016-08-05 23:00:00,19338.0
2016-08-08 23:00:00,19604.0
2016-08-09 23:00:00,19660.0
2016-08-10 23:00:00,19604.0
2016-08-11 23:00:00,19545.0
2016-08-12 23:00:00,19923.0
2016-08-15 23:00:00,19525.0
2016-08-16 23:00:00,19435.0
2016-08-17 23:00:00,19355.0
2016-08-18 23:00:00,18554.0
2016-08-19 23:00:00,18304.0
2016-08-22 23:00:00,18358.0
2016-08-23 23:00:00,18129.0
2016-08-24 23:00:00,18046.0
2016-08-25 23:00:00,18247.0
2016-08-26 23:00:00,18204.0
2016-08-29 23:00:00,18184.0
2016-08-30 23:00:00,18534.0
2016-08-31 23:00:00,18615.0
2016-09-01 23:00:00,18104.0
2016-09-02 23:00:00,18354.0
2016-09-05 23:00:00,18356.0
2016-09-06 23:00:00,18480.0
2016-09-07 23:00:00,18882.0
2016-09-08 23:00:00,19076.0
2016-09-09 23:00:00,18860.0
2016-09-12 23:00:00,18598.0
2016-09-13 23:00:00,18147.0
2016-09-14 23:00:00,18028.0
2016-09-15 23:00:00,17457.0
2016-09-16 23:00:00,17346.0
2016-09-19 23:00:00,17337.0
2016-09-20 23:00:00,17318.0
2016-09-21 23:00:00,17438.0
2016-09-22 23:00:00,17659.0
2016-09-23 23:00:00,17480.0
2016-09-26 23:00:00,17311.0
2016-09-27 23:00:00,17270.0
2016-09-28 23:00:00,17210.0
2016-09-29 23:00:00,17165.0
2016-09-30 23:00:00,16985.0
2016-10-03 23:00:00,17050.0
2016-10-04 23:00:00,17217.0
2016-10-05 23:00:00,16996.0
2016-10-06 23:00:00,17286.0
2016-10-07 23:00:00,17259.0
2016-10-10 23:00:00,17330.0
2016-10-11 23:00:00,17330.0
2016-10-12 23:00:00,17195.0
2016-10-13 23:00:00,17232.0
2016-10-14 23:00:00,17170.0
2016-10-17 23:00:00,17087.0
2016-10-18 23:00:00,17175.0
2016-10-19 23:00:00,17067.0
2016-10-20 23:00:00,16981.0
2016-10-21 23:00:00,16837.0
2016-10-24 23:00:00,16899.0
2016-10-25 23:00:00,16841.0
2016-10-26 23:00:00,16869.0
2016-10-27 23:00:00,16484.0
2016-10-28 23:00:00,16441.0
2016-10-31 23:00:00,17360.0
2016-11-01 23:00:00,17409.0
2016-11-02 23:00:00,17000.0
2016-11-03 23:00:00,16856.0
2016-11-07 23:00:00,16876.0
2016-11-08 23:00:00,16816.0
2016-11-09 23:00:00,16952.0
2016-11-10 23:00:00,17332.0
2016-11-11 23:00:00,17132.0
2016-11-14 23:00:00,17099.0
2016-11-15 23:00:00,17014.0
2016-11-16 23:00:00,17015.0
2016-11-17 23:00:00,16849.0
2016-11-18 23:00:00,16879.0
2016-11-21 23:00:00,17210.0
2016-11-22 23:00:00,17137.0
2016-11-23 23:00:00,17267.0
2016-11-24 23:00:00,17640.0
2016-11-25 23:00:00,17610.0
2016-11-28 23:00:00,17711.0
2016-11-29 23:00:00,17829.0
2016-11-30 23:00:00,18009.0
2016-12-01 23:00:00,18810.0
2016-12-02 23:00:00,19310.0
2016-12-05 23:00:00,19747.0
2016-12-06 23:00:00,19690.0
2016-12-07 23:00:00,19890.0
2016-12-08 23:00:00,20262.0
2016-12-09 23:00:00,20434.0
2016-12-12 23:00:00,21010.0
2016-12-13 23:00:00,20779.0
2016-12-14 23:00:00,20672.0
2016-12-15 23:00:00,21836.0
2016-12-16 23:00:00,22165.0
2016-12-19 23:00:00,21547.0
2016-12-20 23:00:00,21522.0
2016-12-21 23:00:00,21171.0
2016-12-22 23:00:00,20604.0
2016-12-23 23:00:00,20379.0
2016-12-26 23:00:00,20212.0
2016-12-27 23:00:00,20253.0
2016-12-28 23:00:00,20578.0
2016-12-29 23:00:00,20875.0
2016-12-30 23:00:00,21232.0
2017-01-03 23:00:00,21583.0
2017-01-04 23:00:00,21177.0
2017-01-05 23:00:00,21513.0
2017-01-06 23:00:00,21086.0
2017-01-09 23:00:00,21105.0
2017-01-10 23:00:00,20991.0
2017-01-11 23:00:00,21065.0
2017-01-12 23:00:00,21224.0
2017-01-13 23:00:00,21552.0
2017-01-16 23:00:00,21614.0
2017-01-17 23:00:00,22050.0
2017-01-18 23:00:00,21620.0
2017-01-19 23:00:00,22241.0
2017-01-20 23:00:00,22663.0
2017-01-23 23:00:00,22194.0
2017-01-24 23:00:00,22085.0
2017-01-25 23:00:00,22104.0
2017-01-26 23:00:00,22714.0
2017-01-27 23:00:00,22733.0
2017-01-30 23:00:00,22950.0
2017-01-31 23:00:00,22854.0
2017-02-01 23:00:00,23130.0
2017-02-02 23:00:00,22564.0
2017-02-03 23:00:00,22620.0
2017-02-06 23:00:00,22235.0
2017-02-07 23:00:00,22497.0
2017-02-08 23:00:00,22392.0
2017-02-09 23:00:00,22332.0
2017-02-10 23:00:00,22163.0
2017-02-13 23:00:00,22187.0
2017-02-14 23:00:00,21814.0
2017-02-15 23:00:00,22396.0
2017-02-16 23:00:00,22636.0
2017-02-17 23:00:00,22610.0
2017-02-20 23:00:00,23299.0
2017-02-21 23:00:00,23114.0
2017-02-22 23:00:00,23061.0
2017-02-24 23:00:00,22809.0
2017-02-27 23:00:00,22743.0
2017-02-28 23:00:00,22582.0
2017-03-01 23:00:00,22661.0
2017-03-02 23:00:00,22654.0
2017-03-03 23:00:00,22563.0
2017-03-06 23:00:00,22470.0
2017-03-07 23:00:00,22035.0
2017-03-09 23:00:00,20785.0
2017-03-10 23:00:00,20644.0
2017-03-13 23:00:00,22153.0
2017-03-14 23:00:00,21950.0
2017-03-15 23:00:00,21154.0
2017-03-16 23:00:00,21848.0
2017-03-17 23:00:00,21900.0
2017-03-20 23:00:00,22594.0
2017-03-21 23:00:00,23423.0
2017-03-22 23:00:00,24000.0
2017-03-23 23:00:00,24187.0
2017-03-24 23:00:00,24070.0
2017-03-27 23:00:00,23499.0
2017-03-28 23:00:00,23913.0
2017-03-29 23:00:00,23671.0
2017-03-30 23:00:00,23249.0
2017-03-31 23:00:00,22649.0
2017-04-03 23:00:00,22647.0
2017-04-04 23:00:00,23229.0
2017-04-05 23:00:00,22998.0
2017-04-06 23:00:00,23469.0
2017-04-07 23:00:00,23299.0
2017-04-10 23:00:00,22574.0
2017-04-11 23:00:00,22735.0
2017-04-12 23:00:00,22711.0
2017-04-13 23:00:00,22680.0
2017-04-14 23:00:00,22252.0
2017-04-17 23:00:00,22340.0
2017-04-18 23:00:00,21950.0
2017-04-19 23:00:00,21868.0
2017-04-20 23:00:00,21652.0
2017-04-21 23:00:00,21785.0
2017-04-24 23:00:00,22264.0
2017-04-25 23:00:00,22901.0
2017-04-26 23:00:00,22874.0
2017-04-27 23:00:00,22589.0
2017-04-28 23:00:00,22644.0
2017-05-02 23:00:00,22588.0
2017-05-03 23:00:00,19854.0
2017-05-04 23:00:00,19477.0
2017-05-05 23:00:00,20421.0
2017-05-10 23:00:00,20610.0
2017-05-11 23:00:00,20298.0
2017-05-12 23:00:00,19953.0
2017-05-15 23:00:00,19500.0
2017-05-16 23:00:00,19175.0
2017-05-17 23:00:00,19326.0
2017-05-18 23:00:00,19367.0
2017-05-19 23:00:00,19181.0
2017-05-22 23:00:00,19180.0
2017-05-23 23:00:00,19558.0
2017-05-24 23:00:00,19200.0
2017-05-25 23:00:00,19053.0
2017-05-26 23:00:00,19108.0
2017-05-29 23:00:00,19145.0
2017-05-30 23:00:00,19574.0
2017-05-31 23:00:00,18549.0
2017-06-01 23:00:00,18869.0
2017-06-02 23:00:00,19630.0
2017-06-05 23:00:00,19695.0
2017-06-06 23:00:00,19689.0
2017-06-07 23:00:00,19782.0
2017-06-08 23:00:00,19662.0
2017-06-09 23:00:00,19888.0
2017-06-13 23:00:00,19765.0
2017-06-14 23:00:00,19355.0
2017-06-15 23:00:00,18692.0
2017-06-16 23:00:00,18420.0
2017-06-19 23:00:00,18575.0
2017-06-20 23:00:00,18614.0
2017-06-21 23:00:00,18390.0
2017-06-22 23:00:00,18735.0
2017-06-23 23:00:00,19085.0
2017-06-26 23:00:00,18525.0
2017-06-27 23:00:00,18053.0
2017-06-28 23:00:00,17939.0
2017-06-29 23:00:00,17890.0
2017-06-30 23:00:00,17974.0
2017-07-03 23:00:00,18089.0
2017-07-04 23:00:00,18289.0
2017-07-05 23:00:00,18037.0
2017-07-06 23:00:00,18162.0
2017-07-07 23:00:00,18201.0
2017-07-10 23:00:00,18262.0
2017-07-11 23:00:00,18377.0
2017-07-12 23:00:00,18573.0
2017-07-13 23:00:00,18878.0
2017-07-14 23:00:00,19196.0
2017-07-17 23:00:00,19090.0
2017-07-18 23:00:00,18913.0
2017-07-19 23:00:00,18840.0
2017-07-20 23:00:00,18834.0
2017-07-21 23:00:00,18731.0
2017-07-24 23:00:00,19054.0
2017-07-25 23:00:00,19290.0
2017-07-26 23:00:00,19340.0
2017-07-27 23:00:00,19343.0
2017-07-28 23:00:00,19250.0
2017-07-31 23:00:00,19213.0
2017-08-01 23:00:00,19215.0
2017-08-02 23:00:00,19621.0
2017-08-03 23:00:00,19907.0
2017-08-04 23:00:00,19796.0
2017-08-07 23:00:00,19790.0
2017-08-08 23:00:00,19885.0
2017-08-09 23:00:00,19737.0
2017-08-10 23:00:00,19674.0
2017-08-11 23:00:00,19759.0
2017-08-14 23:00:00,19964.0
2017-08-15 23:00:00,19950.0
2017-08-16 23:00:00,19849.0
2017-08-17 23:00:00,19805.0
2017-08-18 23:00:00,19864.0
2017-08-21 23:00:00,19915.0
2017-08-22 23:00:00,20050.0
2017-08-23 23:00:00,20200.0
2017-08-24 23:00:00,20614.0
2017-08-25 23:00:00,20637.0
2017-08-28 23:00:00,20745.0
2017-08-29 23:00:00,20884.0
2017-08-30 23:00:00,21195.0
2017-08-31 23:00:00,22326.0
2017-09-01 23:00:00,21938.0
2017-09-04 23:00:00,21561.0
2017-09-05 23:00:00,21818.0
2017-09-06 23:00:00,22766.0
2017-09-07 23:00:00,23020.0
2017-09-08 23:00:00,23255.0
2017-09-11 23:00:00,23864.0
2017-09-12 23:00:00,24004.0
2017-09-13 23:00:00,24020.0
2017-09-14 23:00:00,23946.0
2017-09-15 23:00:00,24258.0
2017-09-18 23:00:00,24213.0
2017-09-19 23:00:00,24402.0
2017-09-20 23:00:00,24589.0
2017-09-21 23:00:00,24311.0
2017-09-22 23:00:00,23259.0
2017-09-25 23:00:00,23057.0
2017-09-26 23:00:00,23406.0
2017-09-27 23:00:00,23769.0
2017-09-28 23:00:00,23498.0
2017-09-29 23:00:00,23383.0
2017-10-02 23:00:00,23454.0
2017-10-03 23:00:00,23207.0
2017-10-04 23:00:00,23082.0
2017-10-05 23:00:00,23244.0
2017-10-06 23:00:00,23167.0
2017-10-09 23:00:00,23575.0
2017-10-10 23:00:00,23597.0
2017-10-11 23:00:00,24192.0
2017-10-12 23:00:00,24414.0
2017-10-13 23:00:00,24504.0
2017-10-16 23:00:00,24506.0
2017-10-17 23:00:00,24665.0
2017-10-18 23:00:00,24713.0
2017-10-19 23:00:00,24391.0
2017-10-20 23:00:00,24320.0
2017-10-23 23:00:00,24246.0
2017-10-24 23:00:00,24646.0
2017-10-25 23:00:00,24735.0
2017-10-26 23:00:00,24521.0
2017-10-27 23:00:00,24459.0
2017-10-30 23:00:00,24423.0
2017-10-31 23:00:00,24278.0
2017-11-01 23:00:00,24899.0
2017-11-02 23:00:00,24221.0
2017-11-03 23:00:00,24664.0
2017-11-07 23:00:00,25269.0
2017-11-08 23:00:00,25048.0
2017-11-09 23:00:00,24586.0
2017-11-10 23:00:00,25342.0
2017-11-13 23:00:00,25588.0
2017-11-14 23:00:00,25532.0
2017-11-15 23:00:00,24487.0
2017-11-16 23:00:00,24228.0
2017-11-17 23:00:00,24234.0
2017-11-20 23:00:00,24264.0
2017-11-21 23:00:00,24420.0
2017-11-22 23:00:00,24144.0
2017-11-23 23:00:00,24261.0
2017-11-24 23:00:00,24813.0
2017-11-27 23:00:00,24727.0
2017-11-28 23:00:00,24427.0
2017-11-29 23:00:00,24117.0
2017-11-30 23:00:00,23731.0
2017-12-01 23:00:00,23614.0
2017-12-04 23:00:00,22707.0
2017-12-05 23:00:00,22286.0
2017-12-06 23:00:00,22555.0
2017-12-07 23:00:00,20860.0
2017-12-08 23:00:00,20648.0
2017-12-11 23:00:00,21185.0
2017-12-12 23:00:00,21190.0
2017-12-13 23:00:00,20986.0
2017-12-14 23:00:00,21707.0
2017-12-15 23:00:00,22362.0
2017-12-18 23:00:00,22063.0
2017-12-19 23:00:00,22017.0
2017-12-20 23:00:00,21969.0
2017-12-21 23:00:00,22625.0
2017-12-22 23:00:00,23034.0
2017-12-25 23:00:00,24414.0
2017-12-26 23:00:00,24117.0
2017-12-27 23:00:00,23783.0
2017-12-28 23:00:00,23648.0
2017-12-29 23:00:00,23533.0
2018-01-03 23:00:00,23490.0
2018-01-04 23:00:00,23820.0
2018-01-05 23:00:00,23958.0
2018-01-09 23:00:00,24216.0
2018-01-10 23:00:00,24199.0
2018-01-11 23:00:00,25032.0
2018-01-12 23:00:00,25240.0
2018-01-15 23:00:00,25272.0
2018-01-16 23:00:00,24866.0
2018-01-17 23:00:00,24423.0
2018-01-18 23:00:00,24694.0
2018-01-19 23:00:00,24830.0
2018-01-22 23:00:00,25354.0
2018-01-23 23:00:00,25822.0
2018-01-24 23:00:00,25671.0
2018-01-25 23:00:00,26266.0
2018-01-26 23:00:00,26452.0
2018-01-29 23:00:00,26272.0
2018-01-30 23:00:00,26145.0
2018-01-31 23:00:00,26482.0
2018-02-01 23:00:00,26828.0
2018-02-02 23:00:00,25952.0
2018-02-05 23:00:00,26332.0
2018-02-06 23:00:00,25885.0
2018-02-07 23:00:00,25820.0
2018-02-08 23:00:00,25402.0
2018-02-09 23:00:00,25166.0
2018-02-12 23:00:00,25691.0
2018-02-13 23:00:00,26071.0
2018-02-14 23:00:00,25614.0
2018-02-15 23:00:00,26128.0
2018-02-16 23:00:00,26190.0
2018-02-19 23:00:00,26273.0
2018-02-20 23:00:00,26362.0
2018-02-21 23:00:00,26988.0
2018-02-22 23:00:00,26823.0
2018-02-26 23:00:00,27053.0
2018-02-27 23:00:00,27472.0
2018-02-28 23:00:00,26692.0
2018-03-01 23:00:00,26645.0
2018-03-02 23:00:00,26503.0
2018-03-05 23:00:00,27117.0
2018-03-06 23:00:00,27035.0
2018-03-07 23:00:00,26793.0
2018-03-09 23:00:00,26916.0
2018-03-12 23:00:00,26572.0
2018-03-13 23:00:00,27290.0
2018-03-14 23:00:00,27021.0
2018-03-15 23:00:00,26855.0
2018-03-16 23:00:00,27074.0
2018-03-19 23:00:00,27195.0
2018-03-20 23:00:00,26645.0
2018-03-21 23:00:00,26377.0
2018-03-22 23:00:00,25690.0
2018-03-23 23:00:00,25295.0
2018-03-26 23:00:00,24834.0
2018-03-27 23:00:00,24808.0
2018-03-28 23:00:00,25042.0
2018-03-29 23:00:00,24888.0
2018-03-30 23:00:00,25077.0
2018-04-02 23:00:00,25313.0
2018-04-03 23:00:00,25173.0
2018-04-04 23:00:00,24750.0
2018-04-05 23:00:00,24957.0
2018-04-06 23:00:00,24906.0
2018-04-09 23:00:00,22430.0
2018-04-10 23:00:00,23885.0
2018-04-11 23:00:00,23364.0
2018-04-12 23:00:00,23665.0
2018-04-13 23:00:00,23460.0
2018-04-16 23:00:00,23398.0
2018-04-17 23:00:00,23689.0
2018-04-18 23:00:00,24522.0
2018-04-19 23:00:00,24395.0
2018-04-20 23:00:00,24248.0
2018-04-23 23:00:00,24165.0
2018-04-24 23:00:00,24187.0
2018-04-25 23:00:00,24415.0
2018-04-26 23:00:00,24889.0
2018-04-27 23:00:00,24717.0
2018-04-28 23:00:00,24906.0
2018-04-30 23:00:00,25087.0
2018-05-02 23:00:00,24612.0
2018-05-03 23:00:00,24459.0
2018-05-04 23:00:00,24456.0
2018-05-07 23:00:00,24666.0
2018-05-08 23:00:00,24227.0
2018-05-10 23:00:00,24358.0
2018-05-11 23:00:00,24273.0
2018-05-14 23:00:00,24395.0
2018-05-15 23:00:00,24368.0
2018-05-16 23:00:00,24278.0
2018-05-17 23:00:00,24563.0
2018-05-18 23:00:00,24545.0
2018-05-21 23:00:00,24642.0
2018-05-22 23:00:00,24884.0
2018-05-23 23:00:00,24445.0
2018-05-24 23:00:00,24034.0
2018-05-25 23:00:00,23935.0
2018-05-28 23:00:00,23986.0
2018-05-29 23:00:00,23599.0
2018-05-30 23:00:00,23705.0
2018-05-31 23:00:00,23504.0
2018-06-01 23:00:00,23575.0
2018-06-04 23:00:00,23816.0
2018-06-05 23:00:00,23806.0
2018-06-06 23:00:00,23782.0
2018-06-07 23:00:00,23774.0
2018-06-08 23:00:00,23535.0
2018-06-09 23:00:00,23648.0
2018-06-11 23:00:00,23507.0
2018-06-13 23:00:00,23410.0
2018-06-14 23:00:00,23336.0
2018-06-15 23:00:00,23105.0
2018-06-18 23:00:00,22903.0
2018-06-19 23:00:00,22764.0
2018-06-20 23:00:00,22944.0
2018-06-21 23:00:00,22535.0
2018-06-22 23:00:00,21653.0
2018-06-25 23:00:00,21763.0
2018-06-26 23:00:00,21213.0
2018-06-27 23:00:00,21706.0
2018-06-28 23:00:00,21758.0
2018-06-29 23:00:00,22784.0
2018-07-02 23:00:00,23263.0
2018-07-03 23:00:00,23074.0
2018-07-04 23:00:00,23237.0
2018-07-05 23:00:00,23568.0
2018-07-06 23:00:00,24773.0
2018-07-09 23:00:00,24837.0
2018-07-10 23:00:00,24543.0
2018-07-11 23:00:00,24034.0
2018-07-12 23:00:00,24169.0
2018-07-13 23:00:00,23930.0
2018-07-16 23:00:00,23894.0
2018-07-17 23:00:00,24079.0
2018-07-18 23:00:00,24027.0
2018-07-19 23:00:00,23895.0
2018-07-20 23:00:00,23673.0
2018-07-23 23:00:00,23177.0
2018-07-24 23:00:00,23323.0
2018-07-25 23:00:00,23392.0
2018-07-26 23:00:00,23330.0
2018-07-27 23:00:00,23356.0
2018-07-30 23:00:00,23175.0
2018-07-31 23:00:00,23183.0
2018-08-01 23:00:00,23279.0
2018-08-02 23:00:00,23050.0
2018-08-03 23:00:00,23093.0
2018-08-06 23:00:00,23179.0
2018-08-07 23:00:00,23156.0
2018-08-08 23:00:00,22755.0
2018-08-09 23:00:00,22438.0
2018-08-10 23:00:00,22313.0
2018-08-13 23:00:00,22279.0
2018-08-14 23:00:00,22064.0
2018-08-15 23:00:00,21941.0
2018-08-16 23:00:00,21850.0
2018-08-17 23:00:00,21921.0
2018-08-20 23:00:00,21953.0
2018-08-21 23:00:00,22269.0
2018-08-22 23:00:00,22282.0
2018-08-23 23:00:00,22120.0
2018-08-24 23:00:00,22031.0
2018-08-27 23:00:00,22404.0
2018-08-28 23:00:00,22758.0
2018-08-29 23:00:00,22787.0
2018-08-30 23:00:00,22673.0
2018-08-31 23:00:00,22922.0
2018-09-03 23:00:00,23030.0
2018-09-04 23:00:00,22514.0
2018-09-05 23:00:00,22538.0
2018-09-06 23:00:00,22411.0
2018-09-07 23:00:00,22334.0
2018-09-10 23:00:00,22367.0
2018-09-11 23:00:00,22003.0
2018-09-12 23:00:00,22563.0
2018-09-13 23:00:00,23318.0
2018-09-14 23:00:00,23390.0
2018-09-17 23:00:00,24148.0
2018-09-18 23:00:00,24402.0
2018-09-19 23:00:00,24103.0
2018-09-20 23:00:00,23727.0
2018-09-21 23:00:00,23797.0
2018-09-24 23:00:00,23843.0
2018-09-25 23:00:00,23816.0
2018-09-26 23:00:00,23534.0
2018-09-27 23:00:00,23738.0
2018-09-28 23:00:00,23768.0
2018-10-01 23:00:00,23922.0
2018-10-02 23:00:00,23775.0
2018-10-03 23:00:00,24008.0
2018-10-04 23:00:00,24001.0
2018-10-05 23:00:00,23876.0
2018-10-08 23:00:00,23597.0
2018-10-09 23:00:00,23113.0
2018-10-10 23:00:00,22995.0
2018-10-11 23:00:00,22771.0
2018-10-12 23:00:00,23214.0
2018-10-15 23:00:00,23577.0
2018-10-16 23:00:00,23886.0
2018-10-17 23:00:00,23814.0
2018-10-18 23:00:00,23458.0
2018-10-19 23:00:00,23411.0
2018-10-22 23:00:00,23091.0
2018-10-23 23:00:00,22731.0
2018-10-24 23:00:00,22806.0
2018-10-25 23:00:00,22673.0
2018-10-26 23:00:00,22395.0
2018-10-29 23:00:00,22529.0
2018-10-30 23:00:00,22324.0
2018-10-31 23:00:00,22359.0
2018-11-01 23:00:00,22347.0
2018-11-02 23:00:00,22726.0
2018-11-06 23:00:00,23041.0
2018-11-07 23:00:00,23632.0
2018-11-08 23:00:00,24047.0
2018-11-09 23:00:00,23647.0
2018-11-12 23:00:00,23342.0
2018-11-13 23:00:00,23347.0
2018-11-14 23:00:00,23535.0
2018-11-15 23:00:00,23801.0
2018-11-16 23:00:00,23348.0
2018-11-19 23:00:00,23300.0
2018-11-20 23:00:00,21880.0
2018-11-21 23:00:00,21925.0
2018-11-22 23:00:00,22013.0
2018-11-23 23:00:00,21429.0
2018-11-26 23:00:00,21277.0
2018-11-27 23:00:00,21504.0
2018-11-28 23:00:00,21481.0
2018-11-29 23:00:00,21753.0
2018-11-30 23:00:00,21480.0
2018-12-03 23:00:00,21477.0
2018-12-04 23:00:00,21439.0
2018-12-05 23:00:00,21462.0
2018-12-06 23:00:00,20872.0
2018-12-07 23:00:00,20345.0
2018-12-10 23:00:00,19595.0
2018-12-11 23:00:00,19079.0
2018-12-12 23:00:00,19874.0
2018-12-13 23:00:00,19853.0
2018-12-14 23:00:00,20067.0
2018-12-17 23:00:00,19858.0
2018-12-18 23:00:00,20284.0
2018-12-19 23:00:00,20457.0
2018-12-20 23:00:00,20728.0
2018-12-21 23:00:00,20727.0
2018-12-24 23:00:00,19731.0
2018-12-25 23:00:00,19621.0
2018-12-26 23:00:00,19797.0
2018-12-27 23:00:00,19786.0
2018-12-28 23:00:00,20030.0
2018-12-29 23:00:00,20132.0
2019-01-03 23:00:00,20263.0
2019-01-04 23:00:00,21129.0
2019-01-08 23:00:00,21381.0
2019-01-09 23:00:00,21460.0
2019-01-10 23:00:00,21979.0
2019-01-11 23:00:00,21710.0
2019-01-14 23:00:00,21639.0
2019-01-15 23:00:00,21631.0
2019-01-16 23:00:00,21769.0
2019-01-17 23:00:00,21860.0
2019-01-18 23:00:00,22064.0
2019-01-21 23:00:00,22299.0
2019-01-22 23:00:00,22265.0
2019-01-23 23:00:00,22842.0
2019-01-24 23:00:00,22829.0
2019-01-25 23:00:00,22488.0
2019-01-28 23:00:00,22199.0
2019-01-29 23:00:00,22336.0
2019-01-30 23:00:00,22448.0
2019-01-31 23:00:00,22529.0
2019-02-01 23:00:00,22619.0
2019-02-04 23:00:00,22730.0
2019-02-05 23:00:00,22816.0
2019-02-06 23:00:00,22684.0
2019-02-07 23:00:00,22481.0
2019-02-08 23:00:00,21757.0
2019-02-11 23:00:00,21395.0
2019-02-12 23:00:00,21701.0
2019-02-13 23:00:00,21740.0
2019-02-14 23:00:00,21990.0
2019-02-15 23:00:00,22279.0
2019-02-18 23:00:00,21805.0
2019-02-19 23:00:00,21443.0
2019-02-20 23:00:00,21481.0
2019-02-21 23:00:00,21104.0
2019-02-22 23:00:00,21260.0
2019-02-25 23:00:00,21357.0
2019-02-26 23:00:00,21449.0
2019-02-27 23:00:00,21449.0
2019-02-28 23:00:00,21478.0
2019-03-01 23:00:00,21560.0
2019-03-04 23:00:00,21779.0
2019-03-05 23:00:00,21879.0
2019-03-06 23:00:00,21899.0
2019-03-07 23:00:00,21654.0
2019-03-11 23:00:00,21923.0
2019-03-12 23:00:00,22034.0
2019-03-13 23:00:00,22222.0
2019-03-14 23:00:00,22117.0
2019-03-15 23:00:00,22206.0
2019-03-18 23:00:00,22561.0
2019-03-19 23:00:00,22289.0
2019-03-20 23:00:00,21938.0
2019-03-21 23:00:00,22839.0
2019-03-22 23:00:00,22706.0
2019-03-25 23:00:00,22231.0
2019-03-26 23:00:00,22215.0
2019-03-27 23:00:00,21873.0
2019-03-28 23:00:00,21519.0
2019-03-29 23:00:00,21318.0
2019-04-01 23:00:00,21376.0
2019-04-02 23:00:00,21781.0
2019-04-03 23:00:00,21926.0
2019-04-04 23:00:00,22228.0
2019-04-05 23:00:00,22398.0
2019-04-08 23:00:00,22119.0
2019-04-09 23:00:00,22171.0
2019-04-10 23:00:00,22001.0
2019-04-11 23:00:00,21984.0
2019-04-12 23:00:00,21766.0
2019-04-15 23:00:00,21911.0
2019-04-16 23:00:00,21599.0
2019-04-17 23:00:00,21532.0
2019-04-18 23:00:00,21655.0
2019-04-19 23:00:00,21701.0
2019-04-22 23:00:00,21876.0
2019-04-23 23:00:00,21671.0
2019-04-24 23:00:00,21555.0
2019-04-25 23:00:00,21166.0
2019-04-26 23:00:00,21388.0
2019-04-29 23:00:00,21360.0
2019-04-30 23:00:00,21276.0
2019-05-02 23:00:00,21978.0
2019-05-03 23:00:00,22133.0
2019-05-06 23:00:00,21974.0
2019-05-07 23:00:00,21661.0
2019-05-08 23:00:00,21731.0
2019-05-10 23:00:00,21360.0
2019-05-13 23:00:00,21282.0
2019-05-14 23:00:00,21243.0
2019-05-15 23:00:00,21461.0
2019-05-16 23:00:00,21447.0
2019-05-17 23:00:00,21251.0
2019-05-20 23:00:00,21261.0
2019-05-21 23:00:00,21161.0
2019-05-22 23:00:00,21261.0
2019-05-23 23:00:00,21901.0
2019-05-24 23:00:00,21460.0
2019-05-27 23:00:00,21701.0
2019-05-28 23:00:00,21573.0
2019-05-29 23:00:00,21572.0
2019-05-30 23:00:00,21711.0
2019-05-31 23:00:00,21376.0
2019-06-03 23:00:00,22036.0
2019-06-04 23:00:00,21871.0
2019-06-05 23:00:00,21859.0
2019-06-06 23:00:00,22170.0
2019-06-07 23:00:00,22176.0
2019-06-10 23:00:00,22344.0
2019-06-11 23:00:00,22829.0
2019-06-13 23:00:00,22959.0
2019-06-14 23:00:00,22772.0
2019-06-17 23:00:00,22661.0
2019-06-18 23:00:00,23091.0
2019-06-19 23:00:00,23395.0
2019-06-20 23:00:00,23691.0
2019-06-21 23:00:00,23500.0
2019-06-24 23:00:00,23679.0
2019-06-25 23:00:00,23818.0
2019-06-26 23:00:00,24406.0
2019-06-27 23:00:00,24206.0
2019-06-28 23:00:00,24291.0
2019-07-01 23:00:00,24296.0
2019-07-02 23:00:00,23862.0
2019-07-03 23:00:00,23946.0
2019-07-04 23:00:00,23941.0
2019-07-05 23:00:00,24302.0
2019-07-08 23:00:00,24244.0
2019-07-09 23:00:00,24386.0
2019-07-10 23:00:00,24201.0
2019-07-11 23:00:00,24056.0
2019-07-12 23:00:00,24154.0
2019-07-15 23:00:00,24191.0
2019-07-16 23:00:00,23976.0
2019-07-17 23:00:00,23815.0
2019-07-18 23:00:00,23580.0
2019-07-19 23:00:00,23620.0
2019-07-22 23:00:00,23527.0
2019-07-23 23:00:00,23838.0
2019-07-24 23:00:00,23820.0
2019-07-25 23:00:00,23708.0
2019-07-26 23:00:00,23890.0
2019-07-29 23:00:00,23761.0
2019-07-30 23:00:00,24067.0
2019-07-31 23:00:00,23833.0
2019-08-01 23:00:00,23598.0
2019-08-02 23:00:00,23395.0
2019-08-05 23:00:00,23091.0
2019-08-06 23:00:00,23242.0
2019-08-07 23:00:00,23307.0
2019-08-08 23:00:00,23304.0
2019-08-09 23:00:00,23143.0
2019-08-12 23:00:00,23131.0
2019-08-13 23:00:00,23074.0
2019-08-14 23:00:00,22999.0
2019-08-15 23:00:00,22891.0
2019-08-16 23:00:00,22601.0
2019-08-19 23:00:00,22896.0
2019-08-20 23:00:00,22852.0
2019-08-21 23:00:00,22910.0
2019-08-22 23:00:00,22912.0
2019-08-23 23:00:00,22891.0
2019-08-26 23:00:00,23495.0
2019-08-27 23:00:00,23456.0
2019-08-28 23:00:00,23749.0
2019-08-29 23:00:00,23753.0
2019-08-30 23:00:00,23917.0
2019-09-02 23:00:00,23861.0
2019-09-03 23:00:00,23971.0
2019-09-04 23:00:00,24548.0
2019-09-05 23:00:00,24681.0
2019-09-06 23:00:00,24455.0
2019-09-09 23:00:00,24469.0
2019-09-10 23:00:00,24135.0
2019-09-11 23:00:00,24296.0
2019-09-12 23:00:00,23982.0
2019-09-13 23:00:00,23974.0
2019-09-16 23:00:00,24079.0
2019-09-17 23:00:00,24113.0
2019-09-18 23:00:00,24327.0
2019-09-19 23:00:00,24096.0
2019-09-20 23:00:00,24165.0
2019-09-23 23:00:00,24070.0
2019-09-24 23:00:00,23808.0
2019-09-25 23:00:00,23523.0
2019-09-26 23:00:00,23621.0
2019-09-27 23:00:00,23689.0
2019-09-30 23:00:00,23568.0
2019-10-01 23:00:00,23581.0
2019-10-02 23:00:00,23270.0
2019-10-03 23:00:00,23283.0
2019-10-04 23:00:00,23387.0
2019-10-07 23:00:00,23509.0
2019-10-08 23:00:00,23228.0
2019-10-09 23:00:00,23938.0
2019-10-10 23:00:00,24167.0
2019-10-11 23:00:00,24498.0
2019-10-14 23:00:00,24258.0
2019-10-15 23:00:00,24493.0
2019-10-16 23:00:00,24498.0
2019-10-17 23:00:00,24365.0
2019-10-18 23:00:00,24627.0
2019-10-21 23:00:00,24418.0
2019-10-22 23:00:00,24693.0
2019-10-23 23:00:00,24770.0
2019-10-24 23:00:00,25292.0
2019-10-25 23:00:00,25524.0
2019-10-28 23:00:00,26173.0
2019-10-29 23:00:00,26351.0
2019-10-30 23:00:00,26520.0
2019-10-31 23:00:00,26037.0
2019-11-01 23:00:00,26251.0
2019-11-05 23:00:00,26554.0
2019-11-06 23:00:00,26830.0
2019-11-07 23:00:00,27508.0
2019-11-08 23:00:00,27428.0
2019-11-11 23:00:00,27389.0
2019-11-12 23:00:00,27494.0
2019-11-13 23:00:00,27410.0
2019-11-14 23:00:00,27344.0
2019-11-15 23:00:00,27576.0
2019-11-18 23:00:00,27254.0
2019-11-19 23:00:00,28131.0
2019-11-20 23:00:00,28213.0
2019-11-21 23:00:00,28158.0
2019-11-22 23:00:00,28109.0
2019-11-25 23:00:00,28524.0
2019-11-26 23:00:00,28190.0
2019-11-27 23:00:00,28213.0
2019-11-28 23:00:00,28168.0
2019-11-29 23:00:00,27918.0
2019-12-02 23:00:00,28132.0
2019-12-03 23:00:00,27782.0
2019-12-04 23:00:00,27857.0
2019-12-05 23:00:00,27900.0
2019-12-06 23:00:00,27670.0
2019-12-09 23:00:00,27769.0
2019-12-10 23:00:00,27721.0
2019-12-11 23:00:00,28067.0
2019-12-12 23:00:00,28060.0
2019-12-13 23:00:00,27945.0
2019-12-16 23:00:00,28180.0
2019-12-17 23:00:00,28662.0
2019-12-18 23:00:00,28823.0
2019-12-19 23:00:00,28744.0
2019-12-20 23:00:00,28797.0
2019-12-23 23:00:00,28955.0
2019-12-24 23:00:00,28847.0
2019-12-25 23:00:00,29282.0
2019-12-26 23:00:00,29384.0
2019-12-27 23:00:00,29390.0
2019-12-30 23:00:00,29587.0
2020-01-03 23:00:00,29558.0
2020-01-06 23:00:00,31568.0
2020-01-08 23:00:00,30002.0
2020-01-09 23:00:00,30798.0
2020-01-10 23:00:00,30565.0
2020-01-13 23:00:00,30564.0
2020-01-14 23:00:00,30332.0
2020-01-15 23:00:00,30556.0
2020-01-16 23:00:00,30681.0
2020-01-17 23:00:00,30867.0
2020-01-20 23:00:00,31353.0
2020-01-21 23:00:00,31575.0
2020-01-22 23:00:00,31998.0
2020-01-23 23:00:00,31546.0
2020-01-24 23:00:00,32255.0
2020-01-27 23:00:00,31352.0
2020-01-28 23:00:00,31305.0
2020-01-29 23:00:00,31476.0
2020-01-30 23:00:00,31661.0
2020-01-31 23:00:00,31306.0
2020-02-03 23:00:00,31710.0
2020-02-04 23:00:00,31854.0
2020-02-05 23:00:00,31703.0
2020-02-06 23:00:00,31686.0
2020-02-07 23:00:00,31690.0
2020-02-10 23:00:00,31586.0
2020-02-11 23:00:00,31805.0
2020-02-12 23:00:00,32435.0
2020-02-13 23:00:00,32286.0
2020-02-14 23:00:00,32571.0
2020-02-17 23:00:00,32609.0
2020-02-18 23:00:00,32655.0
2020-02-19 23:00:00,33320.0
2020-02-20 23:00:00,33246.0
2020-02-21 23:00:00,33545.0
2020-02-25 23:00:00,32285.0
2020-02-26 23:00:00,32454.0
2020-02-27 23:00:00,31326.0
2020-02-28 23:00:00,30814.0
2020-03-02 23:00:00,31220.0
2020-03-03 23:00:00,31421.0
2020-03-04 23:00:00,31395.0
2020-03-05 23:00:00,31426.0
2020-03-06 23:00:00,30455.0
2020-03-10 23:00:00,27815.0
2020-03-11 23:00:00,27830.0
2020-03-12 23:00:00,25720.0
2020-03-13 23:00:00,25233.0
2020-03-16 23:00:00,25075.0
2020-03-17 23:00:00,24302.0
2020-03-18 23:00:00,24368.0
2020-03-19 23:00:00,24895.0
2020-03-20 23:00:00,26035.0
2020-03-23 23:00:00,24695.0
2020-03-24 23:00:00,26275.0
2020-03-25 23:00:00,26345.0
2020-03-26 23:00:00,27027.0
2020-03-27 23:00:00,27046.0
2020-03-30 23:00:00,27456.0
2020-03-31 23:00:00,27844.0
2020-04-01 23:00:00,27699.0
2020-04-02 23:00:00,28024.0
2020-04-03 23:00:00,27779.0
2020-04-06 23:00:00,28689.0
2020-04-07 23:00:00,28695.0
2020-04-08 23:00:00,29015.0
2020-04-09 23:00:00,28875.0
2020-04-10 23:00:00,29092.0
2020-04-13 23:00:00,28893.0
2020-04-14 23:00:00,29337.0
2020-04-15 23:00:00,28397.0
2020-04-16 23:00:00,28586.0
2020-04-17 23:00:00,28784.0
2020-04-20 23:00:00,28889.0
2020-04-21 23:00:00,28290.0
2020-04-22 23:00:00,29125.0
2020-04-23 23:00:00,29535.0
2020-04-24 23:00:00,28797.0
2020-04-27 23:00:00,29205.0
2020-04-28 23:00:00,29534.0
2020-04-29 23:00:00,30118.0
2020-04-30 23:00:00,30165.0
2020-05-04 23:00:00,29847.0
2020-05-05 23:00:00,30069.0
2020-05-06 23:00:00,29963.0
2020-05-07 23:00:00,30296.0
2020-05-08 23:00:00,30471.0
2020-05-12 23:00:00,30596.0
2020-05-13 23:00:00,29995.0
2020-05-14 23:00:00,29750.0
2020-05-15 23:00:00,30123.0
2020-05-18 23:00:00,30742.0
2020-05-19 23:00:00,30778.0
2020-05-20 23:00:00,31324.0
2020-05-21 23:00:00,31020.0
2020-05-22 23:00:00,30895.0
2020-05-25 23:00:00,31279.0
2020-05-26 23:00:00,31307.0
2020-05-27 23:00:00,30811.0
2020-05-28 23:00:00,30496.0
2020-05-29 23:00:00,30123.0
2020-06-01 23:00:00,30110.0
2020-06-02 23:00:00,30884.0
2020-06-03 23:00:00,31212.0
2020-06-04 23:00:00,30430.0
2020-06-05 23:00:00,30859.0
2020-06-08 23:00:00,30713.0
2020-06-09 23:00:00,31044.0
2020-06-10 23:00:00,30781.0
2020-06-11 23:00:00,30459.0
2020-06-15 23:00:00,30460.0
2020-06-16 23:00:00,30467.0
2020-06-17 23:00:00,30360.0
2020-06-18 23:00:00,30603.0
2020-06-19 23:00:00,30755.0
2020-06-22 23:00:00,30404.0
2020-06-23 23:00:00,30360.0
2020-06-25 23:00:00,30125.0
2020-06-26 23:00:00,30094.0
2020-06-29 23:00:00,30273.0
2020-06-30 23:00:00,30515.0
2020-07-02 23:00:00,30760.0
2020-07-03 23:00:00,31087.0
2020-07-06 23:00:00,31267.0
2020-07-07 23:00:00,31227.0
2020-07-08 23:00:00,31163.0
2020-07-09 23:00:00,31020.0
2020-07-10 23:00:00,30850.0
2020-07-13 23:00:00,31060.0
2020-07-14 23:00:00,30955.0
2020-07-15 23:00:00,31250.0
2020-07-16 23:00:00,31309.0
2020-07-17 23:00:00,31416.0
2020-07-20 23:00:00,31530.0
2020-07-21 23:00:00,31560.0
2020-07-22 23:00:00,31706.0
2020-07-23 23:00:00,31612.0
2020-07-24 23:00:00,31384.0
2020-07-27 23:00:00,31351.0
2020-07-28 23:00:00,31737.0
2020-07-29 23:00:00,32192.0
2020-07-30 23:00:00,31726.0
2020-07-31 23:00:00,31950.0
2020-08-03 23:00:00,32699.0
2020-08-04 23:00:00,32649.0
2020-08-05 23:00:00,32620.0
2020-08-06 23:00:00,32309.0
2020-08-07 23:00:00,32332.0
2020-08-10 23:00:00,32058.0
2020-08-11 23:00:00,32336.0
2020-08-12 23:00:00,32705.0
2020-08-13 23:00:00,33104.0
2020-08-14 23:00:00,33282.0
2020-08-17 23:00:00,33394.0
2020-08-18 23:00:00,33350.0
2020-08-19 23:00:00,33483.0
2020-08-20 23:00:00,33375.0
2020-08-21 23:00:00,33209.0
2020-08-24 23:00:00,33666.0
2020-08-25 23:00:00,33535.0
2020-08-26 23:00:00,33677.0
2020-08-27 23:00:00,33976.0
2020-08-28 23:00:00,33553.0
2020-08-31 23:00:00,33111.0
2020-09-01 23:00:00,33135.0
2020-09-02 23:00:00,32910.0
2020-09-03 23:00:00,32876.0
2020-09-04 23:00:00,32536.0
2020-09-07 23:00:00,32750.0
2020-09-08 23:00:00,32389.0
2020-09-09 23:00:00,32595.0
2020-09-10 23:00:00,32538.0
2020-09-15 23:00:00,32818.0
2020-09-16 23:00:00,32914.0
2020-09-17 23:00:00,33021.0
2020-09-18 23:00:00,32788.0
2020-09-21 23:00:00,32739.0
2020-09-22 23:00:00,33411.0
2020-09-23 23:00:00,33285.0
2020-09-24 23:00:00,32891.0
2020-09-25 23:00:00,32720.0
2020-09-28 23:00:00,33420.0
2020-09-29 23:00:00,33116.0
2020-09-30 23:00:00,32941.0
2020-10-01 23:00:00,32895.0
2020-10-02 23:00:00,33000.0
2020-10-05 23:00:00,33312.0
2020-10-06 23:00:00,33117.0
2020-10-07 23:00:00,32207.0
2020-10-08 23:00:00,32344.0
2020-10-09 23:00:00,32629.0
2020-10-12 23:00:00,32850.0
2020-10-13 23:00:00,32859.0
2020-10-14 23:00:00,32619.0
2020-10-15 23:00:00,32253.0
2020-10-16 23:00:00,31940.0
2020-10-19 23:00:00,31455.0
2020-10-20 23:00:00,31792.0
2020-10-21 23:00:00,31743.0
2020-10-22 23:00:00,31702.0
2020-10-23 23:00:00,31528.0
2020-10-26 23:00:00,31477.0
2020-10-27 23:00:00,31449.0
2020-10-28 23:00:00,30887.0
2020-10-29 23:00:00,30797.0
2020-10-30 23:00:00,30658.0
2020-11-02 23:00:00,31216.0
2020-11-03 23:00:00,31470.0
2020-11-05 23:00:00,31914.0
2020-11-06 23:00:00,31893.0
2020-11-09 23:00:00,32364.0
2020-11-10 23:00:00,31812.0
2020-11-11 23:00:00,31695.0
2020-11-12 23:00:00,31670.0
2020-11-13 23:00:00,31335.0
2020-11-16 23:00:00,31713.0
2020-11-17 23:00:00,31846.0
2020-11-18 23:00:00,31745.0
2020-11-19 23:00:00,31483.0
2020-11-20 23:00:00,31284.0
2020-11-23 23:00:00,31410.0
2020-11-24 23:00:00,31342.0
2020-11-25 23:00:00,31085.0
2020-11-26 23:00:00,31336.0
2020-11-27 23:00:00,31598.0
2020-11-30 23:00:00,31649.0
2020-12-01 23:00:00,31915.0
2020-12-02 23:00:00,31778.0
2020-12-03 23:00:00,31512.0
2020-12-04 23:00:00,31342.0
2020-12-07 23:00:00,31461.0
2020-12-08 23:00:00,31278.0
2020-12-09 23:00:00,31728.0
2020-12-10 23:00:00,31910.0
2020-12-11 23:00:00,31658.0
2020-12-14 23:00:00,31425.0
2020-12-15 23:00:00,31475.0
2020-12-16 23:00:00,31703.0
2020-12-17 23:00:00,31760.0
2020-12-18 23:00:00,32310.0
2020-12-21 23:00:00,31965.0
2020-12-22 23:00:00,32167.0
2020-12-23 23:00:00,32210.0
2020-12-24 23:00:00,32189.0
2020-12-25 23:00:00,32342.0
2020-12-28 23:00:00,32362.0
2020-12-29 23:00:00,32519.0
2020-12-30 23:00:00,32365.0
2021-01-04 23:00:00,32950.0
2021-01-05 23:00:00,33261.0
2021-01-06 23:00:00,32976.0
2021-01-08 23:00:00,33212.0
2021-01-11 23:00:00,33023.0
2021-01-12 23:00:00,32883.0
2021-01-13 23:00:00,32486.0
2021-01-14 23:00:00,32683.0
2021-01-15 23:00:00,32753.0
2021-01-18 23:00:00,32653.0
2021-01-19 23:00:00,32470.0
2021-01-20 23:00:00,32540.0
2021-01-21 23:00:00,32141.0
2021-01-22 23:00:00,32280.0
2021-01-25 23:00:00,32695.0
2021-01-26 23:00:00,32916.0
2021-01-27 23:00:00,32849.0
2021-01-28 23:00:00,32761.0
2021-01-29 23:00:00,32263.0
2021-02-01 23:00:00,32266.0
2021-02-02 23:00:00,32582.0
2021-02-03 23:00:00,32716.0
2021-02-04 23:00:00,32475.0
2021-02-05 23:00:00,32920.0
2021-02-08 23:00:00,32595.0
2021-02-09 23:00:00,32555.0
2021-02-10 23:00:00,32250.0
2021-02-11 23:00:00,32125.0
2021-02-12 23:00:00,31820.0
2021-02-15 23:00:00,32264.0
2021-02-16 23:00:00,32177.0
2021-02-17 23:00:00,31763.0
2021-02-18 23:00:00,31380.0
2021-02-19 23:00:00,31418.0
2021-02-20 23:00:00,31530.0
2021-02-22 23:00:00,31223.0
2021-02-24 23:00:00,30780.0
2021-02-25 23:00:00,30796.0
2021-02-26 23:00:00,30631.0
2021-03-01 23:00:00,30597.0
2021-03-02 23:00:00,30909.0
2021-03-03 23:00:00,31099.0
2021-03-04 23:00:00,31438.0
2021-03-05 23:00:00,30952.0
2021-03-09 23:00:00,30689.0
2021-03-10 23:00:00,30754.0
2021-03-11 23:00:00,31003.0
2021-03-12 23:00:00,31394.0
2021-03-15 23:00:00,31305.0
2021-03-16 23:00:00,31279.0
2021-03-17 23:00:00,30947.0
2021-03-18 23:00:00,30920.0
2021-03-19 23:00:00,30585.0
2021-03-22 23:00:00,30779.0
2021-03-23 23:00:00,30681.0
2021-03-24 23:00:00,30530.0
2021-03-25 23:00:00,30380.0
2021-03-26 23:00:00,30335.0
2021-03-29 23:00:00,30360.0
2021-03-30 23:00:00,30435.0
2021-03-31 23:00:00,30481.0
2021-04-01 23:00:00,30631.0
2021-04-02 23:00:00,30728.0
2021-04-05 23:00:00,30612.0
2021-04-06 23:00:00,30657.0
2021-04-07 23:00:00,30580.0
2021-04-08 23:00:00,30589.0
2021-04-09 23:00:00,30624.0
2021-04-12 23:00:00,30580.0
2021-04-13 23:00:00,30621.0
2021-04-14 23:00:00,30656.0
2021-04-15 23:00:00,30561.0
2021-04-16 23:00:00,31079.0
2021-04-19 23:00:00,31257.0
2021-04-20 23:00:00,31168.0
2021-04-21 23:00:00,31180.0
2021-04-22 23:00:00,31380.0
2021-04-23 23:00:00,31195.0
2021-04-26 23:00:00,31393.0
2021-04-27 23:00:00,31396.0
2021-04-28 23:00:00,31230.0
2021-04-29 23:00:00,31192.0
2021-04-30 23:00:00,31132.0
2021-05-04 23:00:00,31028.0
2021-05-05 23:00:00,31300.0
2021-05-06 23:00:00,31400.0
2021-05-07 23:00:00,31389.0
2021-05-10 23:00:00,31430.0
2021-05-11 23:00:00,31475.0
2021-05-12 23:00:00,31368.0
2021-05-13 23:00:00,31326.0
2021-05-14 23:00:00,31438.0
2021-05-17 23:00:00,31811.0
2021-05-18 23:00:00,32448.0
2021-05-19 23:00:00,32525.0
2021-05-20 23:00:00,32390.0
2021-05-21 23:00:00,32437.0
2021-05-24 23:00:00,32455.0
2021-05-25 23:00:00,32524.0
2021-05-26 23:00:00,32578.0
2021-05-27 23:00:00,32482.0
2021-05-28 23:00:00,32606.0
2021-05-31 23:00:00,32767.0
2021-06-01 23:00:00,32685.0
2021-06-02 23:00:00,32825.0
2021-06-03 23:00:00,32924.0
2021-06-04 23:00:00,32795.0
2021-06-07 23:00:00,33000.0
2021-06-08 23:00:00,33034.0
2021-06-09 23:00:00,33225.0
2021-06-10 23:00:00,33180.0
2021-06-11 23:00:00,33076.0
2021-06-14 23:00:00,33271.0
2021-06-15 23:00:00,33359.0
2021-06-16 23:00:00,33603.0
2021-06-17 23:00:00,33273.0
2021-06-18 23:00:00,33085.0
2021-06-21 23:00:00,33110.0
2021-06-22 23:00:00,33108.0
2021-06-23 23:00:00,33038.0
2021-06-24 23:00:00,32871.0
2021-06-25 23:00:00,33056.0
2021-06-28 23:00:00,33131.0
2021-06-29 23:00:00,32921.0
2021-06-30 23:00:00,33047.0
2021-07-01 23:00:00,33139.0
2021-07-02 23:00:00,33847.0
2021-07-05 23:00:00,33677.0
2021-07-06 23:00:00,33677.0
2021-07-07 23:00:00,33545.0
2021-07-08 23:00:00,33003.0
2021-07-09 23:00:00,32916.0
2021-07-12 23:00:00,33407.0
2021-07-13 23:00:00,33494.0
2021-07-14 23:00:00,33362.0
2021-07-15 23:00:00,33366.0
2021-07-16 23:00:00,33050.0
2021-07-19 23:00:00,32746.0
2021-07-20 23:00:00,32706.0
2021-07-21 23:00:00,32767.0
2021-07-22 23:00:00,32684.0
2021-07-23 23:00:00,32740.0
2021-07-26 23:00:00,32795.0
2021-07-27 23:00:00,32800.0
2021-07-28 23:00:00,32826.0
2021-07-29 23:00:00,32762.0
2021-07-30 23:00:00,32572.0
2021-08-02 23:00:00,32720.0
2021-08-03 23:00:00,32662.0
2021-08-04 23:00:00,32708.0
2021-08-05 23:00:00,32728.0
2021-08-06 23:00:00,32641.0
2021-08-09 23:00:00,32694.0
2021-08-10 23:00:00,32651.0
2021-08-11 23:00:00,32788.0
2021-08-12 23:00:00,32814.0
2021-08-13 23:00:00,32838.0
2021-08-16 23:00:00,32926.0
2021-08-17 23:00:00,32995.0
2021-08-18 23:00:00,33320.0
2021-08-19 23:00:00,33209.0
2021-08-20 23:00:00,33287.0
2021-08-23 23:00:00,33511.0
2021-08-24 23:00:00,33847.0
2021-08-25 23:00:00,33963.0
2021-08-26 23:00:00,33942.0
2021-08-27 23:00:00,33740.0
2021-08-30 23:00:00,33784.0
2021-08-31 23:00:00,33702.0
2021-09-01 23:00:00,33855.0
2021-09-02 23:00:00,33598.0
2021-09-03 23:00:00,33715.0
2021-09-06 23:00:00,33660.0
2021-09-07 23:00:00,33749.0
2021-09-08 23:00:00,33815.0
2021-09-09 23:00:00,33682.0
2021-09-10 23:00:00,33859.0
2021-09-13 23:00:00,34014.0
2021-09-14 23:00:00,33933.0
2021-09-15 23:00:00,33702.0
2021-09-16 23:00:00,33635.0
2021-09-17 23:00:00,33902.0
2021-09-20 23:00:00,33434.0
2021-09-21 23:00:00,33450.0
2021-09-22 23:00:00,33567.0
2021-09-23 23:00:00,33432.0
2021-09-24 23:00:00,33820.0
2021-09-27 23:00:00,33844.0
2021-09-28 23:00:00,33719.0
2021-09-29 23:00:00,33551.0
2021-09-30 23:00:00,33603.0
2021-10-01 23:00:00,33432.0
2021-10-04 23:00:00,33344.0
2021-10-05 23:00:00,33443.0
2021-10-06 23:00:00,33317.0
2021-10-07 23:00:00,33503.0
2021-10-08 23:00:00,33474.0
2021-10-11 23:00:00,33333.0
2021-10-12 23:00:00,33321.0
2021-10-13 23:00:00,33196.0
2021-10-14 23:00:00,33426.0
2021-10-15 23:00:00,33335.0
2021-10-18 23:00:00,33397.0
2021-10-19 23:00:00,33297.0
2021-10-20 23:00:00,33312.0
2021-10-21 23:00:00,33129.0
2021-10-22 23:00:00,33063.0
2021-10-25 23:00:00,32996.0
2021-10-26 23:00:00,32862.0
2021-10-27 23:00:00,32759.0
2021-10-28 23:00:00,32609.0
2021-10-29 23:00:00,32437.0
2021-11-01 23:00:00,32590.0
2021-11-02 23:00:00,32647.0
2021-11-03 23:00:00,32664.0
2021-11-05 23:00:00,32691.0
2021-11-08 23:00:00,32619.0
2021-11-09 23:00:00,32914.0
2021-11-10 23:00:00,32856.0
2021-11-11 23:00:00,33052.0
2021-11-12 23:00:00,32967.0
2021-11-15 23:00:00,32904.0
2021-11-16 23:00:00,33005.0
2021-11-17 23:00:00,32851.0
2021-11-18 23:00:00,32489.0
2021-11-19 23:00:00,32288.0
2021-11-22 23:00:00,31970.0
2021-11-23 23:00:00,31748.0
2021-11-24 23:00:00,31652.0
2021-11-25 23:00:00,31810.0
2021-11-26 23:00:00,31109.0
2021-11-29 23:00:00,30751.0
2021-11-30 23:00:00,30261.0
2021-12-01 23:00:00,31012.0
2021-12-02 23:00:00,30643.0
2021-12-03 23:00:00,30579.0
2021-12-06 23:00:00,30398.0
2021-12-07 23:00:00,30236.0
2021-12-08 23:00:00,29994.0
2021-12-09 23:00:00,30022.0
2021-12-10 23:00:00,29985.0
2021-12-13 23:00:00,28966.0
2021-12-14 23:00:00,28865.0
2021-12-15 23:00:00,29131.0
2021-12-16 23:00:00,29621.0
2021-12-17 23:00:00,29904.0
2021-12-20 23:00:00,30044.0
2021-12-21 23:00:00,30041.0
2021-12-22 23:00:00,30358.0
2021-12-23 23:00:00,30143.0
2021-12-24 23:00:00,30012.0
2021-12-27 23:00:00,30284.0
2021-12-28 23:00:00,30561.0
2021-12-29 23:00:00,30524.0
2021-12-30 23:00:00,30685.0
2022-01-03 23:00:00,31215.0
2022-01-04 23:00:00,31335.0
2022-01-05 23:00:00,31219.0
2022-01-06 23:00:00,30697.0
2022-01-07 23:00:00,31176.0
2022-01-10 23:00:00,30027.0
2022-01-11 23:00:00,30237.0
2022-01-12 23:00:00,30472.0
2022-01-13 23:00:00,29592.0
2022-01-14 23:00:00,29635.0
2022-01-17 23:00:00,28801.0
2022-01-18 23:00:00,28000.0
2022-01-19 23:00:00,28267.0
2022-01-20 23:00:00,28523.0
2022-01-21 23:00:00,28183.0
2022-01-24 23:00:00,27547.0
2022-01-25 23:00:00,28026.0
2022-01-26 23:00:00,28679.0
2022-01-27 23:00:00,28583.0
2022-01-28 23:00:00,28915.0
2022-01-31 23:00:00,29374.0
2022-02-01 23:00:00,29525.0
2022-02-02 23:00:00,29367.0
2022-02-03 23:00:00,29014.0
2022-02-04 23:00:00,28956.0
2022-02-07 23:00:00,29049.0
2022-02-08 23:00:00,29501.0
2022-02-09 23:00:00,29380.0
2022-02-10 23:00:00,29932.0
2022-02-11 23:00:00,29519.0
2022-02-14 23:00:00,28803.0
2022-02-15 23:00:00,29141.0
2022-02-16 23:00:00,29461.0
2022-02-17 23:00:00,29012.0
2022-02-18 23:00:00,27915.0
2022-02-21 23:00:00,26614.0
2022-02-22 23:00:00,25901.0
2022-02-23 23:00:00,25697.0
2022-02-24 23:00:00,19786.0
2022-02-25 23:00:00,23551.0
2022-02-28 23:00:00,22416.0
2022-03-24 23:00:00,20362.0
2022-03-25 23:00:00,18730.0
2022-03-28 23:00:00,18510.0
2022-03-29 23:00:00,18230.0
2022-03-30 23:00:00,22228.0
2022-03-31 23:00:00,23338.0
2022-04-01 23:00:00,23057.0
2022-04-04 23:00:00,23153.0
2022-04-05 23:00:00,21891.0
2022-04-06 23:00:00,21532.0
2022-04-07 23:00:00,21532.0
2022-04-08 23:00:00,21530.0
2022-04-11 23:00:00,21042.0
2022-04-12 23:00:00,20959.0
2022-04-13 23:00:00,20968.0
2022-04-14 23:00:00,20400.0
2022-04-15 23:00:00,20560.0
2022-04-18 23:00:00,20191.0
2022-04-19 23:00:00,19885.0
2022-04-20 23:00:00,19481.0
2022-04-21 23:00:00,18983.0
2022-04-22 23:00:00,18532.0
2022-04-25 23:00:00,18226.0
2022-04-26 23:00:00,19268.0
2022-04-27 23:00:00,20430.0
2022-04-28 23:00:00,20180.0
2022-04-29 23:00:00,20595.0
2022-05-04 23:00:00,20484.0
2022-05-05 23:00:00,21048.0
2022-05-06 23:00:00,20695.0
2022-05-11 23:00:00,20404.0
2022-05-12 23:00:00,19542.0
2022-05-13 23:00:00,19540.0
2022-05-16 23:00:00,20523.0
2022-05-17 23:00:00,21285.0
2022-05-18 23:00:00,23540.0
2022-05-19 23:00:00,23780.0
2022-05-20 23:00:00,23190.0
2022-05-23 23:00:00,22880.0
2022-05-24 23:00:00,23406.0
2022-05-25 23:00:00,24105.0
2022-05-26 23:00:00,23895.0
2022-05-27 23:00:00,24047.0
2022-05-30 23:00:00,24590.0
2022-05-31 23:00:00,24783.0
2022-06-01 23:00:00,25122.0
2022-06-02 23:00:00,25454.0
2022-06-03 23:00:00,25452.0
2022-06-06 23:00:00,26220.0
2022-06-07 23:00:00,26380.0
2022-06-08 23:00:00,26543.0
2022-06-09 23:00:00,26230.0
2022-06-10 23:00:00,26723.0
2022-06-14 23:00:00,26671.0
2022-06-15 23:00:00,26839.0
2022-06-16 23:00:00,26535.0
2022-06-17 23:00:00,26192.0
2022-06-20 23:00:00,26333.0
2022-06-21 23:00:00,25947.0
2022-06-22 23:00:00,26092.0
2022-06-23 23:00:00,26152.0
2022-06-24 23:00:00,26441.0
2022-06-27 23:00:00,26202.0
2022-06-28 23:00:00,26184.0
2022-06-29 23:00:00,25936.0
2022-06-30 23:00:00,25780.0
2022-07-01 23:00:00,25912.0
2022-07-04 23:00:00,26309.0
2022-07-05 23:00:00,26035.0
2022-07-06 23:00:00,25561.0
2022-07-07 23:00:00,25237.0
2022-07-08 23:00:00,25433.0
2022-07-11 23:00:00,25359.0
2022-07-12 23:00:00,24885.0
2022-07-13 23:00:00,24614.0
2022-07-14 23:00:00,24286.0
2022-07-15 23:00:00,24903.0
2022-07-18 23:00:00,24833.0
2022-07-19 23:00:00,24547.0
2022-07-20 23:00:00,24613.0
2022-07-21 23:00:00,24185.0
2022-07-22 23:00:00,24391.0
2022-07-25 23:00:00,24234.0
2022-07-26 23:00:00,24486.0
2022-07-27 23:00:00,24761.0
2022-07-28 23:00:00,25555.0
2022-07-29 23:00:00,25697.0
2022-08-01 23:00:00,25532.0
2022-08-02 23:00:00,25308.0
2022-08-03 23:00:00,25851.0
2022-08-04 23:00:00,26328.0
2022-08-05 23:00:00,25434.0
2022-08-08 23:00:00,25952.0
2022-08-09 23:00:00,25932.0
2022-08-10 23:00:00,26206.0
2022-08-11 23:00:00,25707.0
2022-08-12 23:00:00,25663.0
2022-08-15 23:00:00,25743.0
2022-08-16 23:00:00,25986.0
2022-08-17 23:00:00,25647.0
2022-08-18 23:00:00,25354.0
2022-08-19 23:00:00,25020.0
2022-08-22 23:00:00,25078.0
2022-08-23 23:00:00,24808.0
2022-08-24 23:00:00,24307.0
2022-08-25 23:00:00,24740.0
2022-08-26 23:00:00,25033.0
2022-08-29 23:00:00,25093.0
2022-08-30 23:00:00,25033.0
2022-08-31 23:00:00,24844.0
2022-09-01 23:00:00,25248.0
2022-09-02 23:00:00,25095.0
2022-09-05 23:00:00,25351.0
2022-09-06 23:00:00,25001.0
2022-09-07 23:00:00,24752.0
2022-09-08 23:00:00,24803.0
2022-09-09 23:00:00,24801.0
2022-09-12 23:00:00,25070.0
2022-09-13 23:00:00,24830.0
2022-09-14 23:00:00,24774.0
2022-09-15 23:00:00,24922.0
2022-09-16 23:00:00,24710.0
2022-09-19 23:00:00,24536.0
2022-09-20 23:00:00,23392.0
2022-09-21 23:00:00,23018.0
2022-09-22 23:00:00,22324.0
2022-09-23 23:00:00,21035.0
2022-09-26 23:00:00,20076.0
2022-09-27 23:00:00,19626.0
2022-09-28 23:00:00,19471.0
2022-09-29 23:00:00,19156.0
2022-09-30 23:00:00,19568.0
2022-10-03 23:00:00,20667.0
2022-10-04 23:00:00,21344.0
2022-10-05 23:00:00,21708.0
2022-10-06 23:00:00,21959.0
2022-10-07 23:00:00,20923.0
2022-10-10 23:00:00,20843.0
2022-10-11 23:00:00,21794.0
2022-10-12 23:00:00,21217.0
2022-10-13 23:00:00,21167.0
2022-10-14 23:00:00,21672.0
2022-10-17 23:00:00,22667.0
2022-10-18 23:00:00,22367.0
2022-10-19 23:00:00,22206.0
2022-10-20 23:00:00,22549.0
2022-10-21 23:00:00,22489.0
2022-10-24 23:00:00,22519.0
2022-10-25 23:00:00,22824.0
2022-10-26 23:00:00,22690.0
2022-10-27 23:00:00,23063.0
2022-10-28 23:00:00,23281.0
2022-10-31 23:00:00,23419.0
2022-11-01 23:00:00,23504.0
2022-11-02 23:00:00,23362.0
2022-11-03 23:00:00,23141.0
2022-11-07 23:00:00,23706.0
2022-11-08 23:00:00,24061.0
2022-11-09 23:00:00,23322.0
2022-11-10 23:00:00,23721.0
2022-11-11 23:00:00,24279.0
2022-11-14 23:00:00,24331.0
2022-11-15 23:00:00,24456.0
2022-11-16 23:00:00,24209.0
2022-11-17 23:00:00,24072.0
2022-11-18 23:00:00,23753.0
2022-11-21 23:00:00,23591.0
2022-11-22 23:00:00,23671.0
2022-11-23 23:00:00,24082.0
2022-11-24 23:00:00,24111.0
2022-11-25 23:00:00,24461.0
2022-11-28 23:00:00,24270.0
2022-11-29 23:00:00,24419.0
2022-11-30 23:00:00,24271.0
2022-12-01 23:00:00,24267.0
2022-12-02 23:00:00,24082.0
2022-12-05 23:00:00,24120.0
2022-12-06 23:00:00,24087.0
2022-12-07 23:00:00,24073.0
2022-12-08 23:00:00,24073.0
2022-12-09 23:00:00,24107.0
2022-12-12 23:00:00,23944.0
2022-12-13 23:00:00,23670.0
2022-12-14 23:00:00,23291.0
2022-12-15 23:00:00,22821.0
2022-12-16 23:00:00,23213.0
2022-12-19 23:00:00,22980.0
2022-12-20 23:00:00,23026.0
2022-12-21 23:00:00,22896.0
2022-12-22 23:00:00,23127.0
2022-12-23 23:00:00,23108.0
2022-12-26 23:00:00,23248.0
2022-12-27 23:00:00,23471.0
2022-12-28 23:00:00,23630.0
2022-12-29 23:00:00,23916.0
2022-12-30 23:00:00,23966.0
2023-01-03 23:00:00,23989.0
2023-01-04 23:00:00,23977.0
2023-01-05 23:00:00,24025.0
2023-01-06 23:00:00,23962.0
2023-01-09 23:00:00,24201.0
2023-01-10 23:00:00,24101.0
2023-01-11 23:00:00,24354.0
2023-01-12 23:00:00,24219.0
2023-01-13 23:00:00,24273.0
2023-01-16 23:00:00,24489.0
2023-01-17 23:00:00,24351.0
2023-01-18 23:00:00,24236.0
2023-01-19 23:00:00,24024.0
2023-01-20 23:00:00,24258.0
2023-01-23 23:00:00,24343.0
2023-01-24 23:00:00,24219.0
2023-01-25 23:00:00,24341.0
2023-01-26 23:00:00,24326.0
2023-01-27 23:00:00,24466.0
2023-01-30 23:00:00,24726.0
2023-01-31 23:00:00,25216.0
2023-02-01 23:00:00,25431.0
2023-02-02 23:00:00,26031.0
2023-02-03 23:00:00,25642.0
2023-02-06 23:00:00,26197.0
2023-02-07 23:00:00,26462.0
2023-02-08 23:00:00,26340.0
2023-02-09 23:00:00,25935.0
2023-02-10 23:00:00,25964.0
2023-02-13 23:00:00,26267.0
2023-02-14 23:00:00,25482.0
2023-02-15 23:00:00,24736.0
2023-02-16 23:00:00,24952.0
2023-02-17 23:00:00,25006.0
2023-02-20 23:00:00,24833.0
2023-02-21 23:00:00,25270.0
2023-02-22 23:00:00,25353.0
2023-02-24 23:00:00,25244.0
2023-02-27 23:00:00,25502.0
2023-02-28 23:00:00,26054.0
2023-03-01 23:00:00,25920.0
2023-03-02 23:00:00,25666.0
2023-03-03 23:00:00,25902.0
2023-03-06 23:00:00,25940.0
2023-03-07 23:00:00,25860.0
2023-03-09 23:00:00,25841.0
2023-03-10 23:00:00,25911.0
2023-03-13 23:00:00,25649.0
2023-03-14 23:00:00,25710.0
2023-03-15 23:00:00,25171.0
2023-03-16 23:00:00,24664.0
2023-03-17 23:00:00,24822.0
2023-03-20 23:00:00,25427.0
2023-03-21 23:00:00,25658.0
2023-03-22 23:00:00,25742.0
2023-03-23 23:00:00,25581.0
2023-03-24 23:00:00,25202.0
2023-03-27 23:00:00,25851.0
2023-03-28 23:00:00,25841.0
2023-03-29 23:00:00,25926.0
2023-03-30 23:00:00,26023.0
2023-03-31 23:00:00,25920.0
2023-04-03 23:00:00,25845.0
2023-04-04 23:00:00,25636.0
2023-04-05 23:00:00,25497.0
2023-04-06 23:00:00,25779.0
2023-04-07 23:00:00,25872.0
2023-04-10 23:00:00,25977.0
2023-04-11 23:00:00,25929.0
2023-04-12 23:00:00,26206.0
2023-04-13 23:00:00,26127.0
2023-04-14 23:00:00,26077.0
2023-04-17 23:00:00,26477.0
2023-04-18 23:00:00,26478.0
2023-04-19 23:00:00,26908.0
2023-04-20 23:00:00,26866.0
2023-04-21 23:00:00,26771.0
2023-04-24 23:00:00,26998.0
2023-04-25 23:00:00,27043.0
2023-04-26 23:00:00,27228.0
2023-04-27 23:00:00,27237.0
2023-04-28 23:00:00,27227.0
2023-05-02 23:00:00,27079.0
2023-05-03 23:00:00,26578.0
2023-05-04 23:00:00,26738.0
2023-05-05 23:00:00,26608.0
2023-05-08 23:00:00,26452.0
2023-05-10 23:00:00,27077.0
2023-05-11 23:00:00,27502.0
2023-05-12 23:00:00,27428.0
2023-05-15 23:00:00,28282.0
2023-05-16 23:00:00,29037.0
2023-05-17 23:00:00,29017.0
2023-05-18 23:00:00,29068.0
2023-05-19 23:00:00,30579.0
2023-05-22 23:00:00,30357.0
2023-05-23 23:00:00,30228.0
2023-05-24 23:00:00,30465.0
2023-05-25 23:00:00,30408.0
2023-05-26 23:00:00,30512.0
2023-05-29 23:00:00,31107.0
2023-05-30 23:00:00,31408.0
2023-05-31 23:00:00,31293.0
2023-06-01 23:00:00,31518.0
2023-06-02 23:00:00,32251.0
2023-06-05 23:00:00,32578.0
2023-06-06 23:00:00,32487.0
2023-06-07 23:00:00,32468.0
2023-06-08 23:00:00,32191.0
2023-06-09 23:00:00,32544.0
2023-06-13 23:00:00,32777.0
2023-06-14 23:00:00,32826.0
2023-06-15 23:00:00,33390.0
2023-06-16 23:00:00,34040.0
2023-06-19 23:00:00,34129.0
2023-06-20 23:00:00,34202.0
2023-06-21 23:00:00,34171.0
2023-06-22 23:00:00,34121.0
2023-06-23 23:00:00,34044.0
2023-06-26 23:00:00,34091.0
2023-06-27 23:00:00,34092.0
2023-06-28 23:00:00,33152.0
2023-06-29 23:00:00,33040.0
2023-06-30 23:00:00,32424.0
2023-07-03 23:00:00,31479.0
2023-07-04 23:00:00,31901.0
2023-07-05 23:00:00,32201.0
2023-07-06 23:00:00,32031.0
2023-07-07 23:00:00,32091.0
2023-07-10 23:00:00,32348.0
2023-07-11 23:00:00,32454.0
2023-07-12 23:00:00,32502.0
2023-07-13 23:00:00,32453.0
2023-07-14 23:00:00,32268.0
2023-07-17 23:00:00,32190.0
2023-07-18 23:00:00,32240.0
2023-07-19 23:00:00,32380.0
2023-07-20 23:00:00,31890.0
2023-07-21 23:00:00,31621.0
2023-07-24 23:00:00,31688.0
2023-07-25 23:00:00,31643.0
2023-07-26 23:00:00,31489.0
2023-07-27 23:00:00,31440.0
2023-07-28 23:00:00,31378.0
2023-07-31 23:00:00,31544.0
2023-08-01 23:00:00,31670.0
2023-08-02 23:00:00,31429.0
2023-08-03 23:00:00,31644.0
2023-08-04 23:00:00,31358.0
2023-08-07 23:00:00,31613.0
2023-08-08 23:00:00,31488.0
2023-08-09 23:00:00,31558.0
2023-08-10 23:00:00,31543.0
2023-08-11 23:00:00,31657.0
2023-08-14 23:00:00,31171.0
2023-08-15 23:00:00,30770.0
2023-08-16 23:00:00,30601.0
2023-08-17 23:00:00,30499.0
2023-08-18 23:00:00,31439.0
2023-08-21 23:00:00,31809.0
2023-08-22 23:00:00,31849.0
2023-08-23 23:00:00,31529.0
2023-08-24 23:00:00,31379.0
2023-08-25 23:00:00,31573.0
2023-08-28 23:00:00,31543.0
2023-08-29 23:00:00,31240.0
2023-08-30 23:00:00,31070.0
2023-08-31 23:00:00,30862.0
2023-09-01 23:00:00,30856.0
2023-09-04 23:00:00,31260.0
2023-09-05 23:00:00,31292.0
2023-09-06 23:00:00,31163.0
2023-09-07 23:00:00,30845.0
2023-09-08 23:00:00,30540.0
2023-09-11 23:00:00,30433.0
2023-09-12 23:00:00,30463.0
2023-09-13 23:00:00,30190.0
2023-09-14 23:00:00,30140.0
2023-09-15 23:00:00,30177.0
2023-09-18 23:00:00,29794.0
2023-09-19 23:00:00,29710.0
2023-09-20 23:00:00,29640.0
2023-09-21 23:00:00,29677.0
2023-09-22 23:00:00,29737.0
2023-09-25 23:00:00,29596.0
2023-09-26 23:00:00,29909.0
2023-09-27 23:00:00,30197.0
2023-09-28 23:00:00,30231.0
2023-09-29 23:00:00,30391.0
2023-10-02 23:00:00,30170.0
2023-10-03 23:00:00,30073.0
2023-10-04 23:00:00,30084.0
2023-10-05 23:00:00,30116.0
2023-10-06 23:00:00,30020.0
2023-10-09 23:00:00,29998.0
2023-10-10 23:00:00,30186.0
2023-10-11 23:00:00,30220.0
2023-10-12 23:00:00,29965.0
2023-10-13 23:00:00,30125.0
2023-10-16 23:00:00,30301.0
2023-10-17 23:00:00,30448.0
2023-10-18 23:00:00,30454.0
2023-10-19 23:00:00,30237.0
2023-10-20 23:00:00,30346.0
2023-10-23 23:00:00,30381.0
2023-10-24 23:00:00,30750.0
2023-10-25 23:00:00,31233.0
2023-10-26 23:00:00,31004.0
2023-10-27 23:00:00,30820.0
2023-10-30 23:00:00,30615.0
2023-10-31 23:00:00,30066.0
2023-11-01 23:00:00,30137.0
2023-11-02 23:00:00,29766.0
2023-11-03 23:00:00,29762.0
2023-11-06 23:00:00,29974.0
2023-11-07 23:00:00,29968.0
2023-11-08 23:00:00,30135.0
2023-11-09 23:00:00,30349.0
2023-11-10 23:00:00,30286.0
2023-11-13 23:00:00,30512.0
2023-11-14 23:00:00,30123.0
2023-11-15 23:00:00,30240.0
2023-11-16 23:00:00,29217.0
2023-11-17 23:00:00,29318.0
2023-11-20 23:00:00,29403.0
2023-11-21 23:00:00,29719.0
2023-11-22 23:00:00,29269.0
2023-11-23 23:00:00,29215.0
2023-11-24 23:00:00,28751.0
2023-11-27 23:00:00,28445.0
2023-11-28 23:00:00,28434.0
2023-11-29 23:00:00,28172.0
2023-11-30 23:00:00,27931.0
2023-12-01 23:00:00,27590.0
2023-12-04 23:00:00,27589.0
2023-12-05 23:00:00,27605.0
2023-12-06 23:00:00,27375.0
2023-12-07 23:00:00,27549.0
2023-12-08 23:00:00,27565.0
2023-12-11 23:00:00,27319.0
2023-12-12 23:00:00,27318.0
2023-12-13 23:00:00,27266.0
2023-12-14 23:00:00,27126.0
2023-12-15 23:00:00,27161.0
2023-12-18 23:00:00,27301.0
2023-12-19 23:00:00,27296.0
2023-12-20 23:00:00,27211.0
2023-12-21 23:00:00,26929.0
2023-12-22 23:00:00,26988.0
2023-12-25 23:00:00,26842.0
2023-12-26 23:00:00,26833.0
2023-12-27 23:00:00,26732.0
2023-12-28 23:00:00,26777.0
2023-12-29 23:00:00,26743.0
2024-01-03 23:00:00,26826.0
2024-01-04 23:00:00,26863.0
2024-01-05 23:00:00,26963.0
2024-01-08 23:00:00,27133.0
2024-01-09 23:00:00,27793.0
2024-01-10 23:00:00,28043.0
2024-01-11 23:00:00,28107.0
2024-01-12 23:00:00,27990.0
2024-01-15 23:00:00,28110.0
2024-01-16 23:00:00,28026.0
2024-01-17 23:00:00,27942.0
2024-01-18 23:00:00,28012.0
2024-01-19 23:00:00,27811.0
2024-01-22 23:00:00,27860.0
2024-01-23 23:00:00,27997.0
2024-01-24 23:00:00,28334.0
2024-01-25 23:00:00,28493.0
2024-01-26 23:00:00,28508.0
2024-01-29 23:00:00,28791.0
2024-01-30 23:00:00,28756.0
2024-01-31 23:00:00,28873.0
2024-02-01 23:00:00,28933.0
2024-02-02 23:00:00,29052.0
2024-02-05 23:00:00,29308.0
2024-02-06 23:00:00,29205.0
2024-02-07 23:00:00,29114.0
2024-02-08 23:00:00,29074.0
2024-02-09 23:00:00,29073.0
2024-02-12 23:00:00,29157.0
2024-02-13 23:00:00,29484.0
2024-02-14 23:00:00,29568.0
2024-02-15 23:00:00,29547.0
2024-02-16 23:00:00,29533.0
2024-02-19 23:00:00,29119.0
2024-02-20 23:00:00,28963.0
2024-02-21 23:00:00,28948.0
2024-02-22 23:00:00,29163.0
2024-02-26 23:00:00,29415.0
2024-02-27 23:00:00,29326.0
2024-02-28 23:00:00,29565.0
2024-02-29 23:00:00,30202.0
2024-03-01 23:00:00,29981.0
2024-03-04 23:00:00,30211.0
2024-03-05 23:00:00,30208.0
2024-03-06 23:00:00,29980.0
2024-03-07 23:00:00,30082.0
2024-03-11 23:00:00,30152.0
2024-03-12 23:00:00,30472.0
2024-03-13 23:00:00,30572.0
2024-03-14 23:00:00,30217.0
2024-03-15 23:00:00,30541.0
2024-03-18 23:00:00,30234.0
2024-03-19 23:00:00,30069.0
2024-03-20 23:00:00,30338.0
2024-03-21 23:00:00,30284.0
2024-03-22 23:00:00,30139.0
2024-03-25 23:00:00,30233.0
2024-03-26 23:00:00,30674.0
2024-03-27 23:00:00,31024.0
2024-03-28 23:00:00,30919.0
2024-03-29 23:00:00,30997.0
2024-04-01 23:00:00,31220.0
2024-04-02 23:00:00,31087.0
2024-04-03 23:00:00,31286.0
2024-04-04 23:00:00,31271.0
2024-04-05 23:00:00,30989.0
2024-04-08 23:00:00,31449.0
2024-04-09 23:00:00,31235.0
2024-04-10 23:00:00,31345.0
2024-04-11 23:00:00,31449.0
2024-04-12 23:00:00,31365.0
2024-04-15 23:00:00,32040.0
2024-04-16 23:00:00,32814.0
2024-04-17 23:00:00,32619.0
2024-04-18 23:00:00,32604.0
2024-04-19 23:00:00,32777.0
2024-04-22 23:00:00,32811.0
2024-04-23 23:00:00,32454.0
2024-04-24 23:00:00,31667.0
2024-04-25 23:00:00,31685.0
2024-04-26 23:00:00,31925.0
2024-04-27 23:00:00,31660.0
2024-04-29 23:00:00,31855.0
2024-04-30 23:00:00,31761.0
2024-05-02 23:00:00,31707.0
2024-05-03 23:00:00,31603.0
2024-05-06 23:00:00,31530.0
2024-05-07 23:00:00,31443.0
2024-05-08 23:00:00,31733.0
2024-05-10 23:00:00,31834.0
2024-05-13 23:00:00,31851.0
2024-05-14 23:00:00,31817.0
2024-05-15 23:00:00,31820.0
2024-05-16 23:00:00,31796.0
2024-05-17 23:00:00,31629.0
2024-05-20 23:00:00,31535.0
2024-05-21 23:00:00,31289.0
2024-05-22 23:00:00,31115.0
2024-05-23 23:00:00,31062.0
2024-05-24 23:00:00,30847.0
2024-05-27 23:00:00,30508.0
2024-05-28 23:00:00,30564.0
2024-05-29 23:00:00,30075.0
2024-05-30 23:00:00,30019.0
2024-05-31 23:00:00,29338.0
2024-06-03 23:00:00,29082.0
2024-06-04 23:00:00,29464.0
2024-06-05 23:00:00,29643.0
2024-06-06 23:00:00,29520.0
2024-06-07 23:00:00,29933.0
2024-06-10 23:00:00,29341.0
2024-06-11 23:00:00,28861.0
2024-06-13 23:00:00,29283.0
2024-06-14 23:00:00,29206.0
2024-06-17 23:00:00,29100.0
2024-06-18 23:00:00,28551.0
2024-06-19 23:00:00,28148.0
2024-06-20 23:00:00,28640.0
2024-06-21 23:00:00,27995.0
2024-06-24 23:00:00,27955.0
2024-06-25 23:00:00,28143.0
2024-06-26 23:00:00,28082.0
2024-06-27 23:00:00,28409.0
2024-06-28 23:00:00,28035.0
2024-07-01 23:00:00,28554.0
2024-07-02 23:00:00,28511.0
2024-07-03 23:00:00,28410.0
2024-07-04 23:00:00,28092.0
2024-07-05 23:00:00,27835.0
2024-07-08 23:00:00,27718.0
2024-07-09 23:00:00,26685.0
2024-07-10 23:00:00,25855.0
2024-07-11 23:00:00,25976.0
2024-07-12 23:00:00,25665.0
2024-07-15 23:00:00,24695.0
2024-07-16 23:00:00,23693.0
2024-07-17 23:00:00,24022.0
2024-07-18 23:00:00,24435.0
2024-07-19 23:00:00,25319.0
2024-07-22 23:00:00,25536.0
2024-07-23 23:00:00,25658.0
2024-07-24 23:00:00,25520.0
2024-07-25 23:00:00,25346.0
2024-07-26 23:00:00,24455.0
2024-07-29 23:00:00,23950.0
2024-07-30 23:00:00,24149.0
2024-07-31 23:00:00,24372.0
2024-08-01 23:00:00,24295.0
2024-08-02 23:00:00,23953.0
2024-08-05 23:00:00,23644.0
2024-08-06 23:00:00,23569.0
2024-08-07 23:00:00,23885.0
2024-08-08 23:00:00,23867.0
2024-08-09 23:00:00,23635.0
2024-08-12 23:00:00,23602.0
2024-08-13 23:00:00,23875.0
2024-08-14 23:00:00,23585.0
2024-08-15 23:00:00,23650.0
2024-08-16 23:00:00,23317.0
2024-08-19 23:00:00,22962.0
2024-08-20 23:00:00,22811.0
2024-08-21 23:00:00,21989.0
2024-08-22 23:00:00,21254.0
2024-08-23 23:00:00,20800.0
2024-08-26 23:00:00,21181.0
2024-08-27 23:00:00,21095.0
2024-08-28 23:00:00,20951.0
2024-08-29 23:00:00,20925.0
2024-08-30 23:00:00,20417.0
2024-09-02 23:00:00,19830.0
2024-09-03 23:00:00,19776.0
2024-09-04 23:00:00,20335.0
2024-09-05 23:00:00,20615.0
2024-09-06 23:00:00,20380.0
2024-09-09 23:00:00,21045.0
2024-09-10 23:00:00,20994.0
2024-09-11 23:00:00,20936.0
2024-09-12 23:00:00,20512.0
2024-09-13 23:00:00,20587.0
2024-09-16 23:00:00,21634.0
2024-09-17 23:00:00,22089.0
2024-09-18 23:00:00,21510.0
2024-09-19 23:00:00,21765.0
2024-09-20 23:00:00,21413.0
2024-09-23 23:00:00,21484.0
2024-09-24 23:00:00,21817.0
2024-09-25 23:00:00,21501.0
2024-09-26 23:00:00,21660.0
