DATETIME,price
2010-03-18 23:00:00,61022.0
2010-03-22 23:00:00,59822.0
2010-04-05 23:00:00,61721.0
2010-04-08 23:00:00,60922.0
2010-04-29 23:00:00,61572.0
2010-04-30 23:00:00,61813.0
2010-05-04 23:00:00,59611.0
2010-05-06 23:00:00,59808.0
2010-05-11 23:00:00,58456.0
2010-05-12 23:00:00,60322.0
2010-05-13 23:00:00,60822.0
2010-05-14 23:00:00,60965.0
2010-03-15 23:00:00,60965.0
2010-03-16 23:00:00,60965.0
2010-03-17 23:00:00,60965.0
2010-03-23 23:00:00,60965.0
2010-03-24 23:00:00,60965.0
2010-03-26 23:00:00,60965.0
2010-03-29 23:00:00,60965.0
2010-04-14 23:00:00,60965.0
2010-04-19 23:00:00,60965.0
2010-04-20 23:00:00,60965.0
2010-04-23 23:00:00,60965.0
2010-05-19 23:00:00,60189.0
2010-06-04 23:00:00,61889.0
2010-06-07 23:00:00,60710.0
2010-06-08 23:00:00,60589.0
2010-06-15 23:00:00,62788.0
2010-06-16 23:00:00,62589.0
2010-07-05 23:00:00,62789.0
2010-07-06 23:00:00,62788.0
2010-07-08 23:00:00,63289.0
2010-07-15 23:00:00,62289.0
2010-07-16 23:00:00,60254.0
2010-07-21 23:00:00,62488.0
2010-08-10 23:00:00,62289.0
2010-08-12 23:00:00,62289.0
2010-08-17 23:00:00,63039.0
2010-08-18 23:00:00,63589.0
2010-08-25 23:00:00,62989.0
2010-08-26 23:00:00,61989.0
2010-08-31 23:00:00,63289.0
2010-09-01 23:00:00,63289.0
2010-09-02 23:00:00,62890.0
2010-09-03 23:00:00,63789.0
2010-09-08 23:00:00,63289.0
2010-09-14 23:00:00,63970.0
2010-06-17 23:00:00,63970.0
2010-06-21 23:00:00,63970.0
2010-07-07 23:00:00,63970.0
2010-07-20 23:00:00,63970.0
2010-08-09 23:00:00,63970.0
2010-09-07 23:00:00,63970.0
2010-09-20 23:00:00,65470.0
2010-09-22 23:00:00,65570.0
2010-09-23 23:00:00,63267.0
2010-09-30 23:00:00,63474.0
2010-10-07 23:00:00,64475.0
2010-10-08 23:00:00,64670.0
2010-10-13 23:00:00,65685.0
2010-10-15 23:00:00,65470.0
2010-10-18 23:00:00,66169.0
2010-10-19 23:00:00,63479.0
2010-10-20 23:00:00,66469.0
2010-10-22 23:00:00,66970.0
2010-10-25 23:00:00,67468.0
2010-10-27 23:00:00,66719.0
2010-10-28 23:00:00,66270.0
2010-10-29 23:00:00,66650.0
2010-11-01 23:00:00,67070.0
2010-11-02 23:00:00,67320.0
2010-11-03 23:00:00,67330.0
2010-11-08 23:00:00,68820.0
2010-11-09 23:00:00,67476.0
2010-11-10 23:00:00,69170.0
2010-11-11 23:00:00,68970.0
2010-11-13 23:00:00,68171.0
2010-11-15 23:00:00,69810.0
2010-11-16 23:00:00,68671.0
2010-11-17 23:00:00,68890.0
2010-11-19 23:00:00,68880.0
2010-11-22 23:00:00,69170.0
2010-11-23 23:00:00,68870.0
2010-11-24 23:00:00,69169.0
2010-11-25 23:00:00,69570.0
2010-11-26 23:00:00,68980.0
2010-11-29 23:00:00,69070.0
2010-11-30 23:00:00,69155.0
2010-12-01 23:00:00,70270.0
2010-12-07 23:00:00,73970.0
2010-12-08 23:00:00,73370.0
2010-12-09 23:00:00,73370.0
2010-12-10 23:00:00,75594.0
2010-12-13 23:00:00,75594.0
2010-12-14 23:00:00,72470.0
2010-09-15 23:00:00,72470.0
2010-10-05 23:00:00,72470.0
2010-11-12 23:00:00,72470.0
2010-11-18 23:00:00,72470.0
2010-12-15 23:00:00,73636.0
2010-12-16 23:00:00,74421.0
2010-12-17 23:00:00,73421.0
2010-12-21 23:00:00,75920.0
2010-12-23 23:00:00,76820.0
2010-12-24 23:00:00,77919.0
2010-12-27 23:00:00,77021.0
2010-12-28 23:00:00,77420.0
2010-12-29 23:00:00,77830.0
2010-12-30 23:00:00,78419.0
2011-01-11 23:00:00,77320.0
2011-01-13 23:00:00,77939.0
2011-01-14 23:00:00,78719.0
2011-01-17 23:00:00,77820.0
2011-01-18 23:00:00,77420.0
2011-01-19 23:00:00,77920.0
2011-01-20 23:00:00,77120.0
2011-01-21 23:00:00,77445.0
2011-01-24 23:00:00,75029.0
2011-01-25 23:00:00,76020.0
2011-01-26 23:00:00,77120.0
2011-01-27 23:00:00,77152.0
2011-01-28 23:00:00,77321.0
2011-02-01 23:00:00,75985.0
2011-02-02 23:00:00,76470.0
2011-02-04 23:00:00,76444.0
2011-02-07 23:00:00,77420.0
2011-02-08 23:00:00,78819.0
2011-02-09 23:00:00,78667.0
2011-02-11 23:00:00,76420.0
2011-02-15 23:00:00,78170.0
2011-02-16 23:00:00,78419.0
2011-02-18 23:00:00,78519.0
2011-02-21 23:00:00,78811.0
2011-02-22 23:00:00,78497.0
2011-02-24 23:00:00,79008.0
2011-02-25 23:00:00,80836.0
2011-02-28 23:00:00,82920.0
2011-03-01 23:00:00,81746.0
2011-03-02 23:00:00,82250.0
2011-03-03 23:00:00,80891.0
2011-03-04 23:00:00,82318.0
2011-03-05 23:00:00,80476.0
2011-03-09 23:00:00,81420.0
2011-03-10 23:00:00,81259.0
2011-03-11 23:00:00,80445.0
2011-03-14 23:00:00,80420.0
2011-03-15 23:00:00,78381.0
2011-03-16 23:00:00,79383.0
2011-03-17 23:00:00,79875.0
2011-03-18 23:00:00,81165.0
2011-03-21 23:00:00,81381.0
2011-03-22 23:00:00,80710.0
2011-03-23 23:00:00,81179.0
2011-03-24 23:00:00,81905.0
2011-03-25 23:00:00,82225.0
2011-03-28 23:00:00,82227.0
2011-03-29 23:00:00,81731.0
2011-03-30 23:00:00,82179.0
2011-03-31 23:00:00,81670.0
2011-04-01 23:00:00,82870.0
2011-04-04 23:00:00,82827.0
2011-04-05 23:00:00,82950.0
2011-04-06 23:00:00,83150.0
2011-04-07 23:00:00,83217.0
2011-04-08 23:00:00,83140.0
2011-04-11 23:00:00,82791.0
2011-04-12 23:00:00,81939.0
2011-04-13 23:00:00,83070.0
2011-04-14 23:00:00,83020.0
2011-04-15 23:00:00,82460.0
2011-04-18 23:00:00,81621.0
2011-04-20 23:00:00,82694.0
2011-04-21 23:00:00,82103.0
2011-04-22 23:00:00,81779.0
2011-04-25 23:00:00,82072.0
2011-04-26 23:00:00,81647.0
2011-04-27 23:00:00,81402.0
2011-04-28 23:00:00,80692.0
2011-04-29 23:00:00,80393.0
2011-05-03 23:00:00,79823.0
2011-05-04 23:00:00,78907.0
2011-05-05 23:00:00,78802.0
2011-05-06 23:00:00,79026.0
2011-05-10 23:00:00,80349.0
2011-05-11 23:00:00,80760.0
2011-05-12 23:00:00,79256.0
2011-05-13 23:00:00,79573.0
2011-05-16 23:00:00,78989.0
2011-05-17 23:00:00,78201.0
2011-05-18 23:00:00,79244.0
2011-05-19 23:00:00,80400.0
2011-05-20 23:00:00,80159.0
2011-05-23 23:00:00,79860.0
2011-05-24 23:00:00,79785.0
2011-05-26 23:00:00,78999.0
2011-05-27 23:00:00,79670.0
2011-05-30 23:00:00,80123.0
2011-05-31 23:00:00,81092.0
2011-06-01 23:00:00,81622.0
2011-06-02 23:00:00,81858.0
2011-06-03 23:00:00,81770.0
2011-06-06 23:00:00,82105.0
2011-06-07 23:00:00,82417.0
2011-06-08 23:00:00,81759.0
2011-06-09 23:00:00,81755.0
2011-06-10 23:00:00,81070.0
2011-06-14 23:00:00,80670.0
2011-06-15 23:00:00,80032.0
2011-06-16 23:00:00,78584.0
2011-06-17 23:00:00,79043.0
2011-06-20 23:00:00,77354.0
2011-06-21 23:00:00,78154.0
2011-06-22 23:00:00,78294.0
2011-06-23 23:00:00,77395.0
2011-06-24 23:00:00,78155.0
2011-06-28 23:00:00,78453.0
2011-06-29 23:00:00,78437.0
2011-06-30 23:00:00,78901.0
2011-07-01 23:00:00,80893.0
2011-07-04 23:00:00,81085.0
2011-07-05 23:00:00,81654.0
2011-07-06 23:00:00,82004.0
2011-07-07 23:00:00,82410.0
2011-07-08 23:00:00,81985.0
2011-07-11 23:00:00,81733.0
2011-07-12 23:00:00,81593.0
2011-07-13 23:00:00,81154.0
2011-07-14 23:00:00,80956.0
2011-07-15 23:00:00,81306.0
2011-07-18 23:00:00,80904.0
2011-07-19 23:00:00,81214.0
2011-07-20 23:00:00,82016.0
2011-07-21 23:00:00,84602.0
2011-07-22 23:00:00,85560.0
2011-07-25 23:00:00,84339.0
2011-07-26 23:00:00,83877.0
2011-07-27 23:00:00,83144.0
2011-07-28 23:00:00,84127.0
2011-07-29 23:00:00,84029.0
2011-08-01 23:00:00,85504.0
2011-08-02 23:00:00,85802.0
2011-08-03 23:00:00,83949.0
2011-08-04 23:00:00,83207.0
2011-08-05 23:00:00,83281.0
2011-08-08 23:00:00,80428.0
2011-08-09 23:00:00,81378.0
2011-08-10 23:00:00,79759.0
2011-08-11 23:00:00,80927.0
2011-08-12 23:00:00,81497.0
2011-08-15 23:00:00,81722.0
2011-08-16 23:00:00,80883.0
2011-08-17 23:00:00,81147.0
2011-08-18 23:00:00,80303.0
2011-08-19 23:00:00,79705.0
2011-08-22 23:00:00,80041.0
2011-08-23 23:00:00,79031.0
2011-08-24 23:00:00,79371.0
2011-08-25 23:00:00,78804.0
2011-08-26 23:00:00,78104.0
2011-08-29 23:00:00,79507.0
2011-08-30 23:00:00,79780.0
2011-08-31 23:00:00,81424.0
2011-09-01 23:00:00,81744.0
2011-09-02 23:00:00,81480.0
2011-09-05 23:00:00,80719.0
2011-09-06 23:00:00,81704.0
2011-09-07 23:00:00,82356.0
2011-09-08 23:00:00,83236.0
2011-09-09 23:00:00,82548.0
2011-09-12 23:00:00,81587.0
2011-09-13 23:00:00,81847.0
2011-09-14 23:00:00,82881.0
2011-09-15 23:00:00,83206.0
2011-09-16 23:00:00,83974.0
2011-09-19 23:00:00,83983.0
2011-09-20 23:00:00,84629.0
2011-09-21 23:00:00,84212.0
2011-09-22 23:00:00,80706.0
2011-09-23 23:00:00,79299.0
2011-09-26 23:00:00,80096.0
2011-09-27 23:00:00,81161.0
2011-09-28 23:00:00,81644.0
2011-09-29 23:00:00,82506.0
2011-09-30 23:00:00,80542.0
2011-10-03 23:00:00,79983.0
2011-10-04 23:00:00,78072.0
2011-10-05 23:00:00,78357.0
2011-10-06 23:00:00,80405.0
2011-10-07 23:00:00,81091.0
2011-10-10 23:00:00,81288.0
2011-10-11 23:00:00,81464.0
2011-10-12 23:00:00,81806.0
2011-10-13 23:00:00,81756.0
2011-10-14 23:00:00,81960.0
2011-10-17 23:00:00,81207.0
2011-10-18 23:00:00,81806.0
2011-10-19 23:00:00,82100.0
2011-10-20 23:00:00,81596.0
2011-10-21 23:00:00,82884.0
2011-10-24 23:00:00,83403.0
2011-10-25 23:00:00,82627.0
2011-10-26 23:00:00,83806.0
2011-10-27 23:00:00,85656.0
2011-10-28 23:00:00,84302.0
2011-10-31 23:00:00,83538.0
2011-11-01 23:00:00,83059.0
2011-11-02 23:00:00,84200.0
2011-11-03 23:00:00,85006.0
2011-11-07 23:00:00,84909.0
2011-11-08 23:00:00,85204.0
2011-11-09 23:00:00,84205.0
2011-11-10 23:00:00,85006.0
2011-11-11 23:00:00,84860.0
2011-11-14 23:00:00,85499.0
2011-11-15 23:00:00,85823.0
2011-11-16 23:00:00,85371.0
2011-11-17 23:00:00,85066.0
2011-11-18 23:00:00,85156.0
2011-11-21 23:00:00,83211.0
2011-11-22 23:00:00,83750.0
2011-11-23 23:00:00,83169.0
2011-11-24 23:00:00,83865.0
2011-11-25 23:00:00,84142.0
2011-11-28 23:00:00,85765.0
2011-11-29 23:00:00,85524.0
2011-11-30 23:00:00,86051.0
2011-12-01 23:00:00,85990.0
2011-12-05 23:00:00,85333.0
2011-12-06 23:00:00,83251.0
2011-12-07 23:00:00,82978.0
2011-12-08 23:00:00,83110.0
2011-12-09 23:00:00,83357.0
2011-12-12 23:00:00,81717.0
2011-12-13 23:00:00,81712.0
2011-12-14 23:00:00,82232.0
2011-12-02 23:00:00,82232.0
2011-12-15 23:00:00,79874.0
2011-12-16 23:00:00,79849.0
2011-12-19 23:00:00,78808.0
2011-12-20 23:00:00,79448.0
2011-12-21 23:00:00,78895.0
2011-12-22 23:00:00,79025.0
2011-12-23 23:00:00,78962.0
2011-12-26 23:00:00,79337.0
2011-12-27 23:00:00,78907.0
2011-12-28 23:00:00,79104.0
2011-12-29 23:00:00,78722.0
2011-12-30 23:00:00,80542.0
2012-01-03 23:00:00,81026.0
2012-01-04 23:00:00,80932.0
2012-01-05 23:00:00,80301.0
2012-01-06 23:00:00,80636.0
2012-01-09 23:00:00,80496.0
2012-01-10 23:00:00,81345.0
2012-01-11 23:00:00,80582.0
2012-01-12 23:00:00,80832.0
2012-01-13 23:00:00,80245.0
2012-01-16 23:00:00,79721.0
2012-01-17 23:00:00,80233.0
2012-01-18 23:00:00,80262.0
2012-01-19 23:00:00,80082.0
2012-01-20 23:00:00,79479.0
2012-01-23 23:00:00,79632.0
2012-01-24 23:00:00,79338.0
2012-01-25 23:00:00,79347.0
2012-01-26 23:00:00,79347.0
2012-01-27 23:00:00,79592.0
2012-01-31 23:00:00,79843.0
2012-02-01 23:00:00,80977.0
2012-02-02 23:00:00,80933.0
2012-02-03 23:00:00,81118.0
2012-02-06 23:00:00,81731.0
2012-02-07 23:00:00,80933.0
2012-02-08 23:00:00,80179.0
2012-02-09 23:00:00,79540.0
2012-02-10 23:00:00,79376.0
2012-02-13 23:00:00,79957.0
2012-02-14 23:00:00,80132.0
2012-02-15 23:00:00,80619.0
2012-02-16 23:00:00,80240.0
2012-02-17 23:00:00,79963.0
2012-02-20 23:00:00,80356.0
2012-02-21 23:00:00,79808.0
2012-02-22 23:00:00,79493.0
2012-02-24 23:00:00,81051.0
2012-02-27 23:00:00,80735.0
2012-02-28 23:00:00,80547.0
2012-02-29 23:00:00,80782.0
2012-03-01 23:00:00,80701.0
2012-03-02 23:00:00,81252.0
2012-03-05 23:00:00,82125.0
2012-03-06 23:00:00,80832.0
2012-03-07 23:00:00,81581.0
2012-03-11 23:00:00,82647.0
2012-03-12 23:00:00,82355.0
2012-03-13 23:00:00,82466.0
2012-03-14 23:00:00,82680.0
2012-03-15 23:00:00,82379.0
2012-03-16 23:00:00,82480.0
2012-03-19 23:00:00,81230.0
2012-03-20 23:00:00,80364.0
2012-03-21 23:00:00,80667.0
2012-03-22 23:00:00,80196.0
2012-03-23 23:00:00,80510.0
2012-03-26 23:00:00,81260.0
2012-03-27 23:00:00,81080.0
2012-03-28 23:00:00,79711.0
2012-03-29 23:00:00,78873.0
2012-03-30 23:00:00,79980.0
2012-04-02 23:00:00,80026.0
2012-04-03 23:00:00,81233.0
2012-04-04 23:00:00,79645.0
2012-04-05 23:00:00,80166.0
2012-04-06 23:00:00,79453.0
2012-04-09 23:00:00,80330.0
2012-04-10 23:00:00,78853.0
2012-04-11 23:00:00,79480.0
2012-04-12 23:00:00,79091.0
2012-04-13 23:00:00,79140.0
2012-04-16 23:00:00,78857.0
2012-04-17 23:00:00,78133.0
2012-04-18 23:00:00,78335.0
2012-04-19 23:00:00,79580.0
2012-04-20 23:00:00,79630.0
2012-04-23 23:00:00,78551.0
2012-04-24 23:00:00,78024.0
2012-04-25 23:00:00,78319.0
2012-04-26 23:00:00,78330.0
2012-04-27 23:00:00,78959.0
2012-04-28 23:00:00,78788.0
2012-05-02 23:00:00,74740.0
2012-05-03 23:00:00,73672.0
2012-05-04 23:00:00,72775.0
2012-05-05 23:00:00,72450.0
2012-05-07 23:00:00,72139.0
2012-05-08 23:00:00,72600.0
2012-05-10 23:00:00,74077.0
2012-05-11 23:00:00,73888.0
2012-05-12 23:00:00,73986.0
2012-05-14 23:00:00,72986.0
2012-05-15 23:00:00,73930.0
2012-05-16 23:00:00,73533.0
2012-05-17 23:00:00,72435.0
2012-05-18 23:00:00,72560.0
2012-05-21 23:00:00,72324.0
2012-05-22 23:00:00,72480.0
2012-05-23 23:00:00,70436.0
2012-05-24 23:00:00,70759.0
2012-05-25 23:00:00,71158.0
2012-05-28 23:00:00,70860.0
2012-05-29 23:00:00,70813.0
2012-05-30 23:00:00,69768.0
2012-05-31 23:00:00,69996.0
2012-06-01 23:00:00,69975.0
2012-06-04 23:00:00,70768.0
2012-06-05 23:00:00,70646.0
2012-06-06 23:00:00,71080.0
2012-06-07 23:00:00,72691.0
2012-06-08 23:00:00,73045.0
2012-06-09 23:00:00,73279.0
2012-06-13 23:00:00,73385.0
2012-06-14 23:00:00,73496.0
2012-06-15 23:00:00,74511.0
2012-06-18 23:00:00,74674.0
2012-06-19 23:00:00,74513.0
2012-06-20 23:00:00,74226.0
2012-06-21 23:00:00,73446.0
2012-06-22 23:00:00,73274.0
2012-06-25 23:00:00,72524.0
2012-06-26 23:00:00,72742.0
2012-06-27 23:00:00,73047.0
2012-06-28 23:00:00,72052.0
2012-06-29 23:00:00,74092.0
2012-07-02 23:00:00,74768.0
2012-07-03 23:00:00,75859.0
2012-07-04 23:00:00,75748.0
2012-07-05 23:00:00,75718.0
2012-07-06 23:00:00,74474.0
2012-07-09 23:00:00,74201.0
2012-07-10 23:00:00,74479.0
2012-07-11 23:00:00,73868.0
2012-07-12 23:00:00,74052.0
2012-07-13 23:00:00,75861.0
2012-07-16 23:00:00,76678.0
2012-07-17 23:00:00,76569.0
2012-07-18 23:00:00,76517.0
2012-07-19 23:00:00,77078.0
2012-07-20 23:00:00,77278.0
2012-07-23 23:00:00,75426.0
2012-07-24 23:00:00,75903.0
2012-07-25 23:00:00,75666.0
2012-07-26 23:00:00,75418.0
2012-07-27 23:00:00,75474.0
2012-07-30 23:00:00,76656.0
2012-07-31 23:00:00,76025.0
2012-08-01 23:00:00,76421.0
2012-08-02 23:00:00,75700.0
2012-08-03 23:00:00,75724.0
2012-08-06 23:00:00,77218.0
2012-08-07 23:00:00,76902.0
2012-08-08 23:00:00,77046.0
2012-08-09 23:00:00,77508.0
2012-08-10 23:00:00,76621.0
2012-08-13 23:00:00,77344.0
2012-08-14 23:00:00,77859.0
2012-08-15 23:00:00,78091.0
2012-08-16 23:00:00,78257.0
2012-08-17 23:00:00,77918.0
2012-08-20 23:00:00,77200.0
2012-08-21 23:00:00,78384.0
2012-08-22 23:00:00,77723.0
2012-08-23 23:00:00,77955.0
2012-08-24 23:00:00,78107.0
2012-08-27 23:00:00,77776.0
2012-08-28 23:00:00,77855.0
2012-08-29 23:00:00,77365.0
2012-08-30 23:00:00,77473.0
2012-08-31 23:00:00,77851.0
2012-09-03 23:00:00,78024.0
2012-09-04 23:00:00,77774.0
2012-09-05 23:00:00,77705.0
2012-09-06 23:00:00,78184.0
2012-09-07 23:00:00,78219.0
2012-09-10 23:00:00,77198.0
2012-09-11 23:00:00,77358.0
2012-09-12 23:00:00,77518.0
2012-09-13 23:00:00,77152.0
2012-09-14 23:00:00,79008.0
2012-09-17 23:00:00,79308.0
2012-09-18 23:00:00,79408.0
2012-09-19 23:00:00,78158.0
2012-09-20 23:00:00,78808.0
2012-09-21 23:00:00,78958.0
2012-09-24 23:00:00,78735.0
2012-09-25 23:00:00,78383.0
2012-09-26 23:00:00,77308.0
2012-09-27 23:00:00,77508.0
2012-09-28 23:00:00,77073.0
2012-10-01 23:00:00,78588.0
2012-10-02 23:00:00,78943.0
2012-10-03 23:00:00,78624.0
2012-10-04 23:00:00,77828.0
2012-10-05 23:00:00,78271.0
2012-10-08 23:00:00,77867.0
2012-10-09 23:00:00,78181.0
2012-10-10 23:00:00,78340.0
2012-10-11 23:00:00,77785.0
2012-10-12 23:00:00,77356.0
2012-10-15 23:00:00,77508.0
2012-10-16 23:00:00,77505.0
2012-10-17 23:00:00,77868.0
2012-10-18 23:00:00,78793.0
2012-10-19 23:00:00,78294.0
2012-10-22 23:00:00,78317.0
2012-10-23 23:00:00,77308.0
2012-10-24 23:00:00,77042.0
2012-10-25 23:00:00,76700.0
2012-10-26 23:00:00,75806.0
2012-10-29 23:00:00,75799.0
2012-10-30 23:00:00,75327.0
2012-10-31 23:00:00,76009.0
2012-11-01 23:00:00,72594.0
2012-11-02 23:00:00,73760.0
2012-11-06 23:00:00,74503.0
2012-11-07 23:00:00,74070.0
2012-11-08 23:00:00,73650.0
2012-11-09 23:00:00,73809.0
2012-11-12 23:00:00,74199.0
2012-11-13 23:00:00,73485.0
2012-11-14 23:00:00,73608.0
2012-11-15 23:00:00,73593.0
2012-11-16 23:00:00,73520.0
2012-11-19 23:00:00,74422.0
2012-11-20 23:00:00,74666.0
2012-11-21 23:00:00,74954.0
2012-11-22 23:00:00,74979.0
2012-11-23 23:00:00,75142.0
2012-11-26 23:00:00,75032.0
2012-11-27 23:00:00,74875.0
2012-11-28 23:00:00,74139.0
2012-11-29 23:00:00,74553.0
2012-11-30 23:00:00,75218.0
2012-12-03 23:00:00,75866.0
2012-12-04 23:00:00,75532.0
2012-12-05 23:00:00,76545.0
2012-12-06 23:00:00,76494.0
2012-12-07 23:00:00,76508.0
2012-12-10 23:00:00,76185.0
2012-12-11 23:00:00,76479.0
2012-12-12 23:00:00,76419.0
2012-12-13 23:00:00,76531.0
2012-12-14 23:00:00,76441.0
2012-12-17 23:00:00,76498.0
2012-12-18 23:00:00,76750.0
2012-12-19 23:00:00,76586.0
2012-12-20 23:00:00,76857.0
2012-12-21 23:00:00,76852.0
2012-12-24 23:00:00,76203.0
2012-12-25 23:00:00,76417.0
2012-12-26 23:00:00,75877.0
2012-12-27 23:00:00,76480.0
2012-12-28 23:00:00,76607.0
2013-01-08 23:00:00,77013.0
2013-01-09 23:00:00,76789.0
2013-01-10 23:00:00,76329.0
2013-01-11 23:00:00,76368.0
2013-01-14 23:00:00,76452.0
2013-01-15 23:00:00,75787.0
2013-01-16 23:00:00,75062.0
2013-01-17 23:00:00,74940.0
2013-01-18 23:00:00,75469.0
2013-01-21 23:00:00,75441.0
2013-01-22 23:00:00,75139.0
2013-01-23 23:00:00,75925.0
2013-01-24 23:00:00,75489.0
2013-01-25 23:00:00,75534.0
2013-01-28 23:00:00,76290.0
2013-01-29 23:00:00,75937.0
2013-01-30 23:00:00,75452.0
2013-01-31 23:00:00,75038.0
2013-02-01 23:00:00,75517.0
2013-02-04 23:00:00,75539.0
2013-02-05 23:00:00,75371.0
2013-02-06 23:00:00,75306.0
2013-02-07 23:00:00,75121.0
2013-02-08 23:00:00,75107.0
2013-02-11 23:00:00,75907.0
2013-02-12 23:00:00,74399.0
2013-02-13 23:00:00,75508.0
2013-02-14 23:00:00,74815.0
2013-02-15 23:00:00,74422.0
2013-02-18 23:00:00,74642.0
2013-02-19 23:00:00,75209.0
2013-02-20 23:00:00,74124.0
2013-02-21 23:00:00,73941.0
2013-02-22 23:00:00,74007.0
2013-02-25 23:00:00,74307.0
2013-02-26 23:00:00,74418.0
2013-02-27 23:00:00,74530.0
2013-02-28 23:00:00,74448.0
2013-03-01 23:00:00,73383.0
2013-03-04 23:00:00,72207.0
2013-03-05 23:00:00,72982.0
2013-03-06 23:00:00,73571.0
2013-03-07 23:00:00,72822.0
2013-03-11 23:00:00,72701.0
2013-03-12 23:00:00,72419.0
2013-03-13 23:00:00,72053.0
2013-03-14 23:00:00,72757.0
2013-03-15 23:00:00,73254.0
2013-03-18 23:00:00,72493.0
2013-03-19 23:00:00,72204.0
2013-03-20 23:00:00,72703.0
2013-03-21 23:00:00,72969.0
2013-03-22 23:00:00,73323.0
2013-03-25 23:00:00,72809.0
2013-03-26 23:00:00,72805.0
2013-03-27 23:00:00,73134.0
2013-03-29 23:00:00,72926.0
2013-04-01 23:00:00,73455.0
2013-04-02 23:00:00,73694.0
2013-04-03 23:00:00,73551.0
2013-04-04 23:00:00,73618.0
2013-04-05 23:00:00,73653.0
2013-04-08 23:00:00,73215.0
2013-04-09 23:00:00,73754.0
2013-04-11 23:00:00,73604.0
2013-04-12 23:00:00,73510.0
2013-04-15 23:00:00,73354.0
2013-04-16 23:00:00,73179.0
2013-04-17 23:00:00,72584.0
2013-04-19 23:00:00,72294.0
2013-04-22 23:00:00,71704.0
2013-04-23 23:00:00,70954.0
2013-04-24 23:00:00,72936.0
2013-04-25 23:00:00,71654.0
2013-04-26 23:00:00,71199.0
2013-04-29 23:00:00,70868.0
2013-04-30 23:00:00,70889.0
2013-05-02 23:00:00,71206.0
2013-05-03 23:00:00,71954.0
2013-05-07 23:00:00,73146.0
2013-05-08 23:00:00,73343.0
2013-05-10 23:00:00,72016.0
2013-05-13 23:00:00,73010.0
2013-05-14 23:00:00,72585.0
2013-05-15 23:00:00,72209.0
2013-05-16 23:00:00,71354.0
2013-05-17 23:00:00,72455.0
2013-05-21 23:00:00,72976.0
2013-05-22 23:00:00,74561.0
2013-05-23 23:00:00,73947.0
2013-05-24 23:00:00,74154.0
2013-05-27 23:00:00,74387.0
2013-05-28 23:00:00,74714.0
2013-05-29 23:00:00,73828.0
2013-05-30 23:00:00,74021.0
2013-05-31 23:00:00,73594.0
2013-06-03 23:00:00,72636.0
2013-06-04 23:00:00,72812.0
2013-06-05 23:00:00,72512.0
2013-06-06 23:00:00,71799.0
2013-06-07 23:00:00,72414.0
2013-06-10 23:00:00,72616.0
2013-06-11 23:00:00,72243.0
2013-06-13 23:00:00,72015.0
2013-06-14 23:00:00,71466.0
2013-06-17 23:00:00,72599.0
2013-06-18 23:00:00,72417.0
2013-06-19 23:00:00,72066.0
2013-06-20 23:00:00,71466.0
2013-06-21 23:00:00,72866.0
2013-06-24 23:00:00,74330.0
2013-06-25 23:00:00,73657.0
2013-06-26 23:00:00,74052.0
2013-06-27 23:00:00,73886.0
2013-06-28 23:00:00,73669.0
2013-07-01 23:00:00,74247.0
2013-07-02 23:00:00,74269.0
2013-07-03 23:00:00,74940.0
2013-07-04 23:00:00,74665.0
2013-07-05 23:00:00,74861.0
2013-07-08 23:00:00,74954.0
2013-07-09 23:00:00,74601.0
2013-07-10 23:00:00,74325.0
2013-07-11 23:00:00,74366.0
2013-07-12 23:00:00,75561.0
2013-07-15 23:00:00,75456.0
2013-07-16 23:00:00,75423.0
2013-07-17 23:00:00,76066.0
2013-07-18 23:00:00,75691.0
2013-07-19 23:00:00,75666.0
2013-07-22 23:00:00,74763.0
2013-07-23 23:00:00,74482.0
2013-07-24 23:00:00,73914.0
2013-07-25 23:00:00,74241.0
2013-07-26 23:00:00,73892.0
2013-07-29 23:00:00,74196.0
2013-07-30 23:00:00,74321.0
2013-07-31 23:00:00,74226.0
2013-08-01 23:00:00,74999.0
2013-08-02 23:00:00,75307.0
2013-08-06 23:00:00,74166.0
2013-08-07 23:00:00,73265.0
2013-08-08 23:00:00,73266.0
2013-08-09 23:00:00,74024.0
2013-08-12 23:00:00,74556.0
2013-08-13 23:00:00,75216.0
2013-08-14 23:00:00,75862.0
2013-08-15 23:00:00,75866.0
2013-08-16 23:00:00,75826.0
2013-08-19 23:00:00,75068.0
2013-08-20 23:00:00,75480.0
2013-08-21 23:00:00,75910.0
2013-08-22 23:00:00,76321.0
2013-08-23 23:00:00,76423.0
2013-08-26 23:00:00,76016.0
2013-08-27 23:00:00,75444.0
2013-08-28 23:00:00,75416.0
2013-08-29 23:00:00,75935.0
2013-08-30 23:00:00,75220.0
2013-09-02 23:00:00,74693.0
2013-09-03 23:00:00,76084.0
2013-09-04 23:00:00,76819.0
2013-09-05 23:00:00,78334.0
2013-09-06 23:00:00,78116.0
2013-09-09 23:00:00,78724.0
2013-09-10 23:00:00,77866.0
2013-09-11 23:00:00,77979.0
2013-09-12 23:00:00,77871.0
2013-09-13 23:00:00,77442.0
2013-09-16 23:00:00,77923.0
2013-09-17 23:00:00,78543.0
2013-09-18 23:00:00,77943.0
2013-09-19 23:00:00,77943.0
2013-09-20 23:00:00,77243.0
2013-09-23 23:00:00,76523.0
2013-09-24 23:00:00,76873.0
2013-09-25 23:00:00,76713.0
2013-09-26 23:00:00,77906.0
2013-09-27 23:00:00,77443.0
2013-09-30 23:00:00,77245.0
2013-10-01 23:00:00,77629.0
2013-10-02 23:00:00,76595.0
2013-10-03 23:00:00,77032.0
2013-10-04 23:00:00,77241.0
2013-10-07 23:00:00,78328.0
2013-10-08 23:00:00,78193.0
2013-10-09 23:00:00,78394.0
2013-10-10 23:00:00,80428.0
2013-10-11 23:00:00,80043.0
2013-10-14 23:00:00,79306.0
2013-10-15 23:00:00,80034.0
2013-10-16 23:00:00,79558.0
2013-10-17 23:00:00,78847.0
2013-10-18 23:00:00,80322.0
2013-10-21 23:00:00,79970.0
2013-10-22 23:00:00,80113.0
2013-10-23 23:00:00,79803.0
2013-10-24 23:00:00,79943.0
2013-10-25 23:00:00,80093.0
2013-10-28 23:00:00,80444.0
2013-10-29 23:00:00,80445.0
2013-10-30 23:00:00,80937.0
2013-10-31 23:00:00,80765.0
2013-11-01 23:00:00,80593.0
2013-11-05 23:00:00,80455.0
2013-11-06 23:00:00,81142.0
2013-11-07 23:00:00,80099.0
2013-11-08 23:00:00,79480.0
2013-11-11 23:00:00,79861.0
2013-11-12 23:00:00,80888.0
2013-11-13 23:00:00,80126.0
2013-11-14 23:00:00,80715.0
2013-11-15 23:00:00,80443.0
2013-11-18 23:00:00,80125.0
2013-11-19 23:00:00,79793.0
2013-11-20 23:00:00,79744.0
2013-11-21 23:00:00,80002.0
2013-11-22 23:00:00,79742.0
2013-11-25 23:00:00,79333.0
2013-11-26 23:00:00,78550.0
2013-11-27 23:00:00,78575.0
2013-11-28 23:00:00,79489.0
2013-11-29 23:00:00,78545.0
2013-12-02 23:00:00,78754.0
2013-12-03 23:00:00,78143.0
2013-12-04 23:00:00,77914.0
2013-12-05 23:00:00,77498.0
2013-12-06 23:00:00,78942.0
2013-12-09 23:00:00,80236.0
2013-12-10 23:00:00,80136.0
2013-12-11 23:00:00,79466.0
2013-12-12 23:00:00,78683.0
2013-12-13 23:00:00,79132.0
2013-12-16 23:00:00,80089.0
2013-12-17 23:00:00,79034.0
2013-12-18 23:00:00,79742.0
2013-12-19 23:00:00,79342.0
2013-12-20 23:00:00,78972.0
2013-12-23 23:00:00,79763.0
2013-12-24 23:00:00,80087.0
2013-12-25 23:00:00,79642.0
2013-12-26 23:00:00,79672.0
2013-12-27 23:00:00,79742.0
2013-12-30 23:00:00,80454.0
2014-01-06 23:00:00,79337.0
2014-01-08 23:00:00,78633.0
2014-01-09 23:00:00,77936.0
2014-01-10 23:00:00,77930.0
2014-01-13 23:00:00,78972.0
2014-01-14 23:00:00,79286.0
2014-01-15 23:00:00,79533.0
2014-01-16 23:00:00,78812.0
2014-01-17 23:00:00,79542.0
2014-01-20 23:00:00,79942.0
2014-01-21 23:00:00,80391.0
2014-01-22 23:00:00,80013.0
2014-01-23 23:00:00,81165.0
2014-01-24 23:00:00,80134.0
2014-01-27 23:00:00,79988.0
2014-01-28 23:00:00,78837.0
2014-01-29 23:00:00,78631.0
2014-01-30 23:00:00,78571.0
2014-01-31 23:00:00,78557.0
2014-02-03 23:00:00,78372.0
2014-02-04 23:00:00,77917.0
2014-02-05 23:00:00,79032.0
2014-02-06 23:00:00,79399.0
2014-02-07 23:00:00,80142.0
2014-02-10 23:00:00,79752.0
2014-02-11 23:00:00,80212.0
2014-02-12 23:00:00,80942.0
2014-02-13 23:00:00,80262.0
2014-02-14 23:00:00,81008.0
2014-02-17 23:00:00,80993.0
2014-02-18 23:00:00,80484.0
2014-02-19 23:00:00,80532.0
2014-02-20 23:00:00,80272.0
2014-02-21 23:00:00,79992.0
2014-02-24 23:00:00,80342.0
2014-02-25 23:00:00,81091.0
2014-02-26 23:00:00,81232.0
2014-02-27 23:00:00,80632.0
2014-02-28 23:00:00,80142.0
2014-03-03 23:00:00,73863.0
2014-03-04 23:00:00,76853.0
2014-03-05 23:00:00,76735.0
2014-03-06 23:00:00,75792.0
2014-03-07 23:00:00,75301.0
2014-03-11 23:00:00,74288.0
2014-03-12 23:00:00,73022.0
2014-03-13 23:00:00,72272.0
2014-03-14 23:00:00,69842.0
2014-03-17 23:00:00,70961.0
2014-03-18 23:00:00,74647.0
2014-03-19 23:00:00,74208.0
2014-03-20 23:00:00,74194.0
2014-03-21 23:00:00,71640.0
2014-03-24 23:00:00,71153.0
2014-03-25 23:00:00,72389.0
2014-03-26 23:00:00,73595.0
2014-03-27 23:00:00,72198.0
2014-03-28 23:00:00,71305.0
2014-03-31 23:00:00,71802.0
2014-04-01 23:00:00,72680.0
2014-04-02 23:00:00,72000.0
2014-04-03 23:00:00,72325.0
2014-04-04 23:00:00,72928.0
2014-04-07 23:00:00,71500.0
2014-04-08 23:00:00,72000.0
2014-04-09 23:00:00,71324.0
2014-04-10 23:00:00,72450.0
2014-04-11 23:00:00,72586.0
2014-04-14 23:00:00,72241.0
2014-04-15 23:00:00,71013.0
2014-04-16 23:00:00,71359.0
2014-04-17 23:00:00,71496.0
2014-04-18 23:00:00,72450.0
2014-04-21 23:00:00,72149.0
2014-04-22 23:00:00,71851.0
2014-04-23 23:00:00,71489.0
2014-04-24 23:00:00,69850.0
2014-04-25 23:00:00,70767.0
2014-04-28 23:00:00,70704.0
2014-04-29 23:00:00,72537.0
2014-04-30 23:00:00,72208.0
2014-05-02 23:00:00,72380.0
2014-05-05 23:00:00,71800.0
2014-05-06 23:00:00,72817.0
2014-05-07 23:00:00,75000.0
2014-05-08 23:00:00,75210.0
2014-05-12 23:00:00,75280.0
2014-05-13 23:00:00,74855.0
2014-05-14 23:00:00,74945.0
2014-05-15 23:00:00,74500.0
2014-05-16 23:00:00,74963.0
2014-05-19 23:00:00,75820.0
2014-05-20 23:00:00,76090.0
2014-05-21 23:00:00,77104.0
2014-05-22 23:00:00,77089.0
2014-05-23 23:00:00,76700.0
2014-05-26 23:00:00,77563.0
2014-05-27 23:00:00,75417.0
2014-05-28 23:00:00,76700.0
2014-05-29 23:00:00,76550.0
2014-05-30 23:00:00,75944.0
2014-06-02 23:00:00,77022.0
2014-06-03 23:00:00,76791.0
2014-06-04 23:00:00,76548.0
2014-06-05 23:00:00,77421.0
2014-06-06 23:00:00,78745.0
2014-06-09 23:00:00,78862.0
2014-06-10 23:00:00,78620.0
2014-06-11 23:00:00,78517.0
2014-06-13 23:00:00,78279.0
2014-06-16 23:00:00,79134.0
2014-06-17 23:00:00,79662.0
2014-06-18 23:00:00,80274.0
2014-06-19 23:00:00,80209.0
2014-06-20 23:00:00,80949.0
2014-06-23 23:00:00,81159.0
2014-06-24 23:00:00,81461.0
2014-06-25 23:00:00,79974.0
2014-06-26 23:00:00,79889.0
2014-06-27 23:00:00,80174.0
2014-06-30 23:00:00,79795.0
2014-07-01 23:00:00,79874.0
2014-07-02 23:00:00,80274.0
2014-07-03 23:00:00,79731.0
2014-07-04 23:00:00,79219.0
2014-07-07 23:00:00,79974.0
2014-07-08 23:00:00,80223.0
2014-07-09 23:00:00,80074.0
2014-07-10 23:00:00,78973.0
2014-07-11 23:00:00,78840.0
2014-07-14 23:00:00,77858.0
2014-07-15 23:00:00,78774.0
2014-07-16 23:00:00,78874.0
2014-07-17 23:00:00,76273.0
2014-07-18 23:00:00,75774.0
2014-07-21 23:00:00,75174.0
2014-07-22 23:00:00,75903.0
2014-07-23 23:00:00,75565.0
2014-07-24 23:00:00,74774.0
2014-07-25 23:00:00,74425.0
2014-07-28 23:00:00,73886.0
2014-07-29 23:00:00,74574.0
2014-07-30 23:00:00,75578.0
2014-07-31 23:00:00,75923.0
2014-08-01 23:00:00,75622.0
2014-08-04 23:00:00,75387.0
2014-08-05 23:00:00,74615.0
2014-08-06 23:00:00,74206.0
2014-08-07 23:00:00,75174.0
2014-08-08 23:00:00,75474.0
2014-08-11 23:00:00,76204.0
2014-08-12 23:00:00,76315.0
2014-08-13 23:00:00,76774.0
2014-08-14 23:00:00,77634.0
2014-08-15 23:00:00,78372.0
2014-08-18 23:00:00,78144.0
2014-08-19 23:00:00,78524.0
2014-08-20 23:00:00,78593.0
2014-08-21 23:00:00,79195.0
2014-08-22 23:00:00,78431.0
2014-08-25 23:00:00,78624.0
2014-08-26 23:00:00,78114.0
2014-08-27 23:00:00,77624.0
2014-08-28 23:00:00,77363.0
2014-08-29 23:00:00,76324.0
2014-09-01 23:00:00,76009.0
2014-09-02 23:00:00,76764.0
2014-09-03 23:00:00,79274.0
2014-09-04 23:00:00,79103.0
2014-09-05 23:00:00,79629.0
2014-09-08 23:00:00,79732.0
2014-09-09 23:00:00,79439.0
2014-09-10 23:00:00,79563.0
2014-09-11 23:00:00,78722.0
2014-09-12 23:00:00,79570.0
2014-09-15 23:00:00,79688.0
2014-09-16 23:00:00,81183.0
2014-09-17 23:00:00,79388.0
2014-09-18 23:00:00,79788.0
2014-09-19 23:00:00,79338.0
2014-09-22 23:00:00,79212.0
2014-09-23 23:00:00,80138.0
2014-09-24 23:00:00,80448.0
2014-09-25 23:00:00,80638.0
2014-09-26 23:00:00,80737.0
2014-09-29 23:00:00,80288.0
2014-09-30 23:00:00,80597.0
2014-10-01 23:00:00,80338.0
2014-10-02 23:00:00,79586.0
2014-10-03 23:00:00,80046.0
2014-10-06 23:00:00,80838.0
2014-10-07 23:00:00,80688.0
2014-10-08 23:00:00,80176.0
2014-10-09 23:00:00,80828.0
2014-10-10 23:00:00,79893.0
2014-10-13 23:00:00,80840.0
2014-10-14 23:00:00,81290.0
2014-10-15 23:00:00,81092.0
2014-10-16 23:00:00,81355.0
2014-10-17 23:00:00,81939.0
2014-10-20 23:00:00,81390.0
2014-10-21 23:00:00,80789.0
2014-10-22 23:00:00,80196.0
2014-10-23 23:00:00,80689.0
2014-10-24 23:00:00,81138.0
2014-10-27 23:00:00,82189.0
2014-10-28 23:00:00,82238.0
2014-10-29 23:00:00,83055.0
2014-10-30 23:00:00,83039.0
2014-10-31 23:00:00,84138.0
2014-11-03 23:00:00,84138.0
2014-11-05 23:00:00,84038.0
2014-11-06 23:00:00,83138.0
2014-11-07 23:00:00,83238.0
2014-11-10 23:00:00,84638.0
2014-11-11 23:00:00,85538.0
2014-11-12 23:00:00,85443.0
2014-11-13 23:00:00,84588.0
2014-11-14 23:00:00,85939.0
2014-11-17 23:00:00,86489.0
2014-11-18 23:00:00,86318.0
2014-11-19 23:00:00,85738.0
2014-11-20 23:00:00,86538.0
2014-11-21 23:00:00,86139.0
2014-11-24 23:00:00,85517.0
2014-11-25 23:00:00,85347.0
2014-11-26 23:00:00,85204.0
2014-11-27 23:00:00,86103.0
2014-11-28 23:00:00,86241.0
2014-12-01 23:00:00,87487.0
2014-12-02 23:00:00,87238.0
2014-12-03 23:00:00,87691.0
2014-12-04 23:00:00,86637.0
2014-12-05 23:00:00,84365.0
2014-12-08 23:00:00,81738.0
2014-12-09 23:00:00,82968.0
2014-12-10 23:00:00,83636.0
2014-12-11 23:00:00,83039.0
2014-12-12 23:00:00,83738.0
2014-12-15 23:00:00,84138.0
2014-12-16 23:00:00,86294.0
2014-12-17 23:00:00,86426.0
2014-12-18 23:00:00,90616.0
2014-12-19 23:00:00,83238.0
2014-12-22 23:00:00,83822.0
2014-12-23 23:00:00,81479.0
2014-12-24 23:00:00,80747.0
2014-12-25 23:00:00,80138.0
2014-12-26 23:00:00,80604.0
2014-12-29 23:00:00,83436.0
2014-12-30 23:00:00,81018.0
2015-01-05 23:00:00,84178.0
2015-01-06 23:00:00,85838.0
2015-01-08 23:00:00,87218.0
2015-01-09 23:00:00,85791.0
2015-01-12 23:00:00,85438.0
2015-01-13 23:00:00,87328.0
2015-01-14 23:00:00,88398.0
2015-01-15 23:00:00,87508.0
2015-01-16 23:00:00,87958.0
2015-01-19 23:00:00,87238.0
2015-01-20 23:00:00,85639.0
2015-01-21 23:00:00,85838.0
2015-01-22 23:00:00,90569.0
2015-01-23 23:00:00,90142.0
2015-01-26 23:00:00,89438.0
2015-01-27 23:00:00,89308.0
2015-01-28 23:00:00,87638.0
2015-01-29 23:00:00,86988.0
2015-01-30 23:00:00,85670.0
2015-02-02 23:00:00,85988.0
2015-02-03 23:00:00,86769.0
2015-02-04 23:00:00,86808.0
2015-02-05 23:00:00,88638.0
2015-02-06 23:00:00,90673.0
2015-02-09 23:00:00,91437.0
2015-02-10 23:00:00,90839.0
2015-02-11 23:00:00,91938.0
2015-02-12 23:00:00,92253.0
2015-02-13 23:00:00,93447.0
2015-02-16 23:00:00,91250.0
2015-02-17 23:00:00,90913.0
2015-02-18 23:00:00,91608.0
2015-02-19 23:00:00,91391.0
2015-02-20 23:00:00,90769.0
2015-02-24 23:00:00,90574.0
2015-02-25 23:00:00,90068.0
2015-02-26 23:00:00,88944.0
2015-02-27 23:00:00,89300.0
2015-03-02 23:00:00,90213.0
2015-03-03 23:00:00,91088.0
2015-03-04 23:00:00,89695.0
2015-03-05 23:00:00,89838.0
2015-03-06 23:00:00,88894.0
2015-03-10 23:00:00,87121.0
2015-03-11 23:00:00,86573.0
2015-03-12 23:00:00,85698.0
2015-03-13 23:00:00,84882.0
2015-03-16 23:00:00,85071.0
2015-03-17 23:00:00,84749.0
2015-03-18 23:00:00,84971.0
2015-03-19 23:00:00,83634.0
2015-03-20 23:00:00,84121.0
2015-03-23 23:00:00,81811.0
2015-03-24 23:00:00,81215.0
2015-03-25 23:00:00,80966.0
2015-03-26 23:00:00,80541.0
2015-03-27 23:00:00,79871.0
2015-03-30 23:00:00,81573.0
2015-03-31 23:00:00,81070.0
2015-04-01 23:00:00,82891.0
2015-04-02 23:00:00,84726.0
2015-04-03 23:00:00,85871.0
2015-04-06 23:00:00,86089.0
2015-04-07 23:00:00,85067.0
2015-04-08 23:00:00,84795.0
2015-04-09 23:00:00,84176.0
2015-04-10 23:00:00,83684.0
2015-04-13 23:00:00,85541.0
2015-04-14 23:00:00,83671.0
2015-04-15 23:00:00,86011.0
2015-04-16 23:00:00,87065.0
2015-04-17 23:00:00,88171.0
2015-04-20 23:00:00,88738.0
2015-04-21 23:00:00,90206.0
2015-04-22 23:00:00,88840.0
2015-04-23 23:00:00,87675.0
2015-04-24 23:00:00,88031.0
2015-04-27 23:00:00,87821.0
2015-04-28 23:00:00,87370.0
2015-04-29 23:00:00,87918.0
2015-04-30 23:00:00,87671.0
2015-05-05 23:00:00,88351.0
2015-05-06 23:00:00,87171.0
2015-05-07 23:00:00,87270.0
2015-05-08 23:00:00,88518.0
2015-05-12 23:00:00,88729.0
2015-05-13 23:00:00,87771.0
2015-05-14 23:00:00,88638.0
2015-05-15 23:00:00,88482.0
2015-05-18 23:00:00,88488.0
2015-05-19 23:00:00,87195.0
2015-05-20 23:00:00,87389.0
2015-05-21 23:00:00,88870.0
2015-05-22 23:00:00,89351.0
2015-05-25 23:00:00,88671.0
2015-05-26 23:00:00,89771.0
2015-05-27 23:00:00,89874.0
2015-05-28 23:00:00,90979.0
2015-05-29 23:00:00,90390.0
2015-06-01 23:00:00,90604.0
2015-06-02 23:00:00,91852.0
2015-06-03 23:00:00,92076.0
2015-06-04 23:00:00,92186.0
2015-06-05 23:00:00,92031.0
2015-06-08 23:00:00,92224.0
2015-06-09 23:00:00,92543.0
2015-06-10 23:00:00,91771.0
2015-06-11 23:00:00,92171.0
2015-06-15 23:00:00,92974.0
2015-06-16 23:00:00,92935.0
2015-06-17 23:00:00,92824.0
2015-06-18 23:00:00,92423.0
2015-06-19 23:00:00,92354.0
2015-06-22 23:00:00,93051.0
2015-06-23 23:00:00,92783.0
2015-06-24 23:00:00,92228.0
2015-06-25 23:00:00,91434.0
2015-06-26 23:00:00,92704.0
2015-06-29 23:00:00,92588.0
2015-06-30 23:00:00,93946.0
2015-07-01 23:00:00,93958.0
2015-07-02 23:00:00,92924.0
2015-07-03 23:00:00,92882.0
2015-07-06 23:00:00,93081.0
2015-07-07 23:00:00,92927.0
2015-07-08 23:00:00,93887.0
2015-07-09 23:00:00,94224.0
2015-07-10 23:00:00,94524.0
2015-07-13 23:00:00,95192.0
2015-07-14 23:00:00,95622.0
2015-07-15 23:00:00,95724.0
2015-07-16 23:00:00,95661.0
2015-07-17 23:00:00,95374.0
2015-07-20 23:00:00,94734.0
2015-07-21 23:00:00,94305.0
2015-07-22 23:00:00,94684.0
2015-07-23 23:00:00,94274.0
2015-07-24 23:00:00,93924.0
2015-07-27 23:00:00,94514.0
2015-07-28 23:00:00,95824.0
2015-07-29 23:00:00,95664.0
2015-07-30 23:00:00,95344.0
2015-07-31 23:00:00,96424.0
2015-08-03 23:00:00,97022.0
2015-08-04 23:00:00,96946.0
2015-08-05 23:00:00,96924.0
2015-08-06 23:00:00,97065.0
2015-08-07 23:00:00,97846.0
2015-08-10 23:00:00,97767.0
2015-08-11 23:00:00,97124.0
2015-08-12 23:00:00,97224.0
2015-08-13 23:00:00,96904.0
2015-08-14 23:00:00,97224.0
2015-08-17 23:00:00,96357.0
2015-08-18 23:00:00,96253.0
2015-08-19 23:00:00,94535.0
2015-08-20 23:00:00,95927.0
2015-08-21 23:00:00,94436.0
2015-08-24 23:00:00,93824.0
2015-08-25 23:00:00,93635.0
2015-08-26 23:00:00,95894.0
2015-08-27 23:00:00,97656.0
2015-08-28 23:00:00,98774.0
2015-08-31 23:00:00,99624.0
2015-09-01 23:00:00,98660.0
2015-09-02 23:00:00,98324.0
2015-09-03 23:00:00,98282.0
2015-09-04 23:00:00,98235.0
2015-09-07 23:00:00,98941.0
2015-09-08 23:00:00,99290.0
2015-09-09 23:00:00,99623.0
2015-09-10 23:00:00,100113.0
2015-09-11 23:00:00,100654.0
2015-09-14 23:00:00,101479.0
2015-09-15 23:00:00,100524.0
2015-09-16 23:00:00,100151.0
2015-09-17 23:00:00,100507.0
2015-09-18 23:00:00,99551.0
2015-09-21 23:00:00,99888.0
2015-09-22 23:00:00,98231.0
2015-09-23 23:00:00,99308.0
2015-09-24 23:00:00,97409.0
2015-09-25 23:00:00,97111.0
2015-09-28 23:00:00,95402.0
2015-09-29 23:00:00,96104.0
2015-09-30 23:00:00,97318.0
2015-10-01 23:00:00,96171.0
2015-10-02 23:00:00,96125.0
2015-10-05 23:00:00,98773.0
2015-10-06 23:00:00,99351.0
2015-10-07 23:00:00,98550.0
2015-10-08 23:00:00,98194.0
2015-10-09 23:00:00,98809.0
2015-10-12 23:00:00,97251.0
2015-10-13 23:00:00,97705.0
2015-10-14 23:00:00,97755.0
2015-10-15 23:00:00,98493.0
2015-10-16 23:00:00,98251.0
2015-10-19 23:00:00,97784.0
2015-10-20 23:00:00,96753.0
2015-10-21 23:00:00,97131.0
2015-10-22 23:00:00,97390.0
2015-10-23 23:00:00,98351.0
2015-10-26 23:00:00,97739.0
2015-10-27 23:00:00,99151.0
2015-10-28 23:00:00,97801.0
2015-10-29 23:00:00,96401.0
2015-10-30 23:00:00,95951.0
2015-11-02 23:00:00,95830.0
2015-11-03 23:00:00,96686.0
2015-11-05 23:00:00,97526.0
2015-11-06 23:00:00,97841.0
2015-11-09 23:00:00,97981.0
2015-11-10 23:00:00,98882.0
2015-11-11 23:00:00,97036.0
2015-11-12 23:00:00,96696.0
2015-11-13 23:00:00,97211.0
2015-11-16 23:00:00,98310.0
2015-11-17 23:00:00,100192.0
2015-11-18 23:00:00,101061.0
2015-11-19 23:00:00,99851.0
2015-11-20 23:00:00,100359.0
2015-11-23 23:00:00,101139.0
2015-11-24 23:00:00,98581.0
2015-11-25 23:00:00,100232.0
2015-11-26 23:00:00,100022.0
2015-11-27 23:00:00,99803.0
2015-11-30 23:00:00,99781.0
2015-12-01 23:00:00,98053.0
2015-12-02 23:00:00,97603.0
2015-12-03 23:00:00,98119.0
2015-12-04 23:00:00,96155.0
2015-12-07 23:00:00,94997.0
2015-12-08 23:00:00,94701.0
2015-12-09 23:00:00,96453.0
2015-12-10 23:00:00,95807.0
2015-12-11 23:00:00,94978.0
2015-12-14 23:00:00,94171.0
2015-12-15 23:00:00,96144.0
2015-12-16 23:00:00,96147.0
2015-12-17 23:00:00,96435.0
2015-12-18 23:00:00,94663.0
2015-12-21 23:00:00,95103.0
2015-12-22 23:00:00,94735.0
2015-12-23 23:00:00,96305.0
2015-12-24 23:00:00,96533.0
2015-12-25 23:00:00,95574.0
2015-12-28 23:00:00,95000.0
2015-12-29 23:00:00,97086.0
2015-12-30 23:00:00,96675.0
2016-01-04 23:00:00,94544.0
2016-01-05 23:00:00,94306.0
2016-01-06 23:00:00,94289.0
2016-01-11 23:00:00,92435.0
2016-01-12 23:00:00,93734.0
2016-01-13 23:00:00,94794.0
2016-01-14 23:00:00,94058.0
2016-01-15 23:00:00,91992.0
2016-01-18 23:00:00,93285.0
2016-01-19 23:00:00,93067.0
2016-01-20 23:00:00,92259.0
2016-01-21 23:00:00,94368.0
2016-01-22 23:00:00,96577.0
2016-01-25 23:00:00,96872.0
2016-01-26 23:00:00,95000.0
2016-01-27 23:00:00,97111.0
2016-01-28 23:00:00,98657.0
2016-01-29 23:00:00,100435.0
2016-02-01 23:00:00,100191.0
2016-02-02 23:00:00,99553.0
2016-02-03 23:00:00,98524.0
2016-02-04 23:00:00,99985.0
2016-02-05 23:00:00,99435.0
2016-02-08 23:00:00,98016.0
2016-02-09 23:00:00,97649.0
2016-02-10 23:00:00,98435.0
2016-02-11 23:00:00,96362.0
2016-02-12 23:00:00,98356.0
2016-02-15 23:00:00,98000.0
2016-02-16 23:00:00,97888.0
2016-02-17 23:00:00,98634.0
2016-02-18 23:00:00,100135.0
2016-02-19 23:00:00,99528.0
2016-02-20 23:00:00,99235.0
2016-02-22 23:00:00,100469.0
2016-02-24 23:00:00,99055.0
2016-02-25 23:00:00,99801.0
2016-02-26 23:00:00,100006.0
2016-02-29 23:00:00,100861.0
2016-03-01 23:00:00,100668.0
2016-03-02 23:00:00,100339.0
2016-03-03 23:00:00,99523.0
2016-03-04 23:00:00,99257.0
2016-03-07 23:00:00,100485.0
2016-03-09 23:00:00,99423.0
2016-03-10 23:00:00,99876.0
2016-03-11 23:00:00,98738.0
2016-03-14 23:00:00,98706.0
2016-03-15 23:00:00,98785.0
2016-03-16 23:00:00,98275.0
2016-03-17 23:00:00,97615.0
2016-03-18 23:00:00,97014.0
2016-03-21 23:00:00,96271.0
2016-03-22 23:00:00,96714.0
2016-03-23 23:00:00,96369.0
2016-03-24 23:00:00,95935.0
2016-03-28 23:00:00,95535.0
2016-03-29 23:00:00,94890.0
2016-03-30 23:00:00,95291.0
2016-03-31 23:00:00,95132.0
2016-04-01 23:00:00,94435.0
2016-04-04 23:00:00,94775.0
2016-04-05 23:00:00,95760.0
2016-04-06 23:00:00,96091.0
2016-04-07 23:00:00,94505.0
2016-04-08 23:00:00,94392.0
2016-04-11 23:00:00,95325.0
2016-04-12 23:00:00,95935.0
2016-04-13 23:00:00,96892.0
2016-04-14 23:00:00,95935.0
2016-04-15 23:00:00,95465.0
2016-04-18 23:00:00,95634.0
2016-04-19 23:00:00,95835.0
2016-04-20 23:00:00,95888.0
2016-04-21 23:00:00,96445.0
2016-04-22 23:00:00,96670.0
2016-04-25 23:00:00,96149.0
2016-04-26 23:00:00,96225.0
2016-04-27 23:00:00,96649.0
2016-04-28 23:00:00,98894.0
2016-04-29 23:00:00,97632.0
2016-05-04 23:00:00,98168.0
2016-05-05 23:00:00,97145.0
2016-05-06 23:00:00,97888.0
2016-05-10 23:00:00,99235.0
2016-05-11 23:00:00,98905.0
2016-05-12 23:00:00,97983.0
2016-05-13 23:00:00,97508.0
2016-05-16 23:00:00,98615.0
2016-05-17 23:00:00,99183.0
2016-05-18 23:00:00,99832.0
2016-05-19 23:00:00,99925.0
2016-05-20 23:00:00,101035.0
2016-05-23 23:00:00,100845.0
2016-05-24 23:00:00,100891.0
2016-05-25 23:00:00,101301.0
2016-05-26 23:00:00,101018.0
2016-05-27 23:00:00,101397.0
2016-05-30 23:00:00,104078.0
2016-05-31 23:00:00,101285.0
2016-06-01 23:00:00,101515.0
2016-06-02 23:00:00,102037.0
2016-06-03 23:00:00,100335.0
2016-06-06 23:00:00,101124.0
2016-06-07 23:00:00,102862.0
2016-06-08 23:00:00,102423.0
2016-06-09 23:00:00,103700.0
2016-06-10 23:00:00,101526.0
2016-06-14 23:00:00,101475.0
2016-06-15 23:00:00,101090.0
2016-06-16 23:00:00,99009.0
2016-06-17 23:00:00,98551.0
2016-06-20 23:00:00,100136.0
2016-06-21 23:00:00,99487.0
2016-06-22 23:00:00,99269.0
2016-06-23 23:00:00,100030.0
2016-06-24 23:00:00,97637.0
2016-06-27 23:00:00,96690.0
2016-06-28 23:00:00,97069.0
2016-06-29 23:00:00,98069.0
2016-06-30 23:00:00,98519.0
2016-07-01 23:00:00,98884.0
2016-07-04 23:00:00,98422.0
2016-07-05 23:00:00,97069.0
2016-07-06 23:00:00,97057.0
2016-07-07 23:00:00,98569.0
2016-07-08 23:00:00,98145.0
2016-07-11 23:00:00,97980.0
2016-07-12 23:00:00,99970.0
2016-07-13 23:00:00,100176.0
2016-07-14 23:00:00,98869.0
2016-07-15 23:00:00,99224.0
2016-07-18 23:00:00,99109.0
2016-07-19 23:00:00,98219.0
2016-07-20 23:00:00,98069.0
2016-07-21 23:00:00,99568.0
2016-07-22 23:00:00,99006.0
2016-07-25 23:00:00,98699.0
2016-07-26 23:00:00,98644.0
2016-07-27 23:00:00,99779.0
2016-07-29 23:00:00,98882.0
2016-08-01 23:00:00,99169.0
2016-08-02 23:00:00,97570.0
2016-08-03 23:00:00,98199.0
2016-08-04 23:00:00,98980.0
2016-08-05 23:00:00,98574.0
2016-08-08 23:00:00,99094.0
2016-08-09 23:00:00,99394.0
2016-08-10 23:00:00,98169.0
2016-08-11 23:00:00,97989.0
2016-08-12 23:00:00,98544.0
2016-08-15 23:00:00,98970.0
2016-08-16 23:00:00,100259.0
2016-08-17 23:00:00,101069.0
2016-08-18 23:00:00,101459.0
2016-08-19 23:00:00,101550.0
2016-08-22 23:00:00,102184.0
2016-08-23 23:00:00,103119.0
2016-08-24 23:00:00,103021.0
2016-08-25 23:00:00,103516.0
2016-08-26 23:00:00,103876.0
2016-08-29 23:00:00,102670.0
2016-08-30 23:00:00,102868.0
2016-08-31 23:00:00,101266.0
2016-09-01 23:00:00,101318.0
2016-09-02 23:00:00,102137.0
2016-09-05 23:00:00,100899.0
2016-09-06 23:00:00,101481.0
2016-09-07 23:00:00,101070.0
2016-09-08 23:00:00,101083.0
2016-09-09 23:00:00,100871.0
2016-09-12 23:00:00,100157.0
2016-09-13 23:00:00,98569.0
2016-09-14 23:00:00,98070.0
2016-09-15 23:00:00,99319.0
2016-09-16 23:00:00,98756.0
2016-09-19 23:00:00,99668.0
2016-09-20 23:00:00,97519.0
2016-09-21 23:00:00,97524.0
2016-09-22 23:00:00,99319.0
2016-09-23 23:00:00,99572.0
2016-09-26 23:00:00,99719.0
2016-09-27 23:00:00,99454.0
2016-09-28 23:00:00,100516.0
2016-09-29 23:00:00,101025.0
2016-09-30 23:00:00,101208.0
2016-10-03 23:00:00,100096.0
2016-10-04 23:00:00,100285.0
2016-10-05 23:00:00,98849.0
2016-10-06 23:00:00,99563.0
2016-10-07 23:00:00,100098.0
2016-10-10 23:00:00,100468.0
2016-10-11 23:00:00,101501.0
2016-10-12 23:00:00,100819.0
2016-10-13 23:00:00,101014.0
2016-10-14 23:00:00,100724.0
2016-10-17 23:00:00,100559.0
2016-10-18 23:00:00,100569.0
2016-10-19 23:00:00,99819.0
2016-10-20 23:00:00,99461.0
2016-10-21 23:00:00,99102.0
2016-10-24 23:00:00,99417.0
2016-10-25 23:00:00,99789.0
2016-10-26 23:00:00,100040.0
2016-10-27 23:00:00,99963.0
2016-10-31 23:00:00,98916.0
2016-11-01 23:00:00,98900.0
2016-11-02 23:00:00,97876.0
2016-11-03 23:00:00,97316.0
2016-11-07 23:00:00,98191.0
2016-11-08 23:00:00,98021.0
2016-11-09 23:00:00,99719.0
2016-11-10 23:00:00,101612.0
2016-11-11 23:00:00,101819.0
2016-11-14 23:00:00,100573.0
2016-11-15 23:00:00,101323.0
2016-11-16 23:00:00,101605.0
2016-11-17 23:00:00,103052.0
2016-11-18 23:00:00,103001.0
2016-11-21 23:00:00,104417.0
2016-11-22 23:00:00,104611.0
2016-11-23 23:00:00,105678.0
2016-11-24 23:00:00,106419.0
2016-11-25 23:00:00,105736.0
2016-11-28 23:00:00,105199.0
2016-11-29 23:00:00,104419.0
2016-11-30 23:00:00,106768.0
2016-12-01 23:00:00,105792.0
2016-12-02 23:00:00,106317.0
2016-12-05 23:00:00,108701.0
2016-12-06 23:00:00,108536.0
2016-12-07 23:00:00,109721.0
2016-12-08 23:00:00,109219.0
2016-12-09 23:00:00,109015.0
2016-12-12 23:00:00,109490.0
2016-12-13 23:00:00,112328.0
2016-12-14 23:00:00,111880.0
2016-12-15 23:00:00,110771.0
2016-12-16 23:00:00,111611.0
2016-12-19 23:00:00,110889.0
2016-12-20 23:00:00,109778.0
2016-12-21 23:00:00,110056.0
2016-12-22 23:00:00,109112.0
2016-12-23 23:00:00,107785.0
2016-12-26 23:00:00,108416.0
2016-12-27 23:00:00,109326.0
2016-12-28 23:00:00,109029.0
2016-12-29 23:00:00,109029.0
2016-12-30 23:00:00,111061.0
2017-01-03 23:00:00,110851.0
2017-01-04 23:00:00,110001.0
2017-01-05 23:00:00,107521.0
2017-01-06 23:00:00,106662.0
2017-01-09 23:00:00,107441.0
2017-01-10 23:00:00,108892.0
2017-01-11 23:00:00,106861.0
2017-01-12 23:00:00,107060.0
2017-01-13 23:00:00,105761.0
2017-01-16 23:00:00,105961.0
2017-01-17 23:00:00,105108.0
2017-01-18 23:00:00,104820.0
2017-01-19 23:00:00,103731.0
2017-01-20 23:00:00,103561.0
2017-01-23 23:00:00,101762.0
2017-01-24 23:00:00,105093.0
2017-01-25 23:00:00,106324.0
2017-01-26 23:00:00,108381.0
2017-01-27 23:00:00,109749.0
2017-01-30 23:00:00,108570.0
2017-01-31 23:00:00,107361.0
2017-02-01 23:00:00,107913.0
2017-02-02 23:00:00,106189.0
2017-02-03 23:00:00,107671.0
2017-02-06 23:00:00,106852.0
2017-02-07 23:00:00,107461.0
2017-02-08 23:00:00,106411.0
2017-02-09 23:00:00,104461.0
2017-02-10 23:00:00,106097.0
2017-02-13 23:00:00,106960.0
2017-02-14 23:00:00,105841.0
2017-02-15 23:00:00,106390.0
2017-02-16 23:00:00,106805.0
2017-02-17 23:00:00,106761.0
2017-02-20 23:00:00,106351.0
2017-02-21 23:00:00,109309.0
2017-02-22 23:00:00,108961.0
2017-02-24 23:00:00,109682.0
2017-02-27 23:00:00,107383.0
2017-02-28 23:00:00,106061.0
2017-03-01 23:00:00,106716.0
2017-03-02 23:00:00,105542.0
2017-03-03 23:00:00,105598.0
2017-03-06 23:00:00,106388.0
2017-03-07 23:00:00,105556.0
2017-03-09 23:00:00,102571.0
2017-03-10 23:00:00,102287.0
2017-03-13 23:00:00,102999.0
2017-03-14 23:00:00,102915.0
2017-03-15 23:00:00,103575.0
2017-03-16 23:00:00,104059.0
2017-03-17 23:00:00,105916.0
2017-03-20 23:00:00,105726.0
2017-03-21 23:00:00,105799.0
2017-03-22 23:00:00,106369.0
2017-03-23 23:00:00,106256.0
2017-03-24 23:00:00,105622.0
2017-03-27 23:00:00,105253.0
2017-03-28 23:00:00,105960.0
2017-03-29 23:00:00,105666.0
2017-03-30 23:00:00,103686.0
2017-03-31 23:00:00,102386.0
2017-04-03 23:00:00,102328.0
2017-04-04 23:00:00,104361.0
2017-04-05 23:00:00,105086.0
2017-04-06 23:00:00,105504.0
2017-04-07 23:00:00,105692.0
2017-04-10 23:00:00,103414.0
2017-04-11 23:00:00,103120.0
2017-04-12 23:00:00,101742.0
2017-04-13 23:00:00,101846.0
2017-04-14 23:00:00,100018.0
2017-04-17 23:00:00,100031.0
2017-04-18 23:00:00,100138.0
2017-04-19 23:00:00,99590.0
2017-04-20 23:00:00,100648.0
2017-04-21 23:00:00,100291.0
2017-04-24 23:00:00,99461.0
2017-04-25 23:00:00,101410.0
2017-04-26 23:00:00,102704.0
2017-04-27 23:00:00,102027.0
2017-04-28 23:00:00,101020.0
2017-05-02 23:00:00,101811.0
2017-05-03 23:00:00,101897.0
2017-05-04 23:00:00,101462.0
2017-05-05 23:00:00,102130.0
2017-05-10 23:00:00,101761.0
2017-05-11 23:00:00,100449.0
2017-05-12 23:00:00,99898.0
2017-05-15 23:00:00,100485.0
2017-05-16 23:00:00,100039.0
2017-05-17 23:00:00,100811.0
2017-05-18 23:00:00,99993.0
2017-05-19 23:00:00,100408.0
2017-05-22 23:00:00,99961.0
2017-05-23 23:00:00,100158.0
2017-05-24 23:00:00,100646.0
2017-05-25 23:00:00,100166.0
2017-05-26 23:00:00,97867.0
2017-05-29 23:00:00,96791.0
2017-05-30 23:00:00,97017.0
2017-05-31 23:00:00,96303.0
2017-06-01 23:00:00,94394.0
2017-06-02 23:00:00,93234.0
2017-06-05 23:00:00,93264.0
2017-06-06 23:00:00,93513.0
2017-06-07 23:00:00,93221.0
2017-06-08 23:00:00,94401.0
2017-06-09 23:00:00,95301.0
2017-06-13 23:00:00,93257.0
2017-06-14 23:00:00,93979.0
2017-06-15 23:00:00,93761.0
2017-06-16 23:00:00,93261.0
2017-06-19 23:00:00,95155.0
2017-06-20 23:00:00,94589.0
2017-06-21 23:00:00,93555.0
2017-06-22 23:00:00,94890.0
2017-06-23 23:00:00,95074.0
2017-06-26 23:00:00,94611.0
2017-06-27 23:00:00,96126.0
2017-06-28 23:00:00,96296.0
2017-06-29 23:00:00,96631.0
2017-06-30 23:00:00,96921.0
2017-07-03 23:00:00,98231.0
2017-07-04 23:00:00,98145.0
2017-07-05 23:00:00,97524.0
2017-07-06 23:00:00,96662.0
2017-07-07 23:00:00,96376.0
2017-07-10 23:00:00,95993.0
2017-07-11 23:00:00,95960.0
2017-07-12 23:00:00,96001.0
2017-07-13 23:00:00,95197.0
2017-07-14 23:00:00,94572.0
2017-07-17 23:00:00,94651.0
2017-07-18 23:00:00,93447.0
2017-07-19 23:00:00,94596.0
2017-07-20 23:00:00,94823.0
2017-07-21 23:00:00,93473.0
2017-07-24 23:00:00,94074.0
2017-07-25 23:00:00,93174.0
2017-07-26 23:00:00,93224.0
2017-07-27 23:00:00,93347.0
2017-07-28 23:00:00,92348.0
2017-07-31 23:00:00,92572.0
2017-08-01 23:00:00,93097.0
2017-08-02 23:00:00,94160.0
2017-08-03 23:00:00,93320.0
2017-08-04 23:00:00,92696.0
2017-08-07 23:00:00,93311.0
2017-08-08 23:00:00,93821.0
2017-08-09 23:00:00,93226.0
2017-08-10 23:00:00,93213.0
2017-08-11 23:00:00,93197.0
2017-08-14 23:00:00,92101.0
2017-08-15 23:00:00,91773.0
2017-08-16 23:00:00,91512.0
2017-08-17 23:00:00,91021.0
2017-08-18 23:00:00,91014.0
2017-08-21 23:00:00,92038.0
2017-08-22 23:00:00,92865.0
2017-08-23 23:00:00,91862.0
2017-08-24 23:00:00,91661.0
2017-08-25 23:00:00,91637.0
2017-08-28 23:00:00,91072.0
2017-08-29 23:00:00,90817.0
2017-08-30 23:00:00,91683.0
2017-08-31 23:00:00,91920.0
2017-09-01 23:00:00,91268.0
2017-09-04 23:00:00,90939.0
2017-09-05 23:00:00,91621.0
2017-09-06 23:00:00,91162.0
2017-09-07 23:00:00,91684.0
2017-09-08 23:00:00,91870.0
2017-09-11 23:00:00,91167.0
2017-09-12 23:00:00,91671.0
2017-09-13 23:00:00,91839.0
2017-09-14 23:00:00,91494.0
2017-09-15 23:00:00,91593.0
2017-09-18 23:00:00,93266.0
2017-09-19 23:00:00,93824.0
2017-09-20 23:00:00,94575.0
2017-09-21 23:00:00,96334.0
2017-09-22 23:00:00,96068.0
2017-09-25 23:00:00,96675.0
2017-09-26 23:00:00,97217.0
2017-09-27 23:00:00,96977.0
2017-09-28 23:00:00,96683.0
2017-09-29 23:00:00,97222.0
2017-10-02 23:00:00,97495.0
2017-10-03 23:00:00,97484.0
2017-10-04 23:00:00,97956.0
2017-10-05 23:00:00,99193.0
2017-10-06 23:00:00,99175.0
2017-10-09 23:00:00,98479.0
2017-10-10 23:00:00,98534.0
2017-10-11 23:00:00,99704.0
2017-10-12 23:00:00,99060.0
2017-10-13 23:00:00,98475.0
2017-10-16 23:00:00,98294.0
2017-10-17 23:00:00,97222.0
2017-10-18 23:00:00,97955.0
2017-10-19 23:00:00,97615.0
2017-10-20 23:00:00,97598.0
2017-10-23 23:00:00,98424.0
2017-10-24 23:00:00,97151.0
2017-10-25 23:00:00,96265.0
2017-10-26 23:00:00,96245.0
2017-10-27 23:00:00,96674.0
2017-10-30 23:00:00,96564.0
2017-10-31 23:00:00,96644.0
2017-11-01 23:00:00,96889.0
2017-11-02 23:00:00,96458.0
2017-11-03 23:00:00,96945.0
2017-11-07 23:00:00,97985.0
2017-11-08 23:00:00,98636.0
2017-11-09 23:00:00,98938.0
2017-11-10 23:00:00,98685.0
2017-11-13 23:00:00,98875.0
2017-11-14 23:00:00,98988.0
2017-11-15 23:00:00,96554.0
2017-11-16 23:00:00,97373.0
2017-11-17 23:00:00,96725.0
2017-11-20 23:00:00,97640.0
2017-11-21 23:00:00,97720.0
2017-11-22 23:00:00,98410.0
2017-11-23 23:00:00,98304.0
2017-11-24 23:00:00,97971.0
2017-11-27 23:00:00,97112.0
2017-11-28 23:00:00,99155.0
2017-11-29 23:00:00,97454.0
2017-11-30 23:00:00,96644.0
2017-12-01 23:00:00,97214.0
2017-12-04 23:00:00,97830.0
2017-12-05 23:00:00,97945.0
2017-12-06 23:00:00,98163.0
2017-12-07 23:00:00,98211.0
2017-12-08 23:00:00,97481.0
2017-12-11 23:00:00,98275.0
2017-12-12 23:00:00,100175.0
2017-12-13 23:00:00,99295.0
2017-12-14 23:00:00,99415.0
2017-12-15 23:00:00,99913.0
2017-12-18 23:00:00,99932.0
2017-12-19 23:00:00,99984.0
2017-12-20 23:00:00,97930.0
2017-12-21 23:00:00,98300.0
2017-12-22 23:00:00,99674.0
2017-12-25 23:00:00,98279.0
2017-12-26 23:00:00,98345.0
2017-12-27 23:00:00,98887.0
2017-12-28 23:00:00,98171.0
2017-12-29 23:00:00,98798.0
2018-01-03 23:00:00,100701.0
2018-01-04 23:00:00,100558.0
2018-01-05 23:00:00,101160.0
2018-01-09 23:00:00,100410.0
2018-01-10 23:00:00,99202.0
2018-01-11 23:00:00,99151.0
2018-01-12 23:00:00,98919.0
2018-01-15 23:00:00,99932.0
2018-01-16 23:00:00,99737.0
2018-01-17 23:00:00,99454.0
2018-01-18 23:00:00,99690.0
2018-01-19 23:00:00,100603.0
2018-01-22 23:00:00,101165.0
2018-01-23 23:00:00,100932.0
2018-01-24 23:00:00,101650.0
2018-01-25 23:00:00,102551.0
2018-01-26 23:00:00,102536.0
2018-01-29 23:00:00,102156.0
2018-01-30 23:00:00,101872.0
2018-01-31 23:00:00,102898.0
2018-02-01 23:00:00,103706.0
2018-02-02 23:00:00,103828.0
2018-02-05 23:00:00,103236.0
2018-02-06 23:00:00,103382.0
2018-02-07 23:00:00,104046.0
2018-02-08 23:00:00,103781.0
2018-02-09 23:00:00,101837.0
2018-02-12 23:00:00,102298.0
2018-02-13 23:00:00,102255.0
2018-02-14 23:00:00,103064.0
2018-02-15 23:00:00,104585.0
2018-02-16 23:00:00,104189.0
2018-02-19 23:00:00,103200.0
2018-02-20 23:00:00,102740.0
2018-02-21 23:00:00,104010.0
2018-02-22 23:00:00,103713.0
2018-02-26 23:00:00,103769.0
2018-02-27 23:00:00,103793.0
2018-02-28 23:00:00,102508.0
2018-03-01 23:00:00,103311.0
2018-03-02 23:00:00,103257.0
2018-03-05 23:00:00,103655.0
2018-03-06 23:00:00,103758.0
2018-03-07 23:00:00,102450.0
2018-03-09 23:00:00,103599.0
2018-03-12 23:00:00,104161.0
2018-03-13 23:00:00,103350.0
2018-03-14 23:00:00,102363.0
2018-03-15 23:00:00,103487.0
2018-03-16 23:00:00,104515.0
2018-03-19 23:00:00,105627.0
2018-03-20 23:00:00,106170.0
2018-03-21 23:00:00,105644.0
2018-03-22 23:00:00,104719.0
2018-03-23 23:00:00,104794.0
2018-03-26 23:00:00,103779.0
2018-03-27 23:00:00,104773.0
2018-03-28 23:00:00,103850.0
2018-03-29 23:00:00,104204.0
2018-03-30 23:00:00,103823.0
2018-04-02 23:00:00,103573.0
2018-04-03 23:00:00,103957.0
2018-04-04 23:00:00,104794.0
2018-04-05 23:00:00,106824.0
2018-04-06 23:00:00,105753.0
2018-04-09 23:00:00,100796.0
2018-04-10 23:00:00,104026.0
2018-04-11 23:00:00,103722.0
2018-04-12 23:00:00,103073.0
2018-04-13 23:00:00,102332.0
2018-04-16 23:00:00,101423.0
2018-04-17 23:00:00,101867.0
2018-04-18 23:00:00,104112.0
2018-04-19 23:00:00,103241.0
2018-04-20 23:00:00,103314.0
2018-04-23 23:00:00,103576.0
2018-04-24 23:00:00,103713.0
2018-04-25 23:00:00,103901.0
2018-04-26 23:00:00,104744.0
2018-04-27 23:00:00,104824.0
2018-04-28 23:00:00,106127.0
2018-04-30 23:00:00,106373.0
2018-05-02 23:00:00,105923.0
2018-05-03 23:00:00,105093.0
2018-05-04 23:00:00,106649.0
2018-05-07 23:00:00,105213.0
2018-05-08 23:00:00,104824.0
2018-05-10 23:00:00,106480.0
2018-05-11 23:00:00,106784.0
2018-05-14 23:00:00,106913.0
2018-05-15 23:00:00,107074.0
2018-05-16 23:00:00,106589.0
2018-05-17 23:00:00,107175.0
2018-05-18 23:00:00,106698.0
2018-05-21 23:00:00,107517.0
2018-05-22 23:00:00,106696.0
2018-05-23 23:00:00,105770.0
2018-05-24 23:00:00,105084.0
2018-05-25 23:00:00,110373.0
2018-05-28 23:00:00,109821.0
2018-05-29 23:00:00,111677.0
2018-05-30 23:00:00,111635.0
2018-05-31 23:00:00,113643.0
2018-06-01 23:00:00,113636.0
2018-06-04 23:00:00,113820.0
2018-06-05 23:00:00,114372.0
2018-06-06 23:00:00,113856.0
2018-06-07 23:00:00,114481.0
2018-06-08 23:00:00,112024.0
2018-06-09 23:00:00,112023.0
2018-06-11 23:00:00,112670.0
2018-06-13 23:00:00,111473.0
2018-06-14 23:00:00,110914.0
2018-06-15 23:00:00,109824.0
2018-06-18 23:00:00,107874.0
2018-06-19 23:00:00,108584.0
2018-06-20 23:00:00,112053.0
2018-06-21 23:00:00,110923.0
2018-06-22 23:00:00,111548.0
2018-06-25 23:00:00,110730.0
2018-06-26 23:00:00,111548.0
2018-06-27 23:00:00,112374.0
2018-06-28 23:00:00,112850.0
2018-06-29 23:00:00,112620.0
2018-07-02 23:00:00,115948.0
2018-07-03 23:00:00,115453.0
2018-07-04 23:00:00,115070.0
2018-07-05 23:00:00,117849.0
2018-07-06 23:00:00,118784.0
2018-07-09 23:00:00,118623.0
2018-07-10 23:00:00,118249.0
2018-07-11 23:00:00,119149.0
2018-07-12 23:00:00,117074.0
2018-07-13 23:00:00,117810.0
2018-07-16 23:00:00,117486.0
2018-07-17 23:00:00,116418.0
2018-07-18 23:00:00,117089.0
2018-07-19 23:00:00,116659.0
2018-07-20 23:00:00,116199.0
2018-07-23 23:00:00,114980.0
2018-07-24 23:00:00,115158.0
2018-07-25 23:00:00,117602.0
2018-07-26 23:00:00,119544.0
2018-07-27 23:00:00,119491.0
2018-07-30 23:00:00,118830.0
2018-07-31 23:00:00,120499.0
2018-08-01 23:00:00,121008.0
2018-08-02 23:00:00,120720.0
2018-08-03 23:00:00,120094.0
2018-08-06 23:00:00,120350.0
2018-08-07 23:00:00,121688.0
2018-08-08 23:00:00,120149.0
2018-08-09 23:00:00,121388.0
2018-08-10 23:00:00,121589.0
2018-08-13 23:00:00,123718.0
2018-08-14 23:00:00,126084.0
2018-08-15 23:00:00,124176.0
2018-08-16 23:00:00,125395.0
2018-08-17 23:00:00,124898.0
2018-08-20 23:00:00,125641.0
2018-08-21 23:00:00,125749.0
2018-08-22 23:00:00,126685.0
2018-08-23 23:00:00,126429.0
2018-08-24 23:00:00,128239.0
2018-08-27 23:00:00,132976.0
2018-08-28 23:00:00,133599.0
2018-08-29 23:00:00,137799.0
2018-08-30 23:00:00,136072.0
2018-08-31 23:00:00,135199.0
2018-09-03 23:00:00,134026.0
2018-09-04 23:00:00,136099.0
2018-09-05 23:00:00,137049.0
2018-09-06 23:00:00,142228.0
2018-09-07 23:00:00,141432.0
2018-09-10 23:00:00,140205.0
2018-09-11 23:00:00,139473.0
2018-09-12 23:00:00,138292.0
2018-09-13 23:00:00,136286.0
2018-09-14 23:00:00,135675.0
2018-09-17 23:00:00,134672.0
2018-09-18 23:00:00,138175.0
2018-09-19 23:00:00,137275.0
2018-09-20 23:00:00,137775.0
2018-09-21 23:00:00,136777.0
2018-09-24 23:00:00,137075.0
2018-09-25 23:00:00,136138.0
2018-09-26 23:00:00,136620.0
2018-09-27 23:00:00,139325.0
2018-09-28 23:00:00,141690.0
2018-10-01 23:00:00,142975.0
2018-10-02 23:00:00,142168.0
2018-10-03 23:00:00,146463.0
2018-10-04 23:00:00,144698.0
2018-10-05 23:00:00,143618.0
2018-10-08 23:00:00,143275.0
2018-10-09 23:00:00,141260.0
2018-10-10 23:00:00,141504.0
2018-10-11 23:00:00,139617.0
2018-10-12 23:00:00,142615.0
2018-10-15 23:00:00,142838.0
2018-10-16 23:00:00,141680.0
2018-10-17 23:00:00,139275.0
2018-10-18 23:00:00,137596.0
2018-10-19 23:00:00,135904.0
2018-10-22 23:00:00,132003.0
2018-10-23 23:00:00,135656.0
2018-10-24 23:00:00,131875.0
2018-10-25 23:00:00,132920.0
2018-10-26 23:00:00,132357.0
2018-10-29 23:00:00,133878.0
2018-10-30 23:00:00,131067.0
2018-10-31 23:00:00,133228.0
2018-11-01 23:00:00,135525.0
2018-11-02 23:00:00,135720.0
2018-11-06 23:00:00,136045.0
2018-11-07 23:00:00,138299.0
2018-11-08 23:00:00,137019.0
2018-11-09 23:00:00,134454.0
2018-11-12 23:00:00,134503.0
2018-11-13 23:00:00,136307.0
2018-11-14 23:00:00,139603.0
2018-11-15 23:00:00,139765.0
2018-11-16 23:00:00,139778.0
2018-11-19 23:00:00,140904.0
2018-11-20 23:00:00,139766.0
2018-11-21 23:00:00,140953.0
2018-11-22 23:00:00,140325.0
2018-11-23 23:00:00,139325.0
2018-11-26 23:00:00,137477.0
2018-11-27 23:00:00,139385.0
2018-11-28 23:00:00,141504.0
2018-11-29 23:00:00,144499.0
2018-11-30 23:00:00,140945.0
2018-12-03 23:00:00,142396.0
2018-12-04 23:00:00,140886.0
2018-12-05 23:00:00,141091.0
2018-12-06 23:00:00,139952.0
2018-12-07 23:00:00,140033.0
2018-12-10 23:00:00,138129.0
2018-12-11 23:00:00,137737.0
2018-12-12 23:00:00,137835.0
2018-12-13 23:00:00,138534.0
2018-12-14 23:00:00,139580.0
2018-12-17 23:00:00,139224.0
2018-12-18 23:00:00,138854.0
2018-12-19 23:00:00,138928.0
2018-12-20 23:00:00,139637.0
2018-12-21 23:00:00,139710.0
2018-12-24 23:00:00,138792.0
2018-12-25 23:00:00,137004.0
2018-12-26 23:00:00,136623.0
2018-12-27 23:00:00,138618.0
2018-12-28 23:00:00,139139.0
2018-12-29 23:00:00,140054.0
2019-01-03 23:00:00,138422.0
2019-01-04 23:00:00,141002.0
2019-01-08 23:00:00,139125.0
2019-01-09 23:00:00,139201.0
2019-01-10 23:00:00,140334.0
2019-01-11 23:00:00,140349.0
2019-01-14 23:00:00,140699.0
2019-01-15 23:00:00,140194.0
2019-01-16 23:00:00,140204.0
2019-01-17 23:00:00,140115.0
2019-01-18 23:00:00,140104.0
2019-01-21 23:00:00,139736.0
2019-01-22 23:00:00,139194.0
2019-01-23 23:00:00,139754.0
2019-01-24 23:00:00,137690.0
2019-01-25 23:00:00,138834.0
2019-01-28 23:00:00,139688.0
2019-01-29 23:00:00,141054.0
2019-01-30 23:00:00,142098.0
2019-01-31 23:00:00,141811.0
2019-02-01 23:00:00,140404.0
2019-02-04 23:00:00,141413.0
2019-02-05 23:00:00,142144.0
2019-02-06 23:00:00,140414.0
2019-02-07 23:00:00,140475.0
2019-02-08 23:00:00,140604.0
2019-02-11 23:00:00,139032.0
2019-02-12 23:00:00,139382.0
2019-02-13 23:00:00,138131.0
2019-02-14 23:00:00,137016.0
2019-02-15 23:00:00,136028.0
2019-02-18 23:00:00,135468.0
2019-02-19 23:00:00,137196.0
2019-02-20 23:00:00,139614.0
2019-02-21 23:00:00,140104.0
2019-02-22 23:00:00,139991.0
2019-02-25 23:00:00,139503.0
2019-02-26 23:00:00,137718.0
2019-02-27 23:00:00,136670.0
2019-02-28 23:00:00,136000.0
2019-03-01 23:00:00,134969.0
2019-03-04 23:00:00,136469.0
2019-03-05 23:00:00,135794.0
2019-03-06 23:00:00,136373.0
2019-03-07 23:00:00,135103.0
2019-03-11 23:00:00,135946.0
2019-03-12 23:00:00,136032.0
2019-03-13 23:00:00,135127.0
2019-03-14 23:00:00,133527.0
2019-03-15 23:00:00,133547.0
2019-03-18 23:00:00,133525.0
2019-03-19 23:00:00,132770.0
2019-03-20 23:00:00,133121.0
2019-03-21 23:00:00,135170.0
2019-03-22 23:00:00,134970.0
2019-03-25 23:00:00,135269.0
2019-03-26 23:00:00,134209.0
2019-03-27 23:00:00,132820.0
2019-03-28 23:00:00,132321.0
2019-03-29 23:00:00,133370.0
2019-04-01 23:00:00,133279.0
2019-04-02 23:00:00,133069.0
2019-04-03 23:00:00,134138.0
2019-04-04 23:00:00,132670.0
2019-04-05 23:00:00,132514.0
2019-04-08 23:00:00,133813.0
2019-04-09 23:00:00,135069.0
2019-04-10 23:00:00,135670.0
2019-04-11 23:00:00,134560.0
2019-04-12 23:00:00,136340.0
2019-04-15 23:00:00,135740.0
2019-04-16 23:00:00,137522.0
2019-04-17 23:00:00,137314.0
2019-04-18 23:00:00,138470.0
2019-04-19 23:00:00,138838.0
2019-04-22 23:00:00,140981.0
2019-04-23 23:00:00,141670.0
2019-04-24 23:00:00,141670.0
2019-04-25 23:00:00,145470.0
2019-04-26 23:00:00,148373.0
2019-04-29 23:00:00,147469.0
2019-04-30 23:00:00,146532.0
2019-05-02 23:00:00,146670.0
2019-05-03 23:00:00,147910.0
2019-05-06 23:00:00,147690.0
2019-05-07 23:00:00,148170.0
2019-05-08 23:00:00,147646.0
2019-05-10 23:00:00,147136.0
2019-05-13 23:00:00,147942.0
2019-05-14 23:00:00,146190.0
2019-05-15 23:00:00,145914.0
2019-05-16 23:00:00,147460.0
2019-05-17 23:00:00,147550.0
2019-05-20 23:00:00,149470.0
2019-05-21 23:00:00,151731.0
2019-05-22 23:00:00,156314.0
2019-05-23 23:00:00,155869.0
2019-05-24 23:00:00,155820.0
2019-05-27 23:00:00,157679.0
2019-05-28 23:00:00,157970.0
2019-05-29 23:00:00,158112.0
2019-05-30 23:00:00,158271.0
2019-05-31 23:00:00,159650.0
2019-06-03 23:00:00,159204.0
2019-06-04 23:00:00,156667.0
2019-06-05 23:00:00,155506.0
2019-06-06 23:00:00,156857.0
2019-06-07 23:00:00,157085.0
2019-06-10 23:00:00,158344.0
2019-06-11 23:00:00,159766.0
2019-06-13 23:00:00,158470.0
2019-06-14 23:00:00,158844.0
2019-06-17 23:00:00,161043.0
2019-06-18 23:00:00,159939.0
2019-06-19 23:00:00,157643.0
2019-06-20 23:00:00,158944.0
2019-06-21 23:00:00,158840.0
2019-06-24 23:00:00,157992.0
2019-06-25 23:00:00,158354.0
2019-06-26 23:00:00,159094.0
2019-06-27 23:00:00,161644.0
2019-06-28 23:00:00,161726.0
2019-07-01 23:00:00,159883.0
2019-07-02 23:00:00,159943.0
2019-07-03 23:00:00,160048.0
2019-07-04 23:00:00,159815.0
2019-07-05 23:00:00,160106.0
2019-07-08 23:00:00,160811.0
2019-07-09 23:00:00,162194.0
2019-07-10 23:00:00,163395.0
2019-07-11 23:00:00,162299.0
2019-07-12 23:00:00,160644.0
2019-07-15 23:00:00,158645.0
2019-07-16 23:00:00,159644.0
2019-07-17 23:00:00,161144.0
2019-07-18 23:00:00,160515.0
2019-07-19 23:00:00,160591.0
2019-07-22 23:00:00,160441.0
2019-07-23 23:00:00,160511.0
2019-07-24 23:00:00,161144.0
2019-07-25 23:00:00,163245.0
2019-07-26 23:00:00,164644.0
2019-07-29 23:00:00,164581.0
2019-07-30 23:00:00,163933.0
2019-07-31 23:00:00,162850.0
2019-08-01 23:00:00,164025.0
2019-08-02 23:00:00,160194.0
2019-08-05 23:00:00,159562.0
2019-08-06 23:00:00,160844.0
2019-08-07 23:00:00,161226.0
2019-08-08 23:00:00,162987.0
2019-08-09 23:00:00,159826.0
2019-08-12 23:00:00,158265.0
2019-08-13 23:00:00,158930.0
2019-08-14 23:00:00,156445.0
2019-08-15 23:00:00,154494.0
2019-08-16 23:00:00,155958.0
2019-08-19 23:00:00,156772.0
2019-08-20 23:00:00,158269.0
2019-08-21 23:00:00,158232.0
2019-08-22 23:00:00,158421.0
2019-08-23 23:00:00,157798.0
2019-08-26 23:00:00,158657.0
2019-08-27 23:00:00,156531.0
2019-08-28 23:00:00,157737.0
2019-08-29 23:00:00,159299.0
2019-08-30 23:00:00,159187.0
2019-09-02 23:00:00,161452.0
2019-09-03 23:00:00,162874.0
2019-09-04 23:00:00,162374.0
2019-09-05 23:00:00,162995.0
2019-09-06 23:00:00,162239.0
2019-09-09 23:00:00,160224.0
2019-09-10 23:00:00,158879.0
2019-09-11 23:00:00,161199.0
2019-09-12 23:00:00,157785.0
2019-09-13 23:00:00,157344.0
2019-09-16 23:00:00,161692.0
2019-09-17 23:00:00,163462.0
2019-09-18 23:00:00,164062.0
2019-09-19 23:00:00,164185.0
2019-09-20 23:00:00,164131.0
2019-09-23 23:00:00,167192.0
2019-09-24 23:00:00,166678.0
2019-09-25 23:00:00,167954.0
2019-09-26 23:00:00,169492.0
2019-09-27 23:00:00,168041.0
2019-09-30 23:00:00,166048.0
2019-10-01 23:00:00,166158.0
2019-10-02 23:00:00,163592.0
2019-10-03 23:00:00,162823.0
2019-10-04 23:00:00,162900.0
2019-10-07 23:00:00,164030.0
2019-10-08 23:00:00,164874.0
2019-10-09 23:00:00,165699.0
2019-10-10 23:00:00,167139.0
2019-10-11 23:00:00,167512.0
2019-10-14 23:00:00,166577.0
2019-10-15 23:00:00,167792.0
2019-10-16 23:00:00,168797.0
2019-10-17 23:00:00,169171.0
2019-10-18 23:00:00,168150.0
2019-10-21 23:00:00,168190.0
2019-10-22 23:00:00,168744.0
2019-10-23 23:00:00,169083.0
2019-10-24 23:00:00,170245.0
2019-10-25 23:00:00,168623.0
2019-10-28 23:00:00,168406.0
2019-10-29 23:00:00,169808.0
2019-10-30 23:00:00,170429.0
2019-10-31 23:00:00,170105.0
2019-11-01 23:00:00,170644.0
2019-11-05 23:00:00,171333.0
2019-11-06 23:00:00,171372.0
2019-11-07 23:00:00,172219.0
2019-11-08 23:00:00,170717.0
2019-11-11 23:00:00,169449.0
2019-11-12 23:00:00,169979.0
2019-11-13 23:00:00,169236.0
2019-11-14 23:00:00,167644.0
2019-11-15 23:00:00,167518.0
2019-11-18 23:00:00,165200.0
2019-11-19 23:00:00,165735.0
2019-11-20 23:00:00,165092.0
2019-11-21 23:00:00,164193.0
2019-11-22 23:00:00,165036.0
2019-11-25 23:00:00,165092.0
2019-11-26 23:00:00,161839.0
2019-11-27 23:00:00,160815.0
2019-11-28 23:00:00,160850.0
2019-11-29 23:00:00,161392.0
2019-12-02 23:00:00,159995.0
2019-12-03 23:00:00,158937.0
2019-12-04 23:00:00,160760.0
2019-12-05 23:00:00,159203.0
2019-12-06 23:00:00,159318.0
2019-12-09 23:00:00,160464.0
2019-12-10 23:00:00,158761.0
2019-12-11 23:00:00,158638.0
2019-12-12 23:00:00,159394.0
2019-12-13 23:00:00,159513.0
2019-12-16 23:00:00,162086.0
2019-12-17 23:00:00,162940.0
2019-12-18 23:00:00,164032.0
2019-12-19 23:00:00,165249.0
2019-12-20 23:00:00,164189.0
2019-12-23 23:00:00,163198.0
2019-12-24 23:00:00,162125.0
2019-12-25 23:00:00,162229.0
2019-12-26 23:00:00,162428.0
2019-12-27 23:00:00,162329.0
2019-12-30 23:00:00,161758.0
2020-01-03 23:00:00,161732.0
2020-01-06 23:00:00,162282.0
2020-01-08 23:00:00,167869.0
2020-01-09 23:00:00,169249.0
2020-01-10 23:00:00,165940.0
2020-01-13 23:00:00,166507.0
2020-01-14 23:00:00,162044.0
2020-01-15 23:00:00,162198.0
2020-01-16 23:00:00,162154.0
2020-01-17 23:00:00,161292.0
2020-01-20 23:00:00,159779.0
2020-01-21 23:00:00,159729.0
2020-01-22 23:00:00,155393.0
2020-01-23 23:00:00,156674.0
2020-01-24 23:00:00,155830.0
2020-01-27 23:00:00,153531.0
2020-01-28 23:00:00,152602.0
2020-01-29 23:00:00,155500.0
2020-01-30 23:00:00,154804.0
2020-01-31 23:00:00,151246.0
2020-02-03 23:00:00,149048.0
2020-02-04 23:00:00,149642.0
2020-02-05 23:00:00,151049.0
2020-02-06 23:00:00,145381.0
2020-02-07 23:00:00,142629.0
2020-02-10 23:00:00,140407.0
2020-02-11 23:00:00,141225.0
2020-02-12 23:00:00,140518.0
2020-02-13 23:00:00,141108.0
2020-02-14 23:00:00,140649.0
2020-02-17 23:00:00,144729.0
2020-02-18 23:00:00,144842.0
2020-02-19 23:00:00,147029.0
2020-02-20 23:00:00,146187.0
2020-02-21 23:00:00,144816.0
2020-02-25 23:00:00,140330.0
2020-02-26 23:00:00,139014.0
2020-02-27 23:00:00,135045.0
2020-02-28 23:00:00,131018.0
2020-03-02 23:00:00,135080.0
2020-03-03 23:00:00,136234.0
2020-03-04 23:00:00,134707.0
2020-03-05 23:00:00,134219.0
2020-03-06 23:00:00,131692.0
2020-03-10 23:00:00,129487.0
2020-03-11 23:00:00,126549.0
2020-03-12 23:00:00,114628.0
2020-03-13 23:00:00,115455.0
2020-03-16 23:00:00,116932.0
2020-03-17 23:00:00,114034.0
2020-03-18 23:00:00,105037.0
2020-03-19 23:00:00,116312.0
2020-03-20 23:00:00,113631.0
2020-03-23 23:00:00,114948.0
2020-03-24 23:00:00,121470.0
2020-03-25 23:00:00,125399.0
2020-03-26 23:00:00,126432.0
2020-03-27 23:00:00,121728.0
2020-03-30 23:00:00,120570.0
2020-03-31 23:00:00,125139.0
2020-04-01 23:00:00,123328.0
2020-04-02 23:00:00,129032.0
2020-04-03 23:00:00,132254.0
2020-04-06 23:00:00,134532.0
2020-04-07 23:00:00,137639.0
2020-04-08 23:00:00,138252.0
2020-04-09 23:00:00,141282.0
2020-04-10 23:00:00,140932.0
2020-04-13 23:00:00,137733.0
2020-04-14 23:00:00,136032.0
2020-04-15 23:00:00,130532.0
2020-04-16 23:00:00,128918.0
2020-04-17 23:00:00,131203.0
2020-04-20 23:00:00,131431.0
2020-04-21 23:00:00,130163.0
2020-04-22 23:00:00,132375.0
2020-04-23 23:00:00,133051.0
2020-04-24 23:00:00,132612.0
2020-04-27 23:00:00,134511.0
2020-04-28 23:00:00,137395.0
2020-04-29 23:00:00,138093.0
2020-04-30 23:00:00,137992.0
2020-05-04 23:00:00,137032.0
2020-05-05 23:00:00,139881.0
2020-05-06 23:00:00,139812.0
2020-05-07 23:00:00,138552.0
2020-05-08 23:00:00,138451.0
2020-05-12 23:00:00,138431.0
2020-05-13 23:00:00,136034.0
2020-05-14 23:00:00,136070.0
2020-05-15 23:00:00,136572.0
2020-05-18 23:00:00,141763.0
2020-05-19 23:00:00,143136.0
2020-05-20 23:00:00,149075.0
2020-05-21 23:00:00,145088.0
2020-05-22 23:00:00,143043.0
2020-05-25 23:00:00,144945.0
2020-05-26 23:00:00,144361.0
2020-05-27 23:00:00,142132.0
2020-05-28 23:00:00,143203.0
2020-05-29 23:00:00,138522.0
2020-06-01 23:00:00,138992.0
2020-06-02 23:00:00,142032.0
2020-06-03 23:00:00,142056.0
2020-06-04 23:00:00,142213.0
2020-06-05 23:00:00,143932.0
2020-06-08 23:00:00,143568.0
2020-06-09 23:00:00,142869.0
2020-06-10 23:00:00,144036.0
2020-06-11 23:00:00,141867.0
2020-06-15 23:00:00,140562.0
2020-06-16 23:00:00,142335.0
2020-06-17 23:00:00,142202.0
2020-06-18 23:00:00,142371.0
2020-06-19 23:00:00,141876.0
2020-06-22 23:00:00,141798.0
2020-06-23 23:00:00,142798.0
2020-06-25 23:00:00,140256.0
2020-06-26 23:00:00,139015.0
2020-06-29 23:00:00,138746.0
2020-06-30 23:00:00,135856.0
2020-07-02 23:00:00,138336.0
2020-07-03 23:00:00,138786.0
2020-07-06 23:00:00,139011.0
2020-07-07 23:00:00,137846.0
2020-07-08 23:00:00,138024.0
2020-07-09 23:00:00,136799.0
2020-07-10 23:00:00,138045.0
2020-07-13 23:00:00,138976.0
2020-07-14 23:00:00,139677.0
2020-07-15 23:00:00,141042.0
2020-07-16 23:00:00,141404.0
2020-07-17 23:00:00,143004.0
2020-07-20 23:00:00,143211.0
2020-07-21 23:00:00,143757.0
2020-07-22 23:00:00,143656.0
2020-07-23 23:00:00,143453.0
2020-07-24 23:00:00,142985.0
2020-07-27 23:00:00,141756.0
2020-07-28 23:00:00,142194.0
2020-07-29 23:00:00,143046.0
2020-07-30 23:00:00,141557.0
2020-07-31 23:00:00,142713.0
2020-08-03 23:00:00,139744.0
2020-08-04 23:00:00,140027.0
2020-08-05 23:00:00,143139.0
2020-08-06 23:00:00,144129.0
2020-08-07 23:00:00,144536.0
2020-08-10 23:00:00,144331.0
2020-08-11 23:00:00,146116.0
2020-08-12 23:00:00,148298.0
2020-08-13 23:00:00,149036.0
2020-08-14 23:00:00,151073.0
2020-08-17 23:00:00,148956.0
2020-08-18 23:00:00,149156.0
2020-08-19 23:00:00,149207.0
2020-08-20 23:00:00,145536.0
2020-08-21 23:00:00,145934.0
2020-08-24 23:00:00,147743.0
2020-08-25 23:00:00,147475.0
2020-08-26 23:00:00,147198.0
2020-08-27 23:00:00,144641.0
2020-08-28 23:00:00,143853.0
2020-08-31 23:00:00,144277.0
2020-09-01 23:00:00,143982.0
2020-09-02 23:00:00,143857.0
2020-09-03 23:00:00,143056.0
2020-09-04 23:00:00,146457.0
2020-09-07 23:00:00,144936.0
2020-09-08 23:00:00,144308.0
2020-09-09 23:00:00,142562.0
2020-09-10 23:00:00,141870.0
2020-09-15 23:00:00,145386.0
2020-09-16 23:00:00,144586.0
2020-09-17 23:00:00,146351.0
2020-09-18 23:00:00,146040.0
2020-09-21 23:00:00,142112.0
2020-09-22 23:00:00,142086.0
2020-09-23 23:00:00,139374.0
2020-09-24 23:00:00,139518.0
2020-09-25 23:00:00,142037.0
2020-09-28 23:00:00,142222.0
2020-09-29 23:00:00,140370.0
2020-09-30 23:00:00,140327.0
2020-10-01 23:00:00,138726.0
2020-10-02 23:00:00,139842.0
2020-10-05 23:00:00,140767.0
2020-10-06 23:00:00,144247.0
2020-10-07 23:00:00,142492.0
2020-10-08 23:00:00,141659.0
2020-10-09 23:00:00,143117.0
2020-10-12 23:00:00,144277.0
2020-10-13 23:00:00,142405.0
2020-10-14 23:00:00,143213.0
2020-10-15 23:00:00,140456.0
2020-10-16 23:00:00,141083.0
2020-10-19 23:00:00,140621.0
2020-10-20 23:00:00,139718.0
2020-10-21 23:00:00,138135.0
2020-10-22 23:00:00,137786.0
2020-10-23 23:00:00,139759.0
2020-10-26 23:00:00,138430.0
2020-10-27 23:00:00,137717.0
2020-10-28 23:00:00,133378.0
2020-10-29 23:00:00,133302.0
2020-10-30 23:00:00,129824.0
2020-11-02 23:00:00,135044.0
2020-11-03 23:00:00,136577.0
2020-11-05 23:00:00,140651.0
2020-11-06 23:00:00,142767.0
2020-11-09 23:00:00,150687.0
2020-11-10 23:00:00,151855.0
2020-11-11 23:00:00,153494.0
2020-11-12 23:00:00,154302.0
2020-11-13 23:00:00,155934.0
2020-11-16 23:00:00,158570.0
2020-11-17 23:00:00,158596.0
2020-11-18 23:00:00,160684.0
2020-11-19 23:00:00,158742.0
2020-11-20 23:00:00,159341.0
2020-11-23 23:00:00,158061.0
2020-11-24 23:00:00,159657.0
2020-11-25 23:00:00,160071.0
2020-11-26 23:00:00,158937.0
2020-11-27 23:00:00,158476.0
2020-11-30 23:00:00,153615.0
2020-12-01 23:00:00,155466.0
2020-12-02 23:00:00,155213.0
2020-12-03 23:00:00,153255.0
2020-12-04 23:00:00,155352.0
2020-12-07 23:00:00,154536.0
2020-12-08 23:00:00,153065.0
2020-12-09 23:00:00,151888.0
2020-12-10 23:00:00,156583.0
2020-12-11 23:00:00,155957.0
2020-12-14 23:00:00,155108.0
2020-12-15 23:00:00,153305.0
2020-12-16 23:00:00,151431.0
2020-12-17 23:00:00,151870.0
2020-12-18 23:00:00,156404.0
2020-12-21 23:00:00,152534.0
2020-12-22 23:00:00,154696.0
2020-12-23 23:00:00,154026.0
2020-12-24 23:00:00,153210.0
2020-12-25 23:00:00,154838.0
2020-12-28 23:00:00,155723.0
2020-12-29 23:00:00,156845.0
2020-12-30 23:00:00,158709.0
2021-01-04 23:00:00,158160.0
2021-01-05 23:00:00,159210.0
2021-01-06 23:00:00,162691.0
2021-01-08 23:00:00,169689.0
2021-01-11 23:00:00,172230.0
2021-01-12 23:00:00,172102.0
2021-01-13 23:00:00,174442.0
2021-01-14 23:00:00,176775.0
2021-01-15 23:00:00,170179.0
2021-01-18 23:00:00,171728.0
2021-01-19 23:00:00,170144.0
2021-01-20 23:00:00,170605.0
2021-01-21 23:00:00,166774.0
2021-01-22 23:00:00,167389.0
2021-01-25 23:00:00,169157.0
2021-01-26 23:00:00,168744.0
2021-01-27 23:00:00,165480.0
2021-01-28 23:00:00,164616.0
2021-01-29 23:00:00,159561.0
2021-02-01 23:00:00,160510.0
2021-02-02 23:00:00,167069.0
2021-02-03 23:00:00,164939.0
2021-02-04 23:00:00,164866.0
2021-02-05 23:00:00,167794.0
2021-02-08 23:00:00,170917.0
2021-02-09 23:00:00,168568.0
2021-02-10 23:00:00,165326.0
2021-02-11 23:00:00,165859.0
2021-02-12 23:00:00,168649.0
2021-02-15 23:00:00,170884.0
2021-02-16 23:00:00,170571.0
2021-02-17 23:00:00,166208.0
2021-02-18 23:00:00,165325.0
2021-02-19 23:00:00,168192.0
2021-02-20 23:00:00,167456.0
2021-02-22 23:00:00,165146.0
2021-02-24 23:00:00,162720.0
2021-02-25 23:00:00,161711.0
2021-02-26 23:00:00,158213.0
2021-03-01 23:00:00,160878.0
2021-03-02 23:00:00,163536.0
2021-03-03 23:00:00,162918.0
2021-03-04 23:00:00,163083.0
2021-03-05 23:00:00,170267.0
2021-03-09 23:00:00,177306.0
2021-03-10 23:00:00,178649.0
2021-03-11 23:00:00,179505.0
2021-03-12 23:00:00,183918.0
2021-03-15 23:00:00,186155.0
2021-03-16 23:00:00,181058.0
2021-03-17 23:00:00,175009.0
2021-03-18 23:00:00,175216.0
2021-03-19 23:00:00,171679.0
2021-03-22 23:00:00,173968.0
2021-03-23 23:00:00,176376.0
2021-03-24 23:00:00,178058.0
2021-03-25 23:00:00,175657.0
2021-03-26 23:00:00,176358.0
2021-03-29 23:00:00,176272.0
2021-03-30 23:00:00,175176.0
2021-03-31 23:00:00,174771.0
2021-04-01 23:00:00,176576.0
2021-04-02 23:00:00,177141.0
2021-04-05 23:00:00,174477.0
2021-04-06 23:00:00,172820.0
2021-04-07 23:00:00,173343.0
2021-04-08 23:00:00,173357.0
2021-04-09 23:00:00,172283.0
2021-04-12 23:00:00,171479.0
2021-04-13 23:00:00,173812.0
2021-04-14 23:00:00,174417.0
2021-04-15 23:00:00,174492.0
2021-04-16 23:00:00,175007.0
2021-04-19 23:00:00,172456.0
2021-04-20 23:00:00,170860.0
2021-04-21 23:00:00,172058.0
2021-04-22 23:00:00,174056.0
2021-04-23 23:00:00,172719.0
2021-04-26 23:00:00,170938.0
2021-04-27 23:00:00,170746.0
2021-04-28 23:00:00,168700.0
2021-04-29 23:00:00,169090.0
2021-04-30 23:00:00,165287.0
2021-05-04 23:00:00,169659.0
2021-05-05 23:00:00,171998.0
2021-05-06 23:00:00,172359.0
2021-05-07 23:00:00,173392.0
2021-05-10 23:00:00,173480.0
2021-05-11 23:00:00,172990.0
2021-05-12 23:00:00,171478.0
2021-05-13 23:00:00,170594.0
2021-05-14 23:00:00,168708.0
2021-05-17 23:00:00,169670.0
2021-05-18 23:00:00,172147.0
2021-05-19 23:00:00,170258.0
2021-05-20 23:00:00,169727.0
2021-05-21 23:00:00,172596.0
2021-05-24 23:00:00,172033.0
2021-05-25 23:00:00,172557.0
2021-05-26 23:00:00,173440.0
2021-05-27 23:00:00,176538.0
2021-05-28 23:00:00,177375.0
2021-05-31 23:00:00,176427.0
2021-06-01 23:00:00,180598.0
2021-06-02 23:00:00,185763.0
2021-06-03 23:00:00,185122.0
2021-06-04 23:00:00,188813.0
2021-06-07 23:00:00,188517.0
2021-06-08 23:00:00,189855.0
2021-06-09 23:00:00,193482.0
2021-06-10 23:00:00,188475.0
2021-06-11 23:00:00,186230.0
2021-06-14 23:00:00,188344.0
2021-06-15 23:00:00,187274.0
2021-06-16 23:00:00,188411.0
2021-06-17 23:00:00,188897.0
2021-06-18 23:00:00,187170.0
2021-06-21 23:00:00,187163.0
2021-06-22 23:00:00,186002.0
2021-06-23 23:00:00,185988.0
2021-06-24 23:00:00,184803.0
2021-06-25 23:00:00,186410.0
2021-06-28 23:00:00,185735.0
2021-06-29 23:00:00,183997.0
2021-06-30 23:00:00,192152.0
2021-07-01 23:00:00,196112.0
2021-07-02 23:00:00,196704.0
2021-07-05 23:00:00,198937.0
2021-07-06 23:00:00,196704.0
2021-07-07 23:00:00,195423.0
2021-07-08 23:00:00,195177.0
2021-07-09 23:00:00,192703.0
2021-07-12 23:00:00,192068.0
2021-07-13 23:00:00,192588.0
2021-07-14 23:00:00,190269.0
2021-07-15 23:00:00,187511.0
2021-07-16 23:00:00,185624.0
2021-07-19 23:00:00,183179.0
2021-07-20 23:00:00,184051.0
2021-07-21 23:00:00,184944.0
2021-07-22 23:00:00,186547.0
2021-07-23 23:00:00,185190.0
2021-07-26 23:00:00,186358.0
2021-07-27 23:00:00,186268.0
2021-07-28 23:00:00,190993.0
2021-07-29 23:00:00,194982.0
2021-07-30 23:00:00,194654.0
2021-08-02 23:00:00,195012.0
2021-08-03 23:00:00,195743.0
2021-08-04 23:00:00,196804.0
2021-08-05 23:00:00,199452.0
2021-08-06 23:00:00,198468.0
2021-08-09 23:00:00,198524.0
2021-08-10 23:00:00,201453.0
2021-08-11 23:00:00,201612.0
2021-08-12 23:00:00,204303.0
2021-08-13 23:00:00,204051.0
2021-08-16 23:00:00,208483.0
2021-08-17 23:00:00,211308.0
2021-08-18 23:00:00,209703.0
2021-08-19 23:00:00,206287.0
2021-08-20 23:00:00,204204.0
2021-08-23 23:00:00,206152.0
2021-08-24 23:00:00,204696.0
2021-08-25 23:00:00,202206.0
2021-08-26 23:00:00,199566.0
2021-08-27 23:00:00,201902.0
2021-08-30 23:00:00,206758.0
2021-08-31 23:00:00,204471.0
2021-09-01 23:00:00,210495.0
2021-09-02 23:00:00,215514.0
2021-09-03 23:00:00,214615.0
2021-09-06 23:00:00,216203.0
2021-09-07 23:00:00,224964.0
2021-09-08 23:00:00,222903.0
2021-09-09 23:00:00,220883.0
2021-09-10 23:00:00,221399.0
2021-09-13 23:00:00,228165.0
2021-09-14 23:00:00,226209.0
2021-09-15 23:00:00,221854.0
2021-09-16 23:00:00,219185.0
2021-09-17 23:00:00,214289.0
2021-09-20 23:00:00,212696.0
2021-09-21 23:00:00,212639.0
2021-09-22 23:00:00,219287.0
2021-09-23 23:00:00,218225.0
2021-09-24 23:00:00,215650.0
2021-09-27 23:00:00,214275.0
2021-09-28 23:00:00,215553.0
2021-09-29 23:00:00,215563.0
2021-09-30 23:00:00,220515.0
2021-10-01 23:00:00,222020.0
2021-10-04 23:00:00,223771.0
2021-10-05 23:00:00,226852.0
2021-10-06 23:00:00,221641.0
2021-10-07 23:00:00,220733.0
2021-10-08 23:00:00,221742.0
2021-10-11 23:00:00,222051.0
2021-10-12 23:00:00,221570.0
2021-10-13 23:00:00,220917.0
2021-10-14 23:00:00,221075.0
2021-10-15 23:00:00,221202.0
2021-10-18 23:00:00,220950.0
2021-10-19 23:00:00,220082.0
2021-10-20 23:00:00,220511.0
2021-10-21 23:00:00,216418.0
2021-10-22 23:00:00,214169.0
2021-10-25 23:00:00,215570.0
2021-10-26 23:00:00,213910.0
2021-10-27 23:00:00,212917.0
2021-10-28 23:00:00,211430.0
2021-10-29 23:00:00,211262.0
2021-11-01 23:00:00,214651.0
2021-11-02 23:00:00,211896.0
2021-11-03 23:00:00,209520.0
2021-11-05 23:00:00,208802.0
2021-11-08 23:00:00,210052.0
2021-11-09 23:00:00,208697.0
2021-11-10 23:00:00,207889.0
2021-11-11 23:00:00,209852.0
2021-11-12 23:00:00,208543.0
2021-11-15 23:00:00,208895.0
2021-11-16 23:00:00,207978.0
2021-11-17 23:00:00,206783.0
2021-11-18 23:00:00,202011.0
2021-11-19 23:00:00,193053.0
2021-11-22 23:00:00,188242.0
2021-11-23 23:00:00,193697.0
2021-11-24 23:00:00,197748.0
2021-11-25 23:00:00,193700.0
2021-11-26 23:00:00,190355.0
2021-11-29 23:00:00,192368.0
2021-11-30 23:00:00,193059.0
2021-12-01 23:00:00,198287.0
2021-12-02 23:00:00,199773.0
2021-12-03 23:00:00,200351.0
2021-12-06 23:00:00,193857.0
2021-12-07 23:00:00,200298.0
2021-12-08 23:00:00,197553.0
2021-12-09 23:00:00,196825.0
2021-12-10 23:00:00,196353.0
2021-12-13 23:00:00,189501.0
2021-12-14 23:00:00,188237.0
2021-12-15 23:00:00,190302.0
2021-12-16 23:00:00,195104.0
2021-12-17 23:00:00,194901.0
2021-12-20 23:00:00,196306.0
2021-12-21 23:00:00,197113.0
2021-12-22 23:00:00,201671.0
2021-12-23 23:00:00,193818.0
2021-12-24 23:00:00,193453.0
2021-12-27 23:00:00,198817.0
2021-12-28 23:00:00,199798.0
2021-12-29 23:00:00,199936.0
2021-12-30 23:00:00,200571.0
2022-01-03 23:00:00,204368.0
2022-01-04 23:00:00,206966.0
2022-01-05 23:00:00,203892.0
2022-01-06 23:00:00,202202.0
2022-01-07 23:00:00,205751.0
2022-01-10 23:00:00,203721.0
2022-01-11 23:00:00,205302.0
2022-01-12 23:00:00,206364.0
2022-01-13 23:00:00,200605.0
2022-01-14 23:00:00,199303.0
2022-01-17 23:00:00,192602.0
2022-01-18 23:00:00,184425.0
2022-01-19 23:00:00,187801.0
2022-01-20 23:00:00,190186.0
2022-01-21 23:00:00,188076.0
2022-01-24 23:00:00,177962.0
2022-01-25 23:00:00,179352.0
2022-01-26 23:00:00,181630.0
2022-01-27 23:00:00,187302.0
2022-01-28 23:00:00,188999.0
2022-01-31 23:00:00,190942.0
2022-02-01 23:00:00,189841.0
2022-02-02 23:00:00,190213.0
2022-02-03 23:00:00,188291.0
2022-02-04 23:00:00,189266.0
2022-02-07 23:00:00,188109.0
2022-02-08 23:00:00,189902.0
2022-02-09 23:00:00,192573.0
2022-02-10 23:00:00,192507.0
2022-02-11 23:00:00,188208.0
2022-02-14 23:00:00,187827.0
2022-02-15 23:00:00,187801.0
2022-02-16 23:00:00,187840.0
2022-02-17 23:00:00,180787.0
2022-02-18 23:00:00,176697.0
2022-02-21 23:00:00,157192.0
2022-02-22 23:00:00,155452.0
2022-02-23 23:00:00,151862.0
2022-02-24 23:00:00,114920.0
2022-02-25 23:00:00,146015.0
2022-02-28 23:00:00,137841.0
2022-03-24 23:00:00,152857.0
2022-03-25 23:00:00,156438.0
2022-03-28 23:00:00,155068.0
2022-03-29 23:00:00,170863.0
2022-03-30 23:00:00,167438.0
2022-03-31 23:00:00,170195.0
2022-04-01 23:00:00,159537.0
2022-04-04 23:00:00,158685.0
2022-04-05 23:00:00,153371.0
2022-04-06 23:00:00,151200.0
2022-04-07 23:00:00,148939.0
2022-04-08 23:00:00,141655.0
2022-04-11 23:00:00,135198.0
2022-04-12 23:00:00,125678.0
2022-04-13 23:00:00,130441.0
2022-04-14 23:00:00,121993.0
2022-04-15 23:00:00,126338.0
2022-04-18 23:00:00,122995.0
2022-04-19 23:00:00,121338.0
2022-04-20 23:00:00,119438.0
2022-04-21 23:00:00,117993.0
2022-04-22 23:00:00,114738.0
2022-04-25 23:00:00,115438.0
2022-04-26 23:00:00,121755.0
2022-04-27 23:00:00,126438.0
2022-04-28 23:00:00,123438.0
2022-04-29 23:00:00,123471.0
2022-05-04 23:00:00,121023.0
2022-05-05 23:00:00,121890.0
2022-05-06 23:00:00,119837.0
2022-05-11 23:00:00,118759.0
2022-05-12 23:00:00,117622.0
2022-05-13 23:00:00,117438.0
2022-05-16 23:00:00,120158.0
2022-05-17 23:00:00,122295.0
2022-05-18 23:00:00,117636.0
2022-05-19 23:00:00,120578.0
2022-05-20 23:00:00,119726.0
2022-05-23 23:00:00,116594.0
2022-05-24 23:00:00,114658.0
2022-05-25 23:00:00,114838.0
2022-05-26 23:00:00,117799.0
2022-05-27 23:00:00,116156.0
2022-05-30 23:00:00,114352.0
2022-05-31 23:00:00,111073.0
2022-06-01 23:00:00,110121.0
2022-06-02 23:00:00,105738.0
2022-06-03 23:00:00,101738.0
2022-06-06 23:00:00,98435.0
2022-06-07 23:00:00,101338.0
2022-06-08 23:00:00,101438.0
2022-06-09 23:00:00,101235.0
2022-06-10 23:00:00,99803.0
2022-06-14 23:00:00,98438.0
2022-06-15 23:00:00,105434.0
2022-06-16 23:00:00,108686.0
2022-06-17 23:00:00,108783.0
2022-06-20 23:00:00,117733.0
2022-06-21 23:00:00,117590.0
2022-06-22 23:00:00,119441.0
2022-06-23 23:00:00,118441.0
2022-06-24 23:00:00,118921.0
2022-06-27 23:00:00,119533.0
2022-06-28 23:00:00,118820.0
2022-06-29 23:00:00,118456.0
2022-06-30 23:00:00,120033.0
2022-07-01 23:00:00,123315.0
2022-07-04 23:00:00,120723.0
2022-07-05 23:00:00,116993.0
2022-07-06 23:00:00,119146.0
2022-07-07 23:00:00,118720.0
2022-07-08 23:00:00,118062.0
2022-07-11 23:00:00,116139.0
2022-07-12 23:00:00,112064.0
2022-07-13 23:00:00,110803.0
2022-07-14 23:00:00,111293.0
2022-07-15 23:00:00,113932.0
2022-07-18 23:00:00,113446.0
2022-07-19 23:00:00,112191.0
2022-07-20 23:00:00,111133.0
2022-07-21 23:00:00,110831.0
2022-07-22 23:00:00,113153.0
2022-07-25 23:00:00,115223.0
2022-07-26 23:00:00,120133.0
2022-07-27 23:00:00,122533.0
2022-07-28 23:00:00,121712.0
2022-07-29 23:00:00,123835.0
2022-08-01 23:00:00,122817.0
2022-08-02 23:00:00,119334.0
2022-08-03 23:00:00,118254.0
2022-08-04 23:00:00,120008.0
2022-08-05 23:00:00,116858.0
2022-08-08 23:00:00,119334.0
2022-08-09 23:00:00,121013.0
2022-08-10 23:00:00,121444.0
2022-08-11 23:00:00,120542.0
2022-08-12 23:00:00,122510.0
2022-08-15 23:00:00,124635.0
2022-08-16 23:00:00,128333.0
2022-08-17 23:00:00,128628.0
2022-08-18 23:00:00,128433.0
2022-08-19 23:00:00,127318.0
2022-08-22 23:00:00,133433.0
2022-08-23 23:00:00,132774.0
2022-08-24 23:00:00,133283.0
2022-08-25 23:00:00,132885.0
2022-08-26 23:00:00,134219.0
2022-08-29 23:00:00,135332.0
2022-08-30 23:00:00,133487.0
2022-08-31 23:00:00,132440.0
2022-09-01 23:00:00,132783.0
2022-09-02 23:00:00,134351.0
2022-09-05 23:00:00,138351.0
2022-09-06 23:00:00,135283.0
2022-09-07 23:00:00,136163.0
2022-09-08 23:00:00,133934.0
2022-09-09 23:00:00,134633.0
2022-09-12 23:00:00,137313.0
2022-09-13 23:00:00,136851.0
2022-09-14 23:00:00,136233.0
2022-09-15 23:00:00,136726.0
2022-09-16 23:00:00,136131.0
2022-09-19 23:00:00,134831.0
2022-09-20 23:00:00,124908.0
2022-09-21 23:00:00,120604.0
2022-09-22 23:00:00,119773.0
2022-09-23 23:00:00,115342.0
2022-09-26 23:00:00,110743.0
2022-09-27 23:00:00,114488.0
2022-09-28 23:00:00,113357.0
2022-09-29 23:00:00,113343.0
2022-09-30 23:00:00,114143.0
2022-10-03 23:00:00,118343.0
2022-10-04 23:00:00,117643.0
2022-10-05 23:00:00,116793.0
2022-10-06 23:00:00,117333.0
2022-10-07 23:00:00,112643.0
2022-10-10 23:00:00,116673.0
2022-10-11 23:00:00,117816.0
2022-10-12 23:00:00,118158.0
2022-10-13 23:00:00,119368.0
2022-10-14 23:00:00,117913.0
2022-10-17 23:00:00,120724.0
2022-10-18 23:00:00,121770.0
2022-10-19 23:00:00,119863.0
2022-10-20 23:00:00,121288.0
2022-10-21 23:00:00,120460.0
2022-10-24 23:00:00,121024.0
2022-10-25 23:00:00,123861.0
2022-10-26 23:00:00,124857.0
2022-10-27 23:00:00,127743.0
2022-10-28 23:00:00,130494.0
2022-10-31 23:00:00,129708.0
2022-11-01 23:00:00,131419.0
2022-11-02 23:00:00,131589.0
2022-11-03 23:00:00,130980.0
2022-11-07 23:00:00,133643.0
2022-11-08 23:00:00,133746.0
2022-11-09 23:00:00,130748.0
2022-11-10 23:00:00,132925.0
2022-11-11 23:00:00,131771.0
2022-11-14 23:00:00,131789.0
2022-11-15 23:00:00,130943.0
2022-11-16 23:00:00,131198.0
2022-11-17 23:00:00,130223.0
2022-11-18 23:00:00,129090.0
2022-11-21 23:00:00,126858.0
2022-11-22 23:00:00,127951.0
2022-11-23 23:00:00,128963.0
2022-11-24 23:00:00,127579.0
2022-11-25 23:00:00,126643.0
2022-11-28 23:00:00,124543.0
2022-11-29 23:00:00,123665.0
2022-11-30 23:00:00,122952.0
2022-12-01 23:00:00,125635.0
2022-12-02 23:00:00,124618.0
2022-12-05 23:00:00,125176.0
2022-12-06 23:00:00,123915.0
2022-12-07 23:00:00,123987.0
2022-12-08 23:00:00,124699.0
2022-12-09 23:00:00,123513.0
2022-12-12 23:00:00,123923.0
2022-12-13 23:00:00,123224.0
2022-12-14 23:00:00,122843.0
2022-12-15 23:00:00,120608.0
2022-12-16 23:00:00,120443.0
2022-12-19 23:00:00,120860.0
2022-12-20 23:00:00,123656.0
2022-12-21 23:00:00,124962.0
2022-12-22 23:00:00,123090.0
2022-12-23 23:00:00,123482.0
2022-12-26 23:00:00,123518.0
2022-12-27 23:00:00,123683.0
2022-12-28 23:00:00,124343.0
2022-12-29 23:00:00,124886.0
2022-12-30 23:00:00,125672.0
2023-01-03 23:00:00,126155.0
2023-01-04 23:00:00,124849.0
2023-01-05 23:00:00,123715.0
2023-01-06 23:00:00,123374.0
2023-01-09 23:00:00,123245.0
2023-01-10 23:00:00,122238.0
2023-01-11 23:00:00,122620.0
2023-01-12 23:00:00,122074.0
2023-01-13 23:00:00,122408.0
2023-01-16 23:00:00,123109.0
2023-01-17 23:00:00,122481.0
2023-01-18 23:00:00,121978.0
2023-01-19 23:00:00,119194.0
2023-01-20 23:00:00,120519.0
2023-01-23 23:00:00,120114.0
2023-01-24 23:00:00,119545.0
2023-01-25 23:00:00,119596.0
2023-01-26 23:00:00,119895.0
2023-01-27 23:00:00,120513.0
2023-01-30 23:00:00,120147.0
2023-01-31 23:00:00,120843.0
2023-02-01 23:00:00,120495.0
2023-02-02 23:00:00,120680.0
2023-02-03 23:00:00,120571.0
2023-02-06 23:00:00,125826.0
2023-02-07 23:00:00,126116.0
2023-02-08 23:00:00,125557.0
2023-02-09 23:00:00,125598.0
2023-02-10 23:00:00,126332.0
2023-02-13 23:00:00,125158.0
2023-02-14 23:00:00,123236.0
2023-02-15 23:00:00,120168.0
2023-02-16 23:00:00,120786.0
2023-02-17 23:00:00,121040.0
2023-02-20 23:00:00,121040.0
2023-02-21 23:00:00,121817.0
2023-02-22 23:00:00,121869.0
2023-02-24 23:00:00,121453.0
2023-02-27 23:00:00,123569.0
2023-02-28 23:00:00,123890.0
2023-03-01 23:00:00,124442.0
2023-03-02 23:00:00,122857.0
2023-03-03 23:00:00,124318.0
2023-03-06 23:00:00,125111.0
2023-03-07 23:00:00,124744.0
2023-03-09 23:00:00,124565.0
2023-03-10 23:00:00,123944.0
2023-03-13 23:00:00,122944.0
2023-03-14 23:00:00,122917.0
2023-03-15 23:00:00,121494.0
2023-03-16 23:00:00,122235.0
2023-03-17 23:00:00,123535.0
2023-03-20 23:00:00,126254.0
2023-03-21 23:00:00,129456.0
2023-03-22 23:00:00,128484.0
2023-03-23 23:00:00,129335.0
2023-03-24 23:00:00,128994.0
2023-03-27 23:00:00,131435.0
2023-03-28 23:00:00,130219.0
2023-03-29 23:00:00,130185.0
2023-03-30 23:00:00,129894.0
2023-03-31 23:00:00,129750.0
2023-04-03 23:00:00,131981.0
2023-04-04 23:00:00,134943.0
2023-04-05 23:00:00,134835.0
2023-04-06 23:00:00,135538.0
2023-04-07 23:00:00,136519.0
2023-04-10 23:00:00,139490.0
2023-04-11 23:00:00,136785.0
2023-04-12 23:00:00,139084.0
2023-04-13 23:00:00,139583.0
2023-04-14 23:00:00,143108.0
2023-04-17 23:00:00,146811.0
2023-04-18 23:00:00,145985.0
2023-04-19 23:00:00,143768.0
2023-04-20 23:00:00,145085.0
2023-04-21 23:00:00,146033.0
2023-04-24 23:00:00,144822.0
2023-04-25 23:00:00,144535.0
2023-04-26 23:00:00,145439.0
2023-04-27 23:00:00,145985.0
2023-04-28 23:00:00,146773.0
2023-05-02 23:00:00,145775.0
2023-05-03 23:00:00,143847.0
2023-05-04 23:00:00,141234.0
2023-05-05 23:00:00,142563.0
2023-05-08 23:00:00,141551.0
2023-05-10 23:00:00,145485.0
2023-05-11 23:00:00,146774.0
2023-05-12 23:00:00,144465.0
2023-05-15 23:00:00,148116.0
2023-05-16 23:00:00,147836.0
2023-05-17 23:00:00,148086.0
2023-05-18 23:00:00,146061.0
2023-05-19 23:00:00,145217.0
2023-05-22 23:00:00,145228.0
2023-05-23 23:00:00,147655.0
2023-05-24 23:00:00,149885.0
2023-05-25 23:00:00,148190.0
2023-05-26 23:00:00,148901.0
2023-05-29 23:00:00,149085.0
2023-05-30 23:00:00,147085.0
2023-05-31 23:00:00,148882.0
2023-06-01 23:00:00,148505.0
2023-06-02 23:00:00,152884.0
2023-06-05 23:00:00,151786.0
2023-06-06 23:00:00,152350.0
2023-06-07 23:00:00,151512.0
2023-06-08 23:00:00,152585.0
2023-06-09 23:00:00,153360.0
2023-06-13 23:00:00,157084.0
2023-06-14 23:00:00,155585.0
2023-06-15 23:00:00,156135.0
2023-06-16 23:00:00,155961.0
2023-06-19 23:00:00,155455.0
2023-06-20 23:00:00,153994.0
2023-06-21 23:00:00,153540.0
2023-06-22 23:00:00,153850.0
2023-06-23 23:00:00,152646.0
2023-06-26 23:00:00,150865.0
2023-06-27 23:00:00,150928.0
2023-06-28 23:00:00,150130.0
2023-06-29 23:00:00,149930.0
2023-06-30 23:00:00,151129.0
2023-07-03 23:00:00,149299.0
2023-07-04 23:00:00,150448.0
2023-07-05 23:00:00,149731.0
2023-07-06 23:00:00,152465.0
2023-07-07 23:00:00,156130.0
2023-07-10 23:00:00,157230.0
2023-07-11 23:00:00,158042.0
2023-07-12 23:00:00,161212.0
2023-07-13 23:00:00,159430.0
2023-07-14 23:00:00,160973.0
2023-07-17 23:00:00,163228.0
2023-07-18 23:00:00,165093.0
2023-07-19 23:00:00,164625.0
2023-07-20 23:00:00,163015.0
2023-07-21 23:00:00,163421.0
2023-07-24 23:00:00,164575.0
2023-07-25 23:00:00,164210.0
2023-07-26 23:00:00,167346.0
2023-07-27 23:00:00,167332.0
2023-07-28 23:00:00,166844.0
2023-07-31 23:00:00,168851.0
2023-08-01 23:00:00,170020.0
2023-08-02 23:00:00,172530.0
2023-08-03 23:00:00,176162.0
2023-08-04 23:00:00,175527.0
2023-08-07 23:00:00,177253.0
2023-08-08 23:00:00,175034.0
2023-08-09 23:00:00,176959.0
2023-08-10 23:00:00,180530.0
2023-08-11 23:00:00,181242.0
2023-08-14 23:00:00,181929.0
2023-08-15 23:00:00,180219.0
2023-08-16 23:00:00,174830.0
2023-08-17 23:00:00,176046.0
2023-08-18 23:00:00,181530.0
2023-08-21 23:00:00,184175.0
2023-08-22 23:00:00,183039.0
2023-08-23 23:00:00,182008.0
2023-08-24 23:00:00,182260.0
2023-08-25 23:00:00,184272.0
2023-08-28 23:00:00,184508.0
2023-08-29 23:00:00,184280.0
2023-08-30 23:00:00,184286.0
2023-08-31 23:00:00,185128.0
2023-09-01 23:00:00,185477.0
2023-09-04 23:00:00,186585.0
2023-09-05 23:00:00,186762.0
2023-09-06 23:00:00,184708.0
2023-09-07 23:00:00,181020.0
2023-09-08 23:00:00,179330.0
2023-09-11 23:00:00,178949.0
2023-09-12 23:00:00,181330.0
2023-09-13 23:00:00,179698.0
2023-09-14 23:00:00,180419.0
2023-09-15 23:00:00,180582.0
2023-09-18 23:00:00,178099.0
2023-09-19 23:00:00,175122.0
2023-09-20 23:00:00,179823.0
2023-09-21 23:00:00,177427.0
2023-09-22 23:00:00,178687.0
2023-09-25 23:00:00,177467.0
2023-09-26 23:00:00,178115.0
2023-09-27 23:00:00,180238.0
2023-09-28 23:00:00,181482.0
2023-09-29 23:00:00,181873.0
2023-10-02 23:00:00,185079.0
2023-10-03 23:00:00,184753.0
2023-10-04 23:00:00,185618.0
2023-10-05 23:00:00,186154.0
2023-10-06 23:00:00,185747.0
2023-10-09 23:00:00,189582.0
2023-10-10 23:00:00,189081.0
2023-10-11 23:00:00,188975.0
2023-10-12 23:00:00,187701.0
2023-10-13 23:00:00,187447.0
2023-10-16 23:00:00,189589.0
2023-10-17 23:00:00,189168.0
2023-10-18 23:00:00,190747.0
2023-10-19 23:00:00,188462.0
2023-10-20 23:00:00,188761.0
2023-10-23 23:00:00,186881.0
2023-10-24 23:00:00,185782.0
2023-10-25 23:00:00,186926.0
2023-10-26 23:00:00,184741.0
2023-10-27 23:00:00,184405.0
2023-10-30 23:00:00,184121.0
2023-10-31 23:00:00,183001.0
2023-11-01 23:00:00,182697.0
2023-11-02 23:00:00,180575.0
2023-11-03 23:00:00,177223.0
2023-11-06 23:00:00,179842.0
2023-11-07 23:00:00,179687.0
2023-11-08 23:00:00,180038.0
2023-11-09 23:00:00,177682.0
2023-11-10 23:00:00,178632.0
2023-11-13 23:00:00,177854.0
2023-11-14 23:00:00,175772.0
2023-11-15 23:00:00,173382.0
2023-11-16 23:00:00,171418.0
2023-11-17 23:00:00,171261.0
2023-11-20 23:00:00,169482.0
2023-11-21 23:00:00,170113.0
2023-11-22 23:00:00,168811.0
2023-11-23 23:00:00,167912.0
2023-11-24 23:00:00,168401.0
2023-11-27 23:00:00,167842.0
2023-11-28 23:00:00,167547.0
2023-11-29 23:00:00,166380.0
2023-11-30 23:00:00,167871.0
2023-12-01 23:00:00,166582.0
2023-12-04 23:00:00,166399.0
2023-12-05 23:00:00,169578.0
2023-12-06 23:00:00,168965.0
2023-12-07 23:00:00,167493.0
2023-12-08 23:00:00,167688.0
2023-12-11 23:00:00,164582.0
2023-12-12 23:00:00,165087.0
2023-12-13 23:00:00,165264.0
2023-12-14 23:00:00,164054.0
2023-12-15 23:00:00,163852.0
2023-12-18 23:00:00,165061.0
2023-12-19 23:00:00,168326.0
2023-12-20 23:00:00,168343.0
2023-12-21 23:00:00,163545.0
2023-12-22 23:00:00,164827.0
2023-12-25 23:00:00,162746.0
2023-12-26 23:00:00,162543.0
2023-12-27 23:00:00,160046.0
2023-12-28 23:00:00,160046.0
2023-12-29 23:00:00,161608.0
2024-01-03 23:00:00,162595.0
2024-01-04 23:00:00,162224.0
2024-01-05 23:00:00,161899.0
2024-01-08 23:00:00,162534.0
2024-01-09 23:00:00,162761.0
2024-01-10 23:00:00,164853.0
2024-01-11 23:00:00,164296.0
2024-01-12 23:00:00,164025.0
2024-01-15 23:00:00,162787.0
2024-01-16 23:00:00,161946.0
2024-01-17 23:00:00,160793.0
2024-01-18 23:00:00,160546.0
2024-01-19 23:00:00,159046.0
2024-01-22 23:00:00,157746.0
2024-01-23 23:00:00,156658.0
2024-01-24 23:00:00,157453.0
2024-01-25 23:00:00,156670.0
2024-01-26 23:00:00,155985.0
2024-01-29 23:00:00,156355.0
2024-01-30 23:00:00,155974.0
2024-01-31 23:00:00,156488.0
2024-02-01 23:00:00,157235.0
2024-02-02 23:00:00,157301.0
2024-02-05 23:00:00,159496.0
2024-02-06 23:00:00,159868.0
2024-02-07 23:00:00,159147.0
2024-02-08 23:00:00,157576.0
2024-02-09 23:00:00,154962.0
2024-02-12 23:00:00,153318.0
2024-02-13 23:00:00,152246.0
2024-02-14 23:00:00,152291.0
2024-02-15 23:00:00,151581.0
2024-02-16 23:00:00,151549.0
2024-02-19 23:00:00,150046.0
2024-02-20 23:00:00,150028.0
2024-02-21 23:00:00,146679.0
2024-02-22 23:00:00,143046.0
2024-02-26 23:00:00,144116.0
2024-02-27 23:00:00,146372.0
2024-02-28 23:00:00,145125.0
2024-02-29 23:00:00,145346.0
2024-03-01 23:00:00,144535.0
2024-03-04 23:00:00,143046.0
2024-03-05 23:00:00,143807.0
2024-03-06 23:00:00,147827.0
2024-03-07 23:00:00,146873.0
2024-03-11 23:00:00,148104.0
2024-03-12 23:00:00,150859.0
2024-03-13 23:00:00,149642.0
2024-03-14 23:00:00,148674.0
2024-03-15 23:00:00,148773.0
2024-03-18 23:00:00,149251.0
2024-03-19 23:00:00,146124.0
2024-03-20 23:00:00,143860.0
2024-03-21 23:00:00,145378.0
2024-03-22 23:00:00,143668.0
2024-03-25 23:00:00,144736.0
2024-03-26 23:00:00,143691.0
2024-03-27 23:00:00,143152.0
2024-03-28 23:00:00,144152.0
2024-03-29 23:00:00,144416.0
2024-04-01 23:00:00,143284.0
2024-04-02 23:00:00,139944.0
2024-04-03 23:00:00,140067.0
2024-04-04 23:00:00,142024.0
2024-04-05 23:00:00,139914.0
2024-04-08 23:00:00,139708.0
2024-04-09 23:00:00,139005.0
2024-04-10 23:00:00,138874.0
2024-04-11 23:00:00,139514.0
2024-04-12 23:00:00,139733.0
2024-04-15 23:00:00,141196.0
2024-04-16 23:00:00,139824.0
2024-04-17 23:00:00,138494.0
2024-04-18 23:00:00,138674.0
2024-04-19 23:00:00,138059.0
2024-04-22 23:00:00,136665.0
2024-04-23 23:00:00,135722.0
2024-04-24 23:00:00,135525.0
2024-04-25 23:00:00,134731.0
2024-04-26 23:00:00,134349.0
2024-04-27 23:00:00,133808.0
2024-04-29 23:00:00,132947.0
2024-04-30 23:00:00,134302.0
2024-05-02 23:00:00,132624.0
2024-05-03 23:00:00,134123.0
2024-05-06 23:00:00,131894.0
2024-05-07 23:00:00,133394.0
2024-05-08 23:00:00,132434.0
2024-05-10 23:00:00,132863.0
2024-05-13 23:00:00,132621.0
2024-05-14 23:00:00,131566.0
2024-05-15 23:00:00,131679.0
2024-05-16 23:00:00,131649.0
2024-05-17 23:00:00,131307.0
2024-05-20 23:00:00,129251.0
2024-05-21 23:00:00,126240.0
2024-05-22 23:00:00,127770.0
2024-05-23 23:00:00,125856.0
2024-05-24 23:00:00,122457.0
2024-05-27 23:00:00,121254.0
2024-05-28 23:00:00,120174.0
2024-05-29 23:00:00,120002.0
2024-05-30 23:00:00,118008.0
2024-05-31 23:00:00,116197.0
2024-06-03 23:00:00,114308.0
2024-06-04 23:00:00,114524.0
2024-06-05 23:00:00,113806.0
2024-06-06 23:00:00,112024.0
2024-06-07 23:00:00,111774.0
2024-06-10 23:00:00,109524.0
2024-06-11 23:00:00,114070.0
2024-06-13 23:00:00,112617.0
2024-06-14 23:00:00,115144.0
2024-06-17 23:00:00,113987.0
2024-06-18 23:00:00,110799.0
2024-06-19 23:00:00,110266.0
2024-06-20 23:00:00,112744.0
2024-06-21 23:00:00,111889.0
2024-06-24 23:00:00,111894.0
2024-06-25 23:00:00,111994.0
2024-06-26 23:00:00,112587.0
2024-06-27 23:00:00,112386.0
2024-06-28 23:00:00,114918.0
2024-07-01 23:00:00,115894.0
2024-07-02 23:00:00,120570.0
2024-07-03 23:00:00,118644.0
2024-07-04 23:00:00,115919.0
2024-07-05 23:00:00,116301.0
2024-07-08 23:00:00,115930.0
2024-07-09 23:00:00,113623.0
2024-07-10 23:00:00,110015.0
2024-07-11 23:00:00,111014.0
2024-07-12 23:00:00,108938.0
2024-07-15 23:00:00,106538.0
2024-07-16 23:00:00,108091.0
2024-07-17 23:00:00,109386.0
2024-07-18 23:00:00,112229.0
2024-07-19 23:00:00,114050.0
2024-07-22 23:00:00,115826.0
2024-07-23 23:00:00,115644.0
2024-07-24 23:00:00,114344.0
2024-07-25 23:00:00,115144.0
2024-07-26 23:00:00,112244.0
2024-07-29 23:00:00,108574.0
2024-07-30 23:00:00,110450.0
2024-07-31 23:00:00,109798.0
2024-08-01 23:00:00,109340.0
2024-08-02 23:00:00,107192.0
2024-08-05 23:00:00,105254.0
2024-08-06 23:00:00,105893.0
2024-08-07 23:00:00,106649.0
2024-08-08 23:00:00,106924.0
2024-08-09 23:00:00,106289.0
2024-08-12 23:00:00,107552.0
2024-08-13 23:00:00,109994.0
2024-08-14 23:00:00,108158.0
2024-08-15 23:00:00,108435.0
2024-08-16 23:00:00,106138.0
2024-08-19 23:00:00,105868.0
2024-08-20 23:00:00,105601.0
2024-08-21 23:00:00,102970.0
2024-08-22 23:00:00,99052.0
2024-08-23 23:00:00,94844.0
2024-08-26 23:00:00,103851.0
2024-08-27 23:00:00,102934.0
2024-08-28 23:00:00,100563.0
2024-08-29 23:00:00,103177.0
2024-08-30 23:00:00,101146.0
2024-09-02 23:00:00,98884.0
2024-09-03 23:00:00,98325.0
2024-09-04 23:00:00,100110.0
2024-09-05 23:00:00,100144.0
2024-09-06 23:00:00,99164.0
2024-09-09 23:00:00,101916.0
2024-09-10 23:00:00,101144.0
2024-09-11 23:00:00,100103.0
2024-09-12 23:00:00,98444.0
2024-09-13 23:00:00,100494.0
2024-09-16 23:00:00,101450.0
2024-09-17 23:00:00,102444.0
2024-09-18 23:00:00,101213.0
2024-09-19 23:00:00,102800.0
2024-09-20 23:00:00,102402.0
2024-09-23 23:00:00,101292.0
2024-09-24 23:00:00,106050.0
2024-09-25 23:00:00,104500.0
2024-09-26 23:00:00,103000.0
