DATETIME,price
2010-03-15 23:00:00,2818.7000000000016
2010-03-16 23:00:00,2836.7000000000025
2010-03-17 23:00:00,2840.600000000002
2010-03-18 23:00:00,2835.000000000002
2010-03-19 23:00:00,2815.4000000000015
2010-03-22 23:00:00,2798.2000000000016
2010-03-23 23:00:00,2804.2000000000016
2010-03-24 23:00:00,2789.2000000000016
2010-03-25 23:00:00,2802.500000000001
2010-03-26 23:00:00,2800.300000000001
2010-03-29 23:00:00,2815.2000000000016
2010-03-30 23:00:00,2826.2000000000016
2010-03-31 23:00:00,2846.2000000000025
2010-04-01 23:00:00,2870.2000000000025
2010-04-02 23:00:00,2873.4000000000024
2010-04-05 23:00:00,2889.2000000000025
2010-04-06 23:00:00,2906.100000000003
2010-04-07 23:00:00,2923.9000000000024
2010-04-08 23:00:00,2910.2000000000025
2010-04-09 23:00:00,2921.7000000000025
2010-04-12 23:00:00,2932.100000000003
2010-04-13 23:00:00,2913.2000000000025
2010-04-14 23:00:00,2928.2000000000025
2010-04-15 23:00:00,2925.2000000000025
2010-04-16 23:00:00,2914.2000000000025
2010-04-19 23:00:00,2892.2000000000025
2010-04-20 23:00:00,2919.2000000000025
2010-04-21 23:00:00,2934.2000000000025
2010-04-22 23:00:00,2928.9000000000024
2010-04-23 23:00:00,2937.2000000000025
2010-04-26 23:00:00,2954.0000000000027
2010-04-27 23:00:00,2934.2000000000025
2010-04-28 23:00:00,2912.2000000000025
2010-04-29 23:00:00,2919.2000000000025
2010-04-30 23:00:00,2940.2000000000025
2010-05-04 23:00:00,2896.2000000000025
2010-05-05 23:00:00,2850.0000000000027
2010-05-06 23:00:00,2872.800000000003
2010-05-07 23:00:00,2849.2000000000025
2010-05-11 23:00:00,2895.2000000000025
2010-05-12 23:00:00,2934.2000000000025
2010-05-13 23:00:00,2931.2000000000025
2010-05-14 23:00:00,2922.2000000000025
2010-05-17 23:00:00,2898.2000000000025
2010-05-18 23:00:00,2894.800000000003
2010-05-19 23:00:00,2816.500000000001
2010-05-20 23:00:00,2699.2000000000016
2010-05-21 23:00:00,2696.7000000000016
2010-05-24 23:00:00,2728.7000000000016
2010-05-25 23:00:00,2693.2000000000016
2010-05-26 23:00:00,2734.4000000000015
2010-05-27 23:00:00,2742.800000000001
2010-05-28 23:00:00,2760.6000000000013
2010-05-31 23:00:00,2769.2000000000016
2010-06-01 23:00:00,2763.2000000000016
2010-06-02 23:00:00,2748.2000000000016
2010-06-03 23:00:00,2754.2000000000016
2010-06-04 23:00:00,2729.2000000000016
2010-06-07 23:00:00,2705.7000000000016
2010-06-08 23:00:00,2724.7000000000016
2010-06-09 23:00:00,2734.500000000001
2010-06-10 23:00:00,2742.2000000000016
2010-06-11 23:00:00,2742.2000000000016
2010-06-15 23:00:00,2763.2000000000016
2010-06-16 23:00:00,2772.2000000000016
2010-06-17 23:00:00,2774.800000000001
2010-06-18 23:00:00,2777.2000000000016
2010-06-21 23:00:00,2804.1000000000013
2010-06-22 23:00:00,2786.2000000000016
2010-06-23 23:00:00,2762.2000000000016
2010-06-24 23:00:00,2753.2000000000016
2010-06-25 23:00:00,2765.2000000000016
2010-06-28 23:00:00,2780.2000000000016
2010-06-29 23:00:00,2750.000000000001
2010-06-30 23:00:00,2746.2000000000016
2010-07-01 23:00:00,2717.000000000001
2010-07-02 23:00:00,2705.2000000000016
2010-07-05 23:00:00,2727.9000000000015
2010-07-06 23:00:00,2728.1000000000013
2010-07-07 23:00:00,2718.2000000000016
2010-07-08 23:00:00,2733.800000000001
2010-07-09 23:00:00,2740.1000000000013
2010-07-13 23:00:00,2729.1000000000013
2010-07-14 23:00:00,2733.9000000000015
2010-07-15 23:00:00,2726.2000000000016
2010-07-16 23:00:00,2714.800000000001
2010-07-19 23:00:00,2706.300000000001
2010-07-20 23:00:00,2714.300000000001
2010-07-21 23:00:00,2723.6000000000013
2010-07-22 23:00:00,2729.000000000001
2010-07-23 23:00:00,2747.2000000000016
2010-07-26 23:00:00,2735.2000000000016
2010-07-27 23:00:00,2732.2000000000016
2010-07-28 23:00:00,2733.1000000000013
2010-07-29 23:00:00,2747.6000000000013
2010-07-30 23:00:00,2753.2000000000016
2010-08-02 23:00:00,2792.2000000000016
2010-08-03 23:00:00,2788.2000000000016
2010-08-04 23:00:00,2784.2000000000016
2010-08-05 23:00:00,2772.000000000001
2010-08-09 23:00:00,2750.300000000001
2010-08-10 23:00:00,2736.2000000000016
2010-08-11 23:00:00,2732.2000000000016
2010-08-12 23:00:00,2713.1000000000013
2010-08-13 23:00:00,2725.9000000000015
2010-08-16 23:00:00,2730.4000000000015
2010-08-17 23:00:00,2742.2000000000016
2010-08-18 23:00:00,2729.6000000000013
2010-08-19 23:00:00,2739.9000000000015
2010-08-20 23:00:00,2712.300000000001
2010-08-23 23:00:00,2710.4000000000015
2010-08-24 23:00:00,2702.1000000000013
2010-08-25 23:00:00,2713.9000000000015
2010-08-26 23:00:00,2727.2000000000016
2010-08-27 23:00:00,2728.2000000000016
2010-08-30 23:00:00,2724.1000000000013
2010-08-31 23:00:00,2720.4000000000015
2010-09-01 23:00:00,2732.2000000000016
2010-09-02 23:00:00,2745.1000000000013
2010-09-03 23:00:00,2752.2000000000016
2010-09-06 23:00:00,2754.7000000000016
2010-09-07 23:00:00,2745.800000000001
2010-09-08 23:00:00,2750.2000000000016
2010-09-09 23:00:00,2745.2000000000016
2010-09-10 23:00:00,2740.1000000000013
2010-09-13 23:00:00,2737.2000000000016
2010-09-14 23:00:00,2769.2000000000016
2010-09-15 23:00:00,2778.2000000000016
2010-09-16 23:00:00,2787.2000000000016
2010-09-17 23:00:00,2794.2000000000016
2010-09-20 23:00:00,2802.2000000000016
2010-09-21 23:00:00,2794.2000000000016
2010-09-22 23:00:00,2811.2000000000016
2010-09-23 23:00:00,2811.2000000000016
2010-09-24 23:00:00,2815.300000000001
2010-09-27 23:00:00,2808.2000000000016
2010-09-28 23:00:00,2811.2000000000016
2010-09-29 23:00:00,2820.2000000000016
2010-09-30 23:00:00,2826.2000000000016
2010-10-01 23:00:00,2847.9000000000024
2010-10-04 23:00:00,2840.2000000000025
2010-10-05 23:00:00,2862.2000000000025
2010-10-06 23:00:00,2872.2000000000025
2010-10-07 23:00:00,2868.2000000000025
2010-10-08 23:00:00,2871.2000000000025
2010-10-11 23:00:00,2861.800000000003
2010-10-12 23:00:00,2859.2000000000025
2010-10-13 23:00:00,2877.2000000000025
2010-10-14 23:00:00,2876.2000000000025
2010-10-15 23:00:00,2865.7000000000025
2010-10-18 23:00:00,2859.2000000000025
2010-10-19 23:00:00,2847.2000000000025
2010-10-20 23:00:00,2850.600000000003
2010-10-21 23:00:00,2859.2000000000025
2010-10-22 23:00:00,2841.2000000000025
2010-10-25 23:00:00,2865.2000000000025
2010-10-26 23:00:00,2869.2000000000025
2010-10-27 23:00:00,2862.2000000000025
2010-10-28 23:00:00,2850.2000000000025
2010-10-29 23:00:00,2868.2000000000025
2010-11-01 23:00:00,2877.2000000000025
2010-11-02 23:00:00,2884.9000000000024
2010-11-03 23:00:00,2870.2000000000025
2010-11-08 23:00:00,2925.2000000000025
2010-11-09 23:00:00,2960.2000000000025
2010-11-10 23:00:00,2910.2000000000025
2010-11-11 23:00:00,2913.2000000000025
2010-11-12 23:00:00,2876.2000000000025
2010-11-13 23:00:00,2850.2000000000025
2010-11-15 23:00:00,2855.800000000003
2010-11-16 23:00:00,2826.2000000000016
2010-11-17 23:00:00,2808.2000000000016
2010-11-18 23:00:00,2820.2000000000016
2010-11-19 23:00:00,2835.2000000000025
2010-11-22 23:00:00,2826.2000000000016
2010-11-23 23:00:00,2816.1000000000013
2010-11-24 23:00:00,2835.2000000000025
2010-11-25 23:00:00,2823.500000000002
2010-11-26 23:00:00,2814.2000000000016
2010-11-29 23:00:00,2805.2000000000016
2010-11-30 23:00:00,2829.2000000000016
2010-12-01 23:00:00,2844.2000000000025
2010-12-02 23:00:00,2887.800000000003
2010-12-03 23:00:00,2896.600000000003
2010-12-06 23:00:00,2892.2000000000025
2010-12-07 23:00:00,2884.600000000003
2010-12-08 23:00:00,2842.7000000000025
2010-12-09 23:00:00,2851.800000000003
2010-12-10 23:00:00,2837.4000000000024
2010-12-13 23:00:00,2868.2000000000025
2010-12-14 23:00:00,2869.100000000003
2010-12-15 23:00:00,2870.2000000000025
2010-12-16 23:00:00,2854.4000000000024
2010-12-17 23:00:00,2857.4000000000024
2010-12-20 23:00:00,2866.4000000000024
2010-12-21 23:00:00,2881.4000000000024
2010-12-22 23:00:00,2893.0000000000027
2010-12-23 23:00:00,2878.4000000000024
2010-12-24 23:00:00,2879.4000000000024
2010-12-27 23:00:00,2895.4000000000024
2010-12-28 23:00:00,2913.600000000003
2010-12-29 23:00:00,2908.7000000000025
2010-12-30 23:00:00,2954.4000000000024
2011-01-11 23:00:00,2914.4000000000024
2011-01-12 23:00:00,2951.4000000000024
2011-01-13 23:00:00,2977.4000000000024
2011-01-14 23:00:00,2969.9000000000024
2011-01-17 23:00:00,2962.4000000000024
2011-01-18 23:00:00,2981.7000000000025
2011-01-19 23:00:00,2998.4000000000024
2011-01-20 23:00:00,2956.4000000000024
2011-01-21 23:00:00,2981.4000000000024
2011-01-24 23:00:00,2977.4000000000024
2011-01-25 23:00:00,2956.7000000000025
2011-01-26 23:00:00,2947.4000000000024
2011-01-27 23:00:00,2966.2000000000025
2011-01-28 23:00:00,2961.4000000000024
2011-01-31 23:00:00,2946.9000000000024
2011-02-01 23:00:00,2967.4000000000024
2011-02-02 23:00:00,2991.4000000000024
2011-02-03 23:00:00,2979.5000000000027
2011-02-04 23:00:00,3009.4000000000024
2011-02-07 23:00:00,3000.4000000000024
2011-02-08 23:00:00,3014.4000000000024
2011-02-09 23:00:00,3019.4000000000024
2011-02-10 23:00:00,2991.4000000000024
2011-02-11 23:00:00,2988.4000000000024
2011-02-14 23:00:00,2990.100000000002
2011-02-15 23:00:00,2991.4000000000024
2011-02-16 23:00:00,2985.4000000000024
2011-02-17 23:00:00,2992.4000000000024
2011-02-18 23:00:00,2997.4000000000024
2011-02-21 23:00:00,3004.600000000002
2011-02-22 23:00:00,2976.4000000000024
2011-02-24 23:00:00,2939.800000000003
2011-02-25 23:00:00,2949.4000000000024
2011-02-28 23:00:00,2960.9000000000024
2011-03-01 23:00:00,2986.4000000000024
2011-03-02 23:00:00,3013.7000000000025
2011-03-03 23:00:00,2997.4000000000024
2011-03-04 23:00:00,2996.800000000003
2011-03-05 23:00:00,2997.300000000003
2011-03-09 23:00:00,2963.300000000003
2011-03-10 23:00:00,2927.9000000000024
2011-03-11 23:00:00,2931.4000000000024
2011-03-14 23:00:00,2904.4000000000024
2011-03-15 23:00:00,2854.800000000003
2011-03-16 23:00:00,2861.4000000000024
2011-03-17 23:00:00,2852.4000000000024
2011-03-18 23:00:00,2870.4000000000024
2011-03-21 23:00:00,2891.4000000000024
2011-03-22 23:00:00,2891.5000000000027
2011-03-23 23:00:00,2899.9000000000024
2011-03-24 23:00:00,2912.4000000000024
2011-03-25 23:00:00,2902.4000000000024
2011-03-28 23:00:00,2892.2000000000025
2011-03-29 23:00:00,2897.4000000000024
2011-03-30 23:00:00,2906.4000000000024
2011-03-31 23:00:00,2927.0000000000027
2011-04-01 23:00:00,2915.4000000000024
2011-04-04 23:00:00,2935.7000000000025
2011-04-05 23:00:00,2947.9000000000024
2011-04-06 23:00:00,2957.600000000003
2011-04-07 23:00:00,2933.4000000000024
2011-04-08 23:00:00,2954.5000000000027
2011-04-11 23:00:00,2949.300000000003
2011-04-12 23:00:00,2925.800000000003
2011-04-13 23:00:00,2933.4000000000024
2011-04-14 23:00:00,2927.4000000000024
2011-04-15 23:00:00,2940.0000000000027
2011-04-18 23:00:00,2930.7000000000025
2011-04-19 23:00:00,2915.100000000003
2011-04-20 23:00:00,2952.7000000000025
2011-04-21 23:00:00,2964.100000000003
2011-04-22 23:00:00,2969.4000000000024
2011-04-25 23:00:00,2963.300000000003
2011-04-26 23:00:00,2960.300000000003
2011-04-27 23:00:00,2957.100000000003
2011-04-28 23:00:00,2987.4000000000024
2011-04-29 23:00:00,2999.4000000000024
2011-05-03 23:00:00,2999.0000000000027
2011-05-04 23:00:00,2972.4000000000024
2011-05-05 23:00:00,2944.9000000000024
2011-05-06 23:00:00,2942.4000000000024
2011-05-10 23:00:00,2945.4000000000024
2011-05-11 23:00:00,2930.4000000000024
2011-05-12 23:00:00,2909.4000000000024
2011-05-13 23:00:00,2921.4000000000024
2011-05-16 23:00:00,2915.4000000000024
2011-05-17 23:00:00,2906.7000000000025
2011-05-18 23:00:00,2916.2000000000025
2011-05-19 23:00:00,2915.4000000000024
2011-05-20 23:00:00,2915.4000000000024
2011-05-23 23:00:00,2900.4000000000024
2011-05-24 23:00:00,2912.4000000000024
2011-05-25 23:00:00,2927.4000000000024
2011-05-26 23:00:00,2919.4000000000024
2011-05-27 23:00:00,2936.4000000000024
2011-05-30 23:00:00,2945.4000000000024
2011-05-31 23:00:00,2975.7000000000025
2011-06-01 23:00:00,2972.600000000003
2011-06-02 23:00:00,2962.5000000000027
2011-06-03 23:00:00,2960.4000000000024
2011-06-06 23:00:00,2972.4000000000024
2011-06-07 23:00:00,2966.4000000000024
2011-06-08 23:00:00,2969.4000000000024
2011-06-09 23:00:00,2984.4000000000024
2011-06-10 23:00:00,2972.4000000000024
2011-06-14 23:00:00,2944.4000000000024
2011-06-15 23:00:00,2934.300000000003
2011-06-16 23:00:00,2907.100000000003
2011-06-17 23:00:00,2902.100000000003
2011-06-20 23:00:00,2880.800000000003
2011-06-21 23:00:00,2893.4000000000024
2011-06-22 23:00:00,2899.4000000000024
2011-06-23 23:00:00,2851.4000000000024
2011-06-24 23:00:00,2832.100000000002
2011-06-27 23:00:00,2835.9000000000024
2011-06-28 23:00:00,2845.4000000000024
2011-06-29 23:00:00,2863.4000000000024
2011-06-30 23:00:00,2867.9000000000024
2011-07-01 23:00:00,2867.4000000000024
2011-07-04 23:00:00,2868.2000000000025
2011-07-05 23:00:00,2887.4000000000024
2011-07-06 23:00:00,2887.9000000000024
2011-07-07 23:00:00,2884.4000000000024
2011-07-08 23:00:00,2890.4000000000024
2011-07-11 23:00:00,2878.4000000000024
2011-07-12 23:00:00,2878.4000000000024
2011-07-13 23:00:00,2914.4000000000024
2011-07-14 23:00:00,2925.4000000000024
2011-07-15 23:00:00,2909.4000000000024
2011-07-18 23:00:00,2922.0000000000027
2011-07-19 23:00:00,2926.4000000000024
2011-07-20 23:00:00,2917.4000000000024
2011-07-21 23:00:00,2933.300000000003
2011-07-22 23:00:00,2941.4000000000024
2011-07-25 23:00:00,2944.4000000000024
2011-07-26 23:00:00,2938.2000000000025
2011-07-27 23:00:00,2957.9000000000024
2011-07-28 23:00:00,2937.5000000000027
2011-07-29 23:00:00,2935.0000000000027
2011-08-01 23:00:00,2941.4000000000024
2011-08-02 23:00:00,2943.0000000000027
2011-08-03 23:00:00,2935.4000000000024
2011-08-04 23:00:00,2896.4000000000024
2011-08-05 23:00:00,2857.4000000000024
2011-08-08 23:00:00,2861.600000000003
2011-08-09 23:00:00,2887.4000000000024
2011-08-10 23:00:00,2899.4000000000024
2011-08-11 23:00:00,2932.4000000000024
2011-08-12 23:00:00,2944.4000000000024
2011-08-15 23:00:00,2945.4000000000024
2011-08-16 23:00:00,2965.4000000000024
2011-08-17 23:00:00,2989.4000000000024
2011-08-18 23:00:00,2978.9000000000024
2011-08-19 23:00:00,3010.7000000000025
2011-08-22 23:00:00,3040.9000000000024
2011-08-23 23:00:00,3034.4000000000024
2011-08-24 23:00:00,2989.4000000000024
2011-08-25 23:00:00,2955.4000000000024
2011-08-26 23:00:00,2959.4000000000024
2011-08-29 23:00:00,2971.4000000000024
2011-08-30 23:00:00,2989.4000000000024
2011-08-31 23:00:00,2989.4000000000024
2011-09-01 23:00:00,2986.4000000000024
2011-09-02 23:00:00,3022.4000000000024
2011-09-05 23:00:00,3029.300000000003
2011-09-06 23:00:00,3022.4000000000024
2011-09-07 23:00:00,2963.600000000003
2011-09-08 23:00:00,2992.4000000000024
2011-09-09 23:00:00,2980.4000000000024
2011-09-12 23:00:00,2969.5000000000027
2011-09-13 23:00:00,2953.4000000000024
2011-09-14 23:00:00,2964.5000000000027
2011-09-15 23:00:00,2937.4000000000024
2011-09-16 23:00:00,2962.4000000000024
2011-09-19 23:00:00,2946.4000000000024
2011-09-20 23:00:00,2954.5000000000027
2011-09-21 23:00:00,2940.5000000000027
2011-09-22 23:00:00,2863.7000000000025
2011-09-23 23:00:00,2790.800000000001
2011-09-26 23:00:00,2694.6000000000013
2011-09-27 23:00:00,2727.4000000000015
2011-09-28 23:00:00,2692.4000000000015
2011-09-29 23:00:00,2678.4000000000005
2011-09-30 23:00:00,2666.2000000000007
2011-10-03 23:00:00,2650.000000000001
2011-10-04 23:00:00,2628.4000000000005
2011-10-05 23:00:00,2585.4000000000005
2011-10-06 23:00:00,2648.4000000000005
2011-10-07 23:00:00,2674.6000000000013
2011-10-10 23:00:00,2671.800000000001
2011-10-11 23:00:00,2664.4000000000005
2011-10-12 23:00:00,2692.4000000000015
2011-10-13 23:00:00,2674.4000000000005
2011-10-14 23:00:00,2694.9000000000015
2011-10-17 23:00:00,2708.4000000000015
2011-10-18 23:00:00,2677.4000000000005
2011-10-19 23:00:00,2684.000000000001
2011-10-20 23:00:00,2640.4000000000005
2011-10-21 23:00:00,2660.6000000000013
2011-10-24 23:00:00,2689.4000000000015
2011-10-25 23:00:00,2710.800000000001
2011-10-26 23:00:00,2737.000000000001
2011-10-27 23:00:00,2764.1000000000013
2011-10-28 23:00:00,2792.7000000000016
2011-10-31 23:00:00,2766.7000000000016
2011-11-01 23:00:00,2729.4000000000015
2011-11-02 23:00:00,2756.6000000000013
2011-11-03 23:00:00,2785.800000000001
2011-11-07 23:00:00,2792.4000000000015
2011-11-08 23:00:00,2814.4000000000015
2011-11-09 23:00:00,2802.7000000000016
2011-11-10 23:00:00,2775.000000000001
2011-11-11 23:00:00,2782.4000000000015
2011-11-14 23:00:00,2791.4000000000015
2011-11-15 23:00:00,2778.300000000001
2011-11-16 23:00:00,2776.300000000001
2011-11-17 23:00:00,2755.9000000000015
2011-11-18 23:00:00,2740.500000000001
2011-11-21 23:00:00,2718.000000000001
2011-11-22 23:00:00,2707.4000000000015
2011-11-23 23:00:00,2698.4000000000015
2011-11-24 23:00:00,2686.500000000001
2011-11-25 23:00:00,2686.000000000001
2011-11-28 23:00:00,2703.7000000000016
2011-11-29 23:00:00,2684.4000000000015
2011-11-30 23:00:00,2702.4000000000015
2011-12-01 23:00:00,2705.2000000000016
2011-12-02 23:00:00,2712.300000000001
2011-12-05 23:00:00,2686.4000000000015
2011-12-06 23:00:00,2657.4000000000005
2011-12-07 23:00:00,2669.2000000000007
2011-12-08 23:00:00,2660.800000000001
2011-12-09 23:00:00,2649.4000000000005
2011-12-12 23:00:00,2635.300000000001
2011-12-13 23:00:00,2642.300000000001
2011-12-14 23:00:00,2583.7000000000007
2011-12-15 23:00:00,2550.2000000000007
2011-12-16 23:00:00,2553.3
2011-12-19 23:00:00,2551.5
2011-12-20 23:00:00,2564.8
2011-12-21 23:00:00,2554.8
2011-12-22 23:00:00,2552.6000000000004
2011-12-23 23:00:00,2568.4000000000005
2011-12-26 23:00:00,2555.8
2011-12-27 23:00:00,2564.8
2011-12-28 23:00:00,2531.4000000000005
2011-12-29 23:00:00,2485.3
2011-12-30 23:00:00,2512.8
2012-01-03 23:00:00,2537.6000000000004
2012-01-04 23:00:00,2552.8
2012-01-05 23:00:00,2541.2000000000007
2012-01-06 23:00:00,2541.1000000000004
2012-01-09 23:00:00,2538.1000000000004
2012-01-10 23:00:00,2592.800000000001
2012-01-11 23:00:00,2611.000000000001
2012-01-12 23:00:00,2630.800000000001
2012-01-13 23:00:00,2608.300000000001
2012-01-16 23:00:00,2621.800000000001
2012-01-17 23:00:00,2650.7000000000007
2012-01-18 23:00:00,2635.800000000001
2012-01-19 23:00:00,2654.9000000000005
2012-01-20 23:00:00,2643.500000000001
2012-01-23 23:00:00,2670.4000000000005
2012-01-24 23:00:00,2665.6000000000004
2012-01-25 23:00:00,2673.800000000001
2012-01-26 23:00:00,2740.800000000001
2012-01-27 23:00:00,2740.800000000001
2012-01-30 23:00:00,2737.800000000001
2012-01-31 23:00:00,2750.800000000001
2012-02-01 23:00:00,2736.300000000001
2012-02-02 23:00:00,2748.4000000000015
2012-02-03 23:00:00,2753.800000000001
2012-02-06 23:00:00,2741.800000000001
2012-02-07 23:00:00,2748.500000000001
2012-02-08 23:00:00,2776.800000000001
2012-02-09 23:00:00,2784.800000000001
2012-02-10 23:00:00,2766.7000000000016
2012-02-13 23:00:00,2781.800000000001
2012-02-14 23:00:00,2758.800000000001
2012-02-15 23:00:00,2765.4000000000015
2012-02-16 23:00:00,2739.6000000000013
2012-02-17 23:00:00,2762.800000000001
2012-02-20 23:00:00,2770.800000000001
2012-02-21 23:00:00,2798.000000000001
2012-02-22 23:00:00,2835.800000000002
2012-02-24 23:00:00,2832.300000000002
2012-02-27 23:00:00,2825.800000000002
2012-02-28 23:00:00,2838.2000000000025
2012-02-29 23:00:00,2855.7000000000025
2012-03-01 23:00:00,2808.500000000001
2012-03-02 23:00:00,2822.500000000002
2012-03-05 23:00:00,2793.800000000001
2012-03-06 23:00:00,2739.6000000000013
2012-03-07 23:00:00,2739.4000000000015
2012-03-11 23:00:00,2803.500000000001
2012-03-12 23:00:00,2804.1000000000013
2012-03-13 23:00:00,2811.300000000001
2012-03-14 23:00:00,2799.7000000000016
2012-03-15 23:00:00,2795.7000000000016
2012-03-16 23:00:00,2791.6000000000013
2012-03-19 23:00:00,2787.800000000001
2012-03-20 23:00:00,2774.2000000000016
2012-03-21 23:00:00,2758.000000000001
2012-03-22 23:00:00,2724.9000000000015
2012-03-23 23:00:00,2733.1000000000013
2012-03-26 23:00:00,2758.6000000000013
2012-03-27 23:00:00,2774.000000000001
2012-03-28 23:00:00,2753.1000000000013
2012-03-29 23:00:00,2746.7000000000016
2012-03-30 23:00:00,2749.9000000000015
2012-04-02 23:00:00,2768.4000000000015
2012-04-03 23:00:00,2767.2000000000016
2012-04-04 23:00:00,2717.7000000000016
2012-04-05 23:00:00,2712.1000000000013
2012-04-06 23:00:00,2714.7000000000016
2012-04-09 23:00:00,2732.000000000001
2012-04-10 23:00:00,2705.800000000001
2012-04-11 23:00:00,2703.1000000000013
2012-04-12 23:00:00,2711.1000000000013
2012-04-13 23:00:00,2707.7000000000016
2012-04-16 23:00:00,2686.9000000000015
2012-04-17 23:00:00,2686.500000000001
2012-04-18 23:00:00,2699.800000000001
2012-04-19 23:00:00,2699.4000000000015
2012-04-20 23:00:00,2694.7000000000016
2012-04-23 23:00:00,2667.000000000001
2012-04-24 23:00:00,2668.300000000001
2012-04-25 23:00:00,2667.300000000001
2012-04-26 23:00:00,2675.1000000000013
2012-04-27 23:00:00,2685.7000000000016
2012-04-28 23:00:00,2686.7000000000016
2012-05-02 23:00:00,2669.300000000001
2012-05-03 23:00:00,2654.000000000001
2012-05-04 23:00:00,2648.4000000000005
2012-05-05 23:00:00,2637.7000000000007
2012-05-07 23:00:00,2637.300000000001
2012-05-08 23:00:00,2618.800000000001
2012-05-10 23:00:00,2605.7000000000007
2012-05-11 23:00:00,2588.500000000001
2012-05-12 23:00:00,2590.300000000001
2012-05-14 23:00:00,2560.2000000000007
2012-05-15 23:00:00,2560.8
2012-05-16 23:00:00,2552.2000000000007
2012-05-17 23:00:00,2562.7000000000007
2012-05-18 23:00:00,2570.500000000001
2012-05-21 23:00:00,2576.000000000001
2012-05-22 23:00:00,2576.500000000001
2012-05-23 23:00:00,2527.9000000000005
2012-05-24 23:00:00,2545.3
2012-05-25 23:00:00,2536.7000000000007
2012-05-28 23:00:00,2547.7000000000007
2012-05-29 23:00:00,2557.1000000000004
2012-05-30 23:00:00,2508.3
2012-05-31 23:00:00,2514.0
2012-06-01 23:00:00,2542.7000000000007
2012-06-04 23:00:00,2542.7000000000007
2012-06-05 23:00:00,2553.7000000000007
2012-06-06 23:00:00,2574.1000000000013
2012-06-07 23:00:00,2560.0
2012-06-08 23:00:00,2530.9000000000005
2012-06-09 23:00:00,2545.7000000000007
2012-06-13 23:00:00,2576.1000000000013
2012-06-14 23:00:00,2592.000000000001
2012-06-15 23:00:00,2599.7000000000007
2012-06-18 23:00:00,2593.4000000000005
2012-06-19 23:00:00,2592.7000000000007
2012-06-20 23:00:00,2573.7000000000007
2012-06-21 23:00:00,2555.2000000000007
2012-06-22 23:00:00,2543.1000000000004
2012-06-25 23:00:00,2543.3
2012-06-26 23:00:00,2544.3
2012-06-27 23:00:00,2527.7000000000007
2012-06-28 23:00:00,2499.4000000000005
2012-06-29 23:00:00,2530.6000000000004
2012-07-02 23:00:00,2552.1000000000004
2012-07-03 23:00:00,2580.300000000001
2012-07-04 23:00:00,2587.1000000000013
2012-07-05 23:00:00,2577.300000000001
2012-07-06 23:00:00,2553.1000000000004
2012-07-09 23:00:00,2549.7000000000007
2012-07-10 23:00:00,2543.4000000000005
2012-07-11 23:00:00,2529.7000000000007
2012-07-12 23:00:00,2513.2000000000007
2012-07-13 23:00:00,2535.7000000000007
2012-07-16 23:00:00,2521.5
2012-07-17 23:00:00,2514.7000000000007
2012-07-18 23:00:00,2514.6000000000004
2012-07-19 23:00:00,2522.0
2012-07-20 23:00:00,2514.4000000000005
2012-07-23 23:00:00,2501.7000000000007
2012-07-24 23:00:00,2499.7000000000007
2012-07-25 23:00:00,2504.7000000000007
2012-07-26 23:00:00,2524.7000000000007
2012-07-27 23:00:00,2523.6000000000004
2012-07-30 23:00:00,2525.0
2012-07-31 23:00:00,2541.3
2012-08-01 23:00:00,2507.3
2012-08-02 23:00:00,2507.7000000000007
2012-08-03 23:00:00,2509.2000000000007
2012-08-06 23:00:00,2513.7000000000007
2012-08-07 23:00:00,2521.7000000000007
2012-08-08 23:00:00,2516.4000000000005
2012-08-09 23:00:00,2518.7000000000007
2012-08-10 23:00:00,2514.3
2012-08-13 23:00:00,2505.2000000000007
2012-08-14 23:00:00,2507.4000000000005
2012-08-15 23:00:00,2499.8
2012-08-16 23:00:00,2504.7000000000007
2012-08-17 23:00:00,2551.1000000000004
2012-08-20 23:00:00,2578.000000000001
2012-08-21 23:00:00,2598.2000000000007
2012-08-22 23:00:00,2615.4000000000005
2012-08-23 23:00:00,2647.6000000000013
2012-08-24 23:00:00,2633.4000000000005
2012-08-27 23:00:00,2642.2000000000007
2012-08-28 23:00:00,2618.7000000000007
2012-08-29 23:00:00,2608.000000000001
2012-08-30 23:00:00,2610.7000000000007
2012-08-31 23:00:00,2607.800000000001
2012-09-03 23:00:00,2642.7000000000007
2012-09-04 23:00:00,2645.800000000001
2012-09-05 23:00:00,2655.7000000000007
2012-09-06 23:00:00,2674.7000000000007
2012-09-07 23:00:00,2688.000000000001
2012-09-10 23:00:00,2687.7000000000016
2012-09-11 23:00:00,2688.7000000000016
2012-09-12 23:00:00,2726.800000000001
2012-09-13 23:00:00,2743.6000000000013
2012-09-14 23:00:00,2800.7000000000016
2012-09-17 23:00:00,2797.000000000001
2012-09-18 23:00:00,2787.7000000000016
2012-09-19 23:00:00,2724.7000000000016
2012-09-20 23:00:00,2709.6000000000013
2012-09-21 23:00:00,2737.6000000000013
2012-09-24 23:00:00,2716.4000000000015
2012-09-25 23:00:00,2733.800000000001
2012-09-26 23:00:00,2715.2000000000016
2012-09-27 23:00:00,2746.6000000000013
2012-09-28 23:00:00,2755.800000000001
2012-10-01 23:00:00,2771.4000000000015
2012-10-02 23:00:00,2787.500000000001
2012-10-03 23:00:00,2783.300000000001
2012-10-04 23:00:00,2802.800000000001
2012-10-05 23:00:00,2816.2000000000016
2012-10-08 23:00:00,2791.800000000001
2012-10-09 23:00:00,2796.1000000000013
2012-10-10 23:00:00,2767.800000000001
2012-10-11 23:00:00,2776.500000000001
2012-10-12 23:00:00,2763.6000000000013
2012-10-15 23:00:00,2717.800000000001
2012-10-16 23:00:00,2733.2000000000016
2012-10-17 23:00:00,2756.2000000000016
2012-10-18 23:00:00,2734.300000000001
2012-10-19 23:00:00,2720.000000000001
2012-10-22 23:00:00,2697.000000000001
2012-10-23 23:00:00,2663.500000000001
2012-10-24 23:00:00,2666.300000000001
2012-10-25 23:00:00,2668.300000000001
2012-10-26 23:00:00,2653.300000000001
2012-10-29 23:00:00,2628.6000000000004
2012-10-30 23:00:00,2633.300000000001
2012-10-31 23:00:00,2662.500000000001
2012-11-01 23:00:00,2665.300000000001
2012-11-02 23:00:00,2637.500000000001
2012-11-06 23:00:00,2633.300000000001
2012-11-07 23:00:00,2640.6000000000004
2012-11-08 23:00:00,2635.000000000001
2012-11-09 23:00:00,2654.7000000000007
2012-11-12 23:00:00,2654.000000000001
2012-11-13 23:00:00,2665.2000000000007
2012-11-14 23:00:00,2668.6000000000004
2012-11-15 23:00:00,2660.300000000001
2012-11-16 23:00:00,2644.9000000000005
2012-11-19 23:00:00,2660.9000000000005
2012-11-20 23:00:00,2666.800000000001
2012-11-21 23:00:00,2660.300000000001
2012-11-22 23:00:00,2667.000000000001
2012-11-23 23:00:00,2677.800000000001
2012-11-26 23:00:00,2696.1000000000013
2012-11-27 23:00:00,2692.6000000000013
2012-11-28 23:00:00,2669.1000000000004
2012-11-29 23:00:00,2703.800000000001
2012-11-30 23:00:00,2695.7000000000016
2012-12-03 23:00:00,2681.500000000001
2012-12-04 23:00:00,2675.6000000000004
2012-12-05 23:00:00,2671.1000000000004
2012-12-06 23:00:00,2667.2000000000007
2012-12-07 23:00:00,2687.300000000001
2012-12-10 23:00:00,2706.000000000001
2012-12-11 23:00:00,2708.1000000000013
2012-12-12 23:00:00,2716.7000000000016
2012-12-13 23:00:00,2677.300000000001
2012-12-14 23:00:00,2684.800000000001
2012-12-17 23:00:00,2681.800000000001
2012-12-18 23:00:00,2679.4000000000005
2012-12-19 23:00:00,2669.2000000000007
2012-12-20 23:00:00,2633.6000000000004
2012-12-21 23:00:00,2612.300000000001
2012-12-24 23:00:00,2613.300000000001
2012-12-25 23:00:00,2598.4000000000005
2012-12-26 23:00:00,2614.1000000000004
2012-12-27 23:00:00,2602.6000000000004
2012-12-28 23:00:00,2599.4000000000005
2013-01-08 23:00:00,2636.800000000001
2013-01-09 23:00:00,2656.800000000001
2013-01-10 23:00:00,2690.300000000001
2013-01-11 23:00:00,2694.800000000001
2013-01-14 23:00:00,2728.2000000000016
2013-01-15 23:00:00,2755.6000000000013
2013-01-16 23:00:00,2743.300000000001
2013-01-17 23:00:00,2758.7000000000016
2013-01-18 23:00:00,2744.300000000001
2013-01-21 23:00:00,2743.1000000000013
2013-01-22 23:00:00,2753.7000000000016
2013-01-23 23:00:00,2764.6000000000013
2013-01-24 23:00:00,2746.300000000001
2013-01-25 23:00:00,2747.9000000000015
2013-01-28 23:00:00,2746.9000000000015
2013-01-29 23:00:00,2735.300000000001
2013-01-30 23:00:00,2749.300000000001
2013-01-31 23:00:00,2736.2000000000016
2013-02-01 23:00:00,2757.9000000000015
2013-02-04 23:00:00,2765.1000000000013
2013-02-05 23:00:00,2769.300000000001
2013-02-06 23:00:00,2788.300000000001
2013-02-07 23:00:00,2798.1000000000013
2013-02-08 23:00:00,2784.9000000000015
2013-02-11 23:00:00,2770.500000000001
2013-02-12 23:00:00,2774.4000000000015
2013-02-13 23:00:00,2795.500000000001
2013-02-14 23:00:00,2793.6000000000013
2013-02-15 23:00:00,2750.000000000001
2013-02-18 23:00:00,2763.300000000001
2013-02-19 23:00:00,2750.6000000000013
2013-02-20 23:00:00,2708.300000000001
2013-02-21 23:00:00,2670.000000000001
2013-02-22 23:00:00,2675.9000000000005
2013-02-25 23:00:00,2688.300000000001
2013-02-26 23:00:00,2676.300000000001
2013-02-27 23:00:00,2673.4000000000005
2013-02-28 23:00:00,2663.4000000000005
2013-03-01 23:00:00,2644.2000000000007
2013-03-04 23:00:00,2648.000000000001
2013-03-05 23:00:00,2654.800000000001
2013-03-06 23:00:00,2650.6000000000004
2013-03-07 23:00:00,2662.800000000001
2013-03-11 23:00:00,2662.7000000000007
2013-03-12 23:00:00,2668.000000000001
2013-03-13 23:00:00,2653.2000000000007
2013-03-14 23:00:00,2647.300000000001
2013-03-15 23:00:00,2658.300000000001
2013-03-18 23:00:00,2649.2000000000007
2013-03-19 23:00:00,2650.000000000001
2013-03-20 23:00:00,2636.9000000000005
2013-03-21 23:00:00,2653.9000000000005
2013-03-22 23:00:00,2649.800000000001
2013-03-25 23:00:00,2650.500000000001
2013-03-26 23:00:00,2634.500000000001
2013-03-27 23:00:00,2646.500000000001
2013-03-28 23:00:00,2646.000000000001
2013-03-29 23:00:00,2638.500000000001
2013-04-01 23:00:00,2649.2000000000007
2013-04-02 23:00:00,2643.000000000001
2013-04-03 23:00:00,2636.9000000000005
2013-04-04 23:00:00,2593.800000000001
2013-04-05 23:00:00,2594.6000000000004
2013-04-08 23:00:00,2600.500000000001
2013-04-09 23:00:00,2615.500000000001
2013-04-10 23:00:00,2596.300000000001
2013-04-11 23:00:00,2599.300000000001
2013-04-12 23:00:00,2555.6000000000004
2013-04-15 23:00:00,2496.3
2013-04-16 23:00:00,2498.5
2013-04-17 23:00:00,2505.5
2013-04-18 23:00:00,2484.1000000000004
2013-04-19 23:00:00,2486.0
2013-04-22 23:00:00,2492.4000000000005
2013-04-23 23:00:00,2477.0
2013-04-24 23:00:00,2485.6000000000004
2013-04-25 23:00:00,2518.5
2013-04-26 23:00:00,2557.3
2013-04-29 23:00:00,2572.500000000001
2013-04-30 23:00:00,2565.5
2013-05-02 23:00:00,2553.5
2013-05-03 23:00:00,2554.9000000000005
2013-05-06 23:00:00,2555.6000000000004
2013-05-07 23:00:00,2551.7000000000007
2013-05-08 23:00:00,2558.4000000000005
2013-05-10 23:00:00,2543.5
2013-05-13 23:00:00,2544.4000000000005
2013-05-14 23:00:00,2566.0
2013-05-15 23:00:00,2581.300000000001
2013-05-16 23:00:00,2542.0
2013-05-17 23:00:00,2510.7000000000007
2013-05-20 23:00:00,2509.2000000000007
2013-05-21 23:00:00,2507.0
2013-05-22 23:00:00,2526.4000000000005
2013-05-23 23:00:00,2514.6000000000004
2013-05-24 23:00:00,2513.5
2013-05-27 23:00:00,2511.9000000000005
2013-05-28 23:00:00,2508.5
2013-05-29 23:00:00,2515.2000000000007
2013-05-30 23:00:00,2527.8
2013-05-31 23:00:00,2519.6000000000004
2013-06-03 23:00:00,2547.6000000000004
2013-06-04 23:00:00,2543.7000000000007
2013-06-05 23:00:00,2561.4000000000005
2013-06-06 23:00:00,2575.500000000001
2013-06-07 23:00:00,2560.5
2013-06-10 23:00:00,2551.6000000000004
2013-06-11 23:00:00,2536.5
2013-06-13 23:00:00,2516.5
2013-06-14 23:00:00,2493.9000000000005
2013-06-17 23:00:00,2484.3
2013-06-18 23:00:00,2479.6000000000004
2013-06-19 23:00:00,2485.5
2013-06-20 23:00:00,2427.6000000000004
2013-06-21 23:00:00,2408.5
2013-06-24 23:00:00,2398.9000000000005
2013-06-25 23:00:00,2392.4000000000005
2013-06-26 23:00:00,2366.2000000000007
2013-06-27 23:00:00,2372.5
2013-06-28 23:00:00,2378.5
2013-07-01 23:00:00,2417.5
2013-07-02 23:00:00,2412.4000000000005
2013-07-03 23:00:00,2409.0
2013-07-04 23:00:00,2386.5
2013-07-05 23:00:00,2364.7000000000007
2013-07-08 23:00:00,2400.0
2013-07-09 23:00:00,2411.4000000000005
2013-07-10 23:00:00,2420.4000000000005
2013-07-11 23:00:00,2450.5
2013-07-12 23:00:00,2449.0
2013-07-15 23:00:00,2448.8
2013-07-16 23:00:00,2475.2000000000007
2013-07-17 23:00:00,2473.5
2013-07-18 23:00:00,2454.6000000000004
2013-07-19 23:00:00,2475.5
2013-07-22 23:00:00,2489.3
2013-07-23 23:00:00,2470.5
2013-07-24 23:00:00,2501.7000000000007
2013-07-25 23:00:00,2486.1000000000004
2013-07-26 23:00:00,2469.5
2013-07-29 23:00:00,2484.0
2013-07-30 23:00:00,2476.3
2013-07-31 23:00:00,2475.3
2013-08-01 23:00:00,2481.5
2013-08-02 23:00:00,2485.0
2013-08-05 23:00:00,2489.0
2013-08-06 23:00:00,2467.5
2013-08-07 23:00:00,2469.5
2013-08-08 23:00:00,2525.6000000000004
2013-08-09 23:00:00,2539.3
2013-08-12 23:00:00,2541.0
2013-08-13 23:00:00,2544.5
2013-08-14 23:00:00,2539.5
2013-08-15 23:00:00,2545.2000000000007
2013-08-16 23:00:00,2559.9000000000005
2013-08-19 23:00:00,2548.6000000000004
2013-08-20 23:00:00,2561.6000000000004
2013-08-21 23:00:00,2557.1000000000004
2013-08-22 23:00:00,2568.5
2013-08-23 23:00:00,2585.500000000001
2013-08-26 23:00:00,2575.800000000001
2013-08-27 23:00:00,2587.9000000000005
2013-08-28 23:00:00,2562.7000000000007
2013-08-29 23:00:00,2560.5
2013-08-30 23:00:00,2540.9000000000005
2013-09-02 23:00:00,2556.5
2013-09-03 23:00:00,2569.5
2013-09-04 23:00:00,2534.6000000000004
2013-09-05 23:00:00,2517.3
2013-09-06 23:00:00,2534.5
2013-09-09 23:00:00,2528.7000000000007
2013-09-10 23:00:00,2509.9000000000005
2013-09-11 23:00:00,2516.4000000000005
2013-09-12 23:00:00,2486.5
2013-09-13 23:00:00,2479.7000000000007
2013-09-16 23:00:00,2490.5
2013-09-17 23:00:00,2476.0
2013-09-18 23:00:00,2465.1000000000004
2013-09-19 23:00:00,2509.3
2013-09-20 23:00:00,2486.4000000000005
2013-09-23 23:00:00,2471.4000000000005
2013-09-24 23:00:00,2468.8
2013-09-25 23:00:00,2471.3
2013-09-26 23:00:00,2467.4000000000005
2013-09-27 23:00:00,2463.7000000000007
2013-09-30 23:00:00,2459.9000000000005
2013-10-01 23:00:00,2426.6000000000004
2013-10-02 23:00:00,2447.9000000000005
2013-10-03 23:00:00,2426.9000000000005
2013-10-04 23:00:00,2431.2000000000007
2013-10-07 23:00:00,2435.5
2013-10-08 23:00:00,2457.8
2013-10-09 23:00:00,2426.9000000000005
2013-10-10 23:00:00,2438.9000000000005
2013-10-11 23:00:00,2415.9000000000005
2013-10-14 23:00:00,2433.9000000000005
2013-10-15 23:00:00,2428.5
2013-10-16 23:00:00,2440.4000000000005
2013-10-17 23:00:00,2472.7000000000007
2013-10-18 23:00:00,2479.0
2013-10-21 23:00:00,2480.0
2013-10-22 23:00:00,2480.9000000000005
2013-10-23 23:00:00,2477.9000000000005
2013-10-24 23:00:00,2491.7000000000007
2013-10-25 23:00:00,2483.9000000000005
2013-10-28 23:00:00,2501.0
2013-10-29 23:00:00,2505.9000000000005
2013-10-30 23:00:00,2515.9000000000005
2013-10-31 23:00:00,2480.9000000000005
2013-11-01 23:00:00,2484.2000000000007
2013-11-05 23:00:00,2484.0
2013-11-06 23:00:00,2496.4000000000005
2013-11-07 23:00:00,2505.9000000000005
2013-11-08 23:00:00,2482.4000000000005
2013-11-11 23:00:00,2470.9000000000005
2013-11-12 23:00:00,2470.9000000000005
2013-11-13 23:00:00,2470.9000000000005
2013-11-14 23:00:00,2480.9000000000005
2013-11-15 23:00:00,2476.2000000000007
2013-11-19 23:00:00,2454.3
2013-11-20 23:00:00,2443.9000000000005
2013-11-21 23:00:00,2436.0
2013-11-22 23:00:00,2435.9000000000005
2013-11-25 23:00:00,2430.0
2013-11-26 23:00:00,2427.9000000000005
2013-11-27 23:00:00,2420.9000000000005
2013-11-28 23:00:00,2404.4000000000005
2013-11-29 23:00:00,2423.9000000000005
2013-12-02 23:00:00,2415.9000000000005
2013-12-03 23:00:00,2401.0
2013-12-05 23:00:00,2420.1000000000004
2013-12-06 23:00:00,2405.9000000000005
2013-12-09 23:00:00,2413.9000000000005
2013-12-10 23:00:00,2431.9000000000005
2013-12-11 23:00:00,2425.8
2013-12-12 23:00:00,2420.2000000000007
2013-12-13 23:00:00,2400.9000000000005
2013-12-16 23:00:00,2397.8
2013-12-04 23:00:00,2397.8
2013-12-17 23:00:00,2409.500000000001
2013-12-18 23:00:00,2386.2000000000007
2013-12-19 23:00:00,2353.8
2013-12-20 23:00:00,2351.9000000000005
2013-12-23 23:00:00,2352.7000000000007
2013-12-26 23:00:00,2373.6000000000004
2013-12-27 23:00:00,2384.1000000000004
2013-12-30 23:00:00,2366.8
2014-01-06 23:00:00,2433.7000000000007
2014-01-08 23:00:00,2414.7000000000007
2014-01-09 23:00:00,2432.7000000000007
2014-01-10 23:00:00,2432.8
2014-01-13 23:00:00,2435.7000000000007
2014-01-15 23:00:00,2428.7000000000007
2014-01-16 23:00:00,2441.6000000000004
2014-01-17 23:00:00,2453.7000000000007
2014-01-20 23:00:00,2473.7000000000007
2014-01-21 23:00:00,2466.4000000000005
2014-01-22 23:00:00,2465.7000000000007
2014-01-23 23:00:00,2464.7000000000007
2014-01-24 23:00:00,2447.7000000000007
2014-01-27 23:00:00,2446.7000000000007
2014-01-28 23:00:00,2433.7000000000007
2014-01-29 23:00:00,2432.7000000000007
2014-01-30 23:00:00,2403.7000000000007
2014-01-31 23:00:00,2403.7000000000007
2014-02-03 23:00:00,2413.6000000000004
2014-02-04 23:00:00,2409.4000000000005
2014-02-05 23:00:00,2412.000000000001
2014-02-06 23:00:00,2411.2000000000007
2014-02-07 23:00:00,2403.6000000000004
2014-02-10 23:00:00,2422.6000000000004
2014-02-11 23:00:00,2417.4000000000005
2014-02-12 23:00:00,2408.7000000000007
2014-02-13 23:00:00,2418.7000000000007
2014-02-14 23:00:00,2429.3
2014-02-17 23:00:00,2443.7000000000007
2014-02-18 23:00:00,2438.7000000000007
2014-02-19 23:00:00,2426.4000000000005
2014-02-20 23:00:00,2420.4000000000005
2014-02-21 23:00:00,2420.4000000000005
2014-02-24 23:00:00,2443.500000000001
2014-02-25 23:00:00,2447.000000000001
2014-02-26 23:00:00,2419.9000000000005
2014-02-27 23:00:00,2453.000000000001
2014-02-28 23:00:00,2453.8
2014-03-03 23:00:00,2463.7000000000007
2014-03-04 23:00:00,2453.7000000000007
2014-03-05 23:00:00,2483.7000000000007
2014-03-06 23:00:00,2488.7000000000007
2014-03-07 23:00:00,2480.8
2014-03-12 23:00:00,2469.000000000001
2014-03-13 23:00:00,2485.7000000000007
2014-03-17 23:00:00,2505.7000000000007
2014-03-18 23:00:00,2476.1000000000004
2014-03-19 23:00:00,2472.7000000000007
2014-03-20 23:00:00,2459.1000000000004
2014-03-21 23:00:00,2465.6000000000004
2014-03-24 23:00:00,2447.000000000001
2014-03-26 23:00:00,2441.7000000000007
2014-03-27 23:00:00,2443.9000000000005
2014-03-31 23:00:00,2446.4000000000005
2014-04-01 23:00:00,2445.7000000000007
2014-04-03 23:00:00,2473.6000000000004
2014-04-07 23:00:00,2459.7000000000007
2014-04-11 23:00:00,2475.2000000000007
2014-04-14 23:00:00,2497.2000000000007
2014-04-15 23:00:00,2480.7000000000007
2014-04-16 23:00:00,2458.7000000000007
2014-04-18 23:00:00,2455.500000000001
2014-04-21 23:00:00,2431.8
2014-04-22 23:00:00,2432.6000000000004
2014-04-23 23:00:00,2436.000000000001
2014-04-24 23:00:00,2417.7000000000007
2014-04-25 23:00:00,2445.500000000001
2014-04-30 23:00:00,2430.7000000000007
2014-05-02 23:00:00,2460.7000000000007
2014-05-05 23:00:00,2468.7000000000007
2014-05-06 23:00:00,2455.7000000000007
2014-05-07 23:00:00,2455.7000000000007
2014-05-12 23:00:00,2465.7000000000007
2014-05-14 23:00:00,2490.000000000001
2014-05-15 23:00:00,2495.4000000000005
2014-05-16 23:00:00,2495.6000000000004
2014-05-19 23:00:00,2488.7000000000007
2014-05-20 23:00:00,2482.2000000000007
2014-05-22 23:00:00,2505.000000000001
2014-05-23 23:00:00,2492.7000000000007
2014-05-26 23:00:00,2485.3
2014-05-27 23:00:00,2475.1000000000004
2014-05-28 23:00:00,2474.9000000000005
2014-05-30 23:00:00,2470.4000000000005
2014-06-02 23:00:00,2430.7000000000007
2014-06-04 23:00:00,2440.7000000000007
2014-06-06 23:00:00,2462.500000000001
2014-06-09 23:00:00,2451.1000000000004
2014-06-10 23:00:00,2479.6000000000004
2014-06-11 23:00:00,2480.9000000000005
2014-06-13 23:00:00,2451.1000000000004
2014-06-20 23:00:00,2479.800000000001
2014-06-23 23:00:00,2463.9000000000005
2014-06-24 23:00:00,2481.9000000000005
2014-06-25 23:00:00,2464.500000000001
2014-06-26 23:00:00,2475.7000000000007
2014-06-27 23:00:00,2477.1000000000004
2014-06-30 23:00:00,2472.1000000000004
2014-07-01 23:00:00,2492.1000000000004
2014-07-02 23:00:00,2513.000000000001
2014-07-03 23:00:00,2499.1000000000004
2014-07-04 23:00:00,2495.1000000000004
2014-07-07 23:00:00,2493.1000000000004
2014-07-09 23:00:00,2473.300000000001
2014-07-10 23:00:00,2507.1000000000004
2014-07-11 23:00:00,2503.1000000000004
2014-07-14 23:00:00,2487.1000000000004
2014-07-16 23:00:00,2475.1000000000004
2014-07-18 23:00:00,2499.1000000000004
2014-07-22 23:00:00,2483.300000000001
2014-07-23 23:00:00,2473.1000000000004
2014-07-24 23:00:00,2459.1000000000004
2014-07-25 23:00:00,2463.1000000000004
2014-07-28 23:00:00,2477.000000000001
2014-07-30 23:00:00,2475.1000000000004
2014-08-01 23:00:00,2455.7000000000007
2014-08-04 23:00:00,2461.500000000001
2014-08-05 23:00:00,2443.2000000000007
2014-08-06 23:00:00,2455.4000000000005
2014-08-07 23:00:00,2472.1000000000004
2014-08-08 23:00:00,2454.1000000000004
2014-08-11 23:00:00,2478.300000000001
2014-08-12 23:00:00,2477.1000000000004
2014-08-13 23:00:00,2459.1000000000004
2014-08-15 23:00:00,2454.1000000000004
2014-08-18 23:00:00,2480.4000000000005
2014-08-19 23:00:00,2448.7000000000007
2014-08-20 23:00:00,2434.1000000000004
2014-08-21 23:00:00,2420.1000000000004
2014-08-25 23:00:00,2414.9000000000005
2014-08-26 23:00:00,2425.1000000000004
2014-08-28 23:00:00,2421.1000000000004
2014-09-02 23:00:00,2422.6000000000004
2014-09-03 23:00:00,2404.6000000000004
2014-09-04 23:00:00,2405.500000000001
2014-09-05 23:00:00,2403.6000000000004
2014-09-08 23:00:00,2406.1000000000004
2014-09-09 23:00:00,2403.1000000000004
2014-09-10 23:00:00,2393.1000000000004
2014-09-11 23:00:00,2392.9000000000005
2014-09-15 23:00:00,2365.000000000001
2014-08-29 23:00:00,2365.000000000001
2014-09-12 23:00:00,2365.000000000001
2014-09-16 23:00:00,2292.800000000001
2014-09-18 23:00:00,2280.500000000001
2014-09-19 23:00:00,2277.000000000001
2014-09-22 23:00:00,2256.300000000001
2014-09-23 23:00:00,2279.7000000000007
2014-09-24 23:00:00,2264.000000000001
2014-09-25 23:00:00,2249.9000000000005
2014-09-26 23:00:00,2243.2000000000007
2014-09-29 23:00:00,2236.000000000001
2014-09-30 23:00:00,2236.000000000001
2014-10-01 23:00:00,2210.6000000000004
2014-10-02 23:00:00,2204.500000000001
2014-10-03 23:00:00,2176.000000000001
2014-10-06 23:00:00,2159.000000000001
2014-10-07 23:00:00,2185.000000000001
2014-10-08 23:00:00,2203.000000000001
2014-10-09 23:00:00,2208.4000000000005
2014-10-10 23:00:00,2195.7000000000007
2014-10-13 23:00:00,2201.1000000000004
2014-10-14 23:00:00,2202.000000000001
2014-10-15 23:00:00,2196.7000000000007
2014-10-16 23:00:00,2176.4000000000005
2014-10-17 23:00:00,2184.500000000001
2014-10-20 23:00:00,2201.000000000001
2014-10-21 23:00:00,2206.000000000001
2014-10-22 23:00:00,2195.1000000000004
2014-10-23 23:00:00,2186.000000000001
2014-10-24 23:00:00,2186.000000000001
2014-10-27 23:00:00,2183.000000000001
2014-10-28 23:00:00,2196.2000000000007
2014-10-29 23:00:00,2196.000000000001
2014-10-30 23:00:00,2166.800000000001
2014-10-31 23:00:00,2161.000000000001
2014-11-03 23:00:00,2166.000000000001
2014-11-05 23:00:00,2127.0
2014-11-06 23:00:00,2120.9000000000005
2014-11-07 23:00:00,2121.0
2014-11-10 23:00:00,2129.0
2014-11-11 23:00:00,2116.0
2014-11-12 23:00:00,2126.1000000000004
2014-11-13 23:00:00,2121.0
2014-11-14 23:00:00,2116.0
2014-11-17 23:00:00,2135.9000000000005
2014-11-18 23:00:00,2136.0
2014-11-19 23:00:00,2126.8
2014-11-20 23:00:00,2131.0
2014-11-21 23:00:00,2151.800000000001
2014-11-24 23:00:00,2141.000000000001
2014-11-25 23:00:00,2140.800000000001
2014-11-26 23:00:00,2149.000000000001
2014-11-27 23:00:00,2141.000000000001
2014-11-28 23:00:00,2131.0
2014-12-01 23:00:00,2146.000000000001
2014-12-02 23:00:00,2136.9000000000005
2014-12-03 23:00:00,2146.000000000001
2014-12-04 23:00:00,2156.000000000001
2014-12-05 23:00:00,2132.5
2014-12-08 23:00:00,2151.1000000000004
2014-12-09 23:00:00,2174.800000000001
2014-12-10 23:00:00,2171.000000000001
2014-12-11 23:00:00,2161.000000000001
2014-12-12 23:00:00,2130.0
2014-12-15 23:00:00,2145.6000000000004
2014-12-16 23:00:00,2134.7
2014-12-17 23:00:00,2124.7
2014-12-18 23:00:00,2114.7
2014-12-19 23:00:00,2144.2000000000007
2014-12-22 23:00:00,2129.7
2014-12-23 23:00:00,2112.6000000000004
2014-12-24 23:00:00,2122.8
2014-12-26 23:00:00,2139.7000000000007
2014-12-29 23:00:00,2133.7
2014-12-30 23:00:00,2135.7
2015-01-05 23:00:00,2145.7000000000007
2015-01-06 23:00:00,2141.7000000000007
2015-01-08 23:00:00,2143.7000000000007
2015-01-12 23:00:00,2164.6000000000004
2015-01-13 23:00:00,2168.7000000000007
2015-01-14 23:00:00,2163.9000000000005
2015-01-15 23:00:00,2184.7000000000007
2015-01-16 23:00:00,2190.7000000000007
2015-01-20 23:00:00,2199.7000000000007
2015-01-21 23:00:00,2200.4000000000005
2015-01-22 23:00:00,2204.7000000000007
2015-01-23 23:00:00,2202.7000000000007
2015-01-26 23:00:00,2183.7000000000007
2015-01-27 23:00:00,2189.7000000000007
2015-01-28 23:00:00,2178.7000000000007
2015-01-29 23:00:00,2164.7000000000007
2015-01-30 23:00:00,2154.7000000000007
2015-02-02 23:00:00,2159.2000000000007
2015-02-03 23:00:00,2169.2000000000007
2015-02-04 23:00:00,2170.7000000000007
2015-02-05 23:00:00,2173.7000000000007
2015-02-06 23:00:00,2153.7000000000007
2015-02-09 23:00:00,2159.4000000000005
2015-02-10 23:00:00,2140.7000000000007
2015-02-11 23:00:00,2131.5
2015-02-12 23:00:00,2134.7
2015-02-13 23:00:00,2134.7
2015-02-16 23:00:00,2143.2000000000007
2015-02-17 23:00:00,2124.2
2015-02-18 23:00:00,2106.8
2015-02-19 23:00:00,2103.2
2015-02-20 23:00:00,2107.2
2015-02-24 23:00:00,2121.5
2015-02-25 23:00:00,2114.7
2015-02-26 23:00:00,2134.7
2015-02-27 23:00:00,2124.7
2015-03-02 23:00:00,2110.2
2015-03-03 23:00:00,2114.7
2015-03-04 23:00:00,2093.0
2015-03-05 23:00:00,2109.7
2015-03-06 23:00:00,2092.5
2015-03-10 23:00:00,2064.7
2015-03-11 23:00:00,2039.6
2015-03-12 23:00:00,2034.6999999999998
2015-03-13 23:00:00,2042.5
2015-03-16 23:00:00,2039.5
2015-03-17 23:00:00,2027.5
2015-03-18 23:00:00,2017.5
2015-03-19 23:00:00,2040.6999999999998
2015-03-20 23:00:00,2052.5
2015-03-23 23:00:00,2060.5
2015-03-24 23:00:00,2058.0
2015-03-25 23:00:00,2062.5
2015-03-26 23:00:00,2067.5
2015-03-30 23:00:00,2051.4
2015-04-01 23:00:00,2068.5
2015-04-02 23:00:00,2078.0
2015-04-03 23:00:00,2077.5
2015-04-06 23:00:00,2100.1000000000004
2015-04-08 23:00:00,2077.5
2015-04-09 23:00:00,2070.5
2015-04-10 23:00:00,2083.1000000000004
2015-04-13 23:00:00,2070.5
2015-04-14 23:00:00,2062.0
2015-04-15 23:00:00,2074.2999999999997
2015-04-16 23:00:00,2085.5
2015-04-20 23:00:00,2068.6
2015-04-21 23:00:00,2072.0
2015-04-22 23:00:00,2051.2999999999997
2015-04-23 23:00:00,2055.9
2015-04-24 23:00:00,2045.5
2015-04-27 23:00:00,2064.5
2015-04-28 23:00:00,2068.5
2015-04-29 23:00:00,2072.6
2015-04-30 23:00:00,2052.5
2015-05-05 23:00:00,2074.1
2015-05-06 23:00:00,2058.5
2015-05-07 23:00:00,2055.2
2015-05-08 23:00:00,2052.4
2015-05-12 23:00:00,2055.2999999999997
2015-05-13 23:00:00,2067.1
2015-05-14 23:00:00,2080.0
2015-05-15 23:00:00,2085.5
2015-05-18 23:00:00,2092.5
2015-05-19 23:00:00,2070.5
2015-05-20 23:00:00,2067.5
2015-05-21 23:00:00,2072.5
2015-05-22 23:00:00,2069.2999999999997
2015-05-25 23:00:00,2067.1
2015-05-26 23:00:00,2047.5
2015-05-27 23:00:00,2042.1
2015-05-28 23:00:00,2032.6999999999998
2015-05-29 23:00:00,2037.6
2015-06-01 23:00:00,2035.5
2015-06-02 23:00:00,2026.9
2015-06-03 23:00:00,2031.9
2015-06-04 23:00:00,2018.5
2015-06-05 23:00:00,2030.6999999999998
2015-06-08 23:00:00,2017.4
2015-06-09 23:00:00,2030.0
2015-06-10 23:00:00,2034.0
2015-06-11 23:00:00,2023.6
2015-06-15 23:00:00,2004.2999999999997
2015-03-27 23:00:00,2004.2999999999997
2015-06-16 23:00:00,1920.1
2015-06-17 23:00:00,1917.2999999999997
2015-06-18 23:00:00,1928.2999999999997
2015-06-19 23:00:00,1925.5
2015-06-22 23:00:00,1906.6999999999998
2015-06-23 23:00:00,1909.6999999999998
2015-06-24 23:00:00,1911.6
2015-06-25 23:00:00,1921.2999999999997
2015-06-26 23:00:00,1913.6999999999998
2015-06-29 23:00:00,1920.1
2015-06-30 23:00:00,1919.2999999999997
2015-07-01 23:00:00,1926.3999999999996
2015-07-02 23:00:00,1918.2999999999997
2015-07-03 23:00:00,1925.6999999999998
2015-07-06 23:00:00,1895.6
2015-07-07 23:00:00,1875.6
2015-07-08 23:00:00,1870.6999999999998
2015-07-09 23:00:00,1867.1999999999998
2015-07-10 23:00:00,1873.0
2015-07-13 23:00:00,1870.7999999999997
2015-07-14 23:00:00,1871.6999999999998
2015-07-15 23:00:00,1856.2999999999997
2015-07-16 23:00:00,1849.8999999999996
2015-07-17 23:00:00,1835.7999999999997
2015-07-20 23:00:00,1828.0
2015-07-21 23:00:00,1825.2999999999997
2015-07-22 23:00:00,1818.1999999999998
2015-07-23 23:00:00,1820.1
2015-07-24 23:00:00,1815.7999999999997
2015-07-27 23:00:00,1823.0
2015-07-28 23:00:00,1823.5
2015-07-29 23:00:00,1823.2999999999997
2015-07-30 23:00:00,1830.1
2015-07-31 23:00:00,1824.7999999999997
2015-08-03 23:00:00,1812.7999999999997
2015-08-04 23:00:00,1800.7000000000003
2015-08-05 23:00:00,1790.3000000000002
2015-08-06 23:00:00,1790.3000000000002
2015-08-07 23:00:00,1801.2000000000003
2015-08-10 23:00:00,1828.2999999999997
2015-08-11 23:00:00,1824.5
2015-08-12 23:00:00,1841.2999999999997
2015-08-13 23:00:00,1837.2999999999997
2015-08-14 23:00:00,1831.5
2015-08-17 23:00:00,1834.6999999999998
2015-08-18 23:00:00,1831.6999999999998
2015-08-19 23:00:00,1847.5
2015-08-20 23:00:00,1865.3999999999996
2015-08-21 23:00:00,1870.1999999999998
2015-08-24 23:00:00,1830.2999999999997
2015-08-25 23:00:00,1811.8000000000002
2015-08-26 23:00:00,1823.2999999999997
2015-08-27 23:00:00,1841.2999999999997
2015-08-28 23:00:00,1861.2999999999997
2015-08-31 23:00:00,1846.2999999999997
2015-09-01 23:00:00,1844.5
2015-09-02 23:00:00,1849.3999999999996
2015-09-03 23:00:00,1860.1999999999998
2015-09-04 23:00:00,1834.5
2015-09-07 23:00:00,1828.7999999999997
2015-09-08 23:00:00,1845.2999999999997
2015-09-09 23:00:00,1822.2999999999997
2015-09-10 23:00:00,1821.2999999999997
2015-09-11 23:00:00,1803.2000000000003
2015-09-14 23:00:00,1788.9
2015-09-15 23:00:00,1788.1999999999998
2015-09-16 23:00:00,1799.8000000000002
2015-09-17 23:00:00,1790.1
2015-09-18 23:00:00,1807.1999999999998
2015-09-21 23:00:00,1798.7000000000003
2015-09-22 23:00:00,1768.8000000000002
2015-09-23 23:00:00,1761.5
2015-09-24 23:00:00,1779.6999999999998
2015-09-25 23:00:00,1778.1999999999998
2015-09-28 23:00:00,1748.7999999999997
2015-09-29 23:00:00,1747.1
2015-09-30 23:00:00,1741.8999999999996
2015-10-01 23:00:00,1743.6999999999998
2015-10-02 23:00:00,1735.3999999999996
2015-10-05 23:00:00,1746.5
2015-10-06 23:00:00,1766.6999999999998
2015-10-07 23:00:00,1767.3000000000002
2015-10-08 23:00:00,1778.6
2015-10-09 23:00:00,1802.7000000000003
2015-10-12 23:00:00,1816.6
2015-10-13 23:00:00,1819.9
2015-10-14 23:00:00,1818.5
2015-10-15 23:00:00,1828.1
2015-10-16 23:00:00,1838.7999999999997
2015-10-19 23:00:00,1837.9
2015-10-20 23:00:00,1847.2999999999997
2015-10-21 23:00:00,1828.7999999999997
2015-10-22 23:00:00,1834.7999999999997
2015-10-23 23:00:00,1827.5
2015-10-26 23:00:00,1821.4
2015-10-27 23:00:00,1808.8000000000002
2015-10-28 23:00:00,1830.7999999999997
2015-10-29 23:00:00,1815.7999999999997
2015-10-30 23:00:00,1813.0
2015-11-02 23:00:00,1800.6
2015-11-03 23:00:00,1786.0
2015-11-05 23:00:00,1778.8000000000002
2015-11-06 23:00:00,1763.8000000000002
2015-11-09 23:00:00,1742.6
2015-11-10 23:00:00,1727.2999999999997
2015-11-11 23:00:00,1713.7999999999997
2015-11-12 23:00:00,1704.8000000000002
2015-11-13 23:00:00,1692.6
2015-11-16 23:00:00,1683.9
2015-11-17 23:00:00,1683.8000000000002
2015-11-18 23:00:00,1681.6
2015-11-19 23:00:00,1685.5
2015-11-20 23:00:00,1684.6
2015-11-23 23:00:00,1676.8000000000002
2015-11-24 23:00:00,1671.9
2015-11-25 23:00:00,1664.8000000000002
2015-11-26 23:00:00,1680.8000000000002
2015-11-27 23:00:00,1668.6999999999998
2015-11-30 23:00:00,1660.6999999999998
2015-12-01 23:00:00,1670.8000000000002
2015-12-02 23:00:00,1660.6
2015-12-03 23:00:00,1666.8000000000002
2015-12-04 23:00:00,1701.1999999999998
2015-12-07 23:00:00,1697.1999999999998
2015-12-08 23:00:00,1679.8000000000002
2015-12-09 23:00:00,1681.3000000000002
2015-12-10 23:00:00,1669.4
2015-12-11 23:00:00,1667.8000000000002
2015-12-14 23:00:00,1667.1999999999998
2015-12-15 23:00:00,1674.8000000000002
2015-12-16 23:00:00,1701.2999999999997
2015-12-17 23:00:00,1673.4
2015-12-18 23:00:00,1678.5
2015-12-21 23:00:00,1694.2999999999997
2015-12-22 23:00:00,1695.2999999999997
2015-12-23 23:00:00,1690.5
2015-12-24 23:00:00,1698.5
2015-12-25 23:00:00,1691.9
2015-12-28 23:00:00,1696.0
2015-12-29 23:00:00,1711.5
2015-12-30 23:00:00,1684.6
2016-01-04 23:00:00,1706.8000000000002
2016-01-05 23:00:00,1709.5
2016-01-06 23:00:00,1698.5
2016-01-11 23:00:00,1670.5
2016-01-12 23:00:00,1657.0
2016-01-13 23:00:00,1669.5
2016-01-14 23:00:00,1654.9
2016-01-15 23:00:00,1652.6
2016-01-18 23:00:00,1640.5
2016-01-19 23:00:00,1651.5
2016-01-20 23:00:00,1638.5
2016-01-21 23:00:00,1635.4
2016-01-22 23:00:00,1658.8000000000002
2016-01-25 23:00:00,1678.5
2016-01-26 23:00:00,1687.5
2016-01-27 23:00:00,1693.1
2016-01-28 23:00:00,1687.5
2016-01-29 23:00:00,1685.7000000000003
2016-02-01 23:00:00,1691.1
2016-02-02 23:00:00,1679.3000000000002
2016-02-03 23:00:00,1689.6
2016-02-04 23:00:00,1715.5
2016-02-05 23:00:00,1717.5
2016-02-08 23:00:00,1737.0
2016-02-09 23:00:00,1746.5
2016-02-10 23:00:00,1746.3999999999996
2016-02-11 23:00:00,1776.5
2016-02-12 23:00:00,1776.8000000000002
2016-02-15 23:00:00,1752.5
2016-02-16 23:00:00,1751.5
2016-02-17 23:00:00,1760.3000000000002
2016-02-18 23:00:00,1755.2999999999997
2016-02-19 23:00:00,1762.2000000000003
2016-02-20 23:00:00,1761.8000000000002
2016-02-22 23:00:00,1746.8999999999996
2016-02-24 23:00:00,1767.6
2016-02-25 23:00:00,1749.0
2016-02-26 23:00:00,1738.2999999999997
2016-02-29 23:00:00,1738.5
2016-03-01 23:00:00,1751.7999999999997
2016-03-02 23:00:00,1751.5
2016-03-03 23:00:00,1765.9
2016-03-04 23:00:00,1783.3000000000002
2016-03-07 23:00:00,1820.7999999999997
2016-03-09 23:00:00,1798.3000000000002
2016-03-10 23:00:00,1801.3000000000002
2016-03-11 23:00:00,1786.3000000000002
2016-03-14 23:00:00,1773.5
2016-03-15 23:00:00,1770.5
2016-03-16 23:00:00,1776.1
2016-03-17 23:00:00,1800.4
2016-03-18 23:00:00,1781.9
2016-03-21 23:00:00,1791.8000000000002
2016-03-22 23:00:00,1808.5
2016-03-23 23:00:00,1772.9
2016-03-24 23:00:00,1765.5
2016-03-25 23:00:00,1756.0
2016-03-28 23:00:00,1756.1
2016-03-29 23:00:00,1762.6
2016-03-30 23:00:00,1776.0
2016-03-31 23:00:00,1788.0
2016-04-01 23:00:00,1763.0
2016-04-04 23:00:00,1752.7999999999997
2016-04-05 23:00:00,1762.2000000000003
2016-04-06 23:00:00,1756.9
2016-04-07 23:00:00,1767.5
2016-04-08 23:00:00,1775.7000000000003
2016-04-11 23:00:00,1801.0
2016-04-12 23:00:00,1802.5
2016-04-13 23:00:00,1804.8000000000002
2016-04-14 23:00:00,1804.5
2016-04-15 23:00:00,1794.5
2016-04-18 23:00:00,1787.6
2016-04-19 23:00:00,1823.5
2016-04-20 23:00:00,1837.5
2016-04-21 23:00:00,1841.1
2016-04-22 23:00:00,1837.1999999999998
2016-04-25 23:00:00,1823.7999999999997
2016-04-26 23:00:00,1826.6999999999998
2016-04-27 23:00:00,1823.4
2016-04-28 23:00:00,1855.4
2016-04-29 23:00:00,1889.5
2016-05-04 23:00:00,1870.2999999999997
2016-05-05 23:00:00,1867.6
2016-05-06 23:00:00,1888.7999999999997
2016-05-10 23:00:00,1860.0
2016-05-11 23:00:00,1879.1
2016-05-12 23:00:00,1861.0
2016-05-13 23:00:00,1855.4
2016-05-16 23:00:00,1859.5
2016-05-17 23:00:00,1864.4
2016-05-18 23:00:00,1844.5
2016-05-19 23:00:00,1820.1999999999998
2016-05-20 23:00:00,1832.5
2016-05-23 23:00:00,1820.5
2016-05-24 23:00:00,1817.6999999999998
2016-05-25 23:00:00,1799.0
2016-05-26 23:00:00,1802.8000000000002
2016-05-27 23:00:00,1792.4
2016-05-30 23:00:00,1778.1
2016-05-31 23:00:00,1781.0
2016-06-01 23:00:00,1780.3000000000002
2016-06-02 23:00:00,1766.2000000000003
2016-06-03 23:00:00,1791.2000000000003
2016-06-06 23:00:00,1800.7000000000003
2016-06-07 23:00:00,1807.0
2016-06-08 23:00:00,1822.5
2016-06-09 23:00:00,1811.1
2016-06-10 23:00:00,1797.5
2016-06-14 23:00:00,1778.3000000000002
2016-06-15 23:00:00,1785.4
2016-06-16 23:00:00,1785.4
2016-06-17 23:00:00,1774.6
2016-06-20 23:00:00,1793.8000000000002
2016-06-21 23:00:00,1784.8000000000002
2016-06-22 23:00:00,1787.3000000000002
2016-06-23 23:00:00,1773.1
2016-06-24 23:00:00,1786.3000000000002
2016-06-27 23:00:00,1786.1
2016-06-28 23:00:00,1781.1999999999998
2016-06-29 23:00:00,1815.5
2016-06-30 23:00:00,1823.5
2016-07-01 23:00:00,1859.7999999999997
2016-07-04 23:00:00,1870.5
2016-07-05 23:00:00,1874.2999999999997
2016-07-06 23:00:00,1884.1
2016-07-07 23:00:00,1885.2999999999997
2016-07-08 23:00:00,1896.1
2016-07-11 23:00:00,1906.7999999999997
2016-07-12 23:00:00,1898.1999999999998
2016-07-13 23:00:00,1904.7999999999997
2016-07-14 23:00:00,1904.3999999999996
2016-07-15 23:00:00,1894.1999999999998
2016-07-18 23:00:00,1903.7999999999997
2016-07-19 23:00:00,1900.6999999999998
2016-07-20 23:00:00,1887.0
2016-07-21 23:00:00,1909.6999999999998
2016-07-22 23:00:00,1893.8999999999996
2016-07-25 23:00:00,1891.1
2016-07-26 23:00:00,1899.7999999999997
2016-07-27 23:00:00,1927.7999999999997
2016-07-28 23:00:00,1940.7999999999997
2016-07-29 23:00:00,1963.6999999999998
2016-08-01 23:00:00,1968.1
2016-08-02 23:00:00,1973.1999999999998
2016-08-03 23:00:00,1970.1
2016-08-04 23:00:00,1967.1999999999998
2016-08-05 23:00:00,1945.0
2016-08-08 23:00:00,1958.5
2016-08-09 23:00:00,1961.8999999999996
2016-08-10 23:00:00,1989.6999999999998
2016-08-11 23:00:00,1968.7999999999997
2016-08-12 23:00:00,1949.3999999999996
2016-08-15 23:00:00,1919.7999999999997
2016-08-16 23:00:00,1929.6999999999998
2016-08-17 23:00:00,1917.3999999999996
2016-08-18 23:00:00,1936.2999999999997
2016-08-19 23:00:00,1922.1999999999998
2016-08-22 23:00:00,1907.8999999999996
2016-08-23 23:00:00,1917.7999999999997
2016-08-24 23:00:00,1882.8999999999996
2016-08-25 23:00:00,1884.1
2016-08-26 23:00:00,1877.1999999999998
2016-08-29 23:00:00,1881.7999999999997
2016-08-30 23:00:00,1864.2999999999997
2016-08-31 23:00:00,1857.2999999999997
2016-09-01 23:00:00,1855.1999999999998
2016-09-02 23:00:00,1860.3999999999996
2016-09-05 23:00:00,1876.1999999999998
2016-09-06 23:00:00,1899.3999999999996
2016-09-07 23:00:00,1894.6
2016-09-08 23:00:00,1896.7999999999997
2016-09-09 23:00:00,1878.7999999999997
2016-09-12 23:00:00,1843.5
2016-09-13 23:00:00,1842.6
2016-09-14 23:00:00,1845.2999999999997
2016-09-15 23:00:00,1833.6999999999998
2016-09-16 23:00:00,1813.0
2016-09-19 23:00:00,1821.6999999999998
2016-09-20 23:00:00,1828.4
2016-09-21 23:00:00,1845.0
2016-09-22 23:00:00,1853.7999999999997
2016-09-23 23:00:00,1847.6
2016-09-26 23:00:00,1838.2999999999997
2016-09-27 23:00:00,1814.2999999999997
2016-09-28 23:00:00,1808.5
2016-09-29 23:00:00,1818.5
2016-09-30 23:00:00,1828.2999999999997
2016-10-03 23:00:00,1797.5
2016-10-04 23:00:00,1778.8000000000002
2016-10-05 23:00:00,1765.5
2016-10-06 23:00:00,1756.5
2016-10-07 23:00:00,1744.6999999999998
2016-10-10 23:00:00,1757.1999999999998
2016-10-11 23:00:00,1741.2999999999997
2016-10-12 23:00:00,1731.5
2016-10-13 23:00:00,1722.6
2016-10-14 23:00:00,1723.5
2016-10-17 23:00:00,1721.5
2016-10-18 23:00:00,1740.8999999999996
2016-10-19 23:00:00,1735.6
2016-10-20 23:00:00,1721.5
2016-10-21 23:00:00,1720.5
2016-10-24 23:00:00,1727.1
2016-10-25 23:00:00,1756.5
2016-10-26 23:00:00,1755.1
2016-10-27 23:00:00,1753.1999999999998
2016-10-28 23:00:00,1765.3000000000002
2016-10-31 23:00:00,1765.5
2016-11-01 23:00:00,1786.5
2016-11-02 23:00:00,1786.5
2016-11-03 23:00:00,1784.1
2016-11-07 23:00:00,1782.5
2016-11-08 23:00:00,1802.0
2016-11-09 23:00:00,1795.7000000000003
2016-11-10 23:00:00,1768.5
2016-11-11 23:00:00,1743.1999999999998
2016-11-14 23:00:00,1722.6
2016-11-15 23:00:00,1726.3999999999996
2016-11-16 23:00:00,1729.1
2016-11-17 23:00:00,1732.5
2016-11-18 23:00:00,1707.0
2016-11-21 23:00:00,1723.3999999999996
2016-11-22 23:00:00,1727.7999999999997
2016-11-23 23:00:00,1714.7999999999997
2016-11-24 23:00:00,1712.6999999999998
2016-11-25 23:00:00,1699.9
2016-11-28 23:00:00,1708.2000000000003
2016-11-29 23:00:00,1707.5
2016-11-30 23:00:00,1702.0
2016-12-01 23:00:00,1694.5
2016-12-02 23:00:00,1722.5
2016-12-05 23:00:00,1720.7999999999997
2016-12-06 23:00:00,1739.5
2016-12-07 23:00:00,1735.6999999999998
2016-12-08 23:00:00,1728.6
2016-12-09 23:00:00,1706.1
2016-12-12 23:00:00,1718.2999999999997
2016-12-13 23:00:00,1715.5
2016-12-14 23:00:00,1732.1
2016-12-15 23:00:00,1709.4
2016-12-16 23:00:00,1705.6999999999998
2016-12-19 23:00:00,1717.6999999999998
2016-12-20 23:00:00,1704.1
2016-12-21 23:00:00,1710.6999999999998
2016-12-22 23:00:00,1714.4
2016-12-23 23:00:00,1701.1999999999998
2016-12-26 23:00:00,1693.0
2016-12-27 23:00:00,1706.6999999999998
2016-12-28 23:00:00,1691.6999999999998
2016-12-29 23:00:00,1695.1999999999998
2016-12-30 23:00:00,1700.7999999999997
2017-01-03 23:00:00,1735.9999999999995
2017-01-04 23:00:00,1742.7999999999997
2017-01-05 23:00:00,1766.9
2017-01-06 23:00:00,1761.1
2017-01-09 23:00:00,1762.6999999999998
2017-01-10 23:00:00,1771.9
2017-01-11 23:00:00,1760.6999999999998
2017-01-12 23:00:00,1772.9
2017-01-13 23:00:00,1774.6
2017-01-16 23:00:00,1781.4
2017-01-17 23:00:00,1782.3000000000002
2017-01-18 23:00:00,1771.5
2017-01-19 23:00:00,1748.6999999999998
2017-01-20 23:00:00,1771.9
2017-01-23 23:00:00,1778.4
2017-01-24 23:00:00,1790.9
2017-01-25 23:00:00,1777.6999999999998
2017-01-26 23:00:00,1773.6
2017-01-27 23:00:00,1770.1999999999998
2017-01-30 23:00:00,1775.6999999999998
2017-01-31 23:00:00,1789.1999999999998
2017-02-01 23:00:00,1789.6999999999998
2017-02-02 23:00:00,1799.1
2017-02-03 23:00:00,1796.2000000000003
2017-02-06 23:00:00,1805.6999999999998
2017-02-07 23:00:00,1803.9
2017-02-08 23:00:00,1807.8000000000002
2017-02-09 23:00:00,1813.0
2017-02-10 23:00:00,1796.7000000000003
2017-02-13 23:00:00,1790.6999999999998
2017-02-14 23:00:00,1795.0
2017-02-15 23:00:00,1792.0
2017-02-16 23:00:00,1809.1999999999998
2017-02-17 23:00:00,1799.2000000000003
2017-02-20 23:00:00,1797.2000000000003
2017-02-21 23:00:00,1791.1
2017-02-22 23:00:00,1792.4
2017-02-24 23:00:00,1818.6999999999998
2017-02-27 23:00:00,1833.6999999999998
2017-02-28 23:00:00,1826.5
2017-03-01 23:00:00,1812.6999999999998
2017-03-02 23:00:00,1793.1999999999998
2017-03-03 23:00:00,1777.6999999999998
2017-03-06 23:00:00,1779.6999999999998
2017-03-07 23:00:00,1757.5
2017-03-09 23:00:00,1734.6999999999998
2017-03-10 23:00:00,1734.1999999999998
2017-03-13 23:00:00,1733.6999999999998
2017-03-14 23:00:00,1729.8999999999996
2017-03-15 23:00:00,1725.3999999999996
2017-03-16 23:00:00,1746.3999999999996
2017-03-17 23:00:00,1752.0
2017-03-20 23:00:00,1756.6
2017-03-21 23:00:00,1755.1999999999998
2017-03-22 23:00:00,1747.1
2017-03-23 23:00:00,1743.5
2017-03-24 23:00:00,1755.1999999999998
2017-03-27 23:00:00,1756.2999999999997
2017-03-28 23:00:00,1747.3999999999996
2017-03-29 23:00:00,1738.3999999999996
2017-03-30 23:00:00,1739.8999999999996
2017-03-31 23:00:00,1734.3999999999996
2017-04-03 23:00:00,1740.3999999999996
2017-04-04 23:00:00,1746.5
2017-04-05 23:00:00,1744.2999999999997
2017-04-06 23:00:00,1738.3999999999996
2017-04-07 23:00:00,1751.9
2017-04-10 23:00:00,1725.0
2017-04-11 23:00:00,1751.2999999999997
2017-04-12 23:00:00,1750.6999999999998
2017-04-13 23:00:00,1759.2999999999997
2017-04-14 23:00:00,1768.9
2017-04-17 23:00:00,1772.8000000000002
2017-04-18 23:00:00,1770.4
2017-04-19 23:00:00,1754.2999999999997
2017-04-20 23:00:00,1764.8000000000002
2017-04-21 23:00:00,1757.9
2017-04-24 23:00:00,1746.8999999999996
2017-04-25 23:00:00,1738.8999999999996
2017-04-26 23:00:00,1732.8999999999996
2017-04-27 23:00:00,1728.8999999999996
2017-04-28 23:00:00,1734.3999999999996
2017-05-02 23:00:00,1710.5
2017-05-03 23:00:00,1697.4
2017-05-04 23:00:00,1686.4
2017-05-05 23:00:00,1697.0
2017-05-10 23:00:00,1695.9
2017-05-11 23:00:00,1697.5
2017-05-12 23:00:00,1705.6
2017-05-15 23:00:00,1719.1999999999998
2017-05-16 23:00:00,1721.4
2017-05-17 23:00:00,1729.8999999999996
2017-05-18 23:00:00,1719.6
2017-05-19 23:00:00,1726.3999999999996
2017-05-22 23:00:00,1728.0
2017-05-23 23:00:00,1735.3999999999996
2017-05-24 23:00:00,1726.2999999999997
2017-05-25 23:00:00,1740.5
2017-05-26 23:00:00,1744.0
2017-05-29 23:00:00,1741.3999999999996
2017-05-30 23:00:00,1726.2999999999997
2017-05-31 23:00:00,1730.3999999999996
2017-06-01 23:00:00,1716.2999999999997
2017-06-02 23:00:00,1736.1
2017-06-05 23:00:00,1741.1
2017-06-06 23:00:00,1748.3999999999996
2017-06-07 23:00:00,1734.3999999999996
2017-06-08 23:00:00,1720.4
2017-06-09 23:00:00,1724.1999999999998
2017-06-13 23:00:00,1709.6
2017-06-14 23:00:00,1726.2999999999997
2017-06-15 23:00:00,1715.2999999999997
2017-06-16 23:00:00,1715.1999999999998
2017-06-19 23:00:00,1714.6999999999998
2017-06-20 23:00:00,1709.9
2017-06-21 23:00:00,1709.5
2017-06-22 23:00:00,1717.1
2017-06-23 23:00:00,1718.5
2017-06-26 23:00:00,1705.3000000000002
2017-06-27 23:00:00,1709.9
2017-06-28 23:00:00,1710.1999999999998
2017-06-29 23:00:00,1707.6
2017-06-30 23:00:00,1708.2000000000003
2017-07-03 23:00:00,1691.6
2017-07-04 23:00:00,1700.9
2017-07-05 23:00:00,1693.5
2017-07-06 23:00:00,1696.6999999999998
2017-07-07 23:00:00,1688.3000000000002
2017-07-10 23:00:00,1686.5
2017-07-11 23:00:00,1684.7000000000003
2017-07-12 23:00:00,1702.4
2017-07-13 23:00:00,1692.7999999999997
2017-07-14 23:00:00,1705.2000000000003
2017-07-17 23:00:00,1712.5
2017-07-18 23:00:00,1713.0
2017-07-19 23:00:00,1707.5
2017-07-20 23:00:00,1713.5
2017-07-21 23:00:00,1722.3999999999996
2017-07-24 23:00:00,1718.4
2017-07-25 23:00:00,1711.6
2017-07-26 23:00:00,1705.2000000000003
2017-07-27 23:00:00,1710.7999999999997
2017-07-28 23:00:00,1719.6999999999998
2017-07-31 23:00:00,1723.0
2017-08-01 23:00:00,1728.6999999999998
2017-08-02 23:00:00,1734.8999999999996
2017-08-03 23:00:00,1747.0
2017-08-04 23:00:00,1750.5
2017-08-07 23:00:00,1753.1999999999998
2017-08-08 23:00:00,1757.5
2017-08-09 23:00:00,1758.0
2017-08-10 23:00:00,1766.6
2017-08-11 23:00:00,1766.6
2017-08-14 23:00:00,1757.0
2017-08-15 23:00:00,1742.7999999999997
2017-08-16 23:00:00,1753.7999999999997
2017-08-17 23:00:00,1760.6
2017-08-18 23:00:00,1765.5
2017-08-21 23:00:00,1769.5
2017-08-22 23:00:00,1763.7000000000003
2017-08-23 23:00:00,1763.5
2017-08-24 23:00:00,1766.5
2017-08-25 23:00:00,1760.5
2017-08-28 23:00:00,1769.9
2017-08-29 23:00:00,1787.7000000000003
2017-08-30 23:00:00,1774.7000000000003
2017-08-31 23:00:00,1778.8000000000002
2017-09-01 23:00:00,1787.5
2017-09-04 23:00:00,1793.4
2017-09-05 23:00:00,1788.4
2017-09-06 23:00:00,1796.4
2017-09-07 23:00:00,1796.7000000000003
2017-09-08 23:00:00,1796.3000000000002
2017-09-11 23:00:00,1779.3000000000002
2017-09-12 23:00:00,1768.9
2017-09-13 23:00:00,1764.5
2017-09-14 23:00:00,1762.6
2017-09-15 23:00:00,1748.5
2017-09-18 23:00:00,1741.8999999999996
2017-09-19 23:00:00,1730.3999999999996
2017-09-20 23:00:00,1726.3999999999996
2017-09-21 23:00:00,1721.1
2017-09-22 23:00:00,1715.1999999999998
2017-09-25 23:00:00,1713.2999999999997
2017-09-26 23:00:00,1706.1999999999998
2017-09-27 23:00:00,1699.2999999999997
2017-09-28 23:00:00,1698.2999999999997
2017-09-29 23:00:00,1696.0
2017-10-02 23:00:00,1694.0
2017-10-03 23:00:00,1692.0
2017-10-04 23:00:00,1691.1
2017-10-05 23:00:00,1692.4
2017-10-06 23:00:00,1692.7999999999997
2017-10-09 23:00:00,1693.7999999999997
2017-10-10 23:00:00,1704.8000000000002
2017-10-11 23:00:00,1707.3000000000002
2017-10-12 23:00:00,1711.4
2017-10-13 23:00:00,1718.1999999999998
2017-10-16 23:00:00,1717.4
2017-10-17 23:00:00,1705.3000000000002
2017-10-18 23:00:00,1699.1999999999998
2017-10-19 23:00:00,1703.3000000000002
2017-10-20 23:00:00,1696.0
2017-10-23 23:00:00,1695.1
2017-10-24 23:00:00,1698.4
2017-10-25 23:00:00,1696.2999999999997
2017-10-26 23:00:00,1697.5
2017-10-27 23:00:00,1694.6999999999998
2017-10-30 23:00:00,1695.2999999999997
2017-10-31 23:00:00,1695.6999999999998
2017-11-01 23:00:00,1710.2999999999997
2017-11-02 23:00:00,1706.8000000000002
2017-11-03 23:00:00,1698.1
2017-11-07 23:00:00,1698.6
2017-11-08 23:00:00,1707.1
2017-11-09 23:00:00,1709.6999999999998
2017-11-10 23:00:00,1713.4
2017-11-13 23:00:00,1710.2999999999997
2017-11-14 23:00:00,1703.8000000000002
2017-11-15 23:00:00,1704.3000000000002
2017-11-16 23:00:00,1707.3000000000002
2017-11-17 23:00:00,1714.6999999999998
2017-11-20 23:00:00,1712.4
2017-11-21 23:00:00,1710.4
2017-11-22 23:00:00,1712.1
2017-11-23 23:00:00,1711.6999999999998
2017-11-24 23:00:00,1715.1999999999998
2017-11-27 23:00:00,1721.2999999999997
2017-11-28 23:00:00,1726.7999999999997
2017-11-29 23:00:00,1722.5
2017-11-30 23:00:00,1718.6
2017-12-01 23:00:00,1711.7999999999997
2017-12-04 23:00:00,1704.3000000000002
2017-12-05 23:00:00,1693.7999999999997
2017-12-06 23:00:00,1679.8000000000002
2017-12-07 23:00:00,1677.5
2017-12-08 23:00:00,1665.3000000000002
2017-12-11 23:00:00,1661.3000000000002
2017-12-12 23:00:00,1655.1999999999998
2017-12-13 23:00:00,1651.6
2017-12-14 23:00:00,1657.3000000000002
2017-12-15 23:00:00,1654.0
2017-12-18 23:00:00,1668.0
2017-12-19 23:00:00,1674.0
2017-12-20 23:00:00,1678.9
2017-12-21 23:00:00,1681.4
2017-12-22 23:00:00,1683.1
2017-12-25 23:00:00,1685.9
2017-12-26 23:00:00,1690.3000000000002
2017-12-27 23:00:00,1690.4
2017-12-28 23:00:00,1694.1
2017-12-29 23:00:00,1699.4
2018-01-03 23:00:00,1710.5
2018-01-04 23:00:00,1713.6999999999998
2018-01-05 23:00:00,1720.5
2018-01-09 23:00:00,1718.6999999999998
2018-01-10 23:00:00,1724.1999999999998
2018-01-11 23:00:00,1736.0
2018-01-12 23:00:00,1748.6999999999998
2018-01-15 23:00:00,1753.9
2018-01-16 23:00:00,1753.0
2018-01-17 23:00:00,1760.6
2018-01-18 23:00:00,1757.0
2018-01-19 23:00:00,1766.5
2018-01-22 23:00:00,1772.0
2018-01-23 23:00:00,1757.1999999999998
2018-01-24 23:00:00,1775.9
2018-01-25 23:00:00,1779.6
2018-01-26 23:00:00,1773.7000000000003
2018-01-29 23:00:00,1768.5
2018-01-30 23:00:00,1760.4
2018-01-31 23:00:00,1761.0
2018-02-01 23:00:00,1756.1
2018-02-02 23:00:00,1748.7999999999997
2018-02-05 23:00:00,1754.4
2018-02-06 23:00:00,1747.0
2018-02-07 23:00:00,1738.6999999999998
2018-02-08 23:00:00,1735.0
2018-02-09 23:00:00,1724.0
2018-02-12 23:00:00,1723.0
2018-02-13 23:00:00,1731.0
2018-02-14 23:00:00,1751.0
2018-02-15 23:00:00,1756.0
2018-02-16 23:00:00,1764.0
2018-02-19 23:00:00,1767.4
2018-02-20 23:00:00,1760.8000000000002
2018-02-21 23:00:00,1755.7999999999997
2018-02-22 23:00:00,1751.0
2018-02-26 23:00:00,1755.5
2018-02-27 23:00:00,1749.1999999999998
2018-02-28 23:00:00,1745.6
2018-03-01 23:00:00,1724.7999999999997
2018-03-02 23:00:00,1727.1
2018-03-05 23:00:00,1717.0
2018-03-06 23:00:00,1725.5
2018-03-07 23:00:00,1715.7999999999997
2018-03-09 23:00:00,1721.0
2018-03-12 23:00:00,1719.4
2018-03-13 23:00:00,1722.8999999999996
2018-03-14 23:00:00,1718.4
2018-03-15 23:00:00,1713.6999999999998
2018-03-16 23:00:00,1707.8000000000002
2018-03-19 23:00:00,1709.6000000000004
2018-03-20 23:00:00,1703.9
2018-03-21 23:00:00,1706.4
2018-03-22 23:00:00,1699.0
2018-03-23 23:00:00,1700.9
2018-03-26 23:00:00,1708.4
2018-03-27 23:00:00,1696.8000000000002
2018-03-28 23:00:00,1691.9
2018-03-29 23:00:00,1682.9
2018-03-30 23:00:00,1684.7000000000003
2018-04-02 23:00:00,1686.9
2018-04-03 23:00:00,1676.1000000000004
2018-04-04 23:00:00,1669.9
2018-04-05 23:00:00,1667.0
2018-04-06 23:00:00,1667.9
2018-04-09 23:00:00,1682.1000000000004
2018-04-10 23:00:00,1680.9
2018-04-11 23:00:00,1691.9
2018-04-12 23:00:00,1682.9
2018-04-13 23:00:00,1684.4
2018-04-16 23:00:00,1678.2000000000003
2018-04-17 23:00:00,1682.6000000000004
2018-04-18 23:00:00,1695.9
2018-04-19 23:00:00,1685.3000000000002
2018-04-20 23:00:00,1679.7000000000003
2018-04-23 23:00:00,1672.6000000000004
2018-04-24 23:00:00,1677.6000000000004
2018-04-25 23:00:00,1663.0
2018-04-26 23:00:00,1658.2000000000003
2018-04-27 23:00:00,1663.4
2018-04-28 23:00:00,1664.4
2018-04-30 23:00:00,1657.4
2018-05-02 23:00:00,1652.6000000000004
2018-05-03 23:00:00,1655.3000000000002
2018-05-04 23:00:00,1657.5
2018-05-07 23:00:00,1664.9
2018-05-08 23:00:00,1661.4
2018-05-10 23:00:00,1670.0
2018-05-11 23:00:00,1672.8000000000002
2018-05-14 23:00:00,1665.9
2018-05-15 23:00:00,1653.8000000000002
2018-05-16 23:00:00,1648.9
2018-05-17 23:00:00,1644.7000000000003
2018-05-18 23:00:00,1642.9
2018-05-21 23:00:00,1646.0
2018-05-22 23:00:00,1657.9
2018-05-23 23:00:00,1653.8000000000002
2018-05-24 23:00:00,1663.8000000000002
2018-05-25 23:00:00,1656.6000000000004
2018-05-28 23:00:00,1659.7000000000003
2018-05-29 23:00:00,1661.8000000000002
2018-05-30 23:00:00,1662.2000000000003
2018-05-31 23:00:00,1660.2000000000003
2018-06-01 23:00:00,1658.4
2018-06-04 23:00:00,1657.3000000000002
2018-06-05 23:00:00,1651.9
2018-06-06 23:00:00,1658.4
2018-06-07 23:00:00,1655.6000000000004
2018-06-08 23:00:00,1654.3000000000002
2018-06-09 23:00:00,1654.5
2018-06-11 23:00:00,1658.9
2018-06-13 23:00:00,1652.8000000000002
2018-06-14 23:00:00,1655.0
2018-06-15 23:00:00,1639.8000000000002
2018-06-18 23:00:00,1631.6
2018-06-19 23:00:00,1621.2000000000003
2018-06-20 23:00:00,1630.1
2018-06-21 23:00:00,1626.2000000000003
2018-06-22 23:00:00,1628.3000000000002
2018-06-25 23:00:00,1620.8000000000002
2018-06-26 23:00:00,1619.8000000000002
2018-06-27 23:00:00,1609.5
2018-06-28 23:00:00,1595.9
2018-06-29 23:00:00,1601.8000000000002
2018-07-02 23:00:00,1591.1
2018-07-03 23:00:00,1586.4
2018-07-04 23:00:00,1585.8000000000002
2018-07-05 23:00:00,1582.5
2018-07-06 23:00:00,1582.5
2018-07-09 23:00:00,1592.4
2018-07-10 23:00:00,1580.6
2018-07-11 23:00:00,1574.2000000000003
2018-07-12 23:00:00,1585.8000000000002
2018-07-13 23:00:00,1569.1000000000004
2018-07-16 23:00:00,1563.2000000000003
2018-07-17 23:00:00,1561.8000000000002
2018-07-18 23:00:00,1556.3000000000002
2018-07-19 23:00:00,1542.8000000000002
2018-07-20 23:00:00,1569.8000000000002
2018-07-23 23:00:00,1568.0000000000005
2018-07-24 23:00:00,1579.2000000000003
2018-07-25 23:00:00,1576.8000000000002
2018-07-26 23:00:00,1575.0
2018-07-27 23:00:00,1570.8000000000002
2018-07-30 23:00:00,1571.6
2018-07-31 23:00:00,1575.8000000000002
2018-08-01 23:00:00,1559.6000000000004
2018-08-02 23:00:00,1571.0
2018-08-03 23:00:00,1579.2000000000003
2018-08-06 23:00:00,1567.4
2018-08-07 23:00:00,1573.3000000000002
2018-08-08 23:00:00,1568.6000000000004
2018-08-09 23:00:00,1576.5
2018-08-10 23:00:00,1573.1
2018-08-13 23:00:00,1544.0
2018-08-14 23:00:00,1542.4
2018-08-15 23:00:00,1504.6
2018-08-16 23:00:00,1530.5
2018-08-17 23:00:00,1521.8000000000002
2018-08-20 23:00:00,1530.6
2018-08-21 23:00:00,1529.5
2018-08-22 23:00:00,1532.0
2018-08-23 23:00:00,1518.0
2018-08-24 23:00:00,1530.8000000000002
2018-08-27 23:00:00,1541.1
2018-08-28 23:00:00,1537.0
2018-08-29 23:00:00,1532.2000000000003
2018-08-30 23:00:00,1531.9
2018-08-31 23:00:00,1528.4
2018-09-03 23:00:00,1525.5
2018-09-04 23:00:00,1509.9
2018-09-05 23:00:00,1522.8000000000002
2018-09-06 23:00:00,1525.5
2018-09-07 23:00:00,1519.9
2018-09-10 23:00:00,1530.2000000000003
2018-09-11 23:00:00,1527.7000000000003
2018-09-12 23:00:00,1533.0
2018-09-13 23:00:00,1539.9
2018-09-14 23:00:00,1539.1
2018-09-17 23:00:00,1539.0
2018-09-18 23:00:00,1549.5
2018-09-19 23:00:00,1558.0
2018-09-20 23:00:00,1560.2000000000003
2018-09-21 23:00:00,1558.4
2018-09-24 23:00:00,1559.9
2018-09-25 23:00:00,1557.5
2018-09-26 23:00:00,1553.4
2018-09-27 23:00:00,1541.1
2018-09-28 23:00:00,1551.3000000000002
2018-10-01 23:00:00,1549.5
2018-10-02 23:00:00,1562.5
2018-10-03 23:00:00,1563.5
2018-10-04 23:00:00,1556.1000000000004
2018-10-05 23:00:00,1551.4
2018-10-08 23:00:00,1545.8000000000002
2018-10-09 23:00:00,1556.4
2018-10-10 23:00:00,1552.0
2018-10-11 23:00:00,1564.5
2018-10-12 23:00:00,1569.7000000000003
2018-10-15 23:00:00,1575.5
2018-10-16 23:00:00,1575.4
2018-10-17 23:00:00,1568.2000000000003
2018-10-18 23:00:00,1561.0
2018-10-19 23:00:00,1563.7000000000003
2018-10-22 23:00:00,1549.5
2018-10-23 23:00:00,1561.7000000000003
2018-10-24 23:00:00,1558.2000000000003
2018-10-25 23:00:00,1559.0
2018-10-26 23:00:00,1563.0
2018-10-29 23:00:00,1568.1000000000004
2018-10-30 23:00:00,1564.2000000000003
2018-10-31 23:00:00,1567.6000000000004
2018-11-01 23:00:00,1588.7000000000003
2018-11-02 23:00:00,1599.6
2018-11-06 23:00:00,1600.0
2018-11-07 23:00:00,1603.5
2018-11-08 23:00:00,1602.0
2018-11-09 23:00:00,1585.7000000000003
2018-11-12 23:00:00,1580.9
2018-11-13 23:00:00,1567.9
2018-11-14 23:00:00,1565.4
2018-11-15 23:00:00,1563.6000000000004
2018-11-16 23:00:00,1576.6
2018-11-19 23:00:00,1577.7000000000003
2018-11-20 23:00:00,1568.8000000000002
2018-11-21 23:00:00,1575.8000000000002
2018-11-22 23:00:00,1575.1
2018-11-23 23:00:00,1570.6000000000004
2018-11-26 23:00:00,1570.4
2018-11-27 23:00:00,1568.0
2018-11-28 23:00:00,1551.0
2018-11-29 23:00:00,1548.7000000000003
2018-11-30 23:00:00,1532.2000000000003
2018-12-03 23:00:00,1534.0
2018-12-04 23:00:00,1529.0
2018-12-05 23:00:00,1520.0
2018-12-06 23:00:00,1516.4
2018-12-07 23:00:00,1519.0
2018-12-10 23:00:00,1511.0
2018-12-11 23:00:00,1511.0
2018-12-12 23:00:00,1523.4
2018-12-13 23:00:00,1518.6
2018-12-14 23:00:00,1512.0
2018-12-17 23:00:00,1509.1
2018-12-18 23:00:00,1515.6
2018-12-19 23:00:00,1518.7000000000003
2018-12-20 23:00:00,1524.0
2018-12-21 23:00:00,1507.6
2018-12-24 23:00:00,1507.9
2018-12-25 23:00:00,1508.0
2018-12-26 23:00:00,1518.2000000000003
2018-12-27 23:00:00,1508.1
2018-12-28 23:00:00,1510.7000000000003
2018-12-29 23:00:00,1511.5
2019-01-03 23:00:00,1514.3000000000002
2019-01-04 23:00:00,1532.9
2019-01-08 23:00:00,1543.7000000000003
2019-01-09 23:00:00,1543.6
2019-01-10 23:00:00,1543.5
2019-01-11 23:00:00,1539.6
2019-01-14 23:00:00,1524.5
2019-01-15 23:00:00,1523.9
2019-01-16 23:00:00,1524.5
2019-01-17 23:00:00,1529.1
2019-01-18 23:00:00,1518.9
2019-01-21 23:00:00,1518.2000000000003
2019-01-22 23:00:00,1509.6
2019-01-23 23:00:00,1510.7000000000003
2019-01-24 23:00:00,1520.6
2019-01-25 23:00:00,1534.6
2019-01-28 23:00:00,1531.1
2019-01-29 23:00:00,1534.0
2019-01-30 23:00:00,1531.2000000000003
2019-01-31 23:00:00,1538.6
2019-02-01 23:00:00,1541.6
2019-02-04 23:00:00,1535.8000000000002
2019-02-05 23:00:00,1536.2000000000003
2019-02-06 23:00:00,1525.2000000000003
2019-02-07 23:00:00,1516.5
2019-02-08 23:00:00,1511.9
2019-02-11 23:00:00,1504.9
2019-02-12 23:00:00,1500.4
2019-02-13 23:00:00,1505.8000000000002
2019-02-14 23:00:00,1494.7000000000003
2019-02-15 23:00:00,1502.8000000000002
2019-02-18 23:00:00,1520.2000000000003
2019-02-19 23:00:00,1530.0
2019-02-20 23:00:00,1540.5
2019-02-21 23:00:00,1540.5
2019-02-22 23:00:00,1552.8000000000002
2019-02-25 23:00:00,1566.8000000000002
2019-02-26 23:00:00,1567.2000000000003
2019-02-27 23:00:00,1581.6
2019-02-28 23:00:00,1581.1
2019-03-01 23:00:00,1578.9
2019-03-04 23:00:00,1547.2000000000003
2019-03-05 23:00:00,1547.2000000000003
2019-03-06 23:00:00,1541.2000000000003
2019-03-07 23:00:00,1533.5
2019-03-11 23:00:00,1525.2000000000003
2019-03-12 23:00:00,1544.6
2019-03-13 23:00:00,1554.7000000000003
2019-03-14 23:00:00,1538.1
2019-03-15 23:00:00,1541.0
2019-03-18 23:00:00,1541.8000000000002
2019-03-19 23:00:00,1562.8000000000002
2019-03-20 23:00:00,1567.2000000000003
2019-03-21 23:00:00,1572.3000000000002
2019-03-22 23:00:00,1556.3000000000002
2019-03-25 23:00:00,1565.7000000000003
2019-03-26 23:00:00,1566.4
2019-03-27 23:00:00,1560.8000000000002
2019-03-28 23:00:00,1547.8000000000002
2019-03-29 23:00:00,1556.3000000000002
2019-04-01 23:00:00,1561.9
2019-04-02 23:00:00,1553.1
2019-04-03 23:00:00,1570.4
2019-04-04 23:00:00,1602.0
2019-04-05 23:00:00,1602.9
2019-04-08 23:00:00,1615.5
2019-04-09 23:00:00,1601.6999999999998
2019-04-10 23:00:00,1606.8000000000002
2019-04-11 23:00:00,1602.8000000000002
2019-04-12 23:00:00,1598.3000000000002
2019-04-15 23:00:00,1590.5
2019-04-16 23:00:00,1582.8000000000002
2019-04-17 23:00:00,1593.6999999999998
2019-04-18 23:00:00,1596.4
2019-04-19 23:00:00,1606.0
2019-04-22 23:00:00,1602.3000000000002
2019-04-23 23:00:00,1594.8000000000002
2019-04-24 23:00:00,1591.3000000000002
2019-04-25 23:00:00,1588.6999999999998
2019-04-26 23:00:00,1599.9
2019-04-29 23:00:00,1594.9
2019-04-30 23:00:00,1597.6
2019-05-02 23:00:00,1557.8000000000002
2019-05-03 23:00:00,1569.8000000000002
2019-05-06 23:00:00,1576.1999999999998
2019-05-07 23:00:00,1572.8000000000002
2019-05-08 23:00:00,1568.9
2019-05-10 23:00:00,1565.3000000000002
2019-05-13 23:00:00,1556.4
2019-05-14 23:00:00,1560.7000000000003
2019-05-15 23:00:00,1547.3000000000002
2019-05-16 23:00:00,1537.9
2019-05-17 23:00:00,1523.1999999999998
2019-05-20 23:00:00,1517.9
2019-05-21 23:00:00,1514.8000000000002
2019-05-22 23:00:00,1508.8000000000002
2019-05-23 23:00:00,1500.9
2019-05-24 23:00:00,1501.5
2019-05-27 23:00:00,1508.1
2019-05-28 23:00:00,1499.5
2019-05-29 23:00:00,1492.8000000000002
2019-05-30 23:00:00,1497.4
2019-05-31 23:00:00,1492.8000000000002
2019-06-03 23:00:00,1514.8000000000002
2019-06-04 23:00:00,1519.4
2019-06-05 23:00:00,1506.3000000000002
2019-06-06 23:00:00,1503.1
2019-06-07 23:00:00,1504.3000000000002
2019-06-10 23:00:00,1505.3000000000002
2019-06-11 23:00:00,1510.6
2019-06-13 23:00:00,1508.1999999999998
2019-06-14 23:00:00,1505.1999999999998
2019-06-17 23:00:00,1494.4
2019-06-18 23:00:00,1498.3000000000002
2019-06-19 23:00:00,1506.6
2019-06-20 23:00:00,1510.6
2019-06-21 23:00:00,1501.5
2019-06-24 23:00:00,1506.1999999999998
2019-06-25 23:00:00,1504.0
2019-06-26 23:00:00,1510.3000000000002
2019-06-27 23:00:00,1503.1
2019-06-28 23:00:00,1524.8000000000002
2019-07-01 23:00:00,1527.8000000000002
2019-07-02 23:00:00,1524.1999999999998
2019-07-03 23:00:00,1533.1999999999998
2019-07-04 23:00:00,1524.6999999999998
2019-07-05 23:00:00,1499.1999999999998
2019-07-08 23:00:00,1508.1999999999998
2019-07-09 23:00:00,1501.6
2019-07-10 23:00:00,1517.9
2019-07-11 23:00:00,1515.1
2019-07-12 23:00:00,1516.1999999999998
2019-07-15 23:00:00,1535.3000000000002
2019-07-16 23:00:00,1539.1999999999998
2019-07-17 23:00:00,1538.9
2019-07-18 23:00:00,1538.8000000000002
2019-07-19 23:00:00,1537.0
2019-07-22 23:00:00,1539.1999999999998
2019-07-23 23:00:00,1541.6999999999998
2019-07-24 23:00:00,1562.1
2019-07-25 23:00:00,1563.2000000000003
2019-07-26 23:00:00,1549.5
2019-07-29 23:00:00,1567.6
2019-07-30 23:00:00,1560.5
2019-07-31 23:00:00,1566.0
2019-08-01 23:00:00,1541.4
2019-08-02 23:00:00,1541.1
2019-08-05 23:00:00,1544.4
2019-08-06 23:00:00,1538.8000000000002
2019-08-07 23:00:00,1554.2000000000003
2019-08-08 23:00:00,1552.0
2019-08-09 23:00:00,1552.3000000000002
2019-08-12 23:00:00,1549.6
2019-08-13 23:00:00,1541.9
2019-08-14 23:00:00,1536.6
2019-08-15 23:00:00,1527.3000000000002
2019-08-16 23:00:00,1530.5
2019-08-19 23:00:00,1546.2000000000003
2019-08-20 23:00:00,1535.8000000000002
2019-08-21 23:00:00,1544.1
2019-08-22 23:00:00,1547.6
2019-08-23 23:00:00,1549.9
2019-08-26 23:00:00,1544.8000000000002
2019-08-27 23:00:00,1551.6
2019-08-28 23:00:00,1588.0
2019-08-29 23:00:00,1618.6
2019-08-30 23:00:00,1623.5
2019-09-02 23:00:00,1615.0
2019-09-03 23:00:00,1646.5
2019-09-04 23:00:00,1668.3000000000002
2019-09-05 23:00:00,1648.1
2019-09-06 23:00:00,1651.1
2019-09-09 23:00:00,1638.1
2019-09-10 23:00:00,1626.3000000000002
2019-09-11 23:00:00,1628.5
2019-09-12 23:00:00,1643.0
2019-09-13 23:00:00,1640.6999999999998
2019-09-16 23:00:00,1623.9
2019-09-17 23:00:00,1627.9
2019-09-18 23:00:00,1625.5
2019-09-19 23:00:00,1628.9
2019-09-20 23:00:00,1631.3000000000002
2019-09-23 23:00:00,1648.6999999999998
2019-09-24 23:00:00,1641.9
2019-09-25 23:00:00,1620.5
2019-09-26 23:00:00,1621.9
2019-09-27 23:00:00,1616.3000000000002
2019-09-30 23:00:00,1572.4
2019-10-01 23:00:00,1567.5
2019-10-02 23:00:00,1572.9
2019-10-03 23:00:00,1578.4
2019-10-04 23:00:00,1563.8000000000002
2019-10-07 23:00:00,1568.4
2019-10-08 23:00:00,1566.7000000000003
2019-10-09 23:00:00,1578.3000000000002
2019-10-10 23:00:00,1583.4
2019-10-11 23:00:00,1572.9
2019-10-14 23:00:00,1579.9
2019-10-15 23:00:00,1571.9
2019-10-16 23:00:00,1568.8000000000002
2019-10-17 23:00:00,1570.6000000000004
2019-10-18 23:00:00,1576.0
2019-10-21 23:00:00,1570.6000000000004
2019-10-22 23:00:00,1573.3000000000002
2019-10-23 23:00:00,1598.0
2019-10-24 23:00:00,1604.4
2019-10-25 23:00:00,1617.4
2019-10-28 23:00:00,1602.6
2019-10-29 23:00:00,1602.9
2019-10-30 23:00:00,1603.4
2019-10-31 23:00:00,1612.0
2019-11-01 23:00:00,1632.8000000000002
2019-11-05 23:00:00,1612.4
2019-11-06 23:00:00,1610.1
2019-11-07 23:00:00,1600.4
2019-11-08 23:00:00,1570.8000000000002
2019-11-11 23:00:00,1558.2000000000003
2019-11-12 23:00:00,1550.7000000000003
2019-11-13 23:00:00,1555.2000000000003
2019-11-14 23:00:00,1552.9
2019-11-15 23:00:00,1572.6999999999998
2019-11-18 23:00:00,1572.4
2019-11-19 23:00:00,1587.8000000000002
2019-11-20 23:00:00,1593.3000000000002
2019-11-21 23:00:00,1603.1
2019-11-22 23:00:00,1576.8000000000002
2019-11-25 23:00:00,1582.1999999999998
2019-11-26 23:00:00,1595.6
2019-11-27 23:00:00,1578.0
2019-11-28 23:00:00,1573.9
2019-11-29 23:00:00,1582.0
2019-12-02 23:00:00,1579.3000000000002
2019-12-03 23:00:00,1592.0
2019-12-04 23:00:00,1582.9
2019-12-05 23:00:00,1576.1999999999998
2019-12-06 23:00:00,1576.5
2019-12-09 23:00:00,1577.6999999999998
2019-12-10 23:00:00,1598.4
2019-12-11 23:00:00,1611.5
2019-12-12 23:00:00,1623.9
2019-12-13 23:00:00,1610.5
2019-12-16 23:00:00,1608.1999999999998
2019-12-17 23:00:00,1599.1999999999998
2019-12-18 23:00:00,1608.6
2019-12-19 23:00:00,1612.5
2019-12-20 23:00:00,1602.1999999999998
2019-12-23 23:00:00,1605.8000000000002
2019-12-24 23:00:00,1618.5
2019-12-25 23:00:00,1621.4
2019-12-26 23:00:00,1634.4
2019-12-27 23:00:00,1620.1
2019-12-30 23:00:00,1632.5
2020-01-03 23:00:00,1662.0
2020-01-06 23:00:00,1639.8000000000002
2020-01-08 23:00:00,1637.6999999999998
2020-01-09 23:00:00,1639.1
2020-01-10 23:00:00,1651.6999999999998
2020-01-13 23:00:00,1641.9
2020-01-14 23:00:00,1649.1999999999998
2020-01-15 23:00:00,1697.9
2020-01-16 23:00:00,1677.8000000000002
2020-01-17 23:00:00,1688.3000000000002
2020-01-20 23:00:00,1688.4
2020-01-21 23:00:00,1675.9
2020-01-22 23:00:00,1682.6
2020-01-23 23:00:00,1676.0
2020-01-24 23:00:00,1683.1
2020-01-27 23:00:00,1661.3000000000002
2020-01-28 23:00:00,1663.0
2020-01-29 23:00:00,1646.6
2020-01-30 23:00:00,1650.6999999999998
2020-01-31 23:00:00,1631.9
2020-02-03 23:00:00,1643.4
2020-02-04 23:00:00,1632.9
2020-02-05 23:00:00,1645.6
2020-02-06 23:00:00,1635.1999999999998
2020-02-07 23:00:00,1639.9
2020-02-10 23:00:00,1633.5
2020-02-11 23:00:00,1639.1999999999998
2020-02-12 23:00:00,1632.9
2020-02-13 23:00:00,1645.4
2020-02-14 23:00:00,1638.1999999999998
2020-02-17 23:00:00,1643.5
2020-02-18 23:00:00,1661.1999999999998
2020-02-19 23:00:00,1678.0
2020-02-20 23:00:00,1661.1
2020-02-21 23:00:00,1654.6999999999998
2020-02-25 23:00:00,1621.4
2020-02-26 23:00:00,1584.4
2020-02-27 23:00:00,1571.1
2020-02-28 23:00:00,1521.6999999999998
2020-03-02 23:00:00,1532.1999999999998
2020-03-03 23:00:00,1549.2000000000003
2020-03-04 23:00:00,1539.6999999999998
2020-03-05 23:00:00,1532.1999999999998
2020-03-06 23:00:00,1561.6
2020-03-10 23:00:00,1536.1
2020-03-11 23:00:00,1541.1999999999998
2020-03-12 23:00:00,1424.6999999999998
2020-03-13 23:00:00,1427.1999999999998
2020-03-16 23:00:00,1338.4
2020-03-17 23:00:00,1344.0
2020-03-18 23:00:00,1279.1999999999998
2020-03-19 23:00:00,1266.4
2020-03-20 23:00:00,1277.5
2020-03-23 23:00:00,1275.4
2020-03-24 23:00:00,1353.1
2020-03-25 23:00:00,1381.4
2020-03-26 23:00:00,1395.6999999999998
2020-03-27 23:00:00,1394.8000000000002
2020-03-30 23:00:00,1384.4
2020-03-31 23:00:00,1390.1999999999998
2020-04-01 23:00:00,1379.0
2020-04-02 23:00:00,1383.6999999999998
2020-04-03 23:00:00,1373.3000000000002
2020-04-06 23:00:00,1391.8000000000002
2020-04-07 23:00:00,1402.8000000000002
2020-04-08 23:00:00,1392.5
2020-04-09 23:00:00,1400.0
2020-04-10 23:00:00,1406.6
2020-04-13 23:00:00,1410.8000000000002
2020-04-14 23:00:00,1471.8000000000002
2020-04-15 23:00:00,1462.8000000000002
2020-04-16 23:00:00,1459.9
2020-04-17 23:00:00,1447.6
2020-04-20 23:00:00,1455.9
2020-04-21 23:00:00,1405.9
2020-04-22 23:00:00,1418.1
2020-04-23 23:00:00,1456.4
2020-04-24 23:00:00,1423.6999999999998
2020-04-27 23:00:00,1434.0
2020-04-28 23:00:00,1446.8000000000002
2020-04-29 23:00:00,1458.4
2020-04-30 23:00:00,1467.3000000000002
2020-05-04 23:00:00,1431.6999999999998
2020-05-05 23:00:00,1437.3000000000002
2020-05-06 23:00:00,1418.1
2020-05-07 23:00:00,1433.4
2020-05-08 23:00:00,1451.0
2020-05-12 23:00:00,1437.4
2020-05-13 23:00:00,1425.4
2020-05-14 23:00:00,1429.1
2020-05-15 23:00:00,1463.6
2020-05-18 23:00:00,1525.0
2020-05-19 23:00:00,1529.4
2020-05-20 23:00:00,1567.8000000000002
2020-05-21 23:00:00,1503.6
2020-05-22 23:00:00,1525.4
2020-05-25 23:00:00,1531.6
2020-05-26 23:00:00,1511.3000000000002
2020-05-27 23:00:00,1507.4
2020-05-28 23:00:00,1500.9
2020-05-29 23:00:00,1518.0
2020-06-01 23:00:00,1545.6999999999998
2020-06-02 23:00:00,1509.4
2020-06-03 23:00:00,1510.1
2020-06-04 23:00:00,1508.9
2020-06-05 23:00:00,1477.5
2020-06-08 23:00:00,1498.4
2020-06-09 23:00:00,1501.1999999999998
2020-06-10 23:00:00,1491.8000000000002
2020-06-11 23:00:00,1471.4
2020-06-15 23:00:00,1462.9
2020-06-16 23:00:00,1477.9
2020-06-17 23:00:00,1474.4
2020-06-18 23:00:00,1457.1999999999998
2020-06-19 23:00:00,1480.0
2020-06-22 23:00:00,1487.1
2020-06-23 23:00:00,1486.9
2020-06-25 23:00:00,1447.1
2020-06-26 23:00:00,1453.3000000000002
2020-06-29 23:00:00,1467.9
2020-06-30 23:00:00,1486.6999999999998
2020-07-02 23:00:00,1470.0
2020-07-03 23:00:00,1466.3000000000002
2020-07-06 23:00:00,1481.6999999999998
2020-07-07 23:00:00,1495.9
2020-07-08 23:00:00,1513.4
2020-07-09 23:00:00,1486.8000000000002
2020-07-10 23:00:00,1491.6
2020-07-13 23:00:00,1505.8000000000002
2020-07-14 23:00:00,1476.1
2020-07-15 23:00:00,1480.8000000000002
2020-07-16 23:00:00,1484.3000000000002
2020-07-17 23:00:00,1490.0
2020-07-20 23:00:00,1499.4
2020-07-21 23:00:00,1549.2000000000003
2020-07-22 23:00:00,1579.8000000000002
2020-07-23 23:00:00,1591.8000000000002
2020-07-24 23:00:00,1575.9
2020-07-27 23:00:00,1585.0
2020-07-28 23:00:00,1610.9
2020-07-29 23:00:00,1586.9
2020-07-30 23:00:00,1536.9
2020-07-31 23:00:00,1558.0
2020-08-03 23:00:00,1563.3000000000002
2020-08-04 23:00:00,1581.6
2020-08-05 23:00:00,1632.9
2020-08-06 23:00:00,1628.9
2020-08-07 23:00:00,1609.8000000000002
2020-08-10 23:00:00,1651.1
2020-08-11 23:00:00,1616.3000000000002
2020-08-12 23:00:00,1589.1999999999998
2020-08-13 23:00:00,1609.6999999999998
2020-08-14 23:00:00,1603.4
2020-08-17 23:00:00,1605.9
2020-08-18 23:00:00,1610.5
2020-08-19 23:00:00,1598.9
2020-08-20 23:00:00,1569.5
2020-08-21 23:00:00,1559.9
2020-08-24 23:00:00,1574.4
2020-08-25 23:00:00,1570.6999999999998
2020-08-26 23:00:00,1577.9
2020-08-27 23:00:00,1568.9
2020-08-28 23:00:00,1581.1
2020-08-31 23:00:00,1580.1
2020-09-01 23:00:00,1593.3000000000002
2020-09-02 23:00:00,1550.4
2020-09-03 23:00:00,1534.9
2020-09-04 23:00:00,1540.4
2020-09-07 23:00:00,1548.8000000000002
2020-09-08 23:00:00,1550.0
2020-09-09 23:00:00,1556.9
2020-09-10 23:00:00,1580.6
2020-09-15 23:00:00,1601.1
2020-09-16 23:00:00,1610.6
2020-09-17 23:00:00,1565.2000000000003
2020-09-18 23:00:00,1563.5
2020-09-21 23:00:00,1484.2000000000003
2020-09-22 23:00:00,1493.4
2020-09-23 23:00:00,1477.5
2020-09-24 23:00:00,1460.7000000000003
2020-09-25 23:00:00,1470.4
2020-09-28 23:00:00,1503.5
2020-09-29 23:00:00,1508.9
2020-09-30 23:00:00,1525.4
2020-10-01 23:00:00,1526.3000000000002
2020-10-02 23:00:00,1513.9
2020-10-05 23:00:00,1521.2000000000003
2020-10-06 23:00:00,1498.0
2020-10-07 23:00:00,1489.1
2020-10-08 23:00:00,1489.2000000000003
2020-10-09 23:00:00,1514.2000000000003
2020-10-12 23:00:00,1506.5
2020-10-13 23:00:00,1497.6
2020-10-14 23:00:00,1489.1
2020-10-15 23:00:00,1487.3000000000002
2020-10-16 23:00:00,1492.7000000000003
2020-10-19 23:00:00,1485.3000000000002
2020-10-20 23:00:00,1494.7000000000003
2020-10-21 23:00:00,1511.9
2020-10-22 23:00:00,1502.4
2020-10-23 23:00:00,1535.7000000000003
2020-10-26 23:00:00,1498.5
2020-10-27 23:00:00,1507.4
2020-10-28 23:00:00,1490.4
2020-10-29 23:00:00,1471.5
2020-10-30 23:00:00,1470.2000000000003
2020-11-02 23:00:00,1477.9
2020-11-03 23:00:00,1490.1
2020-11-05 23:00:00,1527.4
2020-11-06 23:00:00,1518.6
2020-11-09 23:00:00,1482.1
2020-11-10 23:00:00,1498.6
2020-11-11 23:00:00,1487.5
2020-11-12 23:00:00,1504.6
2020-11-13 23:00:00,1512.4
2020-11-16 23:00:00,1530.5
2020-11-17 23:00:00,1551.2000000000003
2020-11-18 23:00:00,1567.5
2020-11-19 23:00:00,1573.5
2020-11-20 23:00:00,1574.4
2020-11-23 23:00:00,1559.2000000000003
2020-11-24 23:00:00,1577.9
2020-11-25 23:00:00,1582.3000000000002
2020-11-26 23:00:00,1578.6
2020-11-27 23:00:00,1583.7000000000003
2020-11-30 23:00:00,1589.8000000000002
2020-12-01 23:00:00,1610.1
2020-12-02 23:00:00,1634.5
2020-12-03 23:00:00,1653.7000000000003
2020-12-04 23:00:00,1686.0
2020-12-07 23:00:00,1654.5
2020-12-08 23:00:00,1645.2000000000003
2020-12-09 23:00:00,1640.6
2020-12-10 23:00:00,1650.3000000000002
2020-12-11 23:00:00,1636.4
2020-12-14 23:00:00,1634.0
2020-12-15 23:00:00,1645.0
2020-12-16 23:00:00,1645.6
2020-12-17 23:00:00,1654.5
2020-12-18 23:00:00,1648.0
2020-12-21 23:00:00,1610.9
2020-12-22 23:00:00,1618.9
2020-12-23 23:00:00,1625.9
2020-12-24 23:00:00,1633.7000000000003
2020-12-25 23:00:00,1632.1
2020-12-28 23:00:00,1648.2000000000003
2020-12-29 23:00:00,1655.8000000000002
2020-12-30 23:00:00,1675.4
2021-01-04 23:00:00,1714.0
2021-01-05 23:00:00,1699.8000000000002
2021-01-06 23:00:00,1698.7000000000003
2021-01-08 23:00:00,1684.7000000000003
2021-01-11 23:00:00,1637.6
2021-01-12 23:00:00,1679.3000000000002
2021-01-13 23:00:00,1703.3000000000002
2021-01-14 23:00:00,1713.6
2021-01-15 23:00:00,1691.4
2021-01-18 23:00:00,1689.3000000000002
2021-01-19 23:00:00,1691.3000000000002
2021-01-20 23:00:00,1718.0
2021-01-21 23:00:00,1739.3000000000002
2021-01-22 23:00:00,1712.1
2021-01-25 23:00:00,1708.7000000000003
2021-01-26 23:00:00,1703.6
2021-01-27 23:00:00,1680.6
2021-01-28 23:00:00,1694.9
2021-01-29 23:00:00,1692.5
2021-02-01 23:00:00,1723.5
2021-02-02 23:00:00,1702.2000000000003
2021-02-03 23:00:00,1702.5
2021-02-04 23:00:00,1696.8000000000002
2021-02-05 23:00:00,1726.3000000000002
2021-02-08 23:00:00,1776.3000000000002
2021-02-09 23:00:00,1789.5
2021-02-10 23:00:00,1824.5
2021-02-11 23:00:00,1864.3000000000002
2021-02-12 23:00:00,1831.7000000000003
2021-02-15 23:00:00,1890.4
2021-02-16 23:00:00,1892.0
2021-02-17 23:00:00,1849.6
2021-02-18 23:00:00,1861.7000000000003
2021-02-19 23:00:00,1892.7000000000003
2021-02-20 23:00:00,1882.0
2021-02-22 23:00:00,1871.3000000000002
2021-02-24 23:00:00,1855.5
2021-02-25 23:00:00,1845.5
2021-02-26 23:00:00,1781.5
2021-03-01 23:00:00,1811.3000000000002
2021-03-02 23:00:00,1788.6
2021-03-03 23:00:00,1774.8000000000002
2021-03-04 23:00:00,1774.4
2021-03-05 23:00:00,1733.5
2021-03-09 23:00:00,1772.2000000000003
2021-03-10 23:00:00,1789.3000000000002
2021-03-11 23:00:00,1797.5
2021-03-12 23:00:00,1776.8000000000002
2021-03-15 23:00:00,1801.1
2021-03-16 23:00:00,1815.2999999999997
2021-03-17 23:00:00,1798.5
2021-03-18 23:00:00,1821.5
2021-03-19 23:00:00,1793.5
2021-03-22 23:00:00,1768.2999999999997
2021-03-23 23:00:00,1763.6999999999998
2021-03-24 23:00:00,1766.1999999999998
2021-03-25 23:00:00,1747.1999999999998
2021-03-26 23:00:00,1764.1
2021-03-29 23:00:00,1767.2999999999997
2021-03-30 23:00:00,1755.9
2021-03-31 23:00:00,1780.0
2021-04-01 23:00:00,1796.1999999999998
2021-04-02 23:00:00,1796.1999999999998
2021-04-05 23:00:00,1804.5
2021-04-06 23:00:00,1824.6
2021-04-07 23:00:00,1817.6999999999998
2021-04-08 23:00:00,1814.6999999999998
2021-04-09 23:00:00,1798.4
2021-04-12 23:00:00,1764.4
2021-04-13 23:00:00,1753.6999999999998
2021-04-14 23:00:00,1765.9
2021-04-15 23:00:00,1787.6999999999998
2021-04-16 23:00:00,1789.4
2021-04-19 23:00:00,1791.1999999999998
2021-04-20 23:00:00,1778.5
2021-04-21 23:00:00,1797.1999999999998
2021-04-22 23:00:00,1793.4
2021-04-23 23:00:00,1815.5
2021-04-26 23:00:00,1818.9
2021-04-27 23:00:00,1831.7999999999997
2021-04-28 23:00:00,1794.6
2021-04-29 23:00:00,1782.1999999999998
2021-04-30 23:00:00,1787.9
2021-05-04 23:00:00,1818.2999999999997
2021-05-05 23:00:00,1809.6
2021-05-06 23:00:00,1829.7999999999997
2021-05-07 23:00:00,1835.1999999999998
2021-05-10 23:00:00,1851.6
2021-05-11 23:00:00,1814.7999999999997
2021-05-12 23:00:00,1809.7999999999997
2021-05-13 23:00:00,1789.7999999999997
2021-05-14 23:00:00,1805.6
2021-05-17 23:00:00,1818.6999999999998
2021-05-18 23:00:00,1799.0
2021-05-19 23:00:00,1779.5
2021-05-20 23:00:00,1788.4
2021-05-21 23:00:00,1760.6999999999998
2021-05-24 23:00:00,1763.4
2021-05-25 23:00:00,1769.5
2021-05-26 23:00:00,1784.4
2021-05-27 23:00:00,1759.5
2021-05-28 23:00:00,1761.6999999999998
2021-05-31 23:00:00,1769.5
2021-06-01 23:00:00,1775.9
2021-06-02 23:00:00,1768.6999999999998
2021-06-03 23:00:00,1741.5
2021-06-04 23:00:00,1745.6
2021-06-07 23:00:00,1747.5
2021-06-08 23:00:00,1741.5
2021-06-09 23:00:00,1732.6999999999998
2021-06-10 23:00:00,1727.6999999999998
2021-06-11 23:00:00,1731.7999999999997
2021-06-14 23:00:00,1742.1999999999998
2021-06-15 23:00:00,1728.7999999999997
2021-06-16 23:00:00,1721.6999999999998
2021-06-17 23:00:00,1649.4
2021-06-18 23:00:00,1623.6999999999998
2021-06-21 23:00:00,1623.5
2021-06-22 23:00:00,1634.5
2021-06-23 23:00:00,1656.2999999999997
2021-06-24 23:00:00,1658.2999999999997
2021-06-25 23:00:00,1670.5
2021-06-28 23:00:00,1665.2999999999997
2021-06-29 23:00:00,1640.5
2021-06-30 23:00:00,1636.9
2021-07-01 23:00:00,1648.6999999999998
2021-07-02 23:00:00,1656.6999999999998
2021-07-05 23:00:00,1672.1
2021-07-06 23:00:00,1660.1999999999998
2021-07-07 23:00:00,1658.9
2021-07-08 23:00:00,1642.0
2021-07-09 23:00:00,1662.9
2021-07-12 23:00:00,1677.0
2021-07-13 23:00:00,1682.6999999999998
2021-07-14 23:00:00,1688.1999999999998
2021-07-15 23:00:00,1706.4
2021-07-16 23:00:00,1676.6999999999998
2021-07-19 23:00:00,1649.5
2021-07-20 23:00:00,1629.1
2021-07-21 23:00:00,1644.5
2021-07-22 23:00:00,1654.4
2021-07-23 23:00:00,1629.1
2021-07-26 23:00:00,1628.6999999999998
2021-07-27 23:00:00,1610.1999999999998
2021-07-28 23:00:00,1614.1
2021-07-29 23:00:00,1629.7999999999997
2021-07-30 23:00:00,1608.7999999999997
2021-08-02 23:00:00,1623.5
2021-08-03 23:00:00,1605.6999999999998
2021-08-04 23:00:00,1593.6999999999998
2021-08-05 23:00:00,1575.6999999999998
2021-08-06 23:00:00,1548.6999999999998
2021-08-09 23:00:00,1543.7999999999997
2021-08-10 23:00:00,1555.9
2021-08-11 23:00:00,1574.9
2021-08-12 23:00:00,1575.5
2021-08-13 23:00:00,1588.5
2021-08-16 23:00:00,1577.6
2021-08-17 23:00:00,1561.1
2021-08-18 23:00:00,1557.8000000000002
2021-08-19 23:00:00,1535.9
2021-08-20 23:00:00,1553.6999999999998
2021-08-23 23:00:00,1572.6
2021-08-24 23:00:00,1571.5
2021-08-25 23:00:00,1554.6
2021-08-26 23:00:00,1540.1
2021-08-27 23:00:00,1561.1999999999998
2021-08-30 23:00:00,1558.1999999999998
2021-08-31 23:00:00,1565.6999999999998
2021-09-01 23:00:00,1563.4
2021-09-02 23:00:00,1555.3000000000002
2021-09-03 23:00:00,1578.2999999999997
2021-09-06 23:00:00,1580.6999999999998
2021-09-07 23:00:00,1557.8000000000002
2021-09-08 23:00:00,1537.7999999999997
2021-09-09 23:00:00,1537.5
2021-09-10 23:00:00,1525.1999999999998
2021-09-13 23:00:00,1511.1999999999998
2021-09-14 23:00:00,1501.6999999999998
2021-09-15 23:00:00,1489.6999999999998
2021-09-16 23:00:00,1481.6
2021-09-17 23:00:00,1482.0
2021-09-20 23:00:00,1459.0
2021-09-21 23:00:00,1483.6
2021-09-22 23:00:00,1538.1999999999998
2021-09-23 23:00:00,1533.0
2021-09-24 23:00:00,1517.3999999999996
2021-09-27 23:00:00,1519.7999999999997
2021-09-28 23:00:00,1503.6999999999998
2021-09-29 23:00:00,1489.5
2021-09-30 23:00:00,1500.5
2021-10-01 23:00:00,1513.3999999999996
2021-10-04 23:00:00,1496.1999999999998
2021-10-05 23:00:00,1498.1999999999998
2021-10-06 23:00:00,1510.0
2021-10-07 23:00:00,1528.1
2021-10-08 23:00:00,1559.0
2021-10-11 23:00:00,1557.2999999999997
2021-10-12 23:00:00,1548.5
2021-10-13 23:00:00,1561.0
2021-10-14 23:00:00,1581.7999999999997
2021-10-15 23:00:00,1590.6
2021-10-18 23:00:00,1573.5
2021-10-19 23:00:00,1578.2999999999997
2021-10-20 23:00:00,1585.0
2021-10-21 23:00:00,1578.6999999999998
2021-10-22 23:00:00,1583.4
2021-10-25 23:00:00,1589.1
2021-10-26 23:00:00,1559.0
2021-10-27 23:00:00,1547.1999999999998
2021-10-28 23:00:00,1558.5
2021-10-29 23:00:00,1543.3999999999996
2021-11-01 23:00:00,1586.2999999999997
2021-11-02 23:00:00,1570.5
2021-11-03 23:00:00,1559.2999999999997
2021-11-05 23:00:00,1564.1
2021-11-08 23:00:00,1584.5
2021-11-09 23:00:00,1584.7999999999997
2021-11-10 23:00:00,1618.1
2021-11-11 23:00:00,1614.0
2021-11-12 23:00:00,1606.5
2021-11-15 23:00:00,1617.7999999999997
2021-11-16 23:00:00,1604.4
2021-11-17 23:00:00,1597.6999999999998
2021-11-18 23:00:00,1578.2999999999997
2021-11-19 23:00:00,1571.6999999999998
2021-11-22 23:00:00,1560.5
2021-11-23 23:00:00,1500.6
2021-11-24 23:00:00,1502.0
2021-11-25 23:00:00,1522.6
2021-11-26 23:00:00,1495.1
2021-11-29 23:00:00,1490.0
2021-11-30 23:00:00,1479.7999999999997
2021-12-01 23:00:00,1477.5
2021-12-02 23:00:00,1459.6999999999998
2021-12-03 23:00:00,1459.0
2021-12-06 23:00:00,1462.7999999999997
2021-12-07 23:00:00,1482.8999999999996
2021-12-08 23:00:00,1481.0
2021-12-09 23:00:00,1467.2999999999997
2021-12-10 23:00:00,1464.0
2021-12-13 23:00:00,1457.5
2021-12-14 23:00:00,1443.8999999999996
2021-12-15 23:00:00,1420.3999999999996
2021-12-16 23:00:00,1449.9999999999995
2021-12-17 23:00:00,1460.3999999999996
2021-12-20 23:00:00,1441.9999999999995
2021-12-21 23:00:00,1450.6
2021-12-22 23:00:00,1469.7999999999997
2021-12-23 23:00:00,1483.9999999999995
2021-12-24 23:00:00,1487.6999999999998
2021-12-27 23:00:00,1484.1999999999998
2021-12-28 23:00:00,1501.9999999999995
2021-12-29 23:00:00,1489.1999999999998
2021-12-30 23:00:00,1486.1999999999998
2022-01-03 23:00:00,1469.9999999999995
2022-01-04 23:00:00,1497.1
2022-01-05 23:00:00,1512.6999999999998
2022-01-06 23:00:00,1476.1999999999998
2022-01-07 23:00:00,1468.1999999999998
2022-01-10 23:00:00,1448.9999999999995
2022-01-11 23:00:00,1465.8999999999996
2022-01-12 23:00:00,1490.6
2022-01-13 23:00:00,1482.9999999999995
2022-01-14 23:00:00,1491.2999999999997
2022-01-17 23:00:00,1486.3999999999996
2022-01-18 23:00:00,1498.1999999999998
2022-01-19 23:00:00,1538.1
2022-01-20 23:00:00,1564.6
2022-01-21 23:00:00,1559.1
2022-01-24 23:00:00,1532.9999999999995
2022-01-25 23:00:00,1543.1999999999998
2022-01-26 23:00:00,1568.1999999999998
2022-01-27 23:00:00,1536.7999999999997
2022-01-28 23:00:00,1512.1999999999998
2022-01-31 23:00:00,1536.7999999999997
2022-02-01 23:00:00,1550.7999999999997
2022-02-02 23:00:00,1558.3999999999996
2022-02-03 23:00:00,1548.4999999999995
2022-02-04 23:00:00,1538.1999999999998
2022-02-07 23:00:00,1536.2999999999997
2022-02-08 23:00:00,1546.9999999999995
2022-02-09 23:00:00,1543.8999999999996
2022-02-10 23:00:00,1564.6
2022-02-11 23:00:00,1532.1999999999998
2022-02-14 23:00:00,1553.3999999999996
2022-02-15 23:00:00,1532.3999999999996
2022-02-16 23:00:00,1566.1999999999998
2022-02-17 23:00:00,1594.6999999999998
2022-02-18 23:00:00,1595.1999999999998
2022-02-21 23:00:00,1590.1999999999998
2022-02-22 23:00:00,1594.6
2022-02-23 23:00:00,1601.6999999999998
2022-02-24 23:00:00,1591.1999999999998
2022-02-25 23:00:00,1555.1999999999998
2022-02-28 23:00:00,1554.6999999999998
2022-03-02 23:00:00,1546.1999999999998
2022-03-03 23:00:00,1446.1999999999998
2022-03-04 23:00:00,1616.1999999999998
2022-03-09 23:00:00,1644.6
2022-03-10 23:00:00,1634.1999999999998
2022-03-11 23:00:00,1590.1999999999998
2022-03-14 23:00:00,1546.1999999999998
2022-03-15 23:00:00,1498.6999999999998
2022-03-16 23:00:00,1509.7999999999997
2022-03-17 23:00:00,1541.1999999999998
2022-03-18 23:00:00,1507.7999999999997
2022-03-21 23:00:00,1474.6999999999998
2022-03-22 23:00:00,1455.1
2022-03-23 23:00:00,1445.6999999999998
2022-03-24 23:00:00,1467.4999999999995
2022-03-25 23:00:00,1449.6999999999998
2022-03-28 23:00:00,1438.6
2022-03-29 23:00:00,1435.6999999999998
2022-03-30 23:00:00,1430.6999999999998
2022-03-31 23:00:00,1422.8999999999996
2022-04-01 23:00:00,1412.6999999999998
2022-04-04 23:00:00,1402.4999999999995
2022-04-05 23:00:00,1395.2999999999997
2022-04-06 23:00:00,1386.6999999999998
2022-04-07 23:00:00,1380.3999999999996
2022-04-08 23:00:00,1397.7999999999997
2022-04-11 23:00:00,1418.1999999999998
2022-04-12 23:00:00,1413.1999999999998
2022-04-13 23:00:00,1399.6999999999998
2022-04-14 23:00:00,1402.6999999999998
2022-04-15 23:00:00,1401.8999999999996
2022-04-18 23:00:00,1431.3999999999996
2022-04-19 23:00:00,1410.6999999999998
2022-04-20 23:00:00,1397.4999999999995
2022-04-21 23:00:00,1381.2999999999997
2022-04-22 23:00:00,1359.7999999999997
2022-04-25 23:00:00,1327.8999999999996
2022-04-26 23:00:00,1332.8999999999996
2022-04-27 23:00:00,1329.6999999999998
2022-04-28 23:00:00,1317.8999999999996
2022-04-29 23:00:00,1329.1
2022-05-04 23:00:00,1338.4999999999995
2022-05-05 23:00:00,1340.2999999999997
2022-05-06 23:00:00,1349.6
2022-05-11 23:00:00,1354.1
2022-05-12 23:00:00,1323.6999999999998
2022-05-13 23:00:00,1310.8999999999996
2022-05-16 23:00:00,1307.1
2022-05-17 23:00:00,1323.3999999999996
2022-05-18 23:00:00,1303.6999999999998
2022-05-19 23:00:00,1315.4999999999995
2022-05-20 23:00:00,1323.1
2022-05-23 23:00:00,1324.6999999999998
2022-05-24 23:00:00,1318.3999999999996
2022-05-25 23:00:00,1319.6
2022-05-26 23:00:00,1312.1999999999998
2022-05-27 23:00:00,1310.9999999999995
2022-05-30 23:00:00,1313.1
2022-05-31 23:00:00,1323.3999999999996
2022-06-01 23:00:00,1349.4999999999995
2022-06-02 23:00:00,1364.6999999999998
2022-06-03 23:00:00,1369.6999999999998
2022-06-06 23:00:00,1378.6999999999998
2022-06-07 23:00:00,1379.6
2022-06-08 23:00:00,1384.3999999999996
2022-06-09 23:00:00,1353.6999999999998
2022-06-10 23:00:00,1351.4999999999995
2022-06-14 23:00:00,1288.6999999999998
2022-06-15 23:00:00,1289.8999999999996
2022-06-16 23:00:00,1297.2999999999997
2022-06-17 23:00:00,1306.3999999999996
2022-06-20 23:00:00,1305.2999999999997
2022-06-21 23:00:00,1304.2999999999997
2022-06-22 23:00:00,1288.1999999999998
2022-06-23 23:00:00,1267.6999999999998
2022-06-24 23:00:00,1266.2999999999997
2022-06-27 23:00:00,1260.8999999999996
2022-06-28 23:00:00,1250.8999999999996
2022-06-29 23:00:00,1272.2999999999997
2022-06-30 23:00:00,1260.8999999999996
2022-07-01 23:00:00,1231.0
2022-07-04 23:00:00,1228.7999999999997
2022-07-05 23:00:00,1198.8999999999996
2022-07-06 23:00:00,1192.6
2022-07-07 23:00:00,1203.1
2022-07-08 23:00:00,1220.6
2022-07-11 23:00:00,1213.1
2022-07-12 23:00:00,1192.0
2022-07-13 23:00:00,1182.4
2022-07-14 23:00:00,1168.6999999999998
2022-07-15 23:00:00,1172.1999999999998
2022-07-18 23:00:00,1198.1999999999998
2022-07-19 23:00:00,1202.5
2022-07-20 23:00:00,1190.1
2022-07-21 23:00:00,1190.2999999999997
2022-07-22 23:00:00,1200.6999999999998
2022-07-25 23:00:00,1205.2999999999997
2022-07-26 23:00:00,1202.2999999999997
2022-07-27 23:00:00,1207.7999999999997
2022-07-28 23:00:00,1214.5
2022-07-29 23:00:00,1221.0
2022-08-01 23:00:00,1235.1999999999998
2022-08-02 23:00:00,1233.7999999999997
2022-08-03 23:00:00,1215.2999999999997
2022-08-04 23:00:00,1247.1999999999998
2022-08-05 23:00:00,1255.7999999999997
2022-08-08 23:00:00,1264.7999999999997
2022-08-09 23:00:00,1254.0
2022-08-10 23:00:00,1263.8999999999996
2022-08-11 23:00:00,1274.5
2022-08-12 23:00:00,1273.3999999999996
2022-08-15 23:00:00,1255.7999999999997
2022-08-16 23:00:00,1256.6
2022-08-17 23:00:00,1250.2999999999997
2022-08-18 23:00:00,1241.7999999999997
2022-08-19 23:00:00,1215.6
2022-08-22 23:00:00,1198.8999999999996
2022-08-23 23:00:00,1213.8999999999996
2022-08-24 23:00:00,1202.1999999999998
2022-08-25 23:00:00,1203.3999999999996
2022-08-26 23:00:00,1185.5
2022-08-29 23:00:00,1177.1
2022-08-30 23:00:00,1161.5
2022-08-31 23:00:00,1156.6999999999998
2022-09-01 23:00:00,1138.5
2022-09-02 23:00:00,1158.5
2022-09-05 23:00:00,1161.6999999999998
2022-09-06 23:00:00,1172.0
2022-09-07 23:00:00,1173.4
2022-09-08 23:00:00,1190.1999999999998
2022-09-09 23:00:00,1196.3999999999996
2022-09-12 23:00:00,1214.1999999999998
2022-09-13 23:00:00,1203.2999999999997
2022-09-14 23:00:00,1219.0
2022-09-15 23:00:00,1217.5
2022-09-16 23:00:00,1228.3999999999996
2022-09-19 23:00:00,1240.3999999999996
2022-09-20 23:00:00,1243.6
2022-09-21 23:00:00,1252.6
2022-09-22 23:00:00,1238.8999999999996
2022-09-23 23:00:00,1198.6
2022-09-26 23:00:00,1191.3999999999996
2022-09-27 23:00:00,1189.1
2022-09-28 23:00:00,1190.4
2022-09-29 23:00:00,1199.1
2022-09-30 23:00:00,1208.6
2022-10-03 23:00:00,1233.6999999999998
2022-10-04 23:00:00,1263.5
2022-10-05 23:00:00,1243.6999999999998
2022-10-06 23:00:00,1257.7999999999997
2022-10-07 23:00:00,1258.6999999999998
2022-10-10 23:00:00,1232.7999999999997
2022-10-11 23:00:00,1225.7999999999997
2022-10-12 23:00:00,1220.0
2022-10-13 23:00:00,1220.7999999999997
2022-10-14 23:00:00,1219.7999999999997
2022-10-17 23:00:00,1238.1
2022-10-18 23:00:00,1223.7999999999997
2022-10-19 23:00:00,1209.7999999999997
2022-10-20 23:00:00,1230.1999999999998
2022-10-21 23:00:00,1239.5
2022-10-24 23:00:00,1239.7999999999997
2022-10-25 23:00:00,1242.3999999999996
2022-10-26 23:00:00,1276.7999999999997
2022-10-27 23:00:00,1282.0
2022-10-28 23:00:00,1259.0
2022-10-31 23:00:00,1243.6
2022-11-01 23:00:00,1261.3999999999996
2022-11-02 23:00:00,1264.7999999999997
2022-11-03 23:00:00,1240.8999999999996
2022-11-07 23:00:00,1286.1
2022-11-08 23:00:00,1317.6
2022-11-09 23:00:00,1309.6
2022-11-10 23:00:00,1352.1
2022-11-11 23:00:00,1350.6
2022-11-14 23:00:00,1342.1999999999998
2022-11-15 23:00:00,1334.5
2022-11-16 23:00:00,1325.6
2022-11-17 23:00:00,1304.7999999999997
2022-11-18 23:00:00,1303.6
2022-11-21 23:00:00,1291.7999999999997
2022-11-22 23:00:00,1314.8999999999996
2022-11-23 23:00:00,1306.5
2022-11-24 23:00:00,1309.2999999999997
2022-11-25 23:00:00,1300.1
2022-11-28 23:00:00,1305.5
2022-11-29 23:00:00,1322.6999999999998
2022-11-30 23:00:00,1340.8999999999996
2022-12-01 23:00:00,1353.7999999999997
2022-12-02 23:00:00,1329.6999999999998
2022-12-05 23:00:00,1323.1
2022-12-06 23:00:00,1309.7999999999997
2022-12-07 23:00:00,1318.7999999999997
2022-12-08 23:00:00,1321.1999999999998
2022-12-09 23:00:00,1321.2999999999997
2022-12-12 23:00:00,1313.8999999999996
2022-12-13 23:00:00,1339.7999999999997
2022-12-14 23:00:00,1330.6
2022-12-15 23:00:00,1309.6999999999998
2022-12-16 23:00:00,1283.6999999999998
2022-12-19 23:00:00,1282.2999999999997
2022-12-20 23:00:00,1294.7999999999997
2022-12-21 23:00:00,1294.6999999999998
2022-12-22 23:00:00,1280.4999999999995
2022-12-23 23:00:00,1305.1999999999998
2022-12-26 23:00:00,1310.1
2022-12-27 23:00:00,1299.3999999999996
2022-12-28 23:00:00,1298.6
2022-12-29 23:00:00,1312.6999999999998
2022-12-30 23:00:00,1332.6999999999998
2023-01-03 23:00:00,1345.4999999999995
2023-01-04 23:00:00,1348.6999999999998
2023-01-05 23:00:00,1330.8999999999996
2023-01-06 23:00:00,1350.9999999999995
2023-01-09 23:00:00,1353.8999999999996
2023-01-10 23:00:00,1345.1999999999998
2023-01-11 23:00:00,1347.9999999999995
2023-01-12 23:00:00,1333.6999999999998
2023-01-13 23:00:00,1336.1
2023-01-16 23:00:00,1333.3999999999996
2023-01-17 23:00:00,1317.2999999999997
2023-01-18 23:00:00,1334.1999999999998
2023-01-19 23:00:00,1304.6999999999998
2023-01-20 23:00:00,1325.8999999999996
2023-01-23 23:00:00,1320.6999999999998
2023-01-24 23:00:00,1335.1999999999998
2023-01-25 23:00:00,1319.1999999999998
2023-01-26 23:00:00,1308.8999999999996
2023-01-27 23:00:00,1291.6999999999998
2023-01-30 23:00:00,1302.1999999999998
2023-01-31 23:00:00,1302.3999999999996
2023-02-01 23:00:00,1294.4999999999995
2023-02-02 23:00:00,1312.7999999999997
2023-02-03 23:00:00,1284.6999999999998
2023-02-06 23:00:00,1265.2999999999997
2023-02-07 23:00:00,1272.4999999999995
2023-02-08 23:00:00,1269.1
2023-02-09 23:00:00,1258.1
2023-02-10 23:00:00,1246.1999999999998
2023-02-13 23:00:00,1238.9999999999995
2023-02-14 23:00:00,1233.7999999999997
2023-02-15 23:00:00,1208.6999999999998
2023-02-16 23:00:00,1210.1
2023-02-17 23:00:00,1207.6999999999998
2023-02-20 23:00:00,1211.3999999999996
2023-02-21 23:00:00,1222.9999999999995
2023-02-22 23:00:00,1231.6
2023-02-24 23:00:00,1190.4
2023-02-27 23:00:00,1211.3999999999996
2023-02-28 23:00:00,1221.8999999999996
2023-03-01 23:00:00,1238.6
2023-03-02 23:00:00,1233.8999999999996
2023-03-03 23:00:00,1242.6
2023-03-06 23:00:00,1247.6
2023-03-07 23:00:00,1213.1999999999998
2023-03-09 23:00:00,1224.1999999999998
2023-03-10 23:00:00,1232.3999999999996
2023-03-13 23:00:00,1257.2999999999997
2023-03-14 23:00:00,1254.7999999999997
2023-03-15 23:00:00,1225.9999999999995
2023-03-16 23:00:00,1220.6999999999998
2023-03-17 23:00:00,1221.6999999999998
2023-03-20 23:00:00,1236.6999999999998
2023-03-21 23:00:00,1227.4999999999995
2023-03-22 23:00:00,1232.1
2023-03-23 23:00:00,1228.6999999999998
2023-03-24 23:00:00,1223.6999999999998
2023-03-27 23:00:00,1220.4999999999995
2023-03-28 23:00:00,1211.1
2023-03-29 23:00:00,1211.2999999999997
2023-03-30 23:00:00,1223.1999999999998
2023-03-31 23:00:00,1232.7999999999997
2023-04-03 23:00:00,1231.6
2023-04-04 23:00:00,1252.6999999999998
2023-04-05 23:00:00,1246.1999999999998
2023-04-06 23:00:00,1248.1
2023-04-07 23:00:00,1240.9999999999995
2023-04-10 23:00:00,1235.6999999999998
2023-04-11 23:00:00,1242.3999999999996
2023-04-12 23:00:00,1255.2999999999997
2023-04-13 23:00:00,1288.6
2023-04-14 23:00:00,1280.1
2023-04-17 23:00:00,1282.4999999999995
2023-04-18 23:00:00,1312.2999999999997
2023-04-19 23:00:00,1312.2999999999997
2023-04-20 23:00:00,1316.6999999999998
2023-04-21 23:00:00,1350.6999999999998
2023-04-24 23:00:00,1317.9999999999995
2023-04-25 23:00:00,1312.4999999999995
2023-04-26 23:00:00,1320.7999999999997
2023-04-27 23:00:00,1310.1
2023-04-28 23:00:00,1309.6999999999998
2023-05-02 23:00:00,1295.6999999999998
2023-05-03 23:00:00,1289.7999999999997
2023-05-04 23:00:00,1279.4999999999995
2023-05-05 23:00:00,1291.2999999999997
2023-05-08 23:00:00,1313.7999999999997
2023-05-10 23:00:00,1339.2999999999997
2023-05-11 23:00:00,1322.3999999999996
2023-05-12 23:00:00,1300.2999999999997
2023-05-15 23:00:00,1302.9999999999995
2023-05-16 23:00:00,1295.6
2023-05-17 23:00:00,1311.6999999999998
2023-05-18 23:00:00,1301.8999999999996
2023-05-19 23:00:00,1302.3999999999996
2023-05-22 23:00:00,1304.1999999999998
2023-05-23 23:00:00,1289.6999999999998
2023-05-24 23:00:00,1263.9999999999995
2023-05-25 23:00:00,1260.3999999999996
2023-05-26 23:00:00,1259.4999999999995
2023-05-29 23:00:00,1258.2999999999997
2023-05-30 23:00:00,1250.8999999999996
2023-05-31 23:00:00,1231.8999999999996
2023-06-01 23:00:00,1239.3999999999996
2023-06-02 23:00:00,1238.6999999999998
2023-06-05 23:00:00,1261.4999999999995
2023-06-06 23:00:00,1260.8999999999996
2023-06-07 23:00:00,1250.6
2023-06-08 23:00:00,1242.1
2023-06-09 23:00:00,1238.1999999999998
2023-06-13 23:00:00,1206.2999999999997
2023-06-14 23:00:00,1202.9999999999995
2023-06-15 23:00:00,1188.9
2023-06-16 23:00:00,1193.6
2023-06-19 23:00:00,1180.5
2023-06-20 23:00:00,1165.7999999999997
2023-06-21 23:00:00,1153.4
2023-06-22 23:00:00,1134.3000000000002
2023-06-23 23:00:00,1123.9
2023-06-26 23:00:00,1134.3000000000002
2023-06-27 23:00:00,1123.8000000000002
2023-06-28 23:00:00,1110.6999999999998
2023-06-29 23:00:00,1096.5
2023-06-30 23:00:00,1101.1
2023-07-03 23:00:00,1099.9
2023-07-04 23:00:00,1113.3000000000002
2023-07-05 23:00:00,1109.8
2023-07-06 23:00:00,1095.6
2023-07-07 23:00:00,1103.3
2023-07-10 23:00:00,1110.6
2023-07-11 23:00:00,1119.8000000000002
2023-07-12 23:00:00,1135.8000000000002
2023-07-13 23:00:00,1156.9
2023-07-14 23:00:00,1157.0
2023-07-17 23:00:00,1159.1999999999998
2023-07-18 23:00:00,1169.7999999999997
2023-07-19 23:00:00,1163.2999999999997
2023-07-20 23:00:00,1146.6999999999998
2023-07-21 23:00:00,1150.8000000000002
2023-07-24 23:00:00,1152.8000000000002
2023-07-25 23:00:00,1156.9
2023-07-26 23:00:00,1153.1999999999998
2023-07-27 23:00:00,1132.1
2023-07-28 23:00:00,1130.1
2023-07-31 23:00:00,1143.6999999999998
2023-08-01 23:00:00,1119.6999999999998
2023-08-02 23:00:00,1112.6999999999998
2023-08-03 23:00:00,1107.9
2023-08-04 23:00:00,1109.6
2023-08-07 23:00:00,1108.1999999999998
2023-08-08 23:00:00,1089.4
2023-08-09 23:00:00,1076.8
2023-08-10 23:00:00,1092.3
2023-08-11 23:00:00,1089.1
2023-08-14 23:00:00,1083.1
2023-08-15 23:00:00,1074.8
2023-08-16 23:00:00,1073.8
2023-08-17 23:00:00,1079.8
2023-08-18 23:00:00,1087.9
2023-08-21 23:00:00,1087.8
2023-08-22 23:00:00,1101.8
2023-08-23 23:00:00,1114.3000000000002
2023-08-24 23:00:00,1116.6999999999998
2023-08-25 23:00:00,1118.0
2023-08-28 23:00:00,1144.6
2023-08-29 23:00:00,1154.2999999999997
2023-08-30 23:00:00,1150.6999999999998
2023-08-31 23:00:00,1141.5
2023-09-01 23:00:00,1145.6999999999998
2023-09-04 23:00:00,1130.1
2023-09-05 23:00:00,1106.8
2023-09-06 23:00:00,1086.5
2023-09-07 23:00:00,1082.4
2023-09-08 23:00:00,1070.3
2023-09-11 23:00:00,1073.8999999999999
2023-09-12 23:00:00,1082.1999999999998
2023-09-13 23:00:00,1074.8999999999999
2023-09-14 23:00:00,1077.7
2023-09-15 23:00:00,1098.5
2023-09-18 23:00:00,1107.5
2023-09-19 23:00:00,1114.1
2023-09-20 23:00:00,1115.1
2023-09-21 23:00:00,1095.0
2023-09-22 23:00:00,1103.0
2023-09-25 23:00:00,1080.2
2023-09-26 23:00:00,1067.0
2023-09-27 23:00:00,1053.3000000000002
2023-09-28 23:00:00,1062.1000000000001
2023-09-29 23:00:00,1064.1000000000001
2023-10-02 23:00:00,1039.7
2023-10-03 23:00:00,1030.9
2023-10-04 23:00:00,1024.8000000000002
2023-10-05 23:00:00,1011.4
2023-10-06 23:00:00,1033.7
2023-10-09 23:00:00,1034.1
2023-10-10 23:00:00,1031.8000000000002
2023-10-11 23:00:00,1034.9
2023-10-12 23:00:00,1022.9
2023-10-13 23:00:00,1029.0
2023-10-16 23:00:00,1038.5
2023-10-17 23:00:00,1045.6
2023-10-18 23:00:00,1035.3000000000002
2023-10-19 23:00:00,1040.0
2023-10-20 23:00:00,1050.1
2023-10-23 23:00:00,1049.8000000000002
2023-10-24 23:00:00,1036.8000000000002
2023-10-25 23:00:00,1056.1
2023-10-26 23:00:00,1052.1
2023-10-27 23:00:00,1051.9
2023-10-30 23:00:00,1072.1000000000001
2023-10-31 23:00:00,1085.5
2023-11-01 23:00:00,1071.3999999999999
2023-11-02 23:00:00,1066.0
2023-11-03 23:00:00,1074.3
2023-11-06 23:00:00,1070.3999999999999
2023-11-07 23:00:00,1046.3000000000002
2023-11-08 23:00:00,1027.2
2023-11-09 23:00:00,1025.5
2023-11-10 23:00:00,1004.2
2023-11-13 23:00:00,994.6
2023-11-14 23:00:00,1029.8000000000002
2023-11-15 23:00:00,1045.0
2023-11-16 23:00:00,1041.8000000000002
2023-11-17 23:00:00,1044.3000000000002
2023-11-20 23:00:00,1056.7
2023-11-21 23:00:00,1077.6000000000001
2023-11-22 23:00:00,1066.8999999999999
2023-11-23 23:00:00,1056.9
2023-11-24 23:00:00,1068.8999999999999
2023-11-27 23:00:00,1061.1000000000001
2023-11-28 23:00:00,1075.2
2023-11-29 23:00:00,1076.3999999999999
2023-11-30 23:00:00,1067.0
2023-12-01 23:00:00,1061.1000000000001
2023-12-04 23:00:00,1053.6
2023-12-05 23:00:00,1035.4
2023-12-06 23:00:00,1040.6
2023-12-07 23:00:00,1045.9
2023-12-08 23:00:00,1058.0
2023-12-11 23:00:00,1053.8000000000002
2023-12-12 23:00:00,1055.6
2023-12-13 23:00:00,1060.3
2023-12-14 23:00:00,1092.1
2023-12-15 23:00:00,1081.1
2023-12-18 23:00:00,1081.5
2023-12-19 23:00:00,1089.1
2023-12-20 23:00:00,1094.6
2023-12-21 23:00:00,1087.4
2023-12-22 23:00:00,1100.1999999999998
2023-12-25 23:00:00,1097.3
2023-12-26 23:00:00,1103.6999999999998
2023-12-27 23:00:00,1106.6999999999998
2023-12-28 23:00:00,1126.3000000000002
2023-12-29 23:00:00,1120.5
2024-01-03 23:00:00,1079.0
2024-01-04 23:00:00,1075.3999999999999
2024-01-05 23:00:00,1072.3999999999999
2024-01-08 23:00:00,1069.0
2024-01-09 23:00:00,1050.9
2024-01-10 23:00:00,1037.9
2024-01-11 23:00:00,1034.9
2024-01-12 23:00:00,1040.4
2024-01-15 23:00:00,1029.8
2024-01-16 23:00:00,1021.9
2024-01-17 23:00:00,999.1999999999999
2024-01-18 23:00:00,1010.4
2024-01-19 23:00:00,1013.4
2024-01-22 23:00:00,1012.8
2024-01-23 23:00:00,1010.6999999999999
2024-01-24 23:00:00,1016.4
2024-01-25 23:00:00,1006.1
2024-01-26 23:00:00,1016.8
2024-01-29 23:00:00,1032.6999999999998
2024-01-30 23:00:00,1023.3
2024-01-31 23:00:00,1038.1
2024-02-01 23:00:00,1021.6
2024-02-02 23:00:00,1014.1
2024-02-05 23:00:00,1004.4
2024-02-06 23:00:00,1010.9
2024-02-07 23:00:00,998.6
2024-02-08 23:00:00,992.8
2024-02-09 23:00:00,984.8
2024-02-12 23:00:00,989.1999999999999
2024-02-13 23:00:00,982.8
2024-02-14 23:00:00,992.8
2024-02-15 23:00:00,1000.6
2024-02-16 23:00:00,1007.1
2024-02-19 23:00:00,1004.1
2024-02-20 23:00:00,1008.3
2024-02-21 23:00:00,990.3
2024-02-22 23:00:00,997.8
2024-02-26 23:00:00,981.5
2024-02-27 23:00:00,990.9
2024-02-28 23:00:00,980.6999999999999
2024-02-29 23:00:00,983.6
2024-03-01 23:00:00,977.6999999999999
2024-03-04 23:00:00,993.4
2024-03-05 23:00:00,985.9
2024-03-06 23:00:00,999.1999999999999
2024-03-07 23:00:00,1017.4
2024-03-11 23:00:00,1028.6999999999998
2024-03-12 23:00:00,1018.8
2024-03-13 23:00:00,1030.8
2024-03-14 23:00:00,1023.4
2024-03-15 23:00:00,1031.6
2024-03-18 23:00:00,1013.1
2024-03-19 23:00:00,984.1
2024-03-20 23:00:00,990.5
2024-03-21 23:00:00,993.8
2024-03-22 23:00:00,988.1
2024-03-25 23:00:00,991.0
2024-03-26 23:00:00,988.6
2024-03-27 23:00:00,979.1
2024-03-28 23:00:00,992.0
2024-03-29 23:00:00,994.9
2024-04-01 23:00:00,987.2
2024-04-02 23:00:00,1003.2
2024-04-03 23:00:00,1015.6
2024-04-04 23:00:00,1021.1
2024-04-05 23:00:00,1008.9
2024-04-08 23:00:00,1040.0
2024-04-09 23:00:00,1051.0
2024-04-10 23:00:00,1042.0
2024-04-11 23:00:00,1051.5
2024-04-12 23:00:00,1072.0
2024-04-15 23:00:00,1043.8
2024-04-16 23:00:00,1044.5
2024-04-17 23:00:00,1031.7
2024-04-18 23:00:00,1023.3
2024-04-19 23:00:00,1013.0
2024-04-22 23:00:00,1001.9
2024-04-23 23:00:00,991.5
2024-04-24 23:00:00,986.1
2024-04-25 23:00:00,987.5
2024-04-26 23:00:00,988.2
2024-04-27 23:00:00,989.7
2024-04-29 23:00:00,1023.9
2024-04-30 23:00:00,1014.3
2024-05-02 23:00:00,1025.3
2024-05-03 23:00:00,1032.6
2024-05-06 23:00:00,1032.6
2024-05-07 23:00:00,1050.2
2024-05-08 23:00:00,1049.1
2024-05-10 23:00:00,1062.0
2024-05-13 23:00:00,1067.6000000000001
2024-05-14 23:00:00,1095.3
2024-05-15 23:00:00,1110.5
2024-05-16 23:00:00,1124.6
2024-05-17 23:00:00,1141.8
2024-05-20 23:00:00,1127.8
2024-05-21 23:00:00,1114.9
2024-05-22 23:00:00,1105.3
2024-05-23 23:00:00,1094.3
2024-05-24 23:00:00,1092.7
2024-05-27 23:00:00,1120.0
2024-05-28 23:00:00,1129.9
2024-05-29 23:00:00,1103.4
2024-05-30 23:00:00,1099.0
2024-05-31 23:00:00,1087.5
2024-06-03 23:00:00,1079.2
2024-06-04 23:00:00,1061.2
2024-06-05 23:00:00,1059.3
2024-06-06 23:00:00,1070.8999999999999
2024-06-07 23:00:00,1031.1
2024-06-10 23:00:00,1038.3
2024-06-11 23:00:00,1017.4
2024-06-13 23:00:00,1010.3
2024-06-14 23:00:00,1013.3
2024-06-17 23:00:00,1022.4
2024-06-18 23:00:00,1032.1
2024-06-19 23:00:00,1055.4
2024-06-20 23:00:00,1057.8
2024-06-21 23:00:00,1058.6
2024-06-24 23:00:00,1069.1
2024-06-25 23:00:00,1057.8
2024-06-26 23:00:00,1069.8
2024-06-27 23:00:00,1056.3
2024-06-28 23:00:00,1066.8
2024-07-01 23:00:00,1044.9
2024-07-02 23:00:00,1061.3
2024-07-03 23:00:00,1074.5
2024-07-04 23:00:00,1071.8999999999999
2024-07-05 23:00:00,1098.6
2024-07-08 23:00:00,1070.7
2024-07-09 23:00:00,1054.4
2024-07-10 23:00:00,1055.8
2024-07-11 23:00:00,1070.2
2024-07-12 23:00:00,1063.6
2024-07-15 23:00:00,1064.8999999999999
2024-07-16 23:00:00,1066.3
2024-07-17 23:00:00,1059.3999999999999
2024-07-18 23:00:00,1045.0
2024-07-19 23:00:00,1030.1999999999998
2024-07-22 23:00:00,1015.5
2024-07-23 23:00:00,1015.3
2024-07-24 23:00:00,1023.8
2024-07-25 23:00:00,995.4
2024-07-26 23:00:00,996.0999999999999
2024-07-29 23:00:00,1008.3
2024-07-30 23:00:00,1014.8
2024-07-31 23:00:00,1030.8
2024-08-01 23:00:00,1022.0
2024-08-02 23:00:00,1018.5999999999999
2024-08-05 23:00:00,978.0999999999999
2024-08-06 23:00:00,974.4
2024-08-07 23:00:00,981.1999999999999
2024-08-08 23:00:00,987.0999999999999
2024-08-09 23:00:00,983.0
2024-08-12 23:00:00,996.3
2024-08-13 23:00:00,993.3
2024-08-14 23:00:00,983.0999999999999
2024-08-15 23:00:00,1010.0999999999999
2024-08-16 23:00:00,1004.3
2024-08-19 23:00:00,1008.9
2024-08-20 23:00:00,1002.1999999999999
2024-08-21 23:00:00,1019.3
2024-08-22 23:00:00,999.3
2024-08-23 23:00:00,1008.0999999999999
2024-08-26 23:00:00,1016.6999999999999
2024-08-27 23:00:00,1008.8
2024-08-28 23:00:00,989.9
2024-08-29 23:00:00,993.0
2024-08-30 23:00:00,979.0
2024-09-02 23:00:00,976.4
2024-09-03 23:00:00,954.0
2024-09-04 23:00:00,953.5999999999999
2024-09-05 23:00:00,971.0999999999999
2024-09-06 23:00:00,964.8
2024-09-09 23:00:00,978.6999999999999
2024-09-10 23:00:00,984.8
2024-09-11 23:00:00,993.0
2024-09-12 23:00:00,1009.5
2024-09-13 23:00:00,1042.1
2024-09-16 23:00:00,1023.5999999999999
2024-09-17 23:00:00,1018.4
2024-09-18 23:00:00,1009.9
2024-09-19 23:00:00,1023.8
2024-09-20 23:00:00,1012.0
2024-09-23 23:00:00,997.7
2024-09-24 23:00:00,1015.4
2024-09-25 23:00:00,1028.5
2024-09-26 23:00:00,1048.4
