DATETIME,price
2010-03-15 23:00:00,10565.0
2010-03-16 23:00:00,10676.0
2010-03-17 23:00:00,10724.0
2010-03-18 23:00:00,10585.0
2010-03-19 23:00:00,10485.0
2010-03-22 23:00:00,10469.0
2010-03-23 23:00:00,10490.0
2010-03-24 23:00:00,10496.0
2010-03-25 23:00:00,10394.0
2010-03-26 23:00:00,10266.0
2010-03-29 23:00:00,10372.0
2010-03-30 23:00:00,10299.0
2010-03-31 23:00:00,10238.0
2010-04-01 23:00:00,10314.0
2010-04-02 23:00:00,10354.0
2010-04-05 23:00:00,10290.0
2010-04-06 23:00:00,10303.0
2010-04-07 23:00:00,10172.0
2010-04-08 23:00:00,10013.0
2010-04-09 23:00:00,10294.0
2010-04-12 23:00:00,10283.0
2010-04-13 23:00:00,10580.0
2010-04-14 23:00:00,10555.0
2010-04-15 23:00:00,10435.0
2010-04-16 23:00:00,10185.0
2010-04-19 23:00:00,9989.0
2010-04-20 23:00:00,10054.0
2010-04-21 23:00:00,9950.0
2010-04-22 23:00:00,9655.0
2010-04-23 23:00:00,9698.0
2010-04-26 23:00:00,9704.0
2010-04-27 23:00:00,9502.0
2010-04-28 23:00:00,9356.0
2010-04-29 23:00:00,9561.0
2010-04-30 23:00:00,9454.0
2010-05-04 23:00:00,9214.0
2010-05-05 23:00:00,9175.0
2010-05-06 23:00:00,9271.0
2010-05-07 23:00:00,9045.0
2010-05-11 23:00:00,9275.0
2010-05-12 23:00:00,9620.0
2010-05-13 23:00:00,9587.0
2010-05-14 23:00:00,9378.0
2010-05-17 23:00:00,9339.0
2010-05-18 23:00:00,9421.0
2010-05-19 23:00:00,9211.0
2010-05-20 23:00:00,8905.0
2010-05-21 23:00:00,8855.0
2010-05-24 23:00:00,8901.0
2010-05-25 23:00:00,8632.0
2010-05-26 23:00:00,8939.0
2010-05-27 23:00:00,9067.0
2010-05-28 23:00:00,9015.0
2010-05-31 23:00:00,9137.0
2010-06-01 23:00:00,9171.0
2010-06-02 23:00:00,9175.0
2010-06-03 23:00:00,9231.0
2010-06-04 23:00:00,9042.0
2010-06-07 23:00:00,9069.0
2010-06-08 23:00:00,9013.0
2010-06-09 23:00:00,9093.0
2010-06-10 23:00:00,9199.0
2010-06-11 23:00:00,9079.0
2010-06-15 23:00:00,9256.0
2010-06-16 23:00:00,9159.0
2010-06-17 23:00:00,9223.0
2010-06-18 23:00:00,9304.0
2010-06-21 23:00:00,9604.0
2010-06-22 23:00:00,9503.0
2010-06-23 23:00:00,9454.0
2010-06-24 23:00:00,9407.0
2010-06-25 23:00:00,9255.0
2010-06-28 23:00:00,9354.0
2010-06-29 23:00:00,9118.0
2010-06-30 23:00:00,9080.0
2010-07-01 23:00:00,8711.0
2010-07-02 23:00:00,8896.0
2010-07-05 23:00:00,8902.0
2010-07-06 23:00:00,9134.0
2010-07-07 23:00:00,9142.0
2010-07-08 23:00:00,9143.0
2010-07-09 23:00:00,9154.0
2010-07-12 23:00:00,9238.0
2010-07-13 23:00:00,9372.0
2010-07-14 23:00:00,9347.0
2010-07-15 23:00:00,9258.0
2010-07-16 23:00:00,9194.0
2010-07-19 23:00:00,9168.0
2010-07-20 23:00:00,9138.0
2010-07-21 23:00:00,9239.0
2010-07-22 23:00:00,9323.0
2010-07-23 23:00:00,9264.0
2010-07-26 23:00:00,9337.0
2010-07-27 23:00:00,9386.0
2010-07-28 23:00:00,9287.0
2010-07-29 23:00:00,9379.0
2010-07-30 23:00:00,9209.0
2010-08-02 23:00:00,9359.0
2010-08-03 23:00:00,9459.0
2010-08-04 23:00:00,9749.0
2010-08-05 23:00:00,9653.0
2010-08-06 23:00:00,9631.0
2010-08-09 23:00:00,9719.0
2010-08-10 23:00:00,9513.0
2010-08-11 23:00:00,9383.0
2010-08-12 23:00:00,9374.0
2010-08-13 23:00:00,9315.0
2010-08-16 23:00:00,9254.0
2010-08-17 23:00:00,9274.0
2010-08-18 23:00:00,9196.0
2010-08-19 23:00:00,9098.0
2010-08-20 23:00:00,9047.0
2010-08-23 23:00:00,9070.0
2010-08-24 23:00:00,8920.0
2010-08-25 23:00:00,8809.0
2010-08-26 23:00:00,8989.0
2010-08-27 23:00:00,9023.0
2010-08-30 23:00:00,9046.0
2010-08-31 23:00:00,9078.0
2010-09-01 23:00:00,9220.0
2010-09-02 23:00:00,9273.0
2010-09-03 23:00:00,9302.0
2010-09-06 23:00:00,9316.0
2010-09-07 23:00:00,9199.0
2010-09-08 23:00:00,9448.0
2010-09-09 23:00:00,9539.0
2010-09-10 23:00:00,9510.0
2010-09-13 23:00:00,9567.0
2010-09-14 23:00:00,9505.0
2010-09-15 23:00:00,9493.0
2010-09-16 23:00:00,9423.0
2010-09-17 23:00:00,9342.0
2010-09-20 23:00:00,9413.0
2010-09-21 23:00:00,9431.0
2010-09-22 23:00:00,9358.0
2010-09-23 23:00:00,9415.0
2010-09-24 23:00:00,9560.0
2010-09-27 23:00:00,9463.0
2010-09-28 23:00:00,9423.0
2010-09-29 23:00:00,9460.0
2010-09-30 23:00:00,9561.0
2010-10-01 23:00:00,9651.0
2010-10-04 23:00:00,9699.0
2010-10-05 23:00:00,9811.0
2010-10-06 23:00:00,9773.0
2010-10-07 23:00:00,9777.0
2010-10-08 23:00:00,9761.0
2010-10-11 23:00:00,9820.0
2010-10-12 23:00:00,9839.0
2010-10-13 23:00:00,9980.0
2010-10-14 23:00:00,9959.0
2010-10-15 23:00:00,9988.0
2010-10-18 23:00:00,10119.0
2010-10-19 23:00:00,10138.0
2010-10-20 23:00:00,10236.0
2010-10-21 23:00:00,10500.0
2010-10-22 23:00:00,10513.0
2010-10-25 23:00:00,10518.0
2010-10-26 23:00:00,10425.0
2010-10-27 23:00:00,10328.0
2010-10-28 23:00:00,10338.0
2010-10-29 23:00:00,10513.0
2010-11-01 23:00:00,10486.0
2010-11-02 23:00:00,10510.0
2010-11-03 23:00:00,10509.0
2010-11-08 23:00:00,10553.0
2010-11-09 23:00:00,10558.0
2010-11-10 23:00:00,10423.0
2010-11-11 23:00:00,10283.0
2010-11-12 23:00:00,10234.0
2010-11-13 23:00:00,10259.0
2010-11-15 23:00:00,10445.0
2010-11-16 23:00:00,10207.0
2010-11-17 23:00:00,10363.0
2010-11-18 23:00:00,10564.0
2010-11-19 23:00:00,10522.0
2010-11-22 23:00:00,10512.0
2010-11-23 23:00:00,10411.0
2010-11-24 23:00:00,10638.0
2010-11-25 23:00:00,10858.0
2010-11-26 23:00:00,10823.0
2010-11-29 23:00:00,10773.0
2010-11-30 23:00:00,10841.0
2010-12-01 23:00:00,10923.0
2010-12-02 23:00:00,10926.0
2010-12-03 23:00:00,10880.0
2010-12-06 23:00:00,10864.0
2010-12-07 23:00:00,10936.0
2010-12-08 23:00:00,10794.0
2010-12-09 23:00:00,10854.0
2010-12-10 23:00:00,10882.0
2010-12-13 23:00:00,11025.0
2010-12-14 23:00:00,11070.0
2010-12-15 23:00:00,11058.0
2010-12-16 23:00:00,11116.0
2010-12-17 23:00:00,11057.0
2010-12-20 23:00:00,11027.0
2010-12-21 23:00:00,11221.0
2010-12-22 23:00:00,11218.0
2010-12-23 23:00:00,11231.0
2010-12-24 23:00:00,11122.0
2010-12-27 23:00:00,11019.0
2010-12-28 23:00:00,10963.0
2010-12-29 23:00:00,10922.0
2010-12-30 23:00:00,10891.0
2011-01-11 23:00:00,10954.0
2011-01-12 23:00:00,11077.0
2011-01-13 23:00:00,11002.0
2011-01-14 23:00:00,10932.0
2011-01-17 23:00:00,11034.0
2011-01-18 23:00:00,10928.0
2011-01-19 23:00:00,10832.0
2011-01-20 23:00:00,10647.0
2011-01-21 23:00:00,10609.0
2011-01-24 23:00:00,10475.0
2011-01-25 23:00:00,10557.0
2011-01-26 23:00:00,10669.0
2011-01-27 23:00:00,10597.0
2011-01-28 23:00:00,10491.0
2011-01-31 23:00:00,10526.0
2011-02-01 23:00:00,10562.0
2011-02-02 23:00:00,10439.0
2011-02-03 23:00:00,10423.0
2011-02-04 23:00:00,10482.0
2011-02-07 23:00:00,10455.0
2011-02-08 23:00:00,10295.0
2011-02-09 23:00:00,10234.0
2011-02-10 23:00:00,10135.0
2011-02-11 23:00:00,10345.0
2011-02-14 23:00:00,10381.0
2011-02-15 23:00:00,10265.0
2011-02-16 23:00:00,10345.0
2011-02-17 23:00:00,10332.0
2011-02-18 23:00:00,10272.0
2011-02-21 23:00:00,10245.0
2011-02-22 23:00:00,10068.0
2011-02-24 23:00:00,10034.0
2011-02-25 23:00:00,10230.0
2011-02-28 23:00:00,10378.0
2011-03-01 23:00:00,10302.0
2011-03-02 23:00:00,10298.0
2011-03-03 23:00:00,10360.0
2011-03-04 23:00:00,10259.0
2011-03-05 23:00:00,10316.0
2011-03-09 23:00:00,10345.0
2011-03-10 23:00:00,10082.0
2011-03-11 23:00:00,10086.0
2011-03-14 23:00:00,9993.0
2011-03-15 23:00:00,9860.0
2011-03-16 23:00:00,9775.0
2011-03-17 23:00:00,10063.0
2011-03-18 23:00:00,10161.0
2011-03-21 23:00:00,10235.0
2011-03-22 23:00:00,10263.0
2011-03-23 23:00:00,10322.0
2011-03-24 23:00:00,10498.0
2011-03-25 23:00:00,10599.0
2011-03-28 23:00:00,10548.0
2011-03-29 23:00:00,10502.0
2011-03-30 23:00:00,10534.0
2011-03-31 23:00:00,10520.0
2011-04-01 23:00:00,10597.0
2011-04-04 23:00:00,10645.0
2011-04-05 23:00:00,10564.0
2011-04-06 23:00:00,10617.0
2011-04-07 23:00:00,10542.0
2011-04-08 23:00:00,10678.0
2011-04-11 23:00:00,10669.0
2011-04-12 23:00:00,10395.0
2011-04-13 23:00:00,10482.0
2011-04-14 23:00:00,10497.0
2011-04-15 23:00:00,10440.0
2011-04-18 23:00:00,10065.0
2011-04-19 23:00:00,10132.0
2011-04-20 23:00:00,10220.0
2011-04-21 23:00:00,10170.0
2011-04-22 23:00:00,10199.0
2011-04-25 23:00:00,10074.0
2011-04-26 23:00:00,10054.0
2011-04-27 23:00:00,9991.0
2011-04-28 23:00:00,10020.0
2011-04-29 23:00:00,9995.0
2011-05-03 23:00:00,9840.0
2011-05-04 23:00:00,9800.0
2011-05-05 23:00:00,9840.0
2011-05-06 23:00:00,10041.0
2011-05-10 23:00:00,10089.0
2011-05-11 23:00:00,9967.0
2011-05-12 23:00:00,9941.0
2011-05-13 23:00:00,10000.0
2011-05-16 23:00:00,9937.0
2011-05-17 23:00:00,9842.0
2011-05-18 23:00:00,9881.0
2011-05-19 23:00:00,9921.0
2011-05-20 23:00:00,9767.0
2011-05-23 23:00:00,9579.0
2011-05-24 23:00:00,9702.0
2011-05-25 23:00:00,9795.0
2011-05-26 23:00:00,9725.0
2011-05-27 23:00:00,9824.0
2011-05-30 23:00:00,9775.0
2011-05-31 23:00:00,9858.0
2011-06-01 23:00:00,9793.0
2011-06-02 23:00:00,9807.0
2011-06-03 23:00:00,10204.0
2011-06-06 23:00:00,10363.0
2011-06-07 23:00:00,10480.0
2011-06-08 23:00:00,10605.0
2011-06-09 23:00:00,10678.0
2011-06-10 23:00:00,10515.0
2011-06-14 23:00:00,10569.0
2011-06-15 23:00:00,10450.0
2011-06-16 23:00:00,10442.0
2011-06-17 23:00:00,10600.0
2011-06-20 23:00:00,10430.0
2011-06-21 23:00:00,10444.0
2011-06-22 23:00:00,10388.0
2011-06-23 23:00:00,10359.0
2011-06-24 23:00:00,10577.0
2011-06-27 23:00:00,10638.0
2011-06-28 23:00:00,10767.0
2011-06-29 23:00:00,10768.0
2011-06-30 23:00:00,10742.0
2011-07-01 23:00:00,11137.0
2011-07-04 23:00:00,11234.0
2011-07-05 23:00:00,11256.0
2011-07-06 23:00:00,11276.0
2011-07-07 23:00:00,11469.0
2011-07-08 23:00:00,11325.0
2011-07-11 23:00:00,11166.0
2011-07-12 23:00:00,11293.0
2011-07-13 23:00:00,11397.0
2011-07-14 23:00:00,11401.0
2011-07-15 23:00:00,11399.0
2011-07-18 23:00:00,11215.0
2011-07-19 23:00:00,11269.0
2011-07-20 23:00:00,11255.0
2011-07-21 23:00:00,11434.0
2011-07-22 23:00:00,11401.0
2011-07-25 23:00:00,11407.0
2011-07-26 23:00:00,11398.0
2011-07-27 23:00:00,11459.0
2011-07-28 23:00:00,11581.0
2011-07-29 23:00:00,11493.0
2011-08-01 23:00:00,11539.0
2011-08-02 23:00:00,11400.0
2011-08-03 23:00:00,11133.0
2011-08-04 23:00:00,11056.0
2011-08-05 23:00:00,10832.0
2011-08-08 23:00:00,10388.0
2011-08-09 23:00:00,10539.0
2011-08-10 23:00:00,10149.0
2011-08-11 23:00:00,10243.0
2011-08-12 23:00:00,10307.0
2011-08-15 23:00:00,10548.0
2011-08-16 23:00:00,10346.0
2011-08-17 23:00:00,10437.0
2011-08-18 23:00:00,10038.0
2011-08-19 23:00:00,9806.0
2011-08-22 23:00:00,9923.0
2011-08-23 23:00:00,9824.0
2011-08-24 23:00:00,9769.0
2011-08-25 23:00:00,9767.0
2011-08-26 23:00:00,9739.0
2011-08-29 23:00:00,10025.0
2011-08-30 23:00:00,10051.0
2011-08-31 23:00:00,10286.0
2011-09-01 23:00:00,10303.0
2011-09-02 23:00:00,10109.0
2011-09-05 23:00:00,9880.0
2011-09-06 23:00:00,9932.0
2011-09-07 23:00:00,10246.0
2011-09-08 23:00:00,10330.0
2011-09-09 23:00:00,10128.0
2011-09-12 23:00:00,9813.0
2011-09-13 23:00:00,9776.0
2011-09-14 23:00:00,9696.0
2011-09-15 23:00:00,9746.0
2011-09-16 23:00:00,9694.0
2011-09-19 23:00:00,9653.0
2011-09-20 23:00:00,9787.0
2011-09-21 23:00:00,9707.0
2011-09-22 23:00:00,9063.0
2011-09-23 23:00:00,8805.0
2011-09-26 23:00:00,8766.0
2011-09-27 23:00:00,8871.0
2011-09-28 23:00:00,8736.0
2011-09-29 23:00:00,8911.0
2011-09-30 23:00:00,8572.0
2011-10-03 23:00:00,8415.0
2011-10-04 23:00:00,8020.0
2011-10-05 23:00:00,7871.0
2011-10-06 23:00:00,8063.0
2011-10-07 23:00:00,8224.0
2011-10-10 23:00:00,8368.0
2011-10-11 23:00:00,8422.0
2011-10-12 23:00:00,8656.0
2011-10-13 23:00:00,8631.0
2011-10-14 23:00:00,8988.0
2011-10-17 23:00:00,8940.0
2011-10-18 23:00:00,8981.0
2011-10-19 23:00:00,9098.0
2011-10-20 23:00:00,9197.0
2011-10-21 23:00:00,9303.0
2011-10-24 23:00:00,9412.0
2011-10-25 23:00:00,9240.0
2011-10-26 23:00:00,9370.0
2011-10-27 23:00:00,9496.0
2011-10-28 23:00:00,9522.0
2011-10-31 23:00:00,9481.0
2011-11-01 23:00:00,9087.0
2011-11-02 23:00:00,9236.0
2011-11-03 23:00:00,9426.0
2011-11-07 23:00:00,9527.0
2011-11-08 23:00:00,9659.0
2011-11-09 23:00:00,9346.0
2011-11-10 23:00:00,9426.0
2011-11-11 23:00:00,9494.0
2011-11-14 23:00:00,9479.0
2011-11-15 23:00:00,9429.0
2011-11-16 23:00:00,9404.0
2011-11-17 23:00:00,9348.0
2011-11-18 23:00:00,9323.0
2011-11-21 23:00:00,9005.0
2011-11-22 23:00:00,8950.0
2011-11-23 23:00:00,9001.0
2011-11-24 23:00:00,8945.0
2011-11-25 23:00:00,9106.0
2011-11-28 23:00:00,9497.0
2011-11-29 23:00:00,9501.0
2011-11-30 23:00:00,9827.0
2011-12-01 23:00:00,9863.0
2011-12-02 23:00:00,9933.0
2011-12-05 23:00:00,9971.0
2011-12-06 23:00:00,9639.0
2011-12-07 23:00:00,9524.0
2011-12-08 23:00:00,9588.0
2011-12-09 23:00:00,9214.0
2011-12-12 23:00:00,9008.0
2011-12-13 23:00:00,9156.0
2011-12-14 23:00:00,9072.0
2011-12-15 23:00:00,9122.0
2011-12-16 23:00:00,9043.0
2011-12-19 23:00:00,9028.0
2011-12-20 23:00:00,9137.0
2011-12-21 23:00:00,8948.0
2011-12-22 23:00:00,8937.0
2011-12-23 23:00:00,8951.0
2011-12-26 23:00:00,9085.0
2011-12-27 23:00:00,8991.0
2011-12-28 23:00:00,8894.0
2011-12-29 23:00:00,8873.0
2011-12-30 23:00:00,8922.0
2012-01-03 23:00:00,9134.0
2012-01-04 23:00:00,9165.0
2012-01-05 23:00:00,9115.0
2012-01-06 23:00:00,9129.0
2012-01-09 23:00:00,9241.0
2012-01-10 23:00:00,9446.0
2012-01-11 23:00:00,9322.0
2012-01-12 23:00:00,9306.0
2012-01-13 23:00:00,9301.0
2012-01-16 23:00:00,9286.0
2012-01-17 23:00:00,9357.0
2012-01-18 23:00:00,9352.0
2012-01-19 23:00:00,9442.0
2012-01-20 23:00:00,9392.0
2012-01-23 23:00:00,9425.0
2012-01-24 23:00:00,9459.0
2012-01-25 23:00:00,9522.0
2012-01-26 23:00:00,9692.0
2012-01-27 23:00:00,9647.0
2012-01-30 23:00:00,9521.0
2012-01-31 23:00:00,9615.0
2012-02-01 23:00:00,9741.0
2012-02-02 23:00:00,9784.0
2012-02-03 23:00:00,9912.0
2012-02-06 23:00:00,9920.0
2012-02-07 23:00:00,9857.0
2012-02-08 23:00:00,10160.0
2012-02-09 23:00:00,10231.0
2012-02-10 23:00:00,10111.0
2012-02-13 23:00:00,10341.0
2012-02-14 23:00:00,10344.0
2012-02-15 23:00:00,10430.0
2012-02-16 23:00:00,10317.0
2012-02-17 23:00:00,10437.0
2012-02-20 23:00:00,10480.0
2012-02-21 23:00:00,10381.0
2012-02-22 23:00:00,10342.0
2012-02-24 23:00:00,10575.0
2012-02-27 23:00:00,10583.0
2012-02-28 23:00:00,10463.0
2012-02-29 23:00:00,10596.0
2012-03-01 23:00:00,10543.0
2012-03-02 23:00:00,10703.0
2012-03-05 23:00:00,10747.0
2012-03-06 23:00:00,10377.0
2012-03-07 23:00:00,10444.0
2012-03-11 23:00:00,10587.0
2012-03-12 23:00:00,10676.0
2012-03-13 23:00:00,10917.0
2012-03-14 23:00:00,11310.0
2012-03-15 23:00:00,11036.0
2012-03-16 23:00:00,11227.0
2012-03-19 23:00:00,11072.0
2012-03-20 23:00:00,10875.0
2012-03-21 23:00:00,10843.0
2012-03-22 23:00:00,10618.0
2012-03-23 23:00:00,10599.0
2012-03-26 23:00:00,10920.0
2012-03-27 23:00:00,10882.0
2012-03-28 23:00:00,10742.0
2012-03-29 23:00:00,10604.0
2012-03-30 23:00:00,10729.0
2012-04-02 23:00:00,10737.0
2012-04-03 23:00:00,10841.0
2012-04-04 23:00:00,10688.0
2012-04-05 23:00:00,10755.0
2012-04-06 23:00:00,10673.0
2012-04-09 23:00:00,10649.0
2012-04-10 23:00:00,10697.0
2012-04-11 23:00:00,10774.0
2012-04-12 23:00:00,10719.0
2012-04-13 23:00:00,10708.0
2012-04-16 23:00:00,10501.0
2012-04-17 23:00:00,10364.0
2012-04-18 23:00:00,10281.0
2012-04-19 23:00:00,10418.0
2012-04-20 23:00:00,10566.0
2012-04-23 23:00:00,10347.0
2012-04-24 23:00:00,10284.0
2012-04-25 23:00:00,10258.0
2012-04-26 23:00:00,10055.0
2012-04-27 23:00:00,9985.0
2012-04-28 23:00:00,10005.0
2012-05-02 23:00:00,9964.0
2012-05-03 23:00:00,10143.0
2012-05-04 23:00:00,9887.0
2012-05-05 23:00:00,9867.0
2012-05-07 23:00:00,9876.0
2012-05-08 23:00:00,9909.0
2012-05-10 23:00:00,10006.0
2012-05-11 23:00:00,9981.0
2012-05-12 23:00:00,9977.0
2012-05-14 23:00:00,9664.0
2012-05-15 23:00:00,9782.0
2012-05-16 23:00:00,9633.0
2012-05-17 23:00:00,9110.0
2012-05-18 23:00:00,9029.0
2012-05-21 23:00:00,9282.0
2012-05-22 23:00:00,9278.0
2012-05-23 23:00:00,8899.0
2012-05-24 23:00:00,9037.0
2012-05-25 23:00:00,9016.0
2012-05-28 23:00:00,9051.0
2012-05-29 23:00:00,9307.0
2012-05-30 23:00:00,9143.0
2012-05-31 23:00:00,9194.0
2012-06-01 23:00:00,8743.0
2012-06-04 23:00:00,8614.0
2012-06-05 23:00:00,8646.0
2012-06-06 23:00:00,8727.0
2012-06-07 23:00:00,8873.0
2012-06-08 23:00:00,8766.0
2012-06-09 23:00:00,8773.0
2012-06-13 23:00:00,8767.0
2012-06-14 23:00:00,8869.0
2012-06-15 23:00:00,9040.0
2012-06-18 23:00:00,9239.0
2012-06-19 23:00:00,9323.0
2012-06-20 23:00:00,9148.0
2012-06-21 23:00:00,9119.0
2012-06-22 23:00:00,9100.0
2012-06-25 23:00:00,8923.0
2012-06-26 23:00:00,8977.0
2012-06-27 23:00:00,9093.0
2012-06-28 23:00:00,8998.0
2012-06-29 23:00:00,9323.0
2012-07-02 23:00:00,9438.0
2012-07-03 23:00:00,9594.0
2012-07-04 23:00:00,9649.0
2012-07-05 23:00:00,9595.0
2012-07-06 23:00:00,9430.0
2012-07-09 23:00:00,9480.0
2012-07-10 23:00:00,9670.0
2012-07-11 23:00:00,9639.0
2012-07-12 23:00:00,9592.0
2012-07-13 23:00:00,9769.0
2012-07-16 23:00:00,9759.0
2012-07-17 23:00:00,9768.0
2012-07-18 23:00:00,9741.0
2012-07-19 23:00:00,9734.0
2012-07-20 23:00:00,9600.0
2012-07-23 23:00:00,9250.0
2012-07-24 23:00:00,9219.0
2012-07-25 23:00:00,9252.0
2012-07-26 23:00:00,9344.0
2012-07-27 23:00:00,9442.0
2012-07-30 23:00:00,9506.0
2012-07-31 23:00:00,9379.0
2012-08-01 23:00:00,9427.0
2012-08-02 23:00:00,9393.0
2012-08-03 23:00:00,9578.0
2012-08-06 23:00:00,9704.0
2012-08-07 23:00:00,9799.0
2012-08-08 23:00:00,9843.0
2012-08-09 23:00:00,9884.0
2012-08-10 23:00:00,9772.0
2012-08-13 23:00:00,9749.0
2012-08-14 23:00:00,9814.0
2012-08-15 23:00:00,9757.0
2012-08-16 23:00:00,9765.0
2012-08-17 23:00:00,9754.0
2012-08-20 23:00:00,9699.0
2012-08-21 23:00:00,9912.0
2012-08-22 23:00:00,9873.0
2012-08-23 23:00:00,9969.0
2012-08-24 23:00:00,9973.0
2012-08-27 23:00:00,9979.0
2012-08-28 23:00:00,10079.0
2012-08-29 23:00:00,9989.0
2012-08-30 23:00:00,9826.0
2012-08-31 23:00:00,9851.0
2012-09-03 23:00:00,9987.0
2012-09-04 23:00:00,9902.0
2012-09-05 23:00:00,9859.0
2012-09-06 23:00:00,10010.0
2012-09-07 23:00:00,10011.0
2012-09-10 23:00:00,10029.0
2012-09-11 23:00:00,10067.0
2012-09-12 23:00:00,10069.0
2012-09-13 23:00:00,10017.0
2012-09-14 23:00:00,10652.0
2012-09-17 23:00:00,10378.0
2012-09-18 23:00:00,10337.0
2012-09-19 23:00:00,10109.0
2012-09-20 23:00:00,10080.0
2012-09-21 23:00:00,10114.0
2012-09-24 23:00:00,10065.0
2012-09-25 23:00:00,9993.0
2012-09-26 23:00:00,9682.0
2012-09-27 23:00:00,9748.0
2012-09-28 23:00:00,9687.0
2012-10-01 23:00:00,9883.0
2012-10-02 23:00:00,9878.0
2012-10-03 23:00:00,9797.0
2012-10-04 23:00:00,9734.0
2012-10-05 23:00:00,9839.0
2012-10-08 23:00:00,9831.0
2012-10-09 23:00:00,9788.0
2012-10-10 23:00:00,9775.0
2012-10-11 23:00:00,9775.0
2012-10-12 23:00:00,9700.0
2012-10-15 23:00:00,9719.0
2012-10-16 23:00:00,9797.0
2012-10-17 23:00:00,9930.0
2012-10-18 23:00:00,10006.0
2012-10-19 23:00:00,9962.0
2012-10-22 23:00:00,10042.0
2012-10-23 23:00:00,9840.0
2012-10-24 23:00:00,9775.0
2012-10-25 23:00:00,9772.0
2012-10-26 23:00:00,9700.0
2012-10-29 23:00:00,9678.0
2012-10-30 23:00:00,9650.0
2012-10-31 23:00:00,9641.0
2012-11-01 23:00:00,9621.0
2012-11-02 23:00:00,9664.0
2012-11-06 23:00:00,9620.0
2012-11-07 23:00:00,9530.0
2012-11-08 23:00:00,9326.0
2012-11-09 23:00:00,9234.0
2012-11-12 23:00:00,9265.0
2012-11-13 23:00:00,9120.0
2012-11-14 23:00:00,9189.0
2012-11-15 23:00:00,9256.0
2012-11-16 23:00:00,9217.0
2012-11-19 23:00:00,9332.0
2012-11-20 23:00:00,9328.0
2012-11-21 23:00:00,9429.0
2012-11-22 23:00:00,9379.0
2012-11-23 23:00:00,9475.0
2012-11-26 23:00:00,9482.0
2012-11-27 23:00:00,9499.0
2012-11-28 23:00:00,9462.0
2012-11-29 23:00:00,9572.0
2012-11-30 23:00:00,9640.0
2012-12-03 23:00:00,9696.0
2012-12-04 23:00:00,9649.0
2012-12-05 23:00:00,9759.0
2012-12-06 23:00:00,9715.0
2012-12-07 23:00:00,9699.0
2012-12-10 23:00:00,9707.0
2012-12-11 23:00:00,9787.0
2012-12-12 23:00:00,9845.0
2012-12-13 23:00:00,9764.0
2012-12-14 23:00:00,9701.0
2012-12-17 23:00:00,9660.0
2012-12-18 23:00:00,9766.0
2012-12-19 23:00:00,9808.0
2012-12-20 23:00:00,9768.0
2012-12-21 23:00:00,9699.0
2012-12-24 23:00:00,9634.0
2012-12-25 23:00:00,9688.0
2012-12-26 23:00:00,9715.0
2012-12-27 23:00:00,9773.0
2012-12-28 23:00:00,9668.0
2013-01-08 23:00:00,9976.0
2013-01-09 23:00:00,9975.0
2013-01-10 23:00:00,10018.0
2013-01-11 23:00:00,10066.0
2013-01-14 23:00:00,10178.0
2013-01-15 23:00:00,10087.0
2013-01-16 23:00:00,10135.0
2013-01-17 23:00:00,10221.0
2013-01-18 23:00:00,10407.0
2013-01-21 23:00:00,10402.0
2013-01-22 23:00:00,10271.0
2013-01-23 23:00:00,10427.0
2013-01-24 23:00:00,10370.0
2013-01-25 23:00:00,10429.0
2013-01-28 23:00:00,10638.0
2013-01-29 23:00:00,10743.0
2013-01-30 23:00:00,10737.0
2013-01-31 23:00:00,10737.0
2013-02-01 23:00:00,10588.0
2013-02-04 23:00:00,10453.0
2013-02-05 23:00:00,10540.0
2013-02-06 23:00:00,10532.0
2013-02-07 23:00:00,10490.0
2013-02-08 23:00:00,10575.0
2013-02-11 23:00:00,10610.0
2013-02-12 23:00:00,10709.0
2013-02-13 23:00:00,10822.0
2013-02-14 23:00:00,10674.0
2013-02-15 23:00:00,10526.0
2013-02-18 23:00:00,10582.0
2013-02-19 23:00:00,10707.0
2013-02-20 23:00:00,10594.0
2013-02-21 23:00:00,10494.0
2013-02-22 23:00:00,10367.0
2013-02-25 23:00:00,10371.0
2013-02-26 23:00:00,10179.0
2013-02-27 23:00:00,10180.0
2013-02-28 23:00:00,10277.0
2013-03-01 23:00:00,10207.0
2013-03-04 23:00:00,10122.0
2013-03-05 23:00:00,10279.0
2013-03-06 23:00:00,10366.0
2013-03-07 23:00:00,10427.0
2013-03-11 23:00:00,10518.0
2013-03-12 23:00:00,10462.0
2013-03-13 23:00:00,10389.0
2013-03-14 23:00:00,10476.0
2013-03-15 23:00:00,10480.0
2013-03-18 23:00:00,10102.0
2013-03-19 23:00:00,10134.0
2013-03-20 23:00:00,10294.0
2013-03-21 23:00:00,10302.0
2013-03-22 23:00:00,10192.0
2013-03-25 23:00:00,10123.0
2013-03-26 23:00:00,10011.0
2013-03-27 23:00:00,10032.0
2013-03-28 23:00:00,10315.0
2013-03-29 23:00:00,10328.0
2013-04-01 23:00:00,10265.0
2013-04-02 23:00:00,10283.0
2013-04-03 23:00:00,10297.0
2013-04-04 23:00:00,10274.0
2013-04-05 23:00:00,10151.0
2013-04-08 23:00:00,10128.0
2013-04-09 23:00:00,10205.0
2013-04-10 23:00:00,10214.0
2013-04-11 23:00:00,10169.0
2013-04-12 23:00:00,10037.0
2013-04-15 23:00:00,9833.0
2013-04-16 23:00:00,9848.0
2013-04-17 23:00:00,9859.0
2013-04-18 23:00:00,9921.0
2013-04-19 23:00:00,10077.0
2013-04-22 23:00:00,10037.0
2013-04-23 23:00:00,10090.0
2013-04-24 23:00:00,10139.0
2013-04-25 23:00:00,10132.0
2013-04-26 23:00:00,10128.0
2013-04-29 23:00:00,10044.0
2013-04-30 23:00:00,10291.0
2013-05-02 23:00:00,10275.0
2013-05-03 23:00:00,10360.0
2013-05-06 23:00:00,10398.0
2013-05-07 23:00:00,10542.0
2013-05-08 23:00:00,10644.0
2013-05-10 23:00:00,10590.0
2013-05-13 23:00:00,10617.0
2013-05-14 23:00:00,10622.0
2013-05-15 23:00:00,10561.0
2013-05-16 23:00:00,10539.0
2013-05-17 23:00:00,10674.0
2013-05-20 23:00:00,10773.0
2013-05-21 23:00:00,10868.0
2013-05-22 23:00:00,11003.0
2013-05-23 23:00:00,10694.0
2013-05-24 23:00:00,10596.0
2013-05-27 23:00:00,10571.0
2013-05-28 23:00:00,10758.0
2013-05-29 23:00:00,10632.0
2013-05-30 23:00:00,10698.0
2013-05-31 23:00:00,10272.0
2013-06-03 23:00:00,10188.0
2013-06-04 23:00:00,10200.0
2013-06-05 23:00:00,10075.0
2013-06-06 23:00:00,10228.0
2013-06-07 23:00:00,10388.0
2013-06-10 23:00:00,10332.0
2013-06-11 23:00:00,10069.0
2013-06-13 23:00:00,9929.0
2013-06-14 23:00:00,10039.0
2013-06-17 23:00:00,10163.0
2013-06-18 23:00:00,10255.0
2013-06-19 23:00:00,10165.0
2013-06-20 23:00:00,9899.0
2013-06-21 23:00:00,9937.0
2013-06-24 23:00:00,9807.0
2013-06-25 23:00:00,9806.0
2013-06-26 23:00:00,9979.0
2013-06-27 23:00:00,9979.0
2013-06-28 23:00:00,10020.0
2013-07-01 23:00:00,10134.0
2013-07-02 23:00:00,10104.0
2013-07-03 23:00:00,9966.0
2013-07-04 23:00:00,10068.0
2013-07-05 23:00:00,10054.0
2013-07-08 23:00:00,10063.0
2013-07-09 23:00:00,9991.0
2013-07-10 23:00:00,9944.0
2013-07-11 23:00:00,10263.0
2013-07-12 23:00:00,10465.0
2013-07-15 23:00:00,10609.0
2013-07-16 23:00:00,10609.0
2013-07-17 23:00:00,10679.0
2013-07-18 23:00:00,10497.0
2013-07-19 23:00:00,10549.0
2013-07-22 23:00:00,10474.0
2013-07-23 23:00:00,10389.0
2013-07-24 23:00:00,10409.0
2013-07-25 23:00:00,10320.0
2013-07-26 23:00:00,10301.0
2013-07-29 23:00:00,10286.0
2013-07-30 23:00:00,10356.0
2013-07-31 23:00:00,10437.0
2013-08-01 23:00:00,10464.0
2013-08-02 23:00:00,10504.0
2013-08-05 23:00:00,10522.0
2013-08-06 23:00:00,10322.0
2013-08-07 23:00:00,10245.0
2013-08-08 23:00:00,10183.0
2013-08-09 23:00:00,10275.0
2013-08-12 23:00:00,10295.0
2013-08-13 23:00:00,10389.0
2013-08-14 23:00:00,10447.0
2013-08-15 23:00:00,10241.0
2013-08-16 23:00:00,10172.0
2013-08-19 23:00:00,10249.0
2013-08-20 23:00:00,10137.0
2013-08-21 23:00:00,10118.0
2013-08-22 23:00:00,10213.0
2013-08-23 23:00:00,10190.0
2013-08-26 23:00:00,10176.0
2013-08-27 23:00:00,10013.0
2013-08-28 23:00:00,9929.0
2013-08-29 23:00:00,9947.0
2013-08-30 23:00:00,9944.0
2013-09-02 23:00:00,9946.0
2013-09-03 23:00:00,10010.0
2013-09-04 23:00:00,9998.0
2013-09-05 23:00:00,10090.0
2013-09-06 23:00:00,10063.0
2013-09-09 23:00:00,10308.0
2013-09-10 23:00:00,10523.0
2013-09-11 23:00:00,10398.0
2013-09-12 23:00:00,10415.0
2013-09-13 23:00:00,10458.0
2013-09-16 23:00:00,10668.0
2013-09-17 23:00:00,10705.0
2013-09-18 23:00:00,10637.0
2013-09-19 23:00:00,10798.0
2013-09-20 23:00:00,10786.0
2013-09-23 23:00:00,10677.0
2013-09-24 23:00:00,10617.0
2013-09-25 23:00:00,10775.0
2013-09-26 23:00:00,10765.0
2013-09-27 23:00:00,10531.0
2013-09-30 23:00:00,10482.0
2013-10-01 23:00:00,10623.0
2013-10-02 23:00:00,10525.0
2013-10-03 23:00:00,10533.0
2013-10-04 23:00:00,10631.0
2013-10-07 23:00:00,10581.0
2013-10-08 23:00:00,10723.0
2013-10-09 23:00:00,10745.0
2013-10-10 23:00:00,10843.0
2013-10-11 23:00:00,10830.0
2013-10-14 23:00:00,10826.0
2013-10-15 23:00:00,10931.0
2013-10-16 23:00:00,10954.0
2013-10-17 23:00:00,10921.0
2013-10-18 23:00:00,11066.0
2013-10-21 23:00:00,11151.0
2013-10-22 23:00:00,11196.0
2013-10-23 23:00:00,11032.0
2013-10-24 23:00:00,10986.0
2013-10-25 23:00:00,11056.0
2013-10-28 23:00:00,11073.0
2013-10-29 23:00:00,11199.0
2013-10-30 23:00:00,11174.0
2013-10-31 23:00:00,11201.0
2013-11-01 23:00:00,11271.0
2013-11-05 23:00:00,11106.0
2013-11-06 23:00:00,11213.0
2013-11-07 23:00:00,11289.0
2013-11-08 23:00:00,11177.0
2013-11-11 23:00:00,11147.0
2013-11-12 23:00:00,11226.0
2013-11-13 23:00:00,11149.0
2013-11-14 23:00:00,11238.0
2013-11-15 23:00:00,11229.0
2013-11-18 23:00:00,11304.0
2013-11-19 23:00:00,11359.0
2013-11-20 23:00:00,11433.0
2013-11-21 23:00:00,11418.0
2013-11-22 23:00:00,11481.0
2013-11-25 23:00:00,11465.0
2013-11-26 23:00:00,11444.0
2013-11-27 23:00:00,11439.0
2013-11-28 23:00:00,11429.0
2013-11-29 23:00:00,11403.0
2013-12-02 23:00:00,11374.0
2013-12-03 23:00:00,11209.0
2013-12-04 23:00:00,11082.0
2013-12-05 23:00:00,10927.0
2013-12-06 23:00:00,11013.0
2013-12-09 23:00:00,11056.0
2013-12-10 23:00:00,11004.0
2013-12-11 23:00:00,11006.0
2013-12-12 23:00:00,10959.0
2013-12-13 23:00:00,10930.0
2013-12-16 23:00:00,10957.0
2013-12-17 23:00:00,10937.0
2013-12-18 23:00:00,10940.0
2013-12-19 23:00:00,10965.0
2013-12-20 23:00:00,11053.0
2013-12-23 23:00:00,11080.0
2013-12-24 23:00:00,11044.0
2013-12-25 23:00:00,11016.0
2013-12-26 23:00:00,11031.0
2013-12-27 23:00:00,10950.0
2013-12-30 23:00:00,10959.0
2014-01-06 23:00:00,10899.0
2014-01-08 23:00:00,10754.0
2014-01-09 23:00:00,10737.0
2014-01-10 23:00:00,10781.0
2014-01-13 23:00:00,10889.0
2014-01-14 23:00:00,10805.0
2014-01-15 23:00:00,10903.0
2014-01-16 23:00:00,10871.0
2014-01-17 23:00:00,10957.0
2014-01-20 23:00:00,11073.0
2014-01-21 23:00:00,11080.0
2014-01-22 23:00:00,11083.0
2014-01-23 23:00:00,11058.0
2014-01-24 23:00:00,10914.0
2014-01-27 23:00:00,10710.0
2014-01-28 23:00:00,10645.0
2014-01-29 23:00:00,10611.0
2014-01-30 23:00:00,10506.0
2014-01-31 23:00:00,10472.0
2014-02-03 23:00:00,10440.0
2014-02-04 23:00:00,10452.0
2014-02-05 23:00:00,10550.0
2014-02-06 23:00:00,10649.0
2014-02-07 23:00:00,10740.0
2014-02-10 23:00:00,10674.0
2014-02-11 23:00:00,10809.0
2014-02-12 23:00:00,10958.0
2014-02-13 23:00:00,10849.0
2014-02-14 23:00:00,10798.0
2014-02-17 23:00:00,10872.0
2014-02-18 23:00:00,10842.0
2014-02-19 23:00:00,10691.0
2014-02-20 23:00:00,10612.0
2014-02-21 23:00:00,10700.0
2014-02-24 23:00:00,10696.0
2014-02-25 23:00:00,10732.0
2014-02-26 23:00:00,10729.0
2014-02-27 23:00:00,10552.0
2014-02-28 23:00:00,10499.0
2014-03-03 23:00:00,9519.0
2014-03-04 23:00:00,10045.0
2014-03-05 23:00:00,10255.0
2014-03-06 23:00:00,10055.0
2014-03-07 23:00:00,9709.0
2014-03-11 23:00:00,9377.0
2014-03-12 23:00:00,9017.0
2014-03-13 23:00:00,8858.0
2014-03-14 23:00:00,8334.0
2014-03-17 23:00:00,8670.0
2014-03-18 23:00:00,8799.0
2014-03-19 23:00:00,8951.0
2014-03-20 23:00:00,8910.0
2014-03-21 23:00:00,8855.0
2014-03-24 23:00:00,8949.0
2014-03-25 23:00:00,9213.0
2014-03-26 23:00:00,9250.0
2014-03-27 23:00:00,9100.0
2014-03-28 23:00:00,9063.0
2014-03-31 23:00:00,9192.0
2014-04-01 23:00:00,9221.0
2014-04-02 23:00:00,9103.0
2014-04-03 23:00:00,8985.0
2014-04-04 23:00:00,9135.0
2014-04-07 23:00:00,8793.0
2014-04-08 23:00:00,8876.0
2014-04-09 23:00:00,8929.0
2014-04-10 23:00:00,9112.0
2014-04-11 23:00:00,9186.0
2014-04-14 23:00:00,8970.0
2014-04-15 23:00:00,8510.0
2014-04-16 23:00:00,8652.0
2014-04-17 23:00:00,8632.0
2014-04-18 23:00:00,8699.0
2014-04-21 23:00:00,8618.0
2014-04-22 23:00:00,8450.0
2014-04-23 23:00:00,8440.0
2014-04-24 23:00:00,8279.0
2014-04-25 23:00:00,8117.0
2014-04-28 23:00:00,8361.0
2014-04-29 23:00:00,8382.0
2014-04-30 23:00:00,8410.0
2014-05-02 23:00:00,8386.0
2014-05-05 23:00:00,8364.0
2014-05-06 23:00:00,8489.0
2014-05-07 23:00:00,8955.0
2014-05-08 23:00:00,8997.0
2014-05-12 23:00:00,9110.0
2014-05-13 23:00:00,9317.0
2014-05-14 23:00:00,9224.0
2014-05-15 23:00:00,9054.0
2014-05-16 23:00:00,9123.0
2014-05-19 23:00:00,9230.0
2014-05-20 23:00:00,9177.0
2014-05-21 23:00:00,9226.0
2014-05-22 23:00:00,9178.0
2014-05-23 23:00:00,9292.0
2014-05-26 23:00:00,9475.0
2014-05-27 23:00:00,9258.0
2014-05-28 23:00:00,9351.0
2014-05-29 23:00:00,9280.0
2014-05-30 23:00:00,9320.0
2014-06-02 23:00:00,9457.0
2014-06-03 23:00:00,9431.0
2014-06-04 23:00:00,9630.0
2014-06-05 23:00:00,9597.0
2014-06-06 23:00:00,9693.0
2014-06-09 23:00:00,9705.0
2014-06-10 23:00:00,9743.0
2014-06-11 23:00:00,9751.0
2014-06-13 23:00:00,9690.0
2014-06-16 23:00:00,9645.0
2014-06-17 23:00:00,9455.0
2014-06-18 23:00:00,9448.0
2014-06-19 23:00:00,9500.0
2014-06-20 23:00:00,9485.0
2014-06-23 23:00:00,9465.0
2014-06-24 23:00:00,9682.0
2014-06-25 23:00:00,9608.0
2014-06-26 23:00:00,9638.0
2014-06-27 23:00:00,9716.0
2014-06-30 23:00:00,9611.0
2014-07-01 23:00:00,9551.0
2014-07-02 23:00:00,9653.0
2014-07-03 23:00:00,9623.0
2014-07-04 23:00:00,9506.0
2014-07-07 23:00:00,9638.0
2014-07-08 23:00:00,9606.0
2014-07-09 23:00:00,9573.0
2014-07-10 23:00:00,9449.0
2014-07-11 23:00:00,9536.0
2014-07-14 23:00:00,9509.0
2014-07-15 23:00:00,9413.0
2014-07-16 23:00:00,9488.0
2014-07-17 23:00:00,9282.0
2014-07-18 23:00:00,9100.0
2014-07-21 23:00:00,8763.0
2014-07-22 23:00:00,8962.0
2014-07-23 23:00:00,8876.0
2014-07-24 23:00:00,8874.0
2014-07-25 23:00:00,8782.0
2014-07-28 23:00:00,8483.0
2014-07-29 23:00:00,8409.0
2014-07-30 23:00:00,8480.0
2014-07-31 23:00:00,8385.0
2014-08-01 23:00:00,8413.0
2014-08-04 23:00:00,8378.0
2014-08-05 23:00:00,8309.0
2014-08-06 23:00:00,8001.0
2014-08-07 23:00:00,7940.0
2014-08-08 23:00:00,8033.0
2014-08-11 23:00:00,8351.0
2014-08-12 23:00:00,8279.0
2014-08-13 23:00:00,8342.0
2014-08-14 23:00:00,8333.0
2014-08-15 23:00:00,8343.0
2014-08-18 23:00:00,8352.0
2014-08-19 23:00:00,8363.0
2014-08-20 23:00:00,8433.0
2014-08-21 23:00:00,8548.0
2014-08-22 23:00:00,8455.0
2014-08-25 23:00:00,8533.0
2014-08-26 23:00:00,8442.0
2014-08-27 23:00:00,8443.0
2014-08-28 23:00:00,8228.0
2014-08-29 23:00:00,8182.0
2014-09-01 23:00:00,8108.0
2014-09-02 23:00:00,8138.0
2014-09-03 23:00:00,8500.0
2014-09-04 23:00:00,8594.0
2014-09-05 23:00:00,8683.0
2014-09-08 23:00:00,8688.0
2014-09-09 23:00:00,8778.0
2014-09-10 23:00:00,8737.0
2014-09-11 23:00:00,8610.0
2014-09-12 23:00:00,8517.0
2014-09-15 23:00:00,8526.0
2014-09-16 23:00:00,8664.0
2014-09-17 23:00:00,8626.0
2014-09-18 23:00:00,8542.0
2014-09-19 23:00:00,8426.0
2014-09-22 23:00:00,8326.0
2014-09-23 23:00:00,8427.0
2014-09-24 23:00:00,8472.0
2014-09-25 23:00:00,8463.0
2014-09-26 23:00:00,8480.0
2014-09-29 23:00:00,8362.0
2014-09-30 23:00:00,8374.0
2014-10-01 23:00:00,8282.0
2014-10-02 23:00:00,8153.0
2014-10-03 23:00:00,8146.0
2014-10-06 23:00:00,8314.0
2014-10-07 23:00:00,8277.0
2014-10-08 23:00:00,8151.0
2014-10-09 23:00:00,8188.0
2014-10-10 23:00:00,8162.0
2014-10-13 23:00:00,8221.0
2014-10-14 23:00:00,8202.0
2014-10-15 23:00:00,8142.0
2014-10-16 23:00:00,8019.0
2014-10-17 23:00:00,8144.0
2014-10-20 23:00:00,8110.0
2014-10-21 23:00:00,8302.0
2014-10-22 23:00:00,8262.0
2014-10-23 23:00:00,8233.0
2014-10-24 23:00:00,8263.0
2014-10-27 23:00:00,8313.0
2014-10-28 23:00:00,8405.0
2014-10-29 23:00:00,8387.0
2014-10-30 23:00:00,8265.0
2014-10-31 23:00:00,8295.0
2014-11-03 23:00:00,8206.0
2014-11-05 23:00:00,8092.0
2014-11-06 23:00:00,7968.0
2014-11-07 23:00:00,8167.0
2014-11-10 23:00:00,8317.0
2014-11-11 23:00:00,8269.0
2014-11-12 23:00:00,8152.0
2014-11-13 23:00:00,8002.0
2014-11-14 23:00:00,7917.0
2014-11-17 23:00:00,7865.0
2014-11-18 23:00:00,7992.0
2014-11-19 23:00:00,7922.0
2014-11-20 23:00:00,7965.0
2014-11-21 23:00:00,8052.0
2014-11-24 23:00:00,7979.0
2014-11-25 23:00:00,7989.0
2014-11-26 23:00:00,7921.0
2014-11-27 23:00:00,7842.0
2014-11-28 23:00:00,7796.0
2014-12-01 23:00:00,7794.0
2014-12-02 23:00:00,7738.0
2014-12-03 23:00:00,7780.0
2014-12-04 23:00:00,7679.0
2014-12-05 23:00:00,7563.0
2014-12-08 23:00:00,7384.0
2014-12-09 23:00:00,7474.0
2014-12-10 23:00:00,7578.0
2014-12-11 23:00:00,7387.0
2014-12-12 23:00:00,7250.0
2014-12-15 23:00:00,6909.0
2014-12-16 23:00:00,6441.0
2014-12-17 23:00:00,6752.0
2014-12-18 23:00:00,6979.0
2014-12-19 23:00:00,6697.0
2014-12-22 23:00:00,6556.0
2014-12-23 23:00:00,6356.0
2014-12-24 23:00:00,6300.0
2014-12-25 23:00:00,6455.0
2014-12-26 23:00:00,6392.0
2014-12-29 23:00:00,6275.0
2014-12-30 23:00:00,6186.0
2015-01-05 23:00:00,6246.0
2015-01-06 23:00:00,6352.0
2015-01-08 23:00:00,6786.0
2015-01-09 23:00:00,6700.0
2015-01-12 23:00:00,6652.0
2015-01-13 23:00:00,6499.0
2015-01-14 23:00:00,6547.0
2015-01-15 23:00:00,6566.0
2015-01-16 23:00:00,6607.0
2015-01-19 23:00:00,6578.0
2015-01-20 23:00:00,6591.0
2015-01-21 23:00:00,6698.0
2015-01-22 23:00:00,6848.0
2015-01-23 23:00:00,6926.0
2015-01-26 23:00:00,6694.0
2015-01-27 23:00:00,6739.0
2015-01-28 23:00:00,6692.0
2015-01-29 23:00:00,6686.0
2015-01-30 23:00:00,6705.0
2015-02-02 23:00:00,6634.0
2015-02-03 23:00:00,6671.0
2015-02-04 23:00:00,6612.0
2015-02-05 23:00:00,6692.0
2015-02-06 23:00:00,6812.0
2015-02-09 23:00:00,6902.0
2015-02-10 23:00:00,6859.0
2015-02-11 23:00:00,6953.0
2015-02-12 23:00:00,7197.0
2015-02-13 23:00:00,7571.0
2015-02-16 23:00:00,7624.0
2015-02-17 23:00:00,7614.0
2015-02-18 23:00:00,7884.0
2015-02-19 23:00:00,7667.0
2015-02-20 23:00:00,7745.0
2015-02-24 23:00:00,7616.0
2015-02-25 23:00:00,7566.0
2015-02-26 23:00:00,7756.0
2015-02-27 23:00:00,7715.0
2015-03-02 23:00:00,7727.0
2015-03-03 23:00:00,7729.0
2015-03-04 23:00:00,7605.0
2015-03-05 23:00:00,7652.0
2015-03-06 23:00:00,7631.0
2015-03-10 23:00:00,7367.0
2015-03-11 23:00:00,7356.0
2015-03-12 23:00:00,7285.0
2015-03-13 23:00:00,7166.0
2015-03-16 23:00:00,6973.0
2015-03-17 23:00:00,6927.0
2015-03-18 23:00:00,6964.0
2015-03-19 23:00:00,6935.0
2015-03-20 23:00:00,6977.0
2015-03-23 23:00:00,6807.0
2015-03-24 23:00:00,6815.0
2015-03-25 23:00:00,6779.0
2015-03-26 23:00:00,6672.0
2015-03-27 23:00:00,6625.0
2015-03-30 23:00:00,6766.0
2015-03-31 23:00:00,6720.0
2015-04-01 23:00:00,6883.0
2015-04-02 23:00:00,7014.0
2015-04-03 23:00:00,7029.0
2015-04-06 23:00:00,7206.0
2015-04-07 23:00:00,7241.0
2015-04-08 23:00:00,7188.0
2015-04-09 23:00:00,7320.0
2015-04-10 23:00:00,7355.0
2015-04-13 23:00:00,7488.0
2015-04-14 23:00:00,7538.0
2015-04-15 23:00:00,7579.0
2015-04-16 23:00:00,7544.0
2015-04-17 23:00:00,7330.0
2015-04-20 23:00:00,7210.0
2015-04-21 23:00:00,7323.0
2015-04-22 23:00:00,7223.0
2015-04-23 23:00:00,7347.0
2015-04-24 23:00:00,7340.0
2015-04-27 23:00:00,7376.0
2015-04-28 23:00:00,7291.0
2015-04-29 23:00:00,7228.0
2015-04-30 23:00:00,7212.0
2015-05-05 23:00:00,7418.0
2015-05-06 23:00:00,7450.0
2015-05-07 23:00:00,7313.0
2015-05-08 23:00:00,7270.0
2015-05-12 23:00:00,7196.0
2015-05-13 23:00:00,7254.0
2015-05-14 23:00:00,7234.0
2015-05-15 23:00:00,7220.0
2015-05-18 23:00:00,7242.0
2015-05-19 23:00:00,7169.0
2015-05-20 23:00:00,7102.0
2015-05-21 23:00:00,7168.0
2015-05-22 23:00:00,7136.0
2015-05-25 23:00:00,7103.0
2015-05-26 23:00:00,7100.0
2015-05-27 23:00:00,6998.0
2015-05-28 23:00:00,6964.0
2015-05-29 23:00:00,7028.0
2015-06-01 23:00:00,6972.0
2015-06-02 23:00:00,7126.0
2015-06-03 23:00:00,7029.0
2015-06-04 23:00:00,6935.0
2015-06-05 23:00:00,6971.0
2015-06-08 23:00:00,6922.0
2015-06-09 23:00:00,6916.0
2015-06-10 23:00:00,7003.0
2015-06-11 23:00:00,7014.0
2015-06-15 23:00:00,7123.0
2015-06-16 23:00:00,7306.0
2015-06-17 23:00:00,7198.0
2015-06-18 23:00:00,7198.0
2015-06-19 23:00:00,7116.0
2015-06-22 23:00:00,7111.0
2015-06-23 23:00:00,7147.0
2015-06-24 23:00:00,7205.0
2015-06-25 23:00:00,7187.0
2015-06-26 23:00:00,7135.0
2015-06-29 23:00:00,6990.0
2015-06-30 23:00:00,7038.0
2015-07-01 23:00:00,6977.0
2015-07-02 23:00:00,7006.0
2015-07-03 23:00:00,7008.0
2015-07-06 23:00:00,6872.0
2015-07-07 23:00:00,6925.0
2015-07-08 23:00:00,6823.0
2015-07-09 23:00:00,7012.0
2015-07-10 23:00:00,7091.0
2015-07-13 23:00:00,7186.0
2015-07-14 23:00:00,7273.0
2015-07-15 23:00:00,7282.0
2015-07-16 23:00:00,7273.0
2015-07-17 23:00:00,7280.0
2015-07-20 23:00:00,7242.0
2015-07-21 23:00:00,7306.0
2015-07-22 23:00:00,7304.0
2015-07-23 23:00:00,7246.0
2015-07-24 23:00:00,7123.0
2015-07-27 23:00:00,6991.0
2015-07-28 23:00:00,7034.0
2015-07-29 23:00:00,7197.0
2015-07-30 23:00:00,7258.0
2015-07-31 23:00:00,7257.0
2015-08-03 23:00:00,7226.0
2015-08-04 23:00:00,7298.0
2015-08-05 23:00:00,7385.0
2015-08-06 23:00:00,7344.0
2015-08-07 23:00:00,7435.0
2015-08-10 23:00:00,7534.0
2015-08-11 23:00:00,7424.0
2015-08-12 23:00:00,7447.0
2015-08-13 23:00:00,7474.0
2015-08-14 23:00:00,7529.0
2015-08-17 23:00:00,7460.0
2015-08-18 23:00:00,7438.0
2015-08-19 23:00:00,7298.0
2015-08-20 23:00:00,7337.0
2015-08-21 23:00:00,7197.0
2015-08-24 23:00:00,7081.0
2015-08-25 23:00:00,7218.0
2015-08-26 23:00:00,7285.0
2015-08-27 23:00:00,7443.0
2015-08-28 23:00:00,7522.0
2015-08-31 23:00:00,7504.0
2015-09-01 23:00:00,7457.0
2015-09-02 23:00:00,7481.0
2015-09-03 23:00:00,7433.0
2015-09-04 23:00:00,7424.0
2015-09-07 23:00:00,7408.0
2015-09-08 23:00:00,7455.0
2015-09-09 23:00:00,7477.0
2015-09-10 23:00:00,7460.0
2015-09-11 23:00:00,7473.0
2015-09-14 23:00:00,7508.0
2015-09-15 23:00:00,7572.0
2015-09-16 23:00:00,7775.0
2015-09-17 23:00:00,7836.0
2015-09-18 23:00:00,7802.0
2015-09-21 23:00:00,7840.0
2015-09-22 23:00:00,7753.0
2015-09-23 23:00:00,7653.0
2015-09-24 23:00:00,7646.0
2015-09-25 23:00:00,7838.0
2015-09-28 23:00:00,7862.0
2015-09-29 23:00:00,7806.0
2015-09-30 23:00:00,7887.0
2015-10-01 23:00:00,7834.0
2015-10-02 23:00:00,7844.0
2015-10-05 23:00:00,7952.0
2015-10-06 23:00:00,7987.0
2015-10-07 23:00:00,8289.0
2015-10-08 23:00:00,8517.0
2015-10-09 23:00:00,8695.0
2015-10-12 23:00:00,8699.0
2015-10-13 23:00:00,8673.0
2015-10-14 23:00:00,8705.0
2015-10-15 23:00:00,8842.0
2015-10-16 23:00:00,8899.0
2015-10-19 23:00:00,8667.0
2015-10-20 23:00:00,8632.0
2015-10-21 23:00:00,8467.0
2015-10-22 23:00:00,8503.0
2015-10-23 23:00:00,8779.0
2015-10-26 23:00:00,8847.0
2015-10-27 23:00:00,8638.0
2015-10-28 23:00:00,8791.0
2015-10-29 23:00:00,8804.0
2015-10-30 23:00:00,8906.0
2015-11-02 23:00:00,9054.0
2015-11-03 23:00:00,9102.0
2015-11-05 23:00:00,9112.0
2015-11-06 23:00:00,8973.0
2015-11-09 23:00:00,8834.0
2015-11-10 23:00:00,8913.0
2015-11-11 23:00:00,8844.0
2015-11-12 23:00:00,8887.0
2015-11-13 23:00:00,9014.0
2015-11-16 23:00:00,9187.0
2015-11-17 23:00:00,9559.0
2015-11-18 23:00:00,9656.0
2015-11-19 23:00:00,9687.0
2015-11-20 23:00:00,9773.0
2015-11-23 23:00:00,10008.0
2015-11-24 23:00:00,9709.0
2015-11-25 23:00:00,9926.0
2015-11-26 23:00:00,9817.0
2015-11-27 23:00:00,9788.0
2015-11-30 23:00:00,9618.0
2015-12-01 23:00:00,9497.0
2015-12-02 23:00:00,9521.0
2015-12-03 23:00:00,9533.0
2015-12-04 23:00:00,9316.0
2015-12-07 23:00:00,9373.0
2015-12-08 23:00:00,9126.0
2015-12-09 23:00:00,9281.0
2015-12-10 23:00:00,9294.0
2015-12-11 23:00:00,9145.0
2015-12-14 23:00:00,8914.0
2015-12-15 23:00:00,9152.0
2015-12-16 23:00:00,9264.0
2015-12-17 23:00:00,9374.0
2015-12-18 23:00:00,9039.0
2015-12-21 23:00:00,9075.0
2015-12-22 23:00:00,9242.0
2015-12-23 23:00:00,9557.0
2015-12-24 23:00:00,9570.0
2015-12-25 23:00:00,9522.0
2015-12-28 23:00:00,9504.0
2015-12-29 23:00:00,9680.0
2015-12-30 23:00:00,9634.0
2016-01-04 23:00:00,9336.0
2016-01-05 23:00:00,9415.0
2016-01-06 23:00:00,9227.0
2016-01-11 23:00:00,8856.0
2016-01-12 23:00:00,8875.0
2016-01-13 23:00:00,8987.0
2016-01-14 23:00:00,9069.0
2016-01-15 23:00:00,8644.0
2016-01-18 23:00:00,8585.0
2016-01-19 23:00:00,8560.0
2016-01-20 23:00:00,8320.0
2016-01-21 23:00:00,8472.0
2016-01-22 23:00:00,8820.0
2016-01-25 23:00:00,8632.0
2016-01-26 23:00:00,8690.0
2016-01-27 23:00:00,8822.0
2016-01-28 23:00:00,8819.0
2016-01-29 23:00:00,8754.0
2016-02-01 23:00:00,8877.0
2016-02-02 23:00:00,8690.0
2016-02-03 23:00:00,8729.0
2016-02-04 23:00:00,8974.0
2016-02-05 23:00:00,8989.0
2016-02-08 23:00:00,8838.0
2016-02-09 23:00:00,8744.0
2016-02-10 23:00:00,8915.0
2016-02-11 23:00:00,8717.0
2016-02-12 23:00:00,8829.0
2016-02-15 23:00:00,8846.0
2016-02-16 23:00:00,8844.0
2016-02-17 23:00:00,9023.0
2016-02-18 23:00:00,9224.0
2016-02-19 23:00:00,9092.0
2016-02-20 23:00:00,9138.0
2016-02-22 23:00:00,9224.0
2016-02-24 23:00:00,9112.0
2016-02-25 23:00:00,9268.0
2016-02-26 23:00:00,9423.0
2016-02-29 23:00:00,9477.0
2016-03-01 23:00:00,9611.0
2016-03-02 23:00:00,9425.0
2016-03-03 23:00:00,9430.0
2016-03-04 23:00:00,9524.0
2016-03-07 23:00:00,9604.0
2016-03-09 23:00:00,9549.0
2016-03-10 23:00:00,9427.0
2016-03-11 23:00:00,9553.0
2016-03-14 23:00:00,9519.0
2016-03-15 23:00:00,9415.0
2016-03-16 23:00:00,9579.0
2016-03-17 23:00:00,9694.0
2016-03-18 23:00:00,9839.0
2016-03-21 23:00:00,9815.0
2016-03-22 23:00:00,9851.0
2016-03-23 23:00:00,9740.0
2016-03-24 23:00:00,9723.0
2016-03-25 23:00:00,9812.0
2016-03-28 23:00:00,9702.0
2016-03-29 23:00:00,9592.0
2016-03-30 23:00:00,9694.0
2016-03-31 23:00:00,9663.0
2016-04-01 23:00:00,9553.0
2016-04-04 23:00:00,9404.0
2016-04-05 23:00:00,9283.0
2016-04-06 23:00:00,9423.0
2016-04-07 23:00:00,9465.0
2016-04-08 23:00:00,9678.0
2016-04-11 23:00:00,9998.0
2016-04-12 23:00:00,10002.0
2016-04-13 23:00:00,10034.0
2016-04-14 23:00:00,9940.0
2016-04-15 23:00:00,9862.0
2016-04-18 23:00:00,9904.0
2016-04-19 23:00:00,10054.0
2016-04-20 23:00:00,10104.0
2016-04-21 23:00:00,10103.0
2016-04-22 23:00:00,10191.0
2016-04-25 23:00:00,10069.0
2016-04-26 23:00:00,9991.0
2016-04-27 23:00:00,10026.0
2016-04-28 23:00:00,10142.0
2016-04-29 23:00:00,10064.0
2016-05-04 23:00:00,9941.0
2016-05-05 23:00:00,9957.0
2016-05-06 23:00:00,10038.0
2016-05-10 23:00:00,9976.0
2016-05-11 23:00:00,10109.0
2016-05-12 23:00:00,9997.0
2016-05-13 23:00:00,10005.0
2016-05-16 23:00:00,10114.0
2016-05-17 23:00:00,10075.0
2016-05-18 23:00:00,10095.0
2016-05-19 23:00:00,9919.0
2016-05-20 23:00:00,9989.0
2016-05-23 23:00:00,9932.0
2016-05-24 23:00:00,10032.0
2016-05-25 23:00:00,10146.0
2016-05-26 23:00:00,10402.0
2016-05-27 23:00:00,10565.0
2016-05-30 23:00:00,10652.0
2016-05-31 23:00:00,10849.0
2016-06-01 23:00:00,10712.0
2016-06-02 23:00:00,10767.0
2016-06-03 23:00:00,10685.0
2016-06-06 23:00:00,10882.0
2016-06-07 23:00:00,11397.0
2016-06-08 23:00:00,11380.0
2016-06-09 23:00:00,11359.0
2016-06-10 23:00:00,11210.0
2016-06-14 23:00:00,10606.0
2016-06-15 23:00:00,10850.0
2016-06-16 23:00:00,10605.0
2016-06-17 23:00:00,10810.0
2016-06-20 23:00:00,10922.0
2016-06-21 23:00:00,10940.0
2016-06-22 23:00:00,11070.0
2016-06-23 23:00:00,11369.0
2016-06-24 23:00:00,10947.0
2016-06-27 23:00:00,10523.0
2016-06-28 23:00:00,10692.0
2016-06-29 23:00:00,10874.0
2016-06-30 23:00:00,10827.0
2016-07-01 23:00:00,10870.0
2016-07-04 23:00:00,10904.0
2016-07-05 23:00:00,10690.0
2016-07-06 23:00:00,10625.0
2016-07-07 23:00:00,10747.0
2016-07-08 23:00:00,10944.0
2016-07-11 23:00:00,11096.0
2016-07-12 23:00:00,11268.0
2016-07-13 23:00:00,11365.0
2016-07-14 23:00:00,11474.0
2016-07-15 23:00:00,11329.0
2016-07-18 23:00:00,11402.0
2016-07-19 23:00:00,11394.0
2016-07-20 23:00:00,11455.0
2016-07-21 23:00:00,11416.0
2016-07-22 23:00:00,11388.0
2016-07-25 23:00:00,11250.0
2016-07-26 23:00:00,11273.0
2016-07-27 23:00:00,11225.0
2016-07-28 23:00:00,11331.0
2016-07-29 23:00:00,11605.0
2016-08-01 23:00:00,11571.0
2016-08-02 23:00:00,11372.0
2016-08-03 23:00:00,11418.0
2016-08-04 23:00:00,11430.0
2016-08-05 23:00:00,11483.0
2016-08-08 23:00:00,11573.0
2016-08-09 23:00:00,11606.0
2016-08-10 23:00:00,11487.0
2016-08-11 23:00:00,11631.0
2016-08-12 23:00:00,11574.0
2016-08-15 23:00:00,11614.0
2016-08-16 23:00:00,11540.0
2016-08-17 23:00:00,11587.0
2016-08-18 23:00:00,11538.0
2016-08-19 23:00:00,11496.0
2016-08-22 23:00:00,11580.0
2016-08-23 23:00:00,11756.0
2016-08-24 23:00:00,11659.0
2016-08-25 23:00:00,11925.0
2016-08-26 23:00:00,12029.0
2016-08-29 23:00:00,12008.0
2016-08-30 23:00:00,11899.0
2016-08-31 23:00:00,11892.0
2016-09-01 23:00:00,11970.0
2016-09-02 23:00:00,12061.0
2016-09-05 23:00:00,12252.0
2016-09-06 23:00:00,12419.0
2016-09-07 23:00:00,12748.0
2016-09-08 23:00:00,12522.0
2016-09-09 23:00:00,12399.0
2016-09-12 23:00:00,12392.0
2016-09-13 23:00:00,12340.0
2016-09-14 23:00:00,12290.0
2016-09-15 23:00:00,12266.0
2016-09-16 23:00:00,12096.0
2016-09-19 23:00:00,12191.0
2016-09-20 23:00:00,12234.0
2016-09-21 23:00:00,12322.0
2016-09-22 23:00:00,12634.0
2016-09-23 23:00:00,12407.0
2016-09-26 23:00:00,12364.0
2016-09-27 23:00:00,12321.0
2016-09-28 23:00:00,12365.0
2016-09-29 23:00:00,12377.0
2016-09-30 23:00:00,12106.0
2016-10-03 23:00:00,12370.0
2016-10-04 23:00:00,12290.0
2016-10-05 23:00:00,12313.0
2016-10-06 23:00:00,12550.0
2016-10-07 23:00:00,12529.0
2016-10-10 23:00:00,12805.0
2016-10-11 23:00:00,12828.0
2016-10-12 23:00:00,12687.0
2016-10-13 23:00:00,12522.0
2016-10-14 23:00:00,12492.0
2016-10-17 23:00:00,12478.0
2016-10-18 23:00:00,12526.0
2016-10-19 23:00:00,12622.0
2016-10-20 23:00:00,12560.0
2016-10-21 23:00:00,12596.0
2016-10-24 23:00:00,12675.0
2016-10-25 23:00:00,12691.0
2016-10-26 23:00:00,12577.0
2016-10-27 23:00:00,12604.0
2016-10-28 23:00:00,12633.0
2016-10-31 23:00:00,12559.0
2016-11-01 23:00:00,12455.0
2016-11-02 23:00:00,12196.0
2016-11-03 23:00:00,12050.0
2016-11-07 23:00:00,12036.0
2016-11-08 23:00:00,12043.0
2016-11-09 23:00:00,12375.0
2016-11-10 23:00:00,12535.0
2016-11-11 23:00:00,12695.0
2016-11-14 23:00:00,12659.0
2016-11-15 23:00:00,12519.0
2016-11-16 23:00:00,12552.0
2016-11-17 23:00:00,12385.0
2016-11-18 23:00:00,12467.0
2016-11-21 23:00:00,12558.0
2016-11-22 23:00:00,12697.0
2016-11-23 23:00:00,12777.0
2016-11-24 23:00:00,13159.0
2016-11-25 23:00:00,13071.0
2016-11-28 23:00:00,13055.0
2016-11-29 23:00:00,12892.0
2016-11-30 23:00:00,12976.0
2016-12-01 23:00:00,12895.0
2016-12-02 23:00:00,12934.0
2016-12-05 23:00:00,13142.0
2016-12-06 23:00:00,12938.0
2016-12-07 23:00:00,13103.0
2016-12-08 23:00:00,13652.0
2016-12-09 23:00:00,13483.0
2016-12-12 23:00:00,13965.0
2016-12-13 23:00:00,14158.0
2016-12-14 23:00:00,14108.0
2016-12-15 23:00:00,14283.0
2016-12-16 23:00:00,14188.0
2016-12-19 23:00:00,14147.0
2016-12-20 23:00:00,14198.0
2016-12-21 23:00:00,14249.0
2016-12-22 23:00:00,13994.0
2016-12-23 23:00:00,14095.0
2016-12-26 23:00:00,14101.0
2016-12-27 23:00:00,14153.0
2016-12-28 23:00:00,14150.0
2016-12-29 23:00:00,14325.0
2016-12-30 23:00:00,14331.0
2017-01-03 23:00:00,14881.0
2017-01-04 23:00:00,14694.0
2017-01-05 23:00:00,14632.0
2017-01-06 23:00:00,14485.0
2017-01-09 23:00:00,14236.0
2017-01-10 23:00:00,14316.0
2017-01-11 23:00:00,14123.0
2017-01-12 23:00:00,14093.0
2017-01-13 23:00:00,13658.0
2017-01-16 23:00:00,13518.0
2017-01-17 23:00:00,13550.0
2017-01-18 23:00:00,13614.0
2017-01-19 23:00:00,13711.0
2017-01-20 23:00:00,13844.0
2017-01-23 23:00:00,13671.0
2017-01-24 23:00:00,13961.0
2017-01-25 23:00:00,14011.0
2017-01-26 23:00:00,14202.0
2017-01-27 23:00:00,14415.0
2017-01-30 23:00:00,14185.0
2017-01-31 23:00:00,14048.0
2017-02-01 23:00:00,14133.0
2017-02-02 23:00:00,14082.0
2017-02-03 23:00:00,14197.0
2017-02-06 23:00:00,14214.0
2017-02-07 23:00:00,14209.0
2017-02-08 23:00:00,14039.0
2017-02-09 23:00:00,13963.0
2017-02-10 23:00:00,13873.0
2017-02-13 23:00:00,13858.0
2017-02-14 23:00:00,13681.0
2017-02-15 23:00:00,13733.0
2017-02-16 23:00:00,13688.0
2017-02-17 23:00:00,13577.0
2017-02-20 23:00:00,13597.0
2017-02-21 23:00:00,13780.0
2017-02-22 23:00:00,13836.0
2017-02-24 23:00:00,13729.0
2017-02-27 23:00:00,13224.0
2017-02-28 23:00:00,13013.0
2017-03-01 23:00:00,13391.0
2017-03-02 23:00:00,13571.0
2017-03-03 23:00:00,13352.0
2017-03-06 23:00:00,13143.0
2017-03-07 23:00:00,12993.0
2017-03-09 23:00:00,12854.0
2017-03-10 23:00:00,12794.0
2017-03-13 23:00:00,12865.0
2017-03-14 23:00:00,12819.0
2017-03-15 23:00:00,12773.0
2017-03-16 23:00:00,13187.0
2017-03-17 23:00:00,13318.0
2017-03-20 23:00:00,13580.0
2017-03-21 23:00:00,13455.0
2017-03-22 23:00:00,13502.0
2017-03-23 23:00:00,13625.0
2017-03-24 23:00:00,13484.0
2017-03-27 23:00:00,13288.0
2017-03-28 23:00:00,13348.0
2017-03-29 23:00:00,13331.0
2017-03-30 23:00:00,13278.0
2017-03-31 23:00:00,13015.0
2017-04-03 23:00:00,13071.0
2017-04-04 23:00:00,13336.0
2017-04-05 23:00:00,13453.0
2017-04-06 23:00:00,13486.0
2017-04-07 23:00:00,13216.0
2017-04-10 23:00:00,12748.0
2017-04-11 23:00:00,12738.0
2017-04-12 23:00:00,12278.0
2017-04-13 23:00:00,12235.0
2017-04-14 23:00:00,12016.0
2017-04-17 23:00:00,12453.0
2017-04-18 23:00:00,12275.0
2017-04-19 23:00:00,12216.0
2017-04-20 23:00:00,12510.0
2017-04-21 23:00:00,12773.0
2017-04-24 23:00:00,13059.0
2017-04-25 23:00:00,13090.0
2017-04-26 23:00:00,13315.0
2017-04-27 23:00:00,13228.0
2017-04-28 23:00:00,13368.0
2017-05-02 23:00:00,13578.0
2017-05-03 23:00:00,13441.0
2017-05-04 23:00:00,13464.0
2017-05-05 23:00:00,13519.0
2017-05-10 23:00:00,13778.0
2017-05-11 23:00:00,13503.0
2017-05-12 23:00:00,13433.0
2017-05-15 23:00:00,13820.0
2017-05-16 23:00:00,13883.0
2017-05-17 23:00:00,13824.0
2017-05-18 23:00:00,13567.0
2017-05-19 23:00:00,13824.0
2017-05-22 23:00:00,13859.0
2017-05-23 23:00:00,13863.0
2017-05-24 23:00:00,13960.0
2017-05-25 23:00:00,13774.0
2017-05-26 23:00:00,13643.0
2017-05-29 23:00:00,13720.0
2017-05-30 23:00:00,13601.0
2017-05-31 23:00:00,13118.0
2017-06-01 23:00:00,13217.0
2017-06-02 23:00:00,13342.0
2017-06-05 23:00:00,13122.0
2017-06-06 23:00:00,12943.0
2017-06-07 23:00:00,13019.0
2017-06-08 23:00:00,12874.0
2017-06-09 23:00:00,12814.0
2017-06-13 23:00:00,12823.0
2017-06-14 23:00:00,12580.0
2017-06-15 23:00:00,12232.0
2017-06-16 23:00:00,12377.0
2017-06-19 23:00:00,12587.0
2017-06-20 23:00:00,12671.0
2017-06-21 23:00:00,12782.0
2017-06-22 23:00:00,12642.0
2017-06-23 23:00:00,12604.0
2017-06-26 23:00:00,12481.0
2017-06-27 23:00:00,12630.0
2017-06-28 23:00:00,12664.0
2017-06-29 23:00:00,12612.0
2017-06-30 23:00:00,13098.0
2017-07-03 23:00:00,13197.0
2017-07-04 23:00:00,13468.0
2017-07-05 23:00:00,13656.0
2017-07-06 23:00:00,13524.0
2017-07-07 23:00:00,13671.0
2017-07-10 23:00:00,13871.0
2017-07-11 23:00:00,14031.0
2017-07-12 23:00:00,14508.0
2017-07-13 23:00:00,14593.0
2017-07-14 23:00:00,14651.0
2017-07-17 23:00:00,14530.0
2017-07-18 23:00:00,14431.0
2017-07-19 23:00:00,14606.0
2017-07-20 23:00:00,14550.0
2017-07-21 23:00:00,14471.0
2017-07-24 23:00:00,14487.0
2017-07-25 23:00:00,14500.0
2017-07-26 23:00:00,14651.0
2017-07-27 23:00:00,14831.0
2017-07-28 23:00:00,14741.0
2017-07-31 23:00:00,14603.0
2017-08-01 23:00:00,14615.0
2017-08-02 23:00:00,14976.0
2017-08-03 23:00:00,14922.0
2017-08-04 23:00:00,14960.0
2017-08-07 23:00:00,15081.0
2017-08-08 23:00:00,15365.0
2017-08-09 23:00:00,15227.0
2017-08-10 23:00:00,15123.0
2017-08-11 23:00:00,15187.0
2017-08-14 23:00:00,15199.0
2017-08-15 23:00:00,15202.0
2017-08-16 23:00:00,15134.0
2017-08-17 23:00:00,15097.0
2017-08-18 23:00:00,14940.0
2017-08-21 23:00:00,15093.0
2017-08-22 23:00:00,15199.0
2017-08-23 23:00:00,15377.0
2017-08-24 23:00:00,15720.0
2017-08-25 23:00:00,15927.0
2017-08-28 23:00:00,16109.0
2017-08-29 23:00:00,16001.0
2017-08-30 23:00:00,16407.0
2017-08-31 23:00:00,16771.0
2017-09-01 23:00:00,16777.0
2017-09-04 23:00:00,16790.0
2017-09-05 23:00:00,16886.0
2017-09-06 23:00:00,16845.0
2017-09-07 23:00:00,17093.0
2017-09-08 23:00:00,17134.0
2017-09-11 23:00:00,17192.0
2017-09-12 23:00:00,17005.0
2017-09-13 23:00:00,16916.0
2017-09-14 23:00:00,16902.0
2017-09-15 23:00:00,16911.0
2017-09-18 23:00:00,16872.0
2017-09-19 23:00:00,16636.0
2017-09-20 23:00:00,16756.0
2017-09-21 23:00:00,16773.0
2017-09-22 23:00:00,16647.0
2017-09-25 23:00:00,16761.0
2017-09-26 23:00:00,16764.0
2017-09-27 23:00:00,16720.0
2017-09-28 23:00:00,16523.0
2017-09-29 23:00:00,16496.0
2017-10-02 23:00:00,16649.0
2017-10-03 23:00:00,16658.0
2017-10-04 23:00:00,16814.0
2017-10-05 23:00:00,16913.0
2017-10-06 23:00:00,16897.0
2017-10-09 23:00:00,16909.0
2017-10-10 23:00:00,16682.0
2017-10-11 23:00:00,16838.0
2017-10-12 23:00:00,16723.0
2017-10-13 23:00:00,16840.0
2017-10-16 23:00:00,17204.0
2017-10-17 23:00:00,17069.0
2017-10-18 23:00:00,17061.0
2017-10-19 23:00:00,16731.0
2017-10-20 23:00:00,16920.0
2017-10-23 23:00:00,16865.0
2017-10-24 23:00:00,16858.0
2017-10-25 23:00:00,16768.0
2017-10-26 23:00:00,16783.0
2017-10-27 23:00:00,16830.0
2017-10-30 23:00:00,16796.0
2017-10-31 23:00:00,16610.0
2017-11-01 23:00:00,16746.0
2017-11-02 23:00:00,16744.0
2017-11-03 23:00:00,16835.0
2017-11-07 23:00:00,17922.0
2017-11-08 23:00:00,18614.0
2017-11-09 23:00:00,19811.0
2017-11-10 23:00:00,19764.0
2017-11-13 23:00:00,19606.0
2017-11-14 23:00:00,19793.0
2017-11-15 23:00:00,19802.0
2017-11-16 23:00:00,19383.0
2017-11-17 23:00:00,19352.0
2017-11-20 23:00:00,19305.0
2017-11-21 23:00:00,19906.0
2017-11-22 23:00:00,19962.0
2017-11-23 23:00:00,19589.0
2017-11-24 23:00:00,19948.0
2017-11-27 23:00:00,19835.0
2017-11-28 23:00:00,19984.0
2017-11-29 23:00:00,19677.0
2017-11-30 23:00:00,19278.0
2017-12-01 23:00:00,19194.0
2017-12-04 23:00:00,19170.0
2017-12-05 23:00:00,19193.0
2017-12-06 23:00:00,19224.0
2017-12-07 23:00:00,18909.0
2017-12-08 23:00:00,19127.0
2017-12-11 23:00:00,19864.0
2017-12-12 23:00:00,20210.0
2017-12-13 23:00:00,19624.0
2017-12-14 23:00:00,20004.0
2017-12-15 23:00:00,19698.0
2017-12-18 23:00:00,19745.0
2017-12-19 23:00:00,19720.0
2017-12-20 23:00:00,19781.0
2017-12-21 23:00:00,19648.0
2017-12-22 23:00:00,19581.0
2017-12-25 23:00:00,19605.0
2017-12-26 23:00:00,19595.0
2017-12-27 23:00:00,19803.0
2017-12-28 23:00:00,19550.0
2017-12-29 23:00:00,19629.0
2018-01-03 23:00:00,20300.0
2018-01-04 23:00:00,20903.0
2018-01-05 23:00:00,20939.0
2018-01-09 23:00:00,20640.0
2018-01-10 23:00:00,20351.0
2018-01-11 23:00:00,20561.0
2018-01-12 23:00:00,20569.0
2018-01-15 23:00:00,20715.0
2018-01-16 23:00:00,20668.0
2018-01-17 23:00:00,20692.0
2018-01-18 23:00:00,21081.0
2018-01-19 23:00:00,20902.0
2018-01-22 23:00:00,20862.0
2018-01-23 23:00:00,20854.0
2018-01-24 23:00:00,21025.0
2018-01-25 23:00:00,21414.0
2018-01-26 23:00:00,21347.0
2018-01-29 23:00:00,21537.0
2018-01-30 23:00:00,21930.0
2018-01-31 23:00:00,22330.0
2018-02-01 23:00:00,21895.0
2018-02-02 23:00:00,21410.0
2018-02-05 23:00:00,21409.0
2018-02-06 23:00:00,21591.0
2018-02-07 23:00:00,21535.0
2018-02-08 23:00:00,21129.0
2018-02-09 23:00:00,20808.0
2018-02-12 23:00:00,21189.0
2018-02-13 23:00:00,21352.0
2018-02-14 23:00:00,21574.0
2018-02-15 23:00:00,21933.0
2018-02-16 23:00:00,21823.0
2018-02-19 23:00:00,21554.0
2018-02-20 23:00:00,22031.0
2018-02-21 23:00:00,22817.0
2018-02-22 23:00:00,23274.0
2018-02-26 23:00:00,23631.0
2018-02-27 23:00:00,23409.0
2018-02-28 23:00:00,23027.0
2018-03-01 23:00:00,23076.0
2018-03-02 23:00:00,22827.0
2018-03-05 23:00:00,23293.0
2018-03-06 23:00:00,22820.0
2018-03-07 23:00:00,22784.0
2018-03-09 23:00:00,22883.0
2018-03-12 23:00:00,22962.0
2018-03-13 23:00:00,22873.0
2018-03-14 23:00:00,22071.0
2018-03-15 23:00:00,21567.0
2018-03-16 23:00:00,21956.0
2018-03-19 23:00:00,21639.0
2018-03-20 23:00:00,21513.0
2018-03-21 23:00:00,22844.0
2018-03-22 23:00:00,22681.0
2018-03-23 23:00:00,22738.0
2018-03-26 23:00:00,22255.0
2018-03-27 23:00:00,22722.0
2018-03-28 23:00:00,22276.0
2018-03-29 23:00:00,22306.0
2018-03-30 23:00:00,22389.0
2018-04-02 23:00:00,22076.0
2018-04-03 23:00:00,22117.0
2018-04-04 23:00:00,22209.0
2018-04-05 23:00:00,22854.0
2018-04-06 23:00:00,22427.0
2018-04-09 23:00:00,20235.0
2018-04-10 23:00:00,19606.0
2018-04-11 23:00:00,19077.0
2018-04-12 23:00:00,19471.0
2018-04-13 23:00:00,18966.0
2018-04-16 23:00:00,18162.0
2018-04-17 23:00:00,19181.0
2018-04-18 23:00:00,20118.0
2018-04-19 23:00:00,19894.0
2018-04-20 23:00:00,19937.0
2018-04-23 23:00:00,20689.0
2018-04-24 23:00:00,20830.0
2018-04-25 23:00:00,20470.0
2018-04-26 23:00:00,20469.0
2018-04-27 23:00:00,20578.0
2018-04-28 23:00:00,20531.0
2018-04-30 23:00:00,20625.0
2018-05-02 23:00:00,20664.0
2018-05-03 23:00:00,20586.0
2018-05-04 23:00:00,20658.0
2018-05-07 23:00:00,20709.0
2018-05-08 23:00:00,20370.0
2018-05-10 23:00:00,20920.0
2018-05-11 23:00:00,21160.0
2018-05-14 23:00:00,21328.0
2018-05-15 23:00:00,20935.0
2018-05-16 23:00:00,20989.0
2018-05-17 23:00:00,20727.0
2018-05-18 23:00:00,20498.0
2018-05-21 23:00:00,20814.0
2018-05-22 23:00:00,20801.0
2018-05-23 23:00:00,20493.0
2018-05-24 23:00:00,20565.0
2018-05-25 23:00:00,20601.0
2018-05-28 23:00:00,20612.0
2018-05-29 23:00:00,20276.0
2018-05-30 23:00:00,20435.0
2018-05-31 23:00:00,20487.0
2018-06-01 23:00:00,20482.0
2018-06-04 23:00:00,20370.0
2018-06-05 23:00:00,20031.0
2018-06-06 23:00:00,20170.0
2018-06-07 23:00:00,20174.0
2018-06-08 23:00:00,19863.0
2018-06-09 23:00:00,19807.0
2018-06-11 23:00:00,19681.0
2018-06-13 23:00:00,19874.0
2018-06-14 23:00:00,19835.0
2018-06-15 23:00:00,19412.0
2018-06-18 23:00:00,19313.0
2018-06-19 23:00:00,19203.0
2018-06-20 23:00:00,19679.0
2018-06-21 23:00:00,19587.0
2018-06-22 23:00:00,19932.0
2018-06-25 23:00:00,19828.0
2018-06-26 23:00:00,19644.0
2018-06-27 23:00:00,20197.0
2018-06-28 23:00:00,20178.0
2018-06-29 23:00:00,20500.0
2018-07-02 23:00:00,20420.0
2018-07-03 23:00:00,20212.0
2018-07-04 23:00:00,20190.0
2018-07-05 23:00:00,20489.0
2018-07-06 23:00:00,20649.0
2018-07-09 23:00:00,21040.0
2018-07-10 23:00:00,21273.0
2018-07-11 23:00:00,20966.0
2018-07-12 23:00:00,21049.0
2018-07-13 23:00:00,21056.0
2018-07-16 23:00:00,20874.0
2018-07-17 23:00:00,20504.0
2018-07-18 23:00:00,20129.0
2018-07-19 23:00:00,19542.0
2018-07-20 23:00:00,19218.0
2018-07-23 23:00:00,19701.0
2018-07-24 23:00:00,20132.0
2018-07-25 23:00:00,19987.0
2018-07-26 23:00:00,19745.0
2018-07-27 23:00:00,19717.0
2018-07-30 23:00:00,19869.0
2018-07-31 23:00:00,19985.0
2018-08-01 23:00:00,19763.0
2018-08-02 23:00:00,19423.0
2018-08-03 23:00:00,19246.0
2018-08-06 23:00:00,19484.0
2018-08-07 23:00:00,19332.0
2018-08-08 23:00:00,18602.0
2018-08-09 23:00:00,18665.0
2018-08-10 23:00:00,17912.0
2018-08-13 23:00:00,17942.0
2018-08-14 23:00:00,18032.0
2018-08-15 23:00:00,17837.0
2018-08-16 23:00:00,18100.0
2018-08-17 23:00:00,17869.0
2018-08-20 23:00:00,18067.0
2018-08-21 23:00:00,18121.0
2018-08-22 23:00:00,17880.0
2018-08-23 23:00:00,17335.0
2018-08-24 23:00:00,17364.0
2018-08-27 23:00:00,17747.0
2018-08-28 23:00:00,17728.0
2018-08-29 23:00:00,17716.0
2018-08-30 23:00:00,17242.0
2018-08-31 23:00:00,17506.0
2018-09-03 23:00:00,17394.0
2018-09-04 23:00:00,17270.0
2018-09-05 23:00:00,17106.0
2018-09-06 23:00:00,16788.0
2018-09-07 23:00:00,16765.0
2018-09-10 23:00:00,16364.0
2018-09-11 23:00:00,16094.0
2018-09-12 23:00:00,16358.0
2018-09-13 23:00:00,17144.0
2018-09-14 23:00:00,17525.0
2018-09-17 23:00:00,17513.0
2018-09-18 23:00:00,17971.0
2018-09-19 23:00:00,18110.0
2018-09-20 23:00:00,18115.0
2018-09-21 23:00:00,18168.0
2018-09-24 23:00:00,18572.0
2018-09-25 23:00:00,18179.0
2018-09-26 23:00:00,18321.0
2018-09-27 23:00:00,18716.0
2018-09-28 23:00:00,18666.0
2018-10-01 23:00:00,18686.0
2018-10-02 23:00:00,18320.0
2018-10-03 23:00:00,18237.0
2018-10-04 23:00:00,17660.0
2018-10-05 23:00:00,17782.0
2018-10-08 23:00:00,18086.0
2018-10-09 23:00:00,18197.0
2018-10-10 23:00:00,17973.0
2018-10-11 23:00:00,17690.0
2018-10-12 23:00:00,18116.0
2018-10-15 23:00:00,18036.0
2018-10-16 23:00:00,18356.0
2018-10-17 23:00:00,18083.0
2018-10-18 23:00:00,17848.0
2018-10-19 23:00:00,17504.0
2018-10-22 23:00:00,17154.0
2018-10-23 23:00:00,17303.0
2018-10-24 23:00:00,17768.0
2018-10-25 23:00:00,17513.0
2018-10-26 23:00:00,17099.0
2018-10-29 23:00:00,17581.0
2018-10-30 23:00:00,17551.0
2018-10-31 23:00:00,17797.0
2018-11-01 23:00:00,17745.0
2018-11-02 23:00:00,18002.0
2018-11-06 23:00:00,18354.0
2018-11-07 23:00:00,18738.0
2018-11-08 23:00:00,18703.0
2018-11-09 23:00:00,18354.0
2018-11-12 23:00:00,18518.0
2018-11-13 23:00:00,18499.0
2018-11-14 23:00:00,18794.0
2018-11-15 23:00:00,18757.0
2018-11-16 23:00:00,18692.0
2018-11-19 23:00:00,18549.0
2018-11-20 23:00:00,18303.0
2018-11-21 23:00:00,18523.0
2018-11-22 23:00:00,18636.0
2018-11-23 23:00:00,18490.0
2018-11-26 23:00:00,17958.0
2018-11-27 23:00:00,18109.0
2018-11-28 23:00:00,18046.0
2018-11-29 23:00:00,18423.0
2018-11-30 23:00:00,18266.0
2018-12-03 23:00:00,18694.0
2018-12-04 23:00:00,18636.0
2018-12-05 23:00:00,18343.0
2018-12-06 23:00:00,18157.0
2018-12-07 23:00:00,18296.0
2018-12-10 23:00:00,18181.0
2018-12-11 23:00:00,18230.0
2018-12-12 23:00:00,18059.0
2018-12-13 23:00:00,17960.0
2018-12-14 23:00:00,17755.0
2018-12-17 23:00:00,17630.0
2018-12-18 23:00:00,17828.0
2018-12-19 23:00:00,17898.0
2018-12-20 23:00:00,18015.0
2018-12-21 23:00:00,17800.0
2018-12-24 23:00:00,17718.0
2018-12-25 23:00:00,17572.0
2018-12-26 23:00:00,17675.0
2018-12-27 23:00:00,17708.0
2018-12-28 23:00:00,17802.0
2018-12-29 23:00:00,17890.0
2019-01-03 23:00:00,17815.0
2019-01-04 23:00:00,17972.0
2019-01-08 23:00:00,17966.0
2019-01-09 23:00:00,18260.0
2019-01-10 23:00:00,18233.0
2019-01-11 23:00:00,18269.0
2019-01-14 23:00:00,18212.0
2019-01-15 23:00:00,18417.0
2019-01-16 23:00:00,18551.0
2019-01-17 23:00:00,18687.0
2019-01-18 23:00:00,19114.0
2019-01-21 23:00:00,19144.0
2019-01-22 23:00:00,19208.0
2019-01-23 23:00:00,19370.0
2019-01-24 23:00:00,19412.0
2019-01-25 23:00:00,19306.0
2019-01-28 23:00:00,19192.0
2019-01-29 23:00:00,19609.0
2019-01-30 23:00:00,19515.0
2019-01-31 23:00:00,19808.0
2019-02-01 23:00:00,19679.0
2019-02-04 23:00:00,19569.0
2019-02-05 23:00:00,19784.0
2019-02-06 23:00:00,19744.0
2019-02-07 23:00:00,19296.0
2019-02-08 23:00:00,19333.0
2019-02-11 23:00:00,19419.0
2019-02-12 23:00:00,19809.0
2019-02-13 23:00:00,19432.0
2019-02-14 23:00:00,18819.0
2019-02-15 23:00:00,18971.0
2019-02-18 23:00:00,18806.0
2019-02-19 23:00:00,18635.0
2019-02-20 23:00:00,18994.0
2019-02-21 23:00:00,18669.0
2019-02-22 23:00:00,18803.0
2019-02-25 23:00:00,18865.0
2019-02-26 23:00:00,18872.0
2019-02-27 23:00:00,18863.0
2019-02-28 23:00:00,19098.0
2019-03-01 23:00:00,19020.0
2019-03-04 23:00:00,18971.0
2019-03-05 23:00:00,18822.0
2019-03-06 23:00:00,18875.0
2019-03-07 23:00:00,18785.0
2019-03-11 23:00:00,18965.0
2019-03-12 23:00:00,18948.0
2019-03-13 23:00:00,19004.0
2019-03-14 23:00:00,18858.0
2019-03-15 23:00:00,18956.0
2019-03-18 23:00:00,19084.0
2019-03-19 23:00:00,18990.0
2019-03-20 23:00:00,19186.0
2019-03-21 23:00:00,19128.0
2019-03-22 23:00:00,19078.0
2019-03-25 23:00:00,19410.0
2019-03-26 23:00:00,19775.0
2019-03-27 23:00:00,19535.0
2019-03-28 23:00:00,19608.0
2019-03-29 23:00:00,19446.0
2019-04-01 23:00:00,19726.0
2019-04-02 23:00:00,19831.0
2019-04-03 23:00:00,19966.0
2019-04-04 23:00:00,20153.0
2019-04-05 23:00:00,20443.0
2019-04-08 23:00:00,20773.0
2019-04-09 23:00:00,21086.0
2019-04-10 23:00:00,21321.0
2019-04-11 23:00:00,20816.0
2019-04-12 23:00:00,21097.0
2019-04-15 23:00:00,21114.0
2019-04-16 23:00:00,20830.0
2019-04-17 23:00:00,20989.0
2019-04-18 23:00:00,20699.0
2019-04-19 23:00:00,20796.0
2019-04-22 23:00:00,21073.0
2019-04-23 23:00:00,21150.0
2019-04-24 23:00:00,21162.0
2019-04-25 23:00:00,20584.0
2019-04-26 23:00:00,20277.0
2019-04-29 23:00:00,20709.0
2019-04-30 23:00:00,20406.0
2019-05-02 23:00:00,20553.0
2019-05-03 23:00:00,20844.0
2019-05-06 23:00:00,20805.0
2019-05-07 23:00:00,20815.0
2019-05-08 23:00:00,20726.0
2019-05-10 23:00:00,20436.0
2019-05-13 23:00:00,20339.0
2019-05-14 23:00:00,20552.0
2019-05-15 23:00:00,20550.0
2019-05-16 23:00:00,20569.0
2019-05-17 23:00:00,20340.0
2019-05-20 23:00:00,20331.0
2019-05-21 23:00:00,20754.0
2019-05-22 23:00:00,20931.0
2019-05-23 23:00:00,20503.0
2019-05-24 23:00:00,20970.0
2019-05-27 23:00:00,21149.0
2019-05-28 23:00:00,20934.0
2019-05-29 23:00:00,20929.0
2019-05-30 23:00:00,20970.0
2019-05-31 23:00:00,20960.0
2019-06-03 23:00:00,21511.0
2019-06-04 23:00:00,21336.0
2019-06-05 23:00:00,21519.0
2019-06-06 23:00:00,22010.0
2019-06-07 23:00:00,22360.0
2019-06-10 23:00:00,22364.0
2019-06-11 23:00:00,22450.0
2019-06-13 23:00:00,22555.0
2019-06-14 23:00:00,22508.0
2019-06-17 23:00:00,22411.0
2019-06-18 23:00:00,22567.0
2019-06-19 23:00:00,22372.0
2019-06-20 23:00:00,22614.0
2019-06-21 23:00:00,22293.0
2019-06-24 23:00:00,22388.0
2019-06-25 23:00:00,22220.0
2019-06-26 23:00:00,22453.0
2019-06-27 23:00:00,22355.0
2019-06-28 23:00:00,22237.0
2019-07-01 23:00:00,22724.0
2019-07-02 23:00:00,22467.0
2019-07-03 23:00:00,22462.0
2019-07-04 23:00:00,22586.0
2019-07-05 23:00:00,22473.0
2019-07-08 23:00:00,22543.0
2019-07-09 23:00:00,22502.0
2019-07-10 23:00:00,22621.0
2019-07-11 23:00:00,22326.0
2019-07-12 23:00:00,22139.0
2019-07-15 23:00:00,22069.0
2019-07-16 23:00:00,22011.0
2019-07-17 23:00:00,21997.0
2019-07-18 23:00:00,21978.0
2019-07-19 23:00:00,21921.0
2019-07-22 23:00:00,21791.0
2019-07-23 23:00:00,21863.0
2019-07-24 23:00:00,21676.0
2019-07-25 23:00:00,21859.0
2019-07-26 23:00:00,21701.0
2019-07-29 23:00:00,21927.0
2019-07-30 23:00:00,22018.0
2019-07-31 23:00:00,21839.0
2019-08-01 23:00:00,21514.0
2019-08-02 23:00:00,20966.0
2019-08-05 23:00:00,20983.0
2019-08-06 23:00:00,21220.0
2019-08-07 23:00:00,20992.0
2019-08-08 23:00:00,21164.0
2019-08-09 23:00:00,20932.0
2019-08-12 23:00:00,21028.0
2019-08-13 23:00:00,21033.0
2019-08-14 23:00:00,20580.0
2019-08-15 23:00:00,20305.0
2019-08-16 23:00:00,20236.0
2019-08-19 23:00:00,20492.0
2019-08-20 23:00:00,20349.0
2019-08-21 23:00:00,20534.0
2019-08-22 23:00:00,20681.0
2019-08-23 23:00:00,20584.0
2019-08-26 23:00:00,20495.0
2019-08-27 23:00:00,20518.0
2019-08-28 23:00:00,20682.0
2019-08-29 23:00:00,20769.0
2019-08-30 23:00:00,20946.0
2019-09-02 23:00:00,21166.0
2019-09-03 23:00:00,21023.0
2019-09-04 23:00:00,21236.0
2019-09-05 23:00:00,21487.0
2019-09-06 23:00:00,21500.0
2019-09-09 23:00:00,21388.0
2019-09-10 23:00:00,21745.0
2019-09-11 23:00:00,21988.0
2019-09-12 23:00:00,21952.0
2019-09-13 23:00:00,21949.0
2019-09-16 23:00:00,22001.0
2019-09-17 23:00:00,21984.0
2019-09-18 23:00:00,21935.0
2019-09-19 23:00:00,21962.0
2019-09-20 23:00:00,21795.0
2019-09-23 23:00:00,21638.0
2019-09-24 23:00:00,21461.0
2019-09-25 23:00:00,21576.0
2019-09-26 23:00:00,21507.0
2019-09-27 23:00:00,21317.0
2019-09-30 23:00:00,21342.0
2019-10-01 23:00:00,21337.0
2019-10-02 23:00:00,20987.0
2019-10-03 23:00:00,21097.0
2019-10-04 23:00:00,21035.0
2019-10-07 23:00:00,21266.0
2019-10-08 23:00:00,21066.0
2019-10-09 23:00:00,21237.0
2019-10-10 23:00:00,21298.0
2019-10-11 23:00:00,21482.0
2019-10-14 23:00:00,21314.0
2019-10-15 23:00:00,21332.0
2019-10-16 23:00:00,21511.0
2019-10-17 23:00:00,21674.0
2019-10-18 23:00:00,21995.0
2019-10-21 23:00:00,21933.0
2019-10-22 23:00:00,22378.0
2019-10-23 23:00:00,22495.0
2019-10-24 23:00:00,22814.0
2019-10-25 23:00:00,22643.0
2019-10-28 23:00:00,22453.0
2019-10-29 23:00:00,22665.0
2019-10-30 23:00:00,22666.0
2019-10-31 23:00:00,22301.0
2019-11-01 23:00:00,22547.0
2019-11-05 23:00:00,22746.0
2019-11-06 23:00:00,22837.0
2019-11-07 23:00:00,22902.0
2019-11-08 23:00:00,22856.0
2019-11-11 23:00:00,22892.0
2019-11-12 23:00:00,22866.0
2019-11-13 23:00:00,22527.0
2019-11-14 23:00:00,22632.0
2019-11-15 23:00:00,22741.0
2019-11-18 23:00:00,22561.0
2019-11-19 23:00:00,22587.0
2019-11-20 23:00:00,22536.0
2019-11-21 23:00:00,22535.0
2019-11-22 23:00:00,22644.0
2019-11-25 23:00:00,22713.0
2019-11-26 23:00:00,22446.0
2019-11-27 23:00:00,22377.0
2019-11-28 23:00:00,22412.0
2019-11-29 23:00:00,22255.0
2019-12-02 23:00:00,22343.0
2019-12-03 23:00:00,22195.0
2019-12-04 23:00:00,22300.0
2019-12-05 23:00:00,22145.0
2019-12-06 23:00:00,22379.0
2019-12-09 23:00:00,22531.0
2019-12-10 23:00:00,22508.0
2019-12-11 23:00:00,22629.0
2019-12-12 23:00:00,22661.0
2019-12-13 23:00:00,22652.0
2019-12-16 23:00:00,22846.0
2019-12-17 23:00:00,22824.0
2019-12-18 23:00:00,23024.0
2019-12-19 23:00:00,23024.0
2019-12-20 23:00:00,23096.0
2019-12-23 23:00:00,23288.0
2019-12-24 23:00:00,23350.0
2019-12-25 23:00:00,23487.0
2019-12-26 23:00:00,23442.0
2019-12-27 23:00:00,23556.0
2019-12-30 23:00:00,23686.0
2020-01-03 23:00:00,23506.0
2020-01-06 23:00:00,23460.0
2020-01-08 23:00:00,23865.0
2020-01-09 23:00:00,23981.0
2020-01-10 23:00:00,24068.0
2020-01-13 23:00:00,24344.0
2020-01-14 23:00:00,24058.0
2020-01-15 23:00:00,23860.0
2020-01-16 23:00:00,23937.0
2020-01-17 23:00:00,24317.0
2020-01-20 23:00:00,24627.0
2020-01-21 23:00:00,24658.0
2020-01-22 23:00:00,24458.0
2020-01-23 23:00:00,24142.0
2020-01-24 23:00:00,24196.0
2020-01-27 23:00:00,23563.0
2020-01-28 23:00:00,23805.0
2020-01-29 23:00:00,23953.0
2020-01-30 23:00:00,23772.0
2020-01-31 23:00:00,23414.0
2020-02-03 23:00:00,23318.0
2020-02-04 23:00:00,23407.0
2020-02-05 23:00:00,23683.0
2020-02-06 23:00:00,23619.0
2020-02-07 23:00:00,23818.0
2020-02-10 23:00:00,23884.0
2020-02-11 23:00:00,24367.0
2020-02-12 23:00:00,24234.0
2020-02-13 23:00:00,24305.0
2020-02-14 23:00:00,24034.0
2020-02-17 23:00:00,23842.0
2020-02-18 23:00:00,23562.0
2020-02-19 23:00:00,23626.0
2020-02-20 23:00:00,23695.0
2020-02-21 23:00:00,23669.0
2020-02-25 23:00:00,23406.0
2020-02-26 23:00:00,23591.0
2020-02-27 23:00:00,22871.0
2020-02-28 23:00:00,22128.0
2020-03-02 23:00:00,22230.0
2020-03-03 23:00:00,22836.0
2020-03-04 23:00:00,22794.0
2020-03-05 23:00:00,22590.0
2020-03-06 23:00:00,21713.0
2020-03-10 23:00:00,19819.0
2020-03-11 23:00:00,19445.0
2020-03-12 23:00:00,17724.0
2020-03-13 23:00:00,19287.0
2020-03-16 23:00:00,18449.0
2020-03-17 23:00:00,17485.0
2020-03-18 23:00:00,16554.0
2020-03-19 23:00:00,17390.0
2020-03-20 23:00:00,18188.0
2020-03-23 23:00:00,17465.0
2020-03-24 23:00:00,18098.0
2020-03-25 23:00:00,17962.0
2020-03-26 23:00:00,17969.0
2020-03-27 23:00:00,17345.0
2020-03-30 23:00:00,17479.0
2020-03-31 23:00:00,17780.0
2020-04-01 23:00:00,17556.0
2020-04-02 23:00:00,19136.0
2020-04-03 23:00:00,19187.0
2020-04-06 23:00:00,19692.0
2020-04-07 23:00:00,20115.0
2020-04-08 23:00:00,20193.0
2020-04-09 23:00:00,20419.0
2020-04-10 23:00:00,20246.0
2020-04-13 23:00:00,19841.0
2020-04-14 23:00:00,19737.0
2020-04-15 23:00:00,18865.0
2020-04-16 23:00:00,18932.0
2020-04-17 23:00:00,19071.0
2020-04-20 23:00:00,18852.0
2020-04-21 23:00:00,18417.0
2020-04-22 23:00:00,18865.0
2020-04-23 23:00:00,18932.0
2020-04-24 23:00:00,18883.0
2020-04-27 23:00:00,18889.0
2020-04-28 23:00:00,19285.0
2020-04-29 23:00:00,19468.0
2020-04-30 23:00:00,19441.0
2020-05-04 23:00:00,19271.0
2020-05-05 23:00:00,19483.0
2020-05-06 23:00:00,19694.0
2020-05-07 23:00:00,19662.0
2020-05-08 23:00:00,19647.0
2020-05-12 23:00:00,19325.0
2020-05-13 23:00:00,19007.0
2020-05-14 23:00:00,18853.0
2020-05-15 23:00:00,18862.0
2020-05-18 23:00:00,19315.0
2020-05-19 23:00:00,19063.0
2020-05-20 23:00:00,19417.0
2020-05-21 23:00:00,19251.0
2020-05-22 23:00:00,19239.0
2020-05-25 23:00:00,19292.0
2020-05-26 23:00:00,19340.0
2020-05-27 23:00:00,19501.0
2020-05-28 23:00:00,20117.0
2020-05-29 23:00:00,19759.0
2020-06-01 23:00:00,20019.0
2020-06-02 23:00:00,20884.0
2020-06-03 23:00:00,21521.0
2020-06-04 23:00:00,20904.0
2020-06-05 23:00:00,21586.0
2020-06-08 23:00:00,21638.0
2020-06-09 23:00:00,21381.0
2020-06-10 23:00:00,21177.0
2020-06-11 23:00:00,20760.0
2020-06-15 23:00:00,20601.0
2020-06-16 23:00:00,20843.0
2020-06-17 23:00:00,20708.0
2020-06-18 23:00:00,20450.0
2020-06-19 23:00:00,20638.0
2020-06-22 23:00:00,20546.0
2020-06-23 23:00:00,20609.0
2020-06-25 23:00:00,20368.0
2020-06-26 23:00:00,20266.0
2020-06-29 23:00:00,20542.0
2020-06-30 23:00:00,20408.0
2020-07-02 23:00:00,20800.0
2020-07-03 23:00:00,20814.0
2020-07-06 23:00:00,21184.0
2020-07-07 23:00:00,20824.0
2020-07-08 23:00:00,20765.0
2020-07-09 23:00:00,20645.0
2020-07-10 23:00:00,20845.0
2020-07-13 23:00:00,20736.0
2020-07-14 23:00:00,20681.0
2020-07-15 23:00:00,20838.0
2020-07-16 23:00:00,20925.0
2020-07-17 23:00:00,20955.0
2020-07-20 23:00:00,21081.0
2020-07-21 23:00:00,21354.0
2020-07-22 23:00:00,21360.0
2020-07-23 23:00:00,21446.0
2020-07-24 23:00:00,21421.0
2020-07-27 23:00:00,21453.0
2020-07-28 23:00:00,21518.0
2020-07-29 23:00:00,21748.0
2020-07-30 23:00:00,21691.0
2020-07-31 23:00:00,21933.0
2020-08-03 23:00:00,22423.0
2020-08-04 23:00:00,22457.0
2020-08-05 23:00:00,22413.0
2020-08-06 23:00:00,22250.0
2020-08-07 23:00:00,22447.0
2020-08-10 23:00:00,22433.0
2020-08-11 23:00:00,23054.0
2020-08-12 23:00:00,23426.0
2020-08-13 23:00:00,23505.0
2020-08-14 23:00:00,23331.0
2020-08-17 23:00:00,23141.0
2020-08-18 23:00:00,22998.0
2020-08-19 23:00:00,23305.0
2020-08-20 23:00:00,22797.0
2020-08-21 23:00:00,23117.0
2020-08-24 23:00:00,23213.0
2020-08-25 23:00:00,23033.0
2020-08-26 23:00:00,23116.0
2020-08-27 23:00:00,22998.0
2020-08-28 23:00:00,22923.0
2020-08-31 23:00:00,22889.0
2020-09-01 23:00:00,23071.0
2020-09-02 23:00:00,22752.0
2020-09-03 23:00:00,22396.0
2020-09-04 23:00:00,22634.0
2020-09-07 23:00:00,22690.0
2020-09-08 23:00:00,22381.0
2020-09-09 23:00:00,22481.0
2020-09-10 23:00:00,22643.0
2020-09-15 23:00:00,23496.0
2020-09-16 23:00:00,23545.0
2020-09-17 23:00:00,23510.0
2020-09-18 23:00:00,23461.0
2020-09-21 23:00:00,22871.0
2020-09-22 23:00:00,23340.0
2020-09-23 23:00:00,23369.0
2020-09-24 23:00:00,23242.0
2020-09-25 23:00:00,23192.0
2020-09-28 23:00:00,23308.0
2020-09-29 23:00:00,23145.0
2020-09-30 23:00:00,23329.0
2020-10-01 23:00:00,23267.0
2020-10-02 23:00:00,22885.0
2020-10-05 23:00:00,22999.0
2020-10-06 23:00:00,23021.0
2020-10-07 23:00:00,22847.0
2020-10-08 23:00:00,22857.0
2020-10-09 23:00:00,22699.0
2020-10-12 23:00:00,22598.0
2020-10-13 23:00:00,22334.0
2020-10-14 23:00:00,22637.0
2020-10-15 23:00:00,22208.0
2020-10-16 23:00:00,22057.0
2020-10-19 23:00:00,22167.0
2020-10-20 23:00:00,22397.0
2020-10-21 23:00:00,22527.0
2020-10-22 23:00:00,22434.0
2020-10-23 23:00:00,22689.0
2020-10-26 23:00:00,22652.0
2020-10-27 23:00:00,22429.0
2020-10-28 23:00:00,22080.0
2020-10-29 23:00:00,22061.0
2020-10-30 23:00:00,22077.0
2020-11-02 23:00:00,22302.0
2020-11-03 23:00:00,22784.0
2020-11-05 23:00:00,23297.0
2020-11-06 23:00:00,23215.0
2020-11-09 23:00:00,24249.0
2020-11-10 23:00:00,24692.0
2020-11-11 23:00:00,24969.0
2020-11-12 23:00:00,25089.0
2020-11-13 23:00:00,24695.0
2020-11-16 23:00:00,25143.0
2020-11-17 23:00:00,25132.0
2020-11-18 23:00:00,25037.0
2020-11-19 23:00:00,24797.0
2020-11-20 23:00:00,24780.0
2020-11-23 23:00:00,24872.0
2020-11-24 23:00:00,25212.0
2020-11-25 23:00:00,25654.0
2020-11-26 23:00:00,25620.0
2020-11-27 23:00:00,25640.0
2020-11-30 23:00:00,25624.0
2020-12-01 23:00:00,26087.0
2020-12-02 23:00:00,26577.0
2020-12-03 23:00:00,26623.0
2020-12-04 23:00:00,27119.0
2020-12-07 23:00:00,27567.0
2020-12-08 23:00:00,27541.0
2020-12-09 23:00:00,27810.0
2020-12-10 23:00:00,27784.0
2020-12-11 23:00:00,27771.0
2020-12-14 23:00:00,27233.0
2020-12-15 23:00:00,27032.0
2020-12-16 23:00:00,27212.0
2020-12-17 23:00:00,27441.0
2020-12-18 23:00:00,26803.0
2020-12-21 23:00:00,25848.0
2020-12-22 23:00:00,26380.0
2020-12-23 23:00:00,26743.0
2020-12-24 23:00:00,26619.0
2020-12-25 23:00:00,26796.0
2020-12-28 23:00:00,27231.0
2020-12-29 23:00:00,26936.0
2020-12-30 23:00:00,26736.0
2021-01-04 23:00:00,27398.0
2021-01-05 23:00:00,27223.0
2021-01-06 23:00:00,27322.0
2021-01-08 23:00:00,27789.0
2021-01-11 23:00:00,28273.0
2021-01-12 23:00:00,28201.0
2021-01-13 23:00:00,27812.0
2021-01-14 23:00:00,28058.0
2021-01-15 23:00:00,27555.0
2021-01-18 23:00:00,27988.0
2021-01-19 23:00:00,27759.0
2021-01-20 23:00:00,27850.0
2021-01-21 23:00:00,27531.0
2021-01-22 23:00:00,26930.0
2021-01-25 23:00:00,26916.0
2021-01-26 23:00:00,27150.0
2021-01-27 23:00:00,27049.0
2021-01-28 23:00:00,26872.0
2021-01-29 23:00:00,26331.0
2021-02-01 23:00:00,26708.0
2021-02-02 23:00:00,27034.0
2021-02-03 23:00:00,26608.0
2021-02-04 23:00:00,27084.0
2021-02-05 23:00:00,27275.0
2021-02-08 23:00:00,27584.0
2021-02-09 23:00:00,27151.0
2021-02-10 23:00:00,26967.0
2021-02-11 23:00:00,26836.0
2021-02-12 23:00:00,26848.0
2021-02-15 23:00:00,27413.0
2021-02-16 23:00:00,27391.0
2021-02-17 23:00:00,27143.0
2021-02-18 23:00:00,27116.0
2021-02-19 23:00:00,27502.0
2021-02-20 23:00:00,27404.0
2021-02-22 23:00:00,27521.0
2021-02-24 23:00:00,27363.0
2021-02-25 23:00:00,27716.0
2021-02-26 23:00:00,27411.0
2021-03-01 23:00:00,27387.0
2021-03-02 23:00:00,27754.0
2021-03-03 23:00:00,27760.0
2021-03-04 23:00:00,27892.0
2021-03-05 23:00:00,27563.0
2021-03-09 23:00:00,28262.0
2021-03-10 23:00:00,28152.0
2021-03-11 23:00:00,28197.0
2021-03-12 23:00:00,28404.0
2021-03-15 23:00:00,28821.0
2021-03-16 23:00:00,28703.0
2021-03-17 23:00:00,27703.0
2021-03-18 23:00:00,28121.0
2021-03-19 23:00:00,27741.0
2021-03-22 23:00:00,28218.0
2021-03-23 23:00:00,27934.0
2021-03-24 23:00:00,28315.0
2021-03-25 23:00:00,28262.0
2021-03-26 23:00:00,28564.0
2021-03-29 23:00:00,28972.0
2021-03-30 23:00:00,29163.0
2021-03-31 23:00:00,28916.0
2021-04-01 23:00:00,28724.0
2021-04-02 23:00:00,29023.0
2021-04-05 23:00:00,28726.0
2021-04-06 23:00:00,28269.0
2021-04-07 23:00:00,28353.0
2021-04-08 23:00:00,28469.0
2021-04-09 23:00:00,28251.0
2021-04-12 23:00:00,28381.0
2021-04-13 23:00:00,28582.0
2021-04-14 23:00:00,28947.0
2021-04-15 23:00:00,28662.0
2021-04-16 23:00:00,29253.0
2021-04-19 23:00:00,29073.0
2021-04-20 23:00:00,28946.0
2021-04-21 23:00:00,29067.0
2021-04-22 23:00:00,29264.0
2021-04-23 23:00:00,29473.0
2021-04-26 23:00:00,29817.0
2021-04-27 23:00:00,29975.0
2021-04-28 23:00:00,29993.0
2021-04-29 23:00:00,29899.0
2021-04-30 23:00:00,29952.0
2021-05-04 23:00:00,30306.0
2021-05-05 23:00:00,30588.0
2021-05-06 23:00:00,30998.0
2021-05-07 23:00:00,31376.0
2021-05-10 23:00:00,31477.0
2021-05-11 23:00:00,31850.0
2021-05-12 23:00:00,31268.0
2021-05-13 23:00:00,31558.0
2021-05-14 23:00:00,31297.0
2021-05-17 23:00:00,31223.0
2021-05-18 23:00:00,31405.0
2021-05-19 23:00:00,30934.0
2021-05-20 23:00:00,31063.0
2021-05-21 23:00:00,31419.0
2021-05-24 23:00:00,31237.0
2021-05-25 23:00:00,31808.0
2021-05-26 23:00:00,31706.0
2021-05-27 23:00:00,32270.0
2021-05-28 23:00:00,32239.0
2021-05-31 23:00:00,32363.0
2021-06-01 23:00:00,32443.0
2021-06-02 23:00:00,32607.0
2021-06-03 23:00:00,32394.0
2021-06-04 23:00:00,32323.0
2021-06-07 23:00:00,32573.0
2021-06-08 23:00:00,32492.0
2021-06-09 23:00:00,32576.0
2021-06-10 23:00:00,32512.0
2021-06-11 23:00:00,32282.0
2021-06-14 23:00:00,32430.0
2021-06-15 23:00:00,32249.0
2021-06-16 23:00:00,32279.0
2021-06-17 23:00:00,32266.0
2021-06-18 23:00:00,31726.0
2021-06-21 23:00:00,31595.0
2021-06-22 23:00:00,31654.0
2021-06-23 23:00:00,31735.0
2021-06-24 23:00:00,31735.0
2021-06-25 23:00:00,31774.0
2021-06-28 23:00:00,31502.0
2021-06-29 23:00:00,31159.0
2021-06-30 23:00:00,31189.0
2021-07-01 23:00:00,31120.0
2021-07-02 23:00:00,31415.0
2021-07-05 23:00:00,31279.0
2021-07-06 23:00:00,31089.0
2021-07-07 23:00:00,31165.0
2021-07-08 23:00:00,31127.0
2021-07-09 23:00:00,31195.0
2021-07-12 23:00:00,31495.0
2021-07-13 23:00:00,31161.0
2021-07-14 23:00:00,30908.0
2021-07-15 23:00:00,31075.0
2021-07-16 23:00:00,30843.0
2021-07-19 23:00:00,30097.0
2021-07-20 23:00:00,30631.0
2021-07-21 23:00:00,30511.0
2021-07-22 23:00:00,30796.0
2021-07-23 23:00:00,30743.0
2021-07-26 23:00:00,31388.0
2021-07-27 23:00:00,31093.0
2021-07-28 23:00:00,31236.0
2021-07-29 23:00:00,31496.0
2021-07-30 23:00:00,31858.0
2021-08-02 23:00:00,31740.0
2021-08-03 23:00:00,32056.0
2021-08-04 23:00:00,31996.0
2021-08-05 23:00:00,32370.0
2021-08-06 23:00:00,32655.0
2021-08-09 23:00:00,33039.0
2021-08-10 23:00:00,33400.0
2021-08-11 23:00:00,33300.0
2021-08-12 23:00:00,33289.0
2021-08-13 23:00:00,33252.0
2021-08-16 23:00:00,33283.0
2021-08-17 23:00:00,33846.0
2021-08-18 23:00:00,34064.0
2021-08-19 23:00:00,33581.0
2021-08-20 23:00:00,33220.0
2021-08-23 23:00:00,33510.0
2021-08-24 23:00:00,33088.0
2021-08-25 23:00:00,33193.0
2021-08-26 23:00:00,33073.0
2021-08-27 23:00:00,33548.0
2021-08-30 23:00:00,33761.0
2021-08-31 23:00:00,33772.0
2021-09-01 23:00:00,34056.0
2021-09-02 23:00:00,33711.0
2021-09-03 23:00:00,33833.0
2021-09-06 23:00:00,33779.0
2021-09-07 23:00:00,33539.0
2021-09-08 23:00:00,34091.0
2021-09-09 23:00:00,33826.0
2021-09-10 23:00:00,33768.0
2021-09-13 23:00:00,33663.0
2021-09-14 23:00:00,33833.0
2021-09-15 23:00:00,34409.0
2021-09-16 23:00:00,33574.0
2021-09-17 23:00:00,34145.0
2021-09-20 23:00:00,33710.0
2021-09-21 23:00:00,33351.0
2021-09-22 23:00:00,33841.0
2021-09-23 23:00:00,33807.0
2021-09-24 23:00:00,33693.0
2021-09-27 23:00:00,34133.0
2021-09-28 23:00:00,33931.0
2021-09-29 23:00:00,33726.0
2021-09-30 23:00:00,34724.0
2021-10-01 23:00:00,34275.0
2021-10-04 23:00:00,34830.0
2021-10-05 23:00:00,36055.0
2021-10-06 23:00:00,36245.0
2021-10-07 23:00:00,36694.0
2021-10-08 23:00:00,37109.0
2021-10-11 23:00:00,38463.0
2021-10-12 23:00:00,37576.0
2021-10-13 23:00:00,37402.0
2021-10-14 23:00:00,37243.0
2021-10-15 23:00:00,36827.0
2021-10-18 23:00:00,36022.0
2021-10-19 23:00:00,36653.0
2021-10-20 23:00:00,36554.0
2021-10-21 23:00:00,35972.0
2021-10-22 23:00:00,35917.0
2021-10-25 23:00:00,36515.0
2021-10-26 23:00:00,36501.0
2021-10-27 23:00:00,36420.0
2021-10-28 23:00:00,35562.0
2021-10-29 23:00:00,34818.0
2021-11-01 23:00:00,35941.0
2021-11-02 23:00:00,35942.0
2021-11-03 23:00:00,36040.0
2021-11-05 23:00:00,35300.0
2021-11-08 23:00:00,35172.0
2021-11-09 23:00:00,35202.0
2021-11-10 23:00:00,34748.0
2021-11-11 23:00:00,34976.0
2021-11-12 23:00:00,34219.0
2021-11-15 23:00:00,34094.0
2021-11-16 23:00:00,33498.0
2021-11-17 23:00:00,33767.0
2021-11-18 23:00:00,33186.0
2021-11-19 23:00:00,32597.0
2021-11-22 23:00:00,31353.0
2021-11-23 23:00:00,32488.0
2021-11-24 23:00:00,32239.0
2021-11-25 23:00:00,32113.0
2021-11-26 23:00:00,31006.0
2021-11-29 23:00:00,31937.0
2021-11-30 23:00:00,31733.0
2021-12-01 23:00:00,32346.0
2021-12-02 23:00:00,32075.0
2021-12-03 23:00:00,31957.0
2021-12-06 23:00:00,30836.0
2021-12-07 23:00:00,31092.0
2021-12-08 23:00:00,29990.0
2021-12-09 23:00:00,30581.0
2021-12-10 23:00:00,30186.0
2021-12-13 23:00:00,29004.0
2021-12-14 23:00:00,29044.0
2021-12-15 23:00:00,29062.0
2021-12-16 23:00:00,30524.0
2021-12-17 23:00:00,30201.0
2021-12-20 23:00:00,29676.0
2021-12-21 23:00:00,29850.0
2021-12-22 23:00:00,30199.0
2021-12-23 23:00:00,30109.0
2021-12-24 23:00:00,29892.0
2021-12-27 23:00:00,30165.0
2021-12-28 23:00:00,30286.0
2021-12-29 23:00:00,30042.0
2021-12-30 23:00:00,30125.0
2022-01-03 23:00:00,31031.0
2022-01-04 23:00:00,31150.0
2022-01-05 23:00:00,30519.0
2022-01-06 23:00:00,30028.0
2022-01-07 23:00:00,30506.0
2022-01-10 23:00:00,29778.0
2022-01-11 23:00:00,29908.0
2022-01-12 23:00:00,29762.0
2022-01-13 23:00:00,28384.0
2022-01-14 23:00:00,27039.0
2022-01-17 23:00:00,27054.0
2022-01-18 23:00:00,24936.0
2022-01-19 23:00:00,25555.0
2022-01-20 23:00:00,27009.0
2022-01-21 23:00:00,26172.0
2022-01-24 23:00:00,24814.0
2022-01-25 23:00:00,24634.0
2022-01-26 23:00:00,25317.0
2022-01-27 23:00:00,26263.0
2022-01-28 23:00:00,26714.0
2022-01-31 23:00:00,27368.0
2022-02-01 23:00:00,27247.0
2022-02-02 23:00:00,26907.0
2022-02-03 23:00:00,26263.0
2022-02-04 23:00:00,26426.0
2022-02-07 23:00:00,26494.0
2022-02-08 23:00:00,27557.0
2022-02-09 23:00:00,28628.0
2022-02-10 23:00:00,28565.0
2022-02-11 23:00:00,27640.0
2022-02-14 23:00:00,26420.0
2022-02-15 23:00:00,27684.0
2022-02-16 23:00:00,28264.0
2022-02-17 23:00:00,27035.0
2022-02-18 23:00:00,26037.0
2022-02-21 23:00:00,21349.0
2022-02-22 23:00:00,22184.0
2022-02-23 23:00:00,19693.0
2022-02-24 23:00:00,12503.0
2022-02-25 23:00:00,14936.0
2022-02-28 23:00:00,14996.0
2022-03-24 23:00:00,15594.0
2022-03-25 23:00:00,15162.0
2022-03-28 23:00:00,14824.0
2022-03-29 23:00:00,15984.0
2022-03-30 23:00:00,15846.0
2022-03-31 23:00:00,16791.0
2022-04-01 23:00:00,18067.0
2022-04-04 23:00:00,19023.0
2022-04-05 23:00:00,17828.0
2022-04-06 23:00:00,17095.0
2022-04-07 23:00:00,17474.0
2022-04-08 23:00:00,16982.0
2022-04-11 23:00:00,16373.0
2022-04-12 23:00:00,15759.0
2022-04-13 23:00:00,15805.0
2022-04-14 23:00:00,15152.0
2022-04-15 23:00:00,15174.0
2022-04-18 23:00:00,14624.0
2022-04-19 23:00:00,14339.0
2022-04-20 23:00:00,14390.0
2022-04-21 23:00:00,14178.0
2022-04-22 23:00:00,14312.0
2022-04-25 23:00:00,13719.0
2022-04-26 23:00:00,14636.0
2022-04-27 23:00:00,15471.0
2022-04-28 23:00:00,14628.0
2022-04-29 23:00:00,15086.0
2022-05-04 23:00:00,14455.0
2022-05-05 23:00:00,14505.0
2022-05-06 23:00:00,14394.0
2022-05-11 23:00:00,14180.0
2022-05-12 23:00:00,13665.0
2022-05-13 23:00:00,13634.0
2022-05-16 23:00:00,13930.0
2022-05-17 23:00:00,14444.0
2022-05-18 23:00:00,14200.0
2022-05-19 23:00:00,14274.0
2022-05-20 23:00:00,13964.0
2022-05-23 23:00:00,13697.0
2022-05-24 23:00:00,13885.0
2022-05-25 23:00:00,13540.0
2022-05-26 23:00:00,13314.0
2022-05-27 23:00:00,13096.0
2022-05-30 23:00:00,13107.0
2022-05-31 23:00:00,13099.0
2022-06-01 23:00:00,13233.0
2022-06-02 23:00:00,13160.0
2022-06-03 23:00:00,13139.0
2022-06-06 23:00:00,13304.0
2022-06-07 23:00:00,13243.0
2022-06-08 23:00:00,13387.0
2022-06-09 23:00:00,13340.0
2022-06-10 23:00:00,13327.0
2022-06-14 23:00:00,13308.0
2022-06-15 23:00:00,13573.0
2022-06-16 23:00:00,13578.0
2022-06-17 23:00:00,13640.0
2022-06-20 23:00:00,14292.0
2022-06-21 23:00:00,14065.0
2022-06-22 23:00:00,14490.0
2022-06-23 23:00:00,14786.0
2022-06-24 23:00:00,14835.0
2022-06-27 23:00:00,15185.0
2022-06-28 23:00:00,15040.0
2022-06-29 23:00:00,14517.0
2022-06-30 23:00:00,13768.0
2022-07-01 23:00:00,14393.0
2022-07-04 23:00:00,14404.0
2022-07-05 23:00:00,14529.0
2022-07-06 23:00:00,14451.0
2022-07-07 23:00:00,14311.0
2022-07-08 23:00:00,14448.0
2022-07-11 23:00:00,13846.0
2022-07-12 23:00:00,13956.0
2022-07-13 23:00:00,13677.0
2022-07-14 23:00:00,13681.0
2022-07-15 23:00:00,13936.0
2022-07-18 23:00:00,13821.0
2022-07-19 23:00:00,13799.0
2022-07-20 23:00:00,13658.0
2022-07-21 23:00:00,13600.0
2022-07-22 23:00:00,13912.0
2022-07-25 23:00:00,14108.0
2022-07-26 23:00:00,14237.0
2022-07-27 23:00:00,14215.0
2022-07-28 23:00:00,14128.0
2022-07-29 23:00:00,14155.0
2022-08-01 23:00:00,13792.0
2022-08-02 23:00:00,13812.0
2022-08-03 23:00:00,13714.0
2022-08-04 23:00:00,13741.0
2022-08-05 23:00:00,13274.0
2022-08-08 23:00:00,13421.0
2022-08-09 23:00:00,13580.0
2022-08-10 23:00:00,13549.0
2022-08-11 23:00:00,13324.0
2022-08-12 23:00:00,13466.0
2022-08-15 23:00:00,13462.0
2022-08-16 23:00:00,13612.0
2022-08-17 23:00:00,13520.0
2022-08-18 23:00:00,13702.0
2022-08-19 23:00:00,13588.0
2022-08-22 23:00:00,13690.0
2022-08-23 23:00:00,14075.0
2022-08-24 23:00:00,13860.0
2022-08-25 23:00:00,13871.0
2022-08-26 23:00:00,14013.0
2022-08-29 23:00:00,14052.0
2022-08-30 23:00:00,13961.0
2022-08-31 23:00:00,14394.0
2022-09-01 23:00:00,14707.0
2022-09-02 23:00:00,15080.0
2022-09-05 23:00:00,14863.0
2022-09-06 23:00:00,14504.0
2022-09-07 23:00:00,14373.0
2022-09-08 23:00:00,14219.0
2022-09-09 23:00:00,14594.0
2022-09-12 23:00:00,14557.0
2022-09-13 23:00:00,14570.0
2022-09-14 23:00:00,14626.0
2022-09-15 23:00:00,14653.0
2022-09-16 23:00:00,14433.0
2022-09-19 23:00:00,14510.0
2022-09-20 23:00:00,13387.0
2022-09-21 23:00:00,13018.0
2022-09-22 23:00:00,13272.0
2022-09-23 23:00:00,12766.0
2022-09-26 23:00:00,11894.0
2022-09-27 23:00:00,12131.0
2022-09-28 23:00:00,11960.0
2022-09-29 23:00:00,11764.0
2022-09-30 23:00:00,11765.0
2022-10-03 23:00:00,12178.0
2022-10-04 23:00:00,12105.0
2022-10-05 23:00:00,11824.0
2022-10-06 23:00:00,11800.0
2022-10-07 23:00:00,11413.0
2022-10-10 23:00:00,11624.0
2022-10-11 23:00:00,11654.0
2022-10-12 23:00:00,11643.0
2022-10-13 23:00:00,11656.0
2022-10-14 23:00:00,11673.0
2022-10-17 23:00:00,12097.0
2022-10-18 23:00:00,12125.0
2022-10-19 23:00:00,11986.0
2022-10-20 23:00:00,12299.0
2022-10-21 23:00:00,12536.0
2022-10-24 23:00:00,12609.0
2022-10-25 23:00:00,13173.0
2022-10-26 23:00:00,13076.0
2022-10-27 23:00:00,13385.0
2022-10-28 23:00:00,13418.0
2022-10-31 23:00:00,13276.0
2022-11-01 23:00:00,13410.0
2022-11-02 23:00:00,13378.0
2022-11-03 23:00:00,13220.0
2022-11-07 23:00:00,13779.0
2022-11-08 23:00:00,13784.0
2022-11-09 23:00:00,13453.0
2022-11-10 23:00:00,14248.0
2022-11-11 23:00:00,14294.0
2022-11-14 23:00:00,14640.0
2022-11-15 23:00:00,14536.0
2022-11-16 23:00:00,14647.0
2022-11-17 23:00:00,14528.0
2022-11-18 23:00:00,14468.0
2022-11-21 23:00:00,14154.0
2022-11-22 23:00:00,14373.0
2022-11-23 23:00:00,14328.0
2022-11-24 23:00:00,14334.0
2022-11-25 23:00:00,14312.0
2022-11-28 23:00:00,14268.0
2022-11-29 23:00:00,14365.0
2022-11-30 23:00:00,14261.0
2022-12-01 23:00:00,14349.0
2022-12-02 23:00:00,14348.0
2022-12-05 23:00:00,14827.0
2022-12-06 23:00:00,14778.0
2022-12-07 23:00:00,14991.0
2022-12-08 23:00:00,14788.0
2022-12-09 23:00:00,14804.0
2022-12-12 23:00:00,14795.0
2022-12-13 23:00:00,14755.0
2022-12-14 23:00:00,14676.0
2022-12-15 23:00:00,14351.0
2022-12-16 23:00:00,14387.0
2022-12-19 23:00:00,14418.0
2022-12-20 23:00:00,14672.0
2022-12-21 23:00:00,14652.0
2022-12-22 23:00:00,14667.0
2022-12-23 23:00:00,14737.0
2022-12-26 23:00:00,14929.0
2022-12-27 23:00:00,14903.0
2022-12-28 23:00:00,14982.0
2022-12-29 23:00:00,15125.0
2022-12-30 23:00:00,15182.0
2023-01-03 23:00:00,15214.0
2023-01-04 23:00:00,15197.0
2023-01-05 23:00:00,15163.0
2023-01-06 23:00:00,15075.0
2023-01-09 23:00:00,15307.0
2023-01-10 23:00:00,15281.0
2023-01-11 23:00:00,15863.0
2023-01-12 23:00:00,15931.0
2023-01-13 23:00:00,16156.0
2023-01-16 23:00:00,16320.0
2023-01-17 23:00:00,16087.0
2023-01-18 23:00:00,16244.0
2023-01-19 23:00:00,16006.0
2023-01-20 23:00:00,16036.0
2023-01-23 23:00:00,16223.0
2023-01-24 23:00:00,16164.0
2023-01-25 23:00:00,16174.0
2023-01-26 23:00:00,16089.0
2023-01-27 23:00:00,16168.0
2023-01-30 23:00:00,16220.0
2023-01-31 23:00:00,16532.0
2023-02-01 23:00:00,16576.0
2023-02-02 23:00:00,16899.0
2023-02-03 23:00:00,17042.0
2023-02-06 23:00:00,17585.0
2023-02-07 23:00:00,17453.0
2023-02-08 23:00:00,17402.0
2023-02-09 23:00:00,17498.0
2023-02-10 23:00:00,17547.0
2023-02-13 23:00:00,17508.0
2023-02-14 23:00:00,17151.0
2023-02-15 23:00:00,16677.0
2023-02-16 23:00:00,16709.0
2023-02-17 23:00:00,16841.0
2023-02-20 23:00:00,16884.0
2023-02-21 23:00:00,17283.0
2023-02-22 23:00:00,17223.0
2023-02-24 23:00:00,17309.0
2023-02-27 23:00:00,17750.0
2023-02-28 23:00:00,17782.0
2023-03-01 23:00:00,17851.0
2023-03-02 23:00:00,17659.0
2023-03-03 23:00:00,17818.0
2023-03-06 23:00:00,18038.0
2023-03-07 23:00:00,18197.0
2023-03-09 23:00:00,18209.0
2023-03-10 23:00:00,18184.0
2023-03-13 23:00:00,18083.0
2023-03-14 23:00:00,18473.0
2023-03-15 23:00:00,18283.0
2023-03-16 23:00:00,18361.0
2023-03-17 23:00:00,18390.0
2023-03-20 23:00:00,19096.0
2023-03-21 23:00:00,19594.0
2023-03-22 23:00:00,19485.0
2023-03-23 23:00:00,19457.0
2023-03-24 23:00:00,19444.0
2023-03-27 23:00:00,20117.0
2023-03-28 23:00:00,20401.0
2023-03-29 23:00:00,20788.0
2023-03-30 23:00:00,20730.0
2023-03-31 23:00:00,20614.0
2023-04-03 23:00:00,20510.0
2023-04-04 23:00:00,20500.0
2023-04-05 23:00:00,20671.0
2023-04-06 23:00:00,20502.0
2023-04-07 23:00:00,20718.0
2023-04-10 23:00:00,21345.0
2023-04-11 23:00:00,21003.0
2023-04-12 23:00:00,21060.0
2023-04-13 23:00:00,20951.0
2023-04-14 23:00:00,21256.0
2023-04-17 23:00:00,21694.0
2023-04-18 23:00:00,22120.0
2023-04-19 23:00:00,22324.0
2023-04-20 23:00:00,22478.0
2023-04-21 23:00:00,22467.0
2023-04-24 23:00:00,22343.0
2023-04-25 23:00:00,22304.0
2023-04-26 23:00:00,22287.0
2023-04-27 23:00:00,22708.0
2023-04-28 23:00:00,22682.0
2023-05-02 23:00:00,22683.0
2023-05-03 23:00:00,22314.0
2023-05-04 23:00:00,22372.0
2023-05-05 23:00:00,22420.0
2023-05-08 23:00:00,22180.0
2023-05-10 23:00:00,23093.0
2023-05-11 23:00:00,24035.0
2023-05-12 23:00:00,23515.0
2023-05-15 23:00:00,23778.0
2023-05-16 23:00:00,23718.0
2023-05-17 23:00:00,23732.0
2023-05-18 23:00:00,23914.0
2023-05-19 23:00:00,23827.0
2023-05-22 23:00:00,23815.0
2023-05-23 23:00:00,24270.0
2023-05-24 23:00:00,24881.0
2023-05-25 23:00:00,25011.0
2023-05-26 23:00:00,25336.0
2023-05-29 23:00:00,25715.0
2023-05-30 23:00:00,25149.0
2023-05-31 23:00:00,25080.0
2023-06-01 23:00:00,24796.0
2023-06-02 23:00:00,25130.0
2023-06-05 23:00:00,24664.0
2023-06-06 23:00:00,24811.0
2023-06-07 23:00:00,24694.0
2023-06-08 23:00:00,24790.0
2023-06-09 23:00:00,24755.0
2023-06-13 23:00:00,24942.0
2023-06-14 23:00:00,25080.0
2023-06-15 23:00:00,25146.0
2023-06-16 23:00:00,25121.0
2023-06-19 23:00:00,24791.0
2023-06-20 23:00:00,24709.0
2023-06-21 23:00:00,24820.0
2023-06-22 23:00:00,24743.0
2023-06-23 23:00:00,24492.0
2023-06-26 23:00:00,24388.0
2023-06-27 23:00:00,24692.0
2023-06-28 23:00:00,24451.0
2023-06-29 23:00:00,24544.0
2023-06-30 23:00:00,24484.0
2023-07-03 23:00:00,24681.0
2023-07-04 23:00:00,24621.0
2023-07-05 23:00:00,24524.0
2023-07-06 23:00:00,24561.0
2023-07-07 23:00:00,24726.0
2023-07-10 23:00:00,25080.0
2023-07-11 23:00:00,25142.0
2023-07-12 23:00:00,25222.0
2023-07-13 23:00:00,25052.0
2023-07-14 23:00:00,25037.0
2023-07-17 23:00:00,25021.0
2023-07-18 23:00:00,25121.0
2023-07-19 23:00:00,25076.0
2023-07-20 23:00:00,24952.0
2023-07-21 23:00:00,24997.0
2023-07-24 23:00:00,24931.0
2023-07-25 23:00:00,25167.0
2023-07-26 23:00:00,25168.0
2023-07-27 23:00:00,25320.0
2023-07-28 23:00:00,25439.0
2023-07-31 23:00:00,26911.0
2023-08-01 23:00:00,27228.0
2023-08-02 23:00:00,27233.0
2023-08-03 23:00:00,27365.0
2023-08-04 23:00:00,26854.0
2023-08-07 23:00:00,26779.0
2023-08-08 23:00:00,26831.0
2023-08-09 23:00:00,26740.0
2023-08-10 23:00:00,27137.0
2023-08-11 23:00:00,27121.0
2023-08-14 23:00:00,26765.0
2023-08-15 23:00:00,26731.0
2023-08-16 23:00:00,26156.0
2023-08-17 23:00:00,26225.0
2023-08-18 23:00:00,26511.0
2023-08-21 23:00:00,26598.0
2023-08-22 23:00:00,26710.0
2023-08-23 23:00:00,26455.0
2023-08-24 23:00:00,26294.0
2023-08-25 23:00:00,26591.0
2023-08-28 23:00:00,27112.0
2023-08-29 23:00:00,27025.0
2023-08-30 23:00:00,26898.0
2023-08-31 23:00:00,27008.0
2023-09-01 23:00:00,26917.0
2023-09-04 23:00:00,27141.0
2023-09-05 23:00:00,27005.0
2023-09-06 23:00:00,26782.0
2023-09-07 23:00:00,26141.0
2023-09-08 23:00:00,25916.0
2023-09-11 23:00:00,25908.0
2023-09-12 23:00:00,26453.0
2023-09-13 23:00:00,26261.0
2023-09-14 23:00:00,26420.0
2023-09-15 23:00:00,26359.0
2023-09-18 23:00:00,26191.0
2023-09-19 23:00:00,25594.0
2023-09-20 23:00:00,25716.0
2023-09-21 23:00:00,25220.0
2023-09-22 23:00:00,25509.0
2023-09-25 23:00:00,25477.0
2023-09-26 23:00:00,25827.0
2023-09-27 23:00:00,25720.0
2023-09-28 23:00:00,25887.0
2023-09-29 23:00:00,26321.0
2023-10-02 23:00:00,25833.0
2023-10-03 23:00:00,26122.0
2023-10-04 23:00:00,26038.0
2023-10-05 23:00:00,26069.0
2023-10-06 23:00:00,26161.0
2023-10-09 23:00:00,26576.0
2023-10-10 23:00:00,26609.0
2023-10-11 23:00:00,26401.0
2023-10-12 23:00:00,26396.0
2023-10-13 23:00:00,26331.0
2023-10-16 23:00:00,26836.0
2023-10-17 23:00:00,27048.0
2023-10-18 23:00:00,26762.0
2023-10-19 23:00:00,26830.0
2023-10-20 23:00:00,26903.0
2023-10-23 23:00:00,27035.0
2023-10-24 23:00:00,27015.0
2023-10-25 23:00:00,27262.0
2023-10-26 23:00:00,26883.0
2023-10-27 23:00:00,26921.0
2023-10-30 23:00:00,26833.0
2023-10-31 23:00:00,26766.0
2023-11-01 23:00:00,26791.0
2023-11-02 23:00:00,26749.0
2023-11-03 23:00:00,26865.0
2023-11-06 23:00:00,27214.0
2023-11-07 23:00:00,27244.0
2023-11-08 23:00:00,27539.0
2023-11-09 23:00:00,27532.0
2023-11-10 23:00:00,27740.0
2023-11-13 23:00:00,28162.0
2023-11-14 23:00:00,27876.0
2023-11-15 23:00:00,28064.0
2023-11-16 23:00:00,27830.0
2023-11-17 23:00:00,27910.0
2023-11-20 23:00:00,28011.0
2023-11-21 23:00:00,28009.0
2023-11-22 23:00:00,28235.0
2023-11-23 23:00:00,28302.0
2023-11-24 23:00:00,28337.0
2023-11-27 23:00:00,27736.0
2023-11-28 23:00:00,27715.0
2023-11-29 23:00:00,27332.0
2023-11-30 23:00:00,27228.0
2023-12-01 23:00:00,27026.0
2023-12-04 23:00:00,26756.0
2023-12-05 23:00:00,27247.0
2023-12-06 23:00:00,26398.0
2023-12-07 23:00:00,26045.0
2023-12-08 23:00:00,26010.0
2023-12-11 23:00:00,25128.0
2023-12-12 23:00:00,25384.0
2023-12-13 23:00:00,25430.0
2023-12-14 23:00:00,25236.0
2023-12-15 23:00:00,26151.0
2023-12-18 23:00:00,26291.0
2023-12-19 23:00:00,26133.0
2023-12-20 23:00:00,26208.0
2023-12-21 23:00:00,25891.0
2023-12-22 23:00:00,26484.0
2023-12-25 23:00:00,26437.0
2023-12-26 23:00:00,26643.0
2023-12-27 23:00:00,26506.0
2023-12-28 23:00:00,26608.0
2023-12-29 23:00:00,26466.0
2024-01-03 23:00:00,26707.0
2024-01-04 23:00:00,26623.0
2024-01-05 23:00:00,26544.0
2024-01-08 23:00:00,26892.0
2024-01-09 23:00:00,26830.0
2024-01-10 23:00:00,26743.0
2024-01-11 23:00:00,26803.0
2024-01-12 23:00:00,26693.0
2024-01-15 23:00:00,26697.0
2024-01-16 23:00:00,26703.0
2024-01-17 23:00:00,26875.0
2024-01-18 23:00:00,26887.0
2024-01-19 23:00:00,26517.0
2024-01-22 23:00:00,26579.0
2024-01-23 23:00:00,26651.0
2024-01-24 23:00:00,26395.0
2024-01-25 23:00:00,26243.0
2024-01-26 23:00:00,26271.0
2024-01-29 23:00:00,26373.0
2024-01-30 23:00:00,26410.0
2024-01-31 23:00:00,26536.0
2024-02-01 23:00:00,26614.0
2024-02-02 23:00:00,26537.0
2024-02-05 23:00:00,26702.0
2024-02-06 23:00:00,26742.0
2024-02-07 23:00:00,27100.0
2024-02-08 23:00:00,27156.0
2024-02-09 23:00:00,27143.0
2024-02-12 23:00:00,27569.0
2024-02-13 23:00:00,27509.0
2024-02-14 23:00:00,27709.0
2024-02-15 23:00:00,27753.0
2024-02-16 23:00:00,27484.0
2024-02-19 23:00:00,27644.0
2024-02-20 23:00:00,27353.0
2024-02-21 23:00:00,26869.0
2024-02-22 23:00:00,26945.0
2024-02-26 23:00:00,27611.0
2024-02-27 23:00:00,27793.0
2024-02-28 23:00:00,27770.0
2024-02-29 23:00:00,27919.0
2024-03-01 23:00:00,27947.0
2024-03-04 23:00:00,28460.0
2024-03-05 23:00:00,28432.0
2024-03-06 23:00:00,28320.0
2024-03-07 23:00:00,28344.0
2024-03-11 23:00:00,28446.0
2024-03-12 23:00:00,28455.0
2024-03-13 23:00:00,28373.0
2024-03-14 23:00:00,28050.0
2024-03-15 23:00:00,28218.0
2024-03-18 23:00:00,28455.0
2024-03-19 23:00:00,30408.0
2024-03-20 23:00:00,30523.0
2024-03-21 23:00:00,30568.0
2024-03-22 23:00:00,30441.0
2024-03-25 23:00:00,30391.0
2024-03-26 23:00:00,30287.0
2024-03-27 23:00:00,30420.0
2024-03-28 23:00:00,30818.0
2024-03-29 23:00:00,30764.0
2024-04-01 23:00:00,30899.0
2024-04-02 23:00:00,30905.0
2024-04-03 23:00:00,31520.0
2024-04-04 23:00:00,31432.0
2024-04-05 23:00:00,31457.0
2024-04-08 23:00:00,31561.0
2024-04-09 23:00:00,31436.0
2024-04-10 23:00:00,31414.0
2024-04-11 23:00:00,31542.0
2024-04-12 23:00:00,31451.0
2024-04-15 23:00:00,31494.0
2024-04-16 23:00:00,31582.0
2024-04-17 23:00:00,31320.0
2024-04-18 23:00:00,31529.0
2024-04-19 23:00:00,31415.0
2024-04-22 23:00:00,31921.0
2024-04-23 23:00:00,31577.0
2024-04-24 23:00:00,31419.0
2024-04-25 23:00:00,31527.0
2024-04-26 23:00:00,31570.0
2024-04-27 23:00:00,31510.0
2024-04-29 23:00:00,31375.0
2024-04-30 23:00:00,31441.0
2024-05-02 23:00:00,31203.0
2024-05-03 23:00:00,31267.0
2024-05-06 23:00:00,31098.0
2024-05-07 23:00:00,31221.0
2024-05-08 23:00:00,31539.0
2024-05-10 23:00:00,31742.0
2024-05-13 23:00:00,31907.0
2024-05-14 23:00:00,32144.0
2024-05-15 23:00:00,32328.0
2024-05-16 23:00:00,32473.0
2024-05-17 23:00:00,32571.0
2024-05-20 23:00:00,32345.0
2024-05-21 23:00:00,32209.0
2024-05-22 23:00:00,32527.0
2024-05-23 23:00:00,32607.0
2024-05-24 23:00:00,32313.0
2024-05-27 23:00:00,31845.0
2024-05-28 23:00:00,31960.0
2024-05-29 23:00:00,32171.0
2024-05-30 23:00:00,31877.0
2024-05-31 23:00:00,31468.0
2024-06-03 23:00:00,31058.0
2024-06-04 23:00:00,31462.0
2024-06-05 23:00:00,31602.0
2024-06-06 23:00:00,31341.0
2024-06-07 23:00:00,31989.0
2024-06-10 23:00:00,31747.0
2024-06-11 23:00:00,31728.0
2024-06-13 23:00:00,31725.0
2024-06-14 23:00:00,31910.0
2024-06-17 23:00:00,31673.0
2024-06-18 23:00:00,31297.0
2024-06-19 23:00:00,30650.0
2024-06-20 23:00:00,30971.0
2024-06-21 23:00:00,31021.0
2024-06-24 23:00:00,31249.0
2024-06-25 23:00:00,31614.0
2024-06-26 23:00:00,31964.0
2024-06-27 23:00:00,32400.0
2024-06-28 23:00:00,32190.0
2024-07-01 23:00:00,32291.0
2024-07-02 23:00:00,32412.0
2024-07-03 23:00:00,32338.0
2024-07-04 23:00:00,31808.0
2024-07-05 23:00:00,31798.0
2024-07-08 23:00:00,31672.0
2024-07-09 23:00:00,31101.0
2024-07-10 23:00:00,30803.0
2024-07-11 23:00:00,31854.0
2024-07-12 23:00:00,31482.0
2024-07-15 23:00:00,30649.0
2024-07-16 23:00:00,30565.0
2024-07-17 23:00:00,30774.0
2024-07-18 23:00:00,31180.0
2024-07-19 23:00:00,31254.0
2024-07-22 23:00:00,31619.0
2024-07-23 23:00:00,31503.0
2024-07-24 23:00:00,31753.0
2024-07-25 23:00:00,31819.0
2024-07-26 23:00:00,31409.0
2024-07-29 23:00:00,30773.0
2024-07-30 23:00:00,31153.0
2024-07-31 23:00:00,30891.0
2024-08-01 23:00:00,30903.0
2024-08-02 23:00:00,30527.0
2024-08-05 23:00:00,29644.0
2024-08-06 23:00:00,29857.0
2024-08-07 23:00:00,30216.0
2024-08-08 23:00:00,30073.0
2024-08-09 23:00:00,29922.0
2024-08-12 23:00:00,29778.0
2024-08-13 23:00:00,30072.0
2024-08-14 23:00:00,29786.0
2024-08-15 23:00:00,29489.0
2024-08-16 23:00:00,29451.0
2024-08-19 23:00:00,28578.0
2024-08-20 23:00:00,28221.0
2024-08-21 23:00:00,28310.0
2024-08-22 23:00:00,28015.0
2024-08-23 23:00:00,27382.0
2024-08-26 23:00:00,28049.0
2024-08-27 23:00:00,27609.0
2024-08-28 23:00:00,27673.0
2024-08-29 23:00:00,27540.0
2024-08-30 23:00:00,27158.0
2024-09-02 23:00:00,26074.0
2024-09-03 23:00:00,25673.0
2024-09-04 23:00:00,26500.0
2024-09-05 23:00:00,26718.0
2024-09-06 23:00:00,26838.0
2024-09-09 23:00:00,27753.0
2024-09-10 23:00:00,27455.0
2024-09-11 23:00:00,27405.0
2024-09-12 23:00:00,26804.0
2024-09-13 23:00:00,27177.0
2024-09-16 23:00:00,27697.0
2024-09-17 23:00:00,27952.0
2024-09-18 23:00:00,27744.0
2024-09-19 23:00:00,27624.0
2024-09-20 23:00:00,28060.0
2024-09-23 23:00:00,28443.0
2024-09-24 23:00:00,28520.0
2024-09-25 23:00:00,27999.0
2024-09-26 23:00:00,27831.0
