DATETIME,price
2010-03-15 23:00:00,90527.0
2010-03-16 23:00:00,90352.0
2010-03-17 23:00:00,90222.0
2010-03-18 23:00:00,90376.0
2010-03-19 23:00:00,90416.0
2010-03-22 23:00:00,90613.0
2010-03-23 23:00:00,90552.0
2010-03-24 23:00:00,90764.0
2010-03-25 23:00:00,90542.0
2010-03-26 23:00:00,90671.0
2010-03-29 23:00:00,90535.0
2010-03-30 23:00:00,90502.0
2010-03-31 23:00:00,90470.0
2010-04-01 23:00:00,90302.0
2010-04-02 23:00:00,90281.0
2010-04-05 23:00:00,90156.0
2010-04-06 23:00:00,90291.0
2010-04-07 23:00:00,90282.0
2010-04-08 23:00:00,90427.0
2010-04-09 23:00:00,90193.0
2010-04-12 23:00:00,90022.0
2010-04-13 23:00:00,90067.0
2010-04-14 23:00:00,89916.0
2010-04-15 23:00:00,89975.0
2010-04-16 23:00:00,89987.0
2010-04-19 23:00:00,90199.0
2010-04-20 23:00:00,90046.0
2010-04-21 23:00:00,90065.0
2010-04-22 23:00:00,90187.0
2010-04-23 23:00:00,90082.0
2010-04-26 23:00:00,90058.0
2010-04-27 23:00:00,90094.0
2010-04-28 23:00:00,90309.0
2010-04-29 23:00:00,90167.0
2010-04-30 23:00:00,90157.0
2010-05-04 23:00:00,90495.0
2010-05-05 23:00:00,90999.0
2010-05-06 23:00:00,91463.0
2010-05-07 23:00:00,91587.0
2010-05-11 23:00:00,91043.0
2010-05-12 23:00:00,90839.0
2010-05-13 23:00:00,90882.0
2010-05-14 23:00:00,91207.0
2010-05-17 23:00:00,91447.0
2010-05-18 23:00:00,91200.0
2010-05-19 23:00:00,91628.0
2010-05-20 23:00:00,92510.0
2010-05-21 23:00:00,92042.0
2010-05-24 23:00:00,91840.0
2010-05-25 23:00:00,92441.0
2010-05-26 23:00:00,91941.0
2010-05-27 23:00:00,91561.0
2010-05-28 23:00:00,91522.0
2010-05-31 23:00:00,91788.0
2010-06-01 23:00:00,91765.0
2010-06-02 23:00:00,91938.0
2010-06-03 23:00:00,91943.0
2010-06-04 23:00:00,92223.0
2010-06-07 23:00:00,92650.0
2010-06-08 23:00:00,92733.0
2010-06-09 23:00:00,92357.0
2010-06-10 23:00:00,92254.0
2010-06-11 23:00:00,92332.0
2010-06-15 23:00:00,92158.0
2010-06-16 23:00:00,92039.0
2010-06-17 23:00:00,91856.0
2010-06-18 23:00:00,91870.0
2010-06-21 23:00:00,91584.0
2010-06-22 23:00:00,91796.0
2010-06-23 23:00:00,92015.0
2010-06-24 23:00:00,91925.0
2010-06-25 23:00:00,91938.0
2010-06-28 23:00:00,91862.0
2010-06-29 23:00:00,92171.0
2010-06-30 23:00:00,92110.0
2010-07-01 23:00:00,92048.0
2010-07-02 23:00:00,91907.0
2010-07-05 23:00:00,92043.0
2010-07-06 23:00:00,91796.0
2010-07-07 23:00:00,91860.0
2010-07-08 23:00:00,91662.0
2010-07-09 23:00:00,91641.0
2010-07-12 23:00:00,91611.0
2010-07-13 23:00:00,91480.0
2010-07-14 23:00:00,91424.0
2010-07-15 23:00:00,91256.0
2010-07-16 23:00:00,91301.0
2010-07-19 23:00:00,91319.0
2010-07-20 23:00:00,91248.0
2010-07-21 23:00:00,91227.0
2010-07-22 23:00:00,91133.0
2010-07-23 23:00:00,91230.0
2010-07-26 23:00:00,91087.0
2010-07-27 23:00:00,91002.0
2010-07-28 23:00:00,90993.0
2010-07-29 23:00:00,90951.0
2010-07-30 23:00:00,91021.0
2010-08-02 23:00:00,90736.0
2010-08-03 23:00:00,90545.0
2010-08-04 23:00:00,90621.0
2010-08-05 23:00:00,90635.0
2010-08-06 23:00:00,90513.0
2010-08-09 23:00:00,90720.0
2010-08-10 23:00:00,90880.0
2010-08-11 23:00:00,91148.0
2010-08-12 23:00:00,91295.0
2010-08-13 23:00:00,91317.0
2010-08-16 23:00:00,91207.0
2010-08-17 23:00:00,91212.0
2010-08-18 23:00:00,91156.0
2010-08-19 23:00:00,91186.0
2010-08-20 23:00:00,91361.0
2010-08-23 23:00:00,91408.0
2010-08-24 23:00:00,91521.0
2010-08-25 23:00:00,91706.0
2010-08-26 23:00:00,91401.0
2010-08-27 23:00:00,91462.0
2010-08-30 23:00:00,91429.0
2010-08-31 23:00:00,91462.0
2010-09-01 23:00:00,91406.0
2010-09-02 23:00:00,91410.0
2010-09-03 23:00:00,91375.0
2010-09-06 23:00:00,91327.0
2010-09-07 23:00:00,91555.0
2010-09-08 23:00:00,91536.0
2010-09-09 23:00:00,91522.0
2010-09-10 23:00:00,91574.0
2010-09-13 23:00:00,91401.0
2010-09-14 23:00:00,91331.0
2010-09-15 23:00:00,91646.0
2010-09-16 23:00:00,91859.0
2010-09-17 23:00:00,91677.0
2010-09-20 23:00:00,91677.0
2010-09-21 23:00:00,91704.0
2010-09-22 23:00:00,91654.0
2010-09-23 23:00:00,91679.0
2010-09-24 23:00:00,91356.0
2010-09-27 23:00:00,91143.0
2010-09-28 23:00:00,91093.0
2010-09-29 23:00:00,91078.0
2010-09-30 23:00:00,91128.0
2010-10-01 23:00:00,91081.0
2010-10-04 23:00:00,91069.0
2010-10-05 23:00:00,90627.0
2010-10-06 23:00:00,90391.0
2010-10-07 23:00:00,90413.0
2010-10-08 23:00:00,90438.0
2010-10-11 23:00:00,90444.0
2010-10-12 23:00:00,90725.0
2010-10-13 23:00:00,90667.0
2010-10-14 23:00:00,90615.0
2010-10-15 23:00:00,90881.0
2010-10-18 23:00:00,90989.0
2010-10-19 23:00:00,91195.0
2010-10-20 23:00:00,91316.0
2010-10-21 23:00:00,91089.0
2010-10-22 23:00:00,91002.0
2010-10-25 23:00:00,90853.0
2010-10-26 23:00:00,91008.0
2010-10-27 23:00:00,91273.0
2010-10-28 23:00:00,91214.0
2010-10-29 23:00:00,91397.0
2010-11-01 23:00:00,91354.0
2010-11-02 23:00:00,91300.0
2010-11-03 23:00:00,91417.0
2010-11-08 23:00:00,91360.0
2010-11-09 23:00:00,91173.0
2010-11-10 23:00:00,91238.0
2010-11-11 23:00:00,91109.0
2010-11-12 23:00:00,91332.0
2010-11-13 23:00:00,91349.0
2010-11-15 23:00:00,91496.0
2010-11-16 23:00:00,91693.0
2010-11-17 23:00:00,91815.0
2010-11-18 23:00:00,91571.0
2010-11-19 23:00:00,91607.0
2010-11-22 23:00:00,91651.0
2010-11-23 23:00:00,91843.0
2010-11-24 23:00:00,91729.0
2010-11-25 23:00:00,91663.0
2010-11-26 23:00:00,91882.0
2010-11-29 23:00:00,91958.0
2010-11-30 23:00:00,91998.0
2010-12-01 23:00:00,91920.0
2010-12-02 23:00:00,91749.0
2010-12-03 23:00:00,91683.0
2010-12-06 23:00:00,91704.0
2010-12-07 23:00:00,91541.0
2010-12-08 23:00:00,91594.0
2010-12-09 23:00:00,91462.0
2010-12-10 23:00:00,91383.0
2010-12-13 23:00:00,91189.0
2010-12-14 23:00:00,91101.0
2010-12-15 23:00:00,91099.0
2010-12-16 23:00:00,91158.0
2010-12-17 23:00:00,91178.0
2010-12-20 23:00:00,91225.0
2010-12-21 23:00:00,91107.0
2010-12-22 23:00:00,91028.0
2010-12-23 23:00:00,90967.0
2010-12-24 23:00:00,90806.0
2010-12-27 23:00:00,90732.0
2010-12-28 23:00:00,90592.0
2010-12-29 23:00:00,90844.0
2010-12-30 23:00:00,90815.0
2011-01-11 23:00:00,90862.0
2011-01-12 23:00:00,90459.0
2011-01-13 23:00:00,90290.0
2011-01-14 23:00:00,90298.0
2011-01-17 23:00:00,90183.0
2011-01-18 23:00:00,90120.0
2011-01-19 23:00:00,90090.0
2011-01-20 23:00:00,90298.0
2011-01-21 23:00:00,90205.0
2011-01-24 23:00:00,90091.0
2011-01-25 23:00:00,90024.0
2011-01-26 23:00:00,89940.0
2011-01-27 23:00:00,89819.0
2011-01-28 23:00:00,89995.0
2011-01-31 23:00:00,90012.0
2011-02-01 23:00:00,89772.0
2011-02-02 23:00:00,89618.0
2011-02-03 23:00:00,89671.0
2011-02-04 23:00:00,89602.0
2011-02-07 23:00:00,89529.0
2011-02-08 23:00:00,89445.0
2011-02-09 23:00:00,89470.0
2011-02-10 23:00:00,89560.0
2011-02-11 23:00:00,89480.0
2011-02-14 23:00:00,89496.0
2011-02-15 23:00:00,89490.0
2011-02-16 23:00:00,89471.0
2011-02-17 23:00:00,89482.0
2011-02-18 23:00:00,89375.0
2011-02-21 23:00:00,89376.0
2011-02-22 23:00:00,89446.0
2011-02-24 23:00:00,89174.0
2011-02-25 23:00:00,89095.0
2011-02-28 23:00:00,88928.0
2011-03-01 23:00:00,88761.0
2011-03-02 23:00:00,88515.0
2011-03-03 23:00:00,88389.0
2011-03-04 23:00:00,88302.0
2011-03-05 23:00:00,88351.0
2011-03-09 23:00:00,88505.0
2011-03-10 23:00:00,88720.0
2011-03-11 23:00:00,88819.0
2011-03-14 23:00:00,88670.0
2011-03-15 23:00:00,88915.0
2011-03-16 23:00:00,88811.0
2011-03-17 23:00:00,88764.0
2011-03-18 23:00:00,88639.0
2011-03-21 23:00:00,88397.0
2011-03-22 23:00:00,88324.0
2011-03-23 23:00:00,88451.0
2011-03-24 23:00:00,88379.0
2011-03-25 23:00:00,88358.0
2011-03-28 23:00:00,88448.0
2011-03-29 23:00:00,88526.0
2011-03-30 23:00:00,88671.0
2011-03-31 23:00:00,88518.0
2011-04-01 23:00:00,88430.0
2011-04-04 23:00:00,88385.0
2011-04-05 23:00:00,88391.0
2011-04-06 23:00:00,88264.0
2011-04-07 23:00:00,88361.0
2011-04-08 23:00:00,88062.0
2011-04-11 23:00:00,88107.0
2011-04-12 23:00:00,88184.0
2011-04-13 23:00:00,88236.0
2011-04-14 23:00:00,88329.0
2011-04-15 23:00:00,88217.0
2011-04-18 23:00:00,88463.0
2011-04-19 23:00:00,88425.0
2011-04-20 23:00:00,88146.0
2011-04-21 23:00:00,88013.0
2011-04-22 23:00:00,88092.0
2011-04-25 23:00:00,87994.0
2011-04-26 23:00:00,87874.0
2011-04-27 23:00:00,87785.0
2011-04-28 23:00:00,87581.0
2011-04-29 23:00:00,87362.0
2011-05-03 23:00:00,87403.0
2011-05-04 23:00:00,87325.0
2011-05-05 23:00:00,87561.0
2011-05-06 23:00:00,87676.0
2011-05-10 23:00:00,87830.0
2011-05-11 23:00:00,87800.0
2011-05-12 23:00:00,88021.0
2011-05-13 23:00:00,88046.0
2011-05-16 23:00:00,88061.0
2011-05-17 23:00:00,88200.0
2011-05-18 23:00:00,88040.0
2011-05-19 23:00:00,87991.0
2011-05-20 23:00:00,88220.0
2011-05-23 23:00:00,88472.0
2011-05-24 23:00:00,88371.0
2011-05-25 23:00:00,88436.0
2011-05-26 23:00:00,88261.0
2011-05-27 23:00:00,88070.0
2011-05-30 23:00:00,88082.0
2011-05-31 23:00:00,87984.0
2011-06-01 23:00:00,87871.0
2011-06-02 23:00:00,87906.0
2011-06-03 23:00:00,87828.0
2011-06-06 23:00:00,87796.0
2011-06-07 23:00:00,87645.0
2011-06-08 23:00:00,87646.0
2011-06-09 23:00:00,87707.0
2011-06-10 23:00:00,87888.0
2011-06-14 23:00:00,87754.0
2011-06-15 23:00:00,87843.0
2011-06-16 23:00:00,88033.0
2011-06-17 23:00:00,87921.0
2011-06-20 23:00:00,87942.0
2011-06-21 23:00:00,87823.0
2011-06-22 23:00:00,87769.0
2011-06-23 23:00:00,88171.0
2011-06-24 23:00:00,88110.0
2011-06-27 23:00:00,88109.0
2011-06-28 23:00:00,87928.0
2011-06-29 23:00:00,87824.0
2011-06-30 23:00:00,87719.0
2011-07-01 23:00:00,87644.0
2011-07-04 23:00:00,87630.0
2011-07-05 23:00:00,87665.0
2011-07-06 23:00:00,87811.0
2011-07-07 23:00:00,87706.0
2011-07-08 23:00:00,87784.0
2011-07-11 23:00:00,88030.0
2011-07-12 23:00:00,88112.0
2011-07-13 23:00:00,87874.0
2011-07-14 23:00:00,87860.0
2011-07-15 23:00:00,87894.0
2011-07-18 23:00:00,88010.0
2011-07-19 23:00:00,87805.0
2011-07-20 23:00:00,87779.0
2011-07-21 23:00:00,87516.0
2011-07-22 23:00:00,87542.0
2011-07-25 23:00:00,87480.0
2011-07-26 23:00:00,87282.0
2011-07-27 23:00:00,87251.0
2011-07-28 23:00:00,87354.0
2011-07-29 23:00:00,87378.0
2011-08-01 23:00:00,87447.0
2011-08-02 23:00:00,87492.0
2011-08-03 23:00:00,87626.0
2011-08-04 23:00:00,87807.0
2011-08-05 23:00:00,88033.0
2011-08-08 23:00:00,88748.0
2011-08-09 23:00:00,89322.0
2011-08-10 23:00:00,89446.0
2011-08-11 23:00:00,89202.0
2011-08-12 23:00:00,88875.0
2011-08-15 23:00:00,88421.0
2011-08-16 23:00:00,88416.0
2011-08-17 23:00:00,88378.0
2011-08-18 23:00:00,88911.0
2011-08-19 23:00:00,88723.0
2011-08-22 23:00:00,88747.0
2011-08-23 23:00:00,88684.0
2011-08-24 23:00:00,88571.0
2011-08-25 23:00:00,88591.0
2011-08-26 23:00:00,88652.0
2011-08-29 23:00:00,88428.0
2011-08-30 23:00:00,88588.0
2011-08-31 23:00:00,88520.0
2011-09-01 23:00:00,88613.0
2011-09-02 23:00:00,88782.0
2011-09-05 23:00:00,89130.0
2011-09-06 23:00:00,89246.0
2011-09-07 23:00:00,89141.0
2011-09-08 23:00:00,89206.0
2011-09-09 23:00:00,89543.0
2011-09-12 23:00:00,89894.0
2011-09-13 23:00:00,89823.0
2011-09-14 23:00:00,90052.0
2011-09-15 23:00:00,90121.0
2011-09-16 23:00:00,90278.0
2011-09-19 23:00:00,91015.0
2011-09-20 23:00:00,91064.0
2011-09-21 23:00:00,91195.0
2011-09-22 23:00:00,91778.0
2011-09-23 23:00:00,91828.0
2011-09-26 23:00:00,92309.0
2011-09-27 23:00:00,91437.0
2011-09-28 23:00:00,91483.0
2011-09-29 23:00:00,91596.0
2011-09-30 23:00:00,91962.0
2011-10-03 23:00:00,92291.0
2011-10-04 23:00:00,92499.0
2011-10-05 23:00:00,92262.0
2011-10-06 23:00:00,91982.0
2011-10-07 23:00:00,91661.0
2011-10-10 23:00:00,91138.0
2011-10-11 23:00:00,91176.0
2011-10-12 23:00:00,90685.0
2011-10-13 23:00:00,90865.0
2011-10-14 23:00:00,90509.0
2011-10-17 23:00:00,90548.0
2011-10-18 23:00:00,90910.0
2011-10-19 23:00:00,90610.0
2011-10-20 23:00:00,90943.0
2011-10-21 23:00:00,90687.0
2011-10-24 23:00:00,90169.0
2011-10-25 23:00:00,90058.0
2011-10-26 23:00:00,90209.0
2011-10-27 23:00:00,89459.0
2011-10-28 23:00:00,89190.0
2011-10-31 23:00:00,89678.0
2011-11-01 23:00:00,90260.0
2011-11-02 23:00:00,90084.0
2011-11-03 23:00:00,90023.0
2011-11-07 23:00:00,89946.0
2011-11-08 23:00:00,89669.0
2011-11-09 23:00:00,90116.0
2011-11-10 23:00:00,89991.0
2011-11-11 23:00:00,89930.0
2011-11-14 23:00:00,89951.0
2011-11-15 23:00:00,90115.0
2011-11-16 23:00:00,90197.0
2011-11-17 23:00:00,90270.0
2011-11-18 23:00:00,90270.0
2011-11-21 23:00:00,90489.0
2011-11-22 23:00:00,90462.0
2011-11-23 23:00:00,90743.0
2011-11-24 23:00:00,90891.0
2011-11-25 23:00:00,90923.0
2011-11-28 23:00:00,90648.0
2011-11-29 23:00:00,90713.0
2011-11-30 23:00:00,90081.0
2011-12-01 23:00:00,90107.0
2011-12-02 23:00:00,90214.0
2011-12-05 23:00:00,90207.0
2011-12-06 23:00:00,90571.0
2011-12-07 23:00:00,90624.0
2011-12-08 23:00:00,90727.0
2011-12-09 23:00:00,90795.0
2011-12-12 23:00:00,90891.0
2011-12-13 23:00:00,90934.0
2011-12-14 23:00:00,91122.0
2011-12-15 23:00:00,91160.0
2011-12-16 23:00:00,91334.0
2011-12-19 23:00:00,91359.0
2011-12-20 23:00:00,91235.0
2011-12-21 23:00:00,91065.0
2011-12-22 23:00:00,90708.0
2011-12-23 23:00:00,90507.0
2011-12-26 23:00:00,90377.0
2011-12-27 23:00:00,90625.0
2011-12-28 23:00:00,90980.0
2011-12-29 23:00:00,91478.0
2011-12-30 23:00:00,91295.0
2012-01-03 23:00:00,90928.0
2012-01-04 23:00:00,90992.0
2012-01-05 23:00:00,91250.0
2012-01-06 23:00:00,91162.0
2012-01-09 23:00:00,91127.0
2012-01-10 23:00:00,90788.0
2012-01-11 23:00:00,90971.0
2012-01-12 23:00:00,90759.0
2012-01-13 23:00:00,91018.0
2012-01-16 23:00:00,90868.0
2012-01-17 23:00:00,90810.0
2012-01-18 23:00:00,90685.0
2012-01-19 23:00:00,90543.0
2012-01-20 23:00:00,90486.0
2012-01-23 23:00:00,90073.0
2012-01-24 23:00:00,90028.0
2012-01-25 23:00:00,89800.0
2012-01-26 23:00:00,89346.0
2012-01-27 23:00:00,89373.0
2012-01-30 23:00:00,89541.0
2012-01-31 23:00:00,89302.0
2012-02-01 23:00:00,89289.0
2012-02-02 23:00:00,89291.0
2012-02-03 23:00:00,89248.0
2012-02-06 23:00:00,89202.0
2012-02-07 23:00:00,88871.0
2012-02-08 23:00:00,88824.0
2012-02-09 23:00:00,88748.0
2012-02-10 23:00:00,89121.0
2012-02-13 23:00:00,88933.0
2012-02-14 23:00:00,89024.0
2012-02-15 23:00:00,89033.0
2012-02-16 23:00:00,89255.0
2012-02-17 23:00:00,88915.0
2012-02-20 23:00:00,88771.0
2012-02-21 23:00:00,88800.0
2012-02-22 23:00:00,88653.0
2012-02-24 23:00:00,88186.0
2012-02-27 23:00:00,88022.0
2012-02-28 23:00:00,88095.0
2012-02-29 23:00:00,88043.0
2012-03-01 23:00:00,88239.0
2012-03-02 23:00:00,88210.0
2012-03-05 23:00:00,88283.0
2012-03-06 23:00:00,88597.0
2012-03-07 23:00:00,88672.0
2012-03-11 23:00:00,88437.0
2012-03-12 23:00:00,88553.0
2012-03-13 23:00:00,88421.0
2012-03-14 23:00:00,88382.0
2012-03-15 23:00:00,88435.0
2012-03-16 23:00:00,88348.0
2012-03-19 23:00:00,88262.0
2012-03-20 23:00:00,88303.0
2012-03-21 23:00:00,88264.0
2012-03-22 23:00:00,88473.0
2012-03-23 23:00:00,88374.0
2012-03-26 23:00:00,87998.0
2012-03-27 23:00:00,88028.0
2012-03-28 23:00:00,88402.0
2012-03-29 23:00:00,88512.0
2012-03-30 23:00:00,88464.0
2012-04-02 23:00:00,88390.0
2012-04-03 23:00:00,88163.0
2012-04-04 23:00:00,88478.0
2012-04-05 23:00:00,88473.0
2012-04-06 23:00:00,88526.0
2012-04-09 23:00:00,88582.0
2012-04-10 23:00:00,88662.0
2012-04-11 23:00:00,88596.0
2012-04-12 23:00:00,88416.0
2012-04-13 23:00:00,88529.0
2012-04-16 23:00:00,88613.0
2012-04-17 23:00:00,88468.0
2012-04-18 23:00:00,88436.0
2012-04-19 23:00:00,88445.0
2012-04-20 23:00:00,88371.0
2012-04-23 23:00:00,88480.0
2012-04-24 23:00:00,88303.0
2012-04-25 23:00:00,88279.0
2012-04-26 23:00:00,88203.0
2012-04-27 23:00:00,88194.0
2012-04-28 23:00:00,88273.0
2012-05-02 23:00:00,88283.0
2012-05-03 23:00:00,88371.0
2012-05-04 23:00:00,88590.0
2012-05-05 23:00:00,88643.0
2012-05-07 23:00:00,88878.0
2012-05-08 23:00:00,88938.0
2012-05-10 23:00:00,88954.0
2012-05-11 23:00:00,88984.0
2012-05-12 23:00:00,89056.0
2012-05-14 23:00:00,89237.0
2012-05-15 23:00:00,89398.0
2012-05-16 23:00:00,89758.0
2012-05-17 23:00:00,89863.0
2012-05-18 23:00:00,90111.0
2012-05-21 23:00:00,89990.0
2012-05-22 23:00:00,89946.0
2012-05-23 23:00:00,90481.0
2012-05-24 23:00:00,90486.0
2012-05-25 23:00:00,90803.0
2012-05-28 23:00:00,90880.0
2012-05-29 23:00:00,90946.0
2012-05-30 23:00:00,91481.0
2012-05-31 23:00:00,92306.0
2012-06-01 23:00:00,92358.0
2012-06-04 23:00:00,92215.0
2012-06-05 23:00:00,91753.0
2012-06-06 23:00:00,91163.0
2012-06-07 23:00:00,90964.0
2012-06-08 23:00:00,91412.0
2012-06-09 23:00:00,91341.0
2012-06-13 23:00:00,91109.0
2012-06-14 23:00:00,91284.0
2012-06-15 23:00:00,91110.0
2012-06-18 23:00:00,91085.0
2012-06-19 23:00:00,91131.0
2012-06-20 23:00:00,91149.0
2012-06-21 23:00:00,91539.0
2012-06-22 23:00:00,91767.0
2012-06-25 23:00:00,91935.0
2012-06-26 23:00:00,91486.0
2012-06-27 23:00:00,91581.0
2012-06-28 23:00:00,91729.0
2012-06-29 23:00:00,90983.0
2012-07-02 23:00:00,91171.0
2012-07-03 23:00:00,90702.0
2012-07-04 23:00:00,90855.0
2012-07-05 23:00:00,91091.0
2012-07-06 23:00:00,91365.0
2012-07-09 23:00:00,91528.0
2012-07-10 23:00:00,91429.0
2012-07-11 23:00:00,91194.0
2012-07-12 23:00:00,91306.0
2012-07-13 23:00:00,91114.0
2012-07-16 23:00:00,91071.0
2012-07-17 23:00:00,91087.0
2012-07-18 23:00:00,90777.0
2012-07-19 23:00:00,90415.0
2012-07-20 23:00:00,90493.0
2012-07-23 23:00:00,91112.0
2012-07-24 23:00:00,91195.0
2012-07-25 23:00:00,91139.0
2012-07-26 23:00:00,90740.0
2012-07-27 23:00:00,90488.0
2012-07-30 23:00:00,90577.0
2012-07-31 23:00:00,90585.0
2012-08-01 23:00:00,90730.0
2012-08-02 23:00:00,90846.0
2012-08-03 23:00:00,90364.0
2012-08-06 23:00:00,89942.0
2012-08-07 23:00:00,89957.0
2012-08-08 23:00:00,89945.0
2012-08-09 23:00:00,90011.0
2012-08-10 23:00:00,90149.0
2012-08-13 23:00:00,90147.0
2012-08-14 23:00:00,90160.0
2012-08-15 23:00:00,90219.0
2012-08-16 23:00:00,90203.0
2012-08-17 23:00:00,90367.0
2012-08-20 23:00:00,90332.0
2012-08-21 23:00:00,89999.0
2012-08-22 23:00:00,90124.0
2012-08-23 23:00:00,89990.0
2012-08-24 23:00:00,90085.0
2012-08-27 23:00:00,90098.0
2012-08-28 23:00:00,90215.0
2012-08-29 23:00:00,90376.0
2012-08-30 23:00:00,90797.0
2012-08-31 23:00:00,90547.0
2012-09-03 23:00:00,90515.0
2012-09-04 23:00:00,90465.0
2012-09-05 23:00:00,90504.0
2012-09-06 23:00:00,90181.0
2012-09-07 23:00:00,89830.0
2012-09-10 23:00:00,89847.0
2012-09-11 23:00:00,89737.0
2012-09-12 23:00:00,89683.0
2012-09-13 23:00:00,89499.0
2012-09-14 23:00:00,88686.0
2012-09-17 23:00:00,88742.0
2012-09-18 23:00:00,89028.0
2012-09-19 23:00:00,89331.0
2012-09-20 23:00:00,89374.0
2012-09-21 23:00:00,89156.0
2012-09-24 23:00:00,89287.0
2012-09-25 23:00:00,89074.0
2012-09-26 23:00:00,89404.0
2012-09-27 23:00:00,89185.0
2012-09-28 23:00:00,89280.0
2012-10-01 23:00:00,89125.0
2012-10-02 23:00:00,89165.0
2012-10-03 23:00:00,89202.0
2012-10-04 23:00:00,89076.0
2012-10-05 23:00:00,88949.0
2012-10-08 23:00:00,89195.0
2012-10-09 23:00:00,89165.0
2012-10-10 23:00:00,89127.0
2012-10-11 23:00:00,89023.0
2012-10-12 23:00:00,89030.0
2012-10-15 23:00:00,89093.0
2012-10-16 23:00:00,88887.0
2012-10-17 23:00:00,88746.0
2012-10-18 23:00:00,88772.0
2012-10-19 23:00:00,88811.0
2012-10-22 23:00:00,89060.0
2012-10-23 23:00:00,89469.0
2012-10-24 23:00:00,89296.0
2012-10-25 23:00:00,89292.0
2012-10-26 23:00:00,89337.0
2012-10-29 23:00:00,89427.0
2012-10-30 23:00:00,89305.0
2012-10-31 23:00:00,89269.0
2012-11-01 23:00:00,89208.0
2012-11-02 23:00:00,89372.0
2012-11-06 23:00:00,89374.0
2012-11-07 23:00:00,89362.0
2012-11-08 23:00:00,89377.0
2012-11-09 23:00:00,89495.0
2012-11-12 23:00:00,89489.0
2012-11-13 23:00:00,89669.0
2012-11-14 23:00:00,89529.0
2012-11-15 23:00:00,89528.0
2012-11-16 23:00:00,89574.0
2012-11-19 23:00:00,89340.0
2012-11-20 23:00:00,89192.0
2012-11-21 23:00:00,88999.0
2012-11-22 23:00:00,88972.0
2012-11-23 23:00:00,88906.0
2012-11-26 23:00:00,88826.0
2012-11-27 23:00:00,88828.0
2012-11-28 23:00:00,88966.0
2012-11-29 23:00:00,88606.0
2012-11-30 23:00:00,88681.0
2012-12-03 23:00:00,88659.0
2012-12-04 23:00:00,88612.0
2012-12-05 23:00:00,88537.0
2012-12-06 23:00:00,88626.0
2012-12-07 23:00:00,88592.0
2012-12-10 23:00:00,88464.0
2012-12-11 23:00:00,88457.0
2012-12-12 23:00:00,88311.0
2012-12-13 23:00:00,88390.0
2012-12-14 23:00:00,88423.0
2012-12-17 23:00:00,88676.0
2012-12-18 23:00:00,88522.0
2012-12-19 23:00:00,88361.0
2012-12-20 23:00:00,88318.0
2012-12-21 23:00:00,88474.0
2012-12-24 23:00:00,88238.0
2012-12-25 23:00:00,88313.0
2012-12-26 23:00:00,88163.0
2012-12-27 23:00:00,87973.0
2012-12-28 23:00:00,87992.0
2013-01-08 23:00:00,87830.0
2013-01-09 23:00:00,88004.0
2013-01-10 23:00:00,87747.0
2013-01-11 23:00:00,87802.0
2013-01-14 23:00:00,87800.0
2013-01-15 23:00:00,87802.0
2013-01-16 23:00:00,87877.0
2013-01-17 23:00:00,87798.0
2013-01-18 23:00:00,87753.0
2013-01-21 23:00:00,87757.0
2013-01-22 23:00:00,87720.0
2013-01-23 23:00:00,87640.0
2013-01-24 23:00:00,87569.0
2013-01-25 23:00:00,87491.0
2013-01-28 23:00:00,87546.0
2013-01-29 23:00:00,87516.0
2013-01-30 23:00:00,87493.0
2013-01-31 23:00:00,87473.0
2013-02-01 23:00:00,87359.0
2013-02-04 23:00:00,87412.0
2013-02-05 23:00:00,87474.0
2013-02-06 23:00:00,87481.0
2013-02-07 23:00:00,87519.0
2013-02-08 23:00:00,87510.0
2013-02-11 23:00:00,87582.0
2013-02-12 23:00:00,87476.0
2013-02-13 23:00:00,87416.0
2013-02-14 23:00:00,87501.0
2013-02-15 23:00:00,87470.0
2013-02-18 23:00:00,87483.0
2013-02-19 23:00:00,87467.0
2013-02-20 23:00:00,87435.0
2013-02-21 23:00:00,87718.0
2013-02-22 23:00:00,87725.0
2013-02-25 23:00:00,87589.0
2013-02-26 23:00:00,87865.0
2013-02-27 23:00:00,87916.0
2013-02-28 23:00:00,87845.0
2013-03-01 23:00:00,88033.0
2013-03-04 23:00:00,88079.0
2013-03-05 23:00:00,87971.0
2013-03-06 23:00:00,88000.0
2013-03-07 23:00:00,87929.0
2013-03-11 23:00:00,88022.0
2013-03-12 23:00:00,87917.0
2013-03-13 23:00:00,88030.0
2013-03-14 23:00:00,87976.0
2013-03-15 23:00:00,87933.0
2013-03-18 23:00:00,88138.0
2013-03-19 23:00:00,88165.0
2013-03-20 23:00:00,88150.0
2013-03-21 23:00:00,88210.0
2013-03-22 23:00:00,88142.0
2013-03-25 23:00:00,88120.0
2013-03-26 23:00:00,88145.0
2013-03-27 23:00:00,88284.0
2013-03-28 23:00:00,88290.0
2013-03-29 23:00:00,88275.0
2013-04-01 23:00:00,88351.0
2013-04-02 23:00:00,88497.0
2013-04-03 23:00:00,88743.0
2013-04-04 23:00:00,88875.0
2013-04-05 23:00:00,88814.0
2013-04-08 23:00:00,88449.0
2013-04-09 23:00:00,88378.0
2013-04-10 23:00:00,88064.0
2013-04-11 23:00:00,87999.0
2013-04-12 23:00:00,88224.0
2013-04-15 23:00:00,88487.0
2013-04-16 23:00:00,88536.0
2013-04-17 23:00:00,88820.0
2013-04-18 23:00:00,88817.0
2013-04-19 23:00:00,88655.0
2013-04-22 23:00:00,88803.0
2013-04-23 23:00:00,88765.0
2013-04-24 23:00:00,88638.0
2013-04-25 23:00:00,88240.0
2013-04-26 23:00:00,88357.0
2013-04-29 23:00:00,88028.0
2013-04-30 23:00:00,88080.0
2013-05-02 23:00:00,88305.0
2013-05-03 23:00:00,88074.0
2013-05-06 23:00:00,88132.0
2013-05-07 23:00:00,88067.0
2013-05-08 23:00:00,88085.0
2013-05-10 23:00:00,88433.0
2013-05-13 23:00:00,88370.0
2013-05-14 23:00:00,88348.0
2013-05-15 23:00:00,88522.0
2013-05-16 23:00:00,88340.0
2013-05-17 23:00:00,88392.0
2013-05-20 23:00:00,88241.0
2013-05-21 23:00:00,88251.0
2013-05-22 23:00:00,88157.0
2013-05-23 23:00:00,88367.0
2013-05-24 23:00:00,88270.0
2013-05-27 23:00:00,88282.0
2013-05-28 23:00:00,88394.0
2013-05-29 23:00:00,88451.0
2013-05-30 23:00:00,88657.0
2013-05-31 23:00:00,88832.0
2013-06-03 23:00:00,88833.0
2013-06-04 23:00:00,88845.0
2013-06-05 23:00:00,89005.0
2013-06-06 23:00:00,89119.0
2013-06-07 23:00:00,89067.0
2013-06-10 23:00:00,89179.0
2013-06-11 23:00:00,89274.0
2013-06-13 23:00:00,88835.0
2013-06-14 23:00:00,88455.0
2013-06-17 23:00:00,88565.0
2013-06-18 23:00:00,88798.0
2013-06-19 23:00:00,89066.0
2013-06-20 23:00:00,89644.0
2013-06-21 23:00:00,89620.0
2013-06-24 23:00:00,89724.0
2013-06-25 23:00:00,89651.0
2013-06-26 23:00:00,89743.0
2013-06-27 23:00:00,89528.0
2013-06-28 23:00:00,89607.0
2013-07-01 23:00:00,89695.0
2013-07-02 23:00:00,89791.0
2013-07-03 23:00:00,89926.0
2013-07-04 23:00:00,89892.0
2013-07-05 23:00:00,90033.0
2013-07-08 23:00:00,89941.0
2013-07-09 23:00:00,89723.0
2013-07-10 23:00:00,89615.0
2013-07-11 23:00:00,89238.0
2013-07-12 23:00:00,89301.0
2013-07-15 23:00:00,89273.0
2013-07-16 23:00:00,89081.0
2013-07-17 23:00:00,89011.0
2013-07-18 23:00:00,89022.0
2013-07-19 23:00:00,89004.0
2013-07-22 23:00:00,88912.0
2013-07-23 23:00:00,88944.0
2013-07-24 23:00:00,88971.0
2013-07-25 23:00:00,89219.0
2013-07-26 23:00:00,89352.0
2013-07-29 23:00:00,89396.0
2013-07-30 23:00:00,89505.0
2013-07-31 23:00:00,89536.0
2013-08-01 23:00:00,89625.0
2013-08-02 23:00:00,89323.0
2013-08-05 23:00:00,89397.0
2013-08-06 23:00:00,89460.0
2013-08-07 23:00:00,89498.0
2013-08-08 23:00:00,89434.0
2013-08-09 23:00:00,89345.0
2013-08-12 23:00:00,89449.0
2013-08-13 23:00:00,89608.0
2013-08-14 23:00:00,89542.0
2013-08-15 23:00:00,89481.0
2013-08-16 23:00:00,89302.0
2013-08-19 23:00:00,89387.0
2013-08-20 23:00:00,89371.0
2013-08-21 23:00:00,89469.0
2013-08-22 23:00:00,89527.0
2013-08-23 23:00:00,89381.0
2013-08-26 23:00:00,89398.0
2013-08-27 23:00:00,89590.0
2013-08-28 23:00:00,89592.0
2013-08-29 23:00:00,89612.0
2013-08-30 23:00:00,89677.0
2013-09-02 23:00:00,89710.0
2013-09-03 23:00:00,89827.0
2013-09-04 23:00:00,89702.0
2013-09-05 23:00:00,89789.0
2013-09-06 23:00:00,89645.0
2013-09-09 23:00:00,89444.0
2013-09-10 23:00:00,89270.0
2013-09-11 23:00:00,89187.0
2013-09-12 23:00:00,88936.0
2013-09-13 23:00:00,88795.0
2013-09-16 23:00:00,88519.0
2013-09-17 23:00:00,88479.0
2013-09-18 23:00:00,88549.0
2013-09-19 23:00:00,87875.0
2013-09-20 23:00:00,88031.0
2013-09-23 23:00:00,88058.0
2013-09-24 23:00:00,88099.0
2013-09-25 23:00:00,88278.0
2013-09-26 23:00:00,88433.0
2013-09-27 23:00:00,88507.0
2013-09-30 23:00:00,88549.0
2013-10-01 23:00:00,88406.0
2013-10-02 23:00:00,88384.0
2013-10-03 23:00:00,88268.0
2013-10-04 23:00:00,88307.0
2013-10-07 23:00:00,88413.0
2013-10-08 23:00:00,88323.0
2013-10-09 23:00:00,88466.0
2013-10-10 23:00:00,88315.0
2013-10-11 23:00:00,88382.0
2013-10-14 23:00:00,88371.0
2013-10-15 23:00:00,88356.0
2013-10-16 23:00:00,88244.0
2013-10-17 23:00:00,88000.0
2013-10-18 23:00:00,87910.0
2013-10-21 23:00:00,87960.0
2013-10-22 23:00:00,87757.0
2013-10-23 23:00:00,87810.0
2013-10-24 23:00:00,87720.0
2013-10-25 23:00:00,87796.0
2013-10-28 23:00:00,87906.0
2013-10-29 23:00:00,88057.0
2013-10-30 23:00:00,87990.0
2013-10-31 23:00:00,88141.0
2013-11-01 23:00:00,88338.0
2013-11-05 23:00:00,88480.0
2013-11-06 23:00:00,88362.0
2013-11-07 23:00:00,88352.0
2013-11-08 23:00:00,88651.0
2013-11-11 23:00:00,88682.0
2013-11-12 23:00:00,88799.0
2013-11-13 23:00:00,88798.0
2013-11-14 23:00:00,88689.0
2013-11-15 23:00:00,88504.0
2013-11-18 23:00:00,88451.0
2013-11-19 23:00:00,88638.0
2013-11-20 23:00:00,88740.0
2013-11-21 23:00:00,88913.0
2013-11-22 23:00:00,88676.0
2013-11-25 23:00:00,88897.0
2013-11-26 23:00:00,88873.0
2013-11-27 23:00:00,88971.0
2013-11-28 23:00:00,89000.0
2013-11-29 23:00:00,89026.0
2013-12-02 23:00:00,89024.0
2013-12-03 23:00:00,89085.0
2013-12-04 23:00:00,89037.0
2013-12-05 23:00:00,88861.0
2013-12-06 23:00:00,88606.0
2013-12-09 23:00:00,88496.0
2013-12-10 23:00:00,88513.0
2013-12-11 23:00:00,88519.0
2013-12-12 23:00:00,88542.0
2013-12-13 23:00:00,88636.0
2013-12-16 23:00:00,88639.0
2013-12-17 23:00:00,88678.0
2013-12-18 23:00:00,88603.0
2013-12-19 23:00:00,88705.0
2013-12-20 23:00:00,88699.0
2013-12-23 23:00:00,88366.0
2013-12-24 23:00:00,88308.0
2013-12-25 23:00:00,88349.0
2013-12-26 23:00:00,88324.0
2013-12-27 23:00:00,88213.0
2013-12-30 23:00:00,88436.0
2014-01-06 23:00:00,88854.0
2014-01-08 23:00:00,88737.0
2014-01-09 23:00:00,88816.0
2014-01-10 23:00:00,88718.0
2014-01-13 23:00:00,88783.0
2014-01-14 23:00:00,88909.0
2014-01-15 23:00:00,88966.0
2014-01-16 23:00:00,88954.0
2014-01-17 23:00:00,89103.0
2014-01-20 23:00:00,89326.0
2014-01-21 23:00:00,89502.0
2014-01-22 23:00:00,89450.0
2014-01-23 23:00:00,89675.0
2014-01-24 23:00:00,90028.0
2014-01-27 23:00:00,90135.0
2014-01-28 23:00:00,90238.0
2014-01-29 23:00:00,90745.0
2014-01-30 23:00:00,90482.0
2014-01-31 23:00:00,90746.0
2014-02-03 23:00:00,90692.0
2014-02-04 23:00:00,90641.0
2014-02-05 23:00:00,90316.0
2014-02-06 23:00:00,90193.0
2014-02-07 23:00:00,90151.0
2014-02-10 23:00:00,90242.0
2014-02-11 23:00:00,90266.0
2014-02-12 23:00:00,90252.0
2014-02-13 23:00:00,90686.0
2014-02-14 23:00:00,90515.0
2014-02-17 23:00:00,90632.0
2014-02-18 23:00:00,90676.0
2014-02-19 23:00:00,91221.0
2014-02-20 23:00:00,91197.0
2014-02-21 23:00:00,90932.0
2014-02-24 23:00:00,90899.0
2014-02-25 23:00:00,91009.0
2014-02-26 23:00:00,91345.0
2014-02-27 23:00:00,91545.0
2014-02-28 23:00:00,91242.0
2014-03-03 23:00:00,91794.0
2014-03-04 23:00:00,91457.0
2014-03-05 23:00:00,91350.0
2014-03-06 23:00:00,91505.0
2014-03-07 23:00:00,91697.0
2014-03-11 23:00:00,91689.0
2014-03-12 23:00:00,91774.0
2014-03-13 23:00:00,91753.0
2014-03-14 23:00:00,91919.0
2014-03-17 23:00:00,91469.0
2014-03-18 23:00:00,91366.0
2014-03-19 23:00:00,91015.0
2014-03-20 23:00:00,91186.0
2014-03-21 23:00:00,91277.0
2014-03-24 23:00:00,91145.0
2014-03-25 23:00:00,90635.0
2014-03-26 23:00:00,90417.0
2014-03-27 23:00:00,90550.0
2014-03-28 23:00:00,90626.0
2014-03-31 23:00:00,90083.0
2014-04-01 23:00:00,89954.0
2014-04-02 23:00:00,90298.0
2014-04-03 23:00:00,90447.0
2014-04-04 23:00:00,90154.0
2014-04-07 23:00:00,90478.0
2014-04-08 23:00:00,90471.0
2014-04-09 23:00:00,90535.0
2014-04-10 23:00:00,90332.0
2014-04-11 23:00:00,90475.0
2014-04-14 23:00:00,90740.0
2014-04-15 23:00:00,90978.0
2014-04-16 23:00:00,90925.0
2014-04-17 23:00:00,90515.0
2014-04-18 23:00:00,90354.0
2014-04-21 23:00:00,90425.0
2014-04-22 23:00:00,90448.0
2014-04-23 23:00:00,90483.0
2014-04-24 23:00:00,90537.0
2014-04-25 23:00:00,90794.0
2014-04-28 23:00:00,90691.0
2014-04-29 23:00:00,90374.0
2014-04-30 23:00:00,90317.0
2014-05-02 23:00:00,90457.0
2014-05-05 23:00:00,90452.0
2014-05-06 23:00:00,90075.0
2014-05-07 23:00:00,89604.0
2014-05-08 23:00:00,89644.0
2014-05-12 23:00:00,89697.0
2014-05-13 23:00:00,89368.0
2014-05-14 23:00:00,89281.0
2014-05-15 23:00:00,89320.0
2014-05-16 23:00:00,89307.0
2014-05-19 23:00:00,89045.0
2014-05-20 23:00:00,89060.0
2014-05-21 23:00:00,88933.0
2014-05-22 23:00:00,88825.0
2014-05-23 23:00:00,88620.0
2014-05-26 23:00:00,88656.0
2014-05-27 23:00:00,88877.0
2014-05-28 23:00:00,88993.0
2014-05-29 23:00:00,89123.0
2014-05-30 23:00:00,89238.0
2014-06-02 23:00:00,89302.0
2014-06-03 23:00:00,89426.0
2014-06-04 23:00:00,89474.0
2014-06-05 23:00:00,89111.0
2014-06-06 23:00:00,88774.0
2014-06-09 23:00:00,88725.0
2014-06-10 23:00:00,88679.0
2014-06-11 23:00:00,88717.0
2014-06-13 23:00:00,88676.0
2014-06-16 23:00:00,88871.0
2014-06-17 23:00:00,89063.0
2014-06-18 23:00:00,88709.0
2014-06-19 23:00:00,88488.0
2014-06-20 23:00:00,88587.0
2014-06-23 23:00:00,88323.0
2014-06-24 23:00:00,87800.0
2014-06-25 23:00:00,87871.0
2014-06-26 23:00:00,87780.0
2014-06-27 23:00:00,87797.0
2014-06-30 23:00:00,88115.0
2014-07-01 23:00:00,88365.0
2014-07-02 23:00:00,88346.0
2014-07-03 23:00:00,88314.0
2014-07-04 23:00:00,88521.0
2014-07-07 23:00:00,88414.0
2014-07-08 23:00:00,88276.0
2014-07-09 23:00:00,87981.0
2014-07-10 23:00:00,88057.0
2014-07-11 23:00:00,88145.0
2014-07-14 23:00:00,88279.0
2014-07-15 23:00:00,88324.0
2014-07-16 23:00:00,88345.0
2014-07-17 23:00:00,88897.0
2014-07-18 23:00:00,89040.0
2014-07-21 23:00:00,89140.0
2014-07-22 23:00:00,88876.0
2014-07-23 23:00:00,88725.0
2014-07-24 23:00:00,88963.0
2014-07-25 23:00:00,89028.0
2014-07-28 23:00:00,89398.0
2014-07-29 23:00:00,89637.0
2014-07-30 23:00:00,89493.0
2014-07-31 23:00:00,89531.0
2014-08-01 23:00:00,89551.0
2014-08-04 23:00:00,89660.0
2014-08-05 23:00:00,89712.0
2014-08-06 23:00:00,90037.0
2014-08-07 23:00:00,90114.0
2014-08-08 23:00:00,90023.0
2014-08-11 23:00:00,89692.0
2014-08-12 23:00:00,89896.0
2014-08-13 23:00:00,89834.0
2014-08-14 23:00:00,89703.0
2014-08-15 23:00:00,89817.0
2014-08-18 23:00:00,89789.0
2014-08-19 23:00:00,89847.0
2014-08-20 23:00:00,89948.0
2014-08-21 23:00:00,89749.0
2014-08-22 23:00:00,89796.0
2014-08-25 23:00:00,89763.0
2014-08-26 23:00:00,89728.0
2014-08-27 23:00:00,89778.0
2014-08-28 23:00:00,90380.0
2014-08-29 23:00:00,90664.0
2014-09-01 23:00:00,90822.0
2014-09-02 23:00:00,91018.0
2014-09-03 23:00:00,90404.0
2014-09-04 23:00:00,90497.0
2014-09-05 23:00:00,90432.0
2014-09-08 23:00:00,90544.0
2014-09-09 23:00:00,90604.0
2014-09-10 23:00:00,90845.0
2014-09-11 23:00:00,91003.0
2014-09-12 23:00:00,91350.0
2014-09-15 23:00:00,91548.0
2014-09-16 23:00:00,91911.0
2014-09-17 23:00:00,91535.0
2014-09-18 23:00:00,91653.0
2014-09-19 23:00:00,91686.0
2014-09-22 23:00:00,91861.0
2014-09-23 23:00:00,91741.0
2014-09-24 23:00:00,91358.0
2014-09-25 23:00:00,91625.0
2014-09-26 23:00:00,92217.0
2014-09-29 23:00:00,92534.0
2014-09-30 23:00:00,92701.0
2014-10-01 23:00:00,92738.0
2014-10-02 23:00:00,92738.0
2014-10-03 23:00:00,93039.0
2014-10-06 23:00:00,92919.0
2014-10-07 23:00:00,92993.0
2014-10-08 23:00:00,93181.0
2014-10-09 23:00:00,93109.0
2014-10-10 23:00:00,93452.0
2014-10-13 23:00:00,93577.0
2014-10-14 23:00:00,93988.0
2014-10-15 23:00:00,93729.0
2014-10-16 23:00:00,94118.0
2014-10-17 23:00:00,93707.0
2014-10-20 23:00:00,94129.0
2014-10-21 23:00:00,93972.0
2014-10-22 23:00:00,94366.0
2014-10-23 23:00:00,94859.0
2014-10-24 23:00:00,94998.0
2014-10-27 23:00:00,95315.0
2014-10-28 23:00:00,95576.0
2014-10-29 23:00:00,95883.0
2014-10-30 23:00:00,94816.0
2014-10-31 23:00:00,95997.0
2014-11-03 23:00:00,96666.0
2014-11-05 23:00:00,97809.0
2014-11-06 23:00:00,99386.0
2014-11-07 23:00:00,99844.0
2014-11-10 23:00:00,98615.0
2014-11-11 23:00:00,99422.0
2014-11-12 23:00:00,98659.0
2014-11-13 23:00:00,99476.0
2014-11-14 23:00:00,100093.0
2014-11-17 23:00:00,100255.0
2014-11-18 23:00:00,99833.0
2014-11-19 23:00:00,99743.0
2014-11-20 23:00:00,99196.0
2014-11-21 23:00:00,98590.0
2014-11-24 23:00:00,97658.0
2014-11-25 23:00:00,98634.0
2014-11-26 23:00:00,99915.0
2014-11-27 23:00:00,100906.0
2014-11-28 23:00:00,102399.0
2014-12-01 23:00:00,104726.0
2014-12-02 23:00:00,106737.0
2014-12-03 23:00:00,105926.0
2014-12-04 23:00:00,106923.0
2014-12-05 23:00:00,105742.0
2014-12-08 23:00:00,106318.0
2014-12-09 23:00:00,106882.0
2014-12-10 23:00:00,107466.0
2014-12-11 23:00:00,108276.0
2014-12-12 23:00:00,110168.0
2014-12-15 23:00:00,111082.0
2014-12-16 23:00:00,123383.0
2014-12-17 23:00:00,113408.0
2014-12-18 23:00:00,112607.0
2014-12-19 23:00:00,109575.0
2014-12-22 23:00:00,104811.0
2014-12-23 23:00:00,104573.0
2014-12-24 23:00:00,103035.0
2014-12-25 23:00:00,101256.0
2014-12-26 23:00:00,103008.0
2014-12-29 23:00:00,106309.0
2014-12-30 23:00:00,105001.0
2015-01-05 23:00:00,108260.0
2015-01-06 23:00:00,111623.0
2015-01-08 23:00:00,108539.0
2015-01-09 23:00:00,110259.0
2015-01-12 23:00:00,112559.0
2015-01-13 23:00:00,114709.0
2015-01-14 23:00:00,114859.0
2015-01-15 23:00:00,113729.0
2015-01-16 23:00:00,114135.0
2015-01-19 23:00:00,113611.0
2015-01-20 23:00:00,114569.0
2015-01-21 23:00:00,113899.0
2015-01-22 23:00:00,112889.0
2015-01-23 23:00:00,112578.0
2015-01-26 23:00:00,115134.0
2015-01-27 23:00:00,115761.0
2015-01-28 23:00:00,116409.0
2015-01-29 23:00:00,117635.0
2015-01-30 23:00:00,118978.0
2015-02-02 23:00:00,116943.0
2015-02-03 23:00:00,114436.0
2015-02-04 23:00:00,115815.0
2015-02-05 23:00:00,114527.0
2015-02-06 23:00:00,114999.0
2015-02-09 23:00:00,113544.0
2015-02-10 23:00:00,114444.0
2015-02-11 23:00:00,114719.0
2015-02-12 23:00:00,113808.0
2015-02-13 23:00:00,111203.0
2015-02-16 23:00:00,111075.0
2015-02-17 23:00:00,111134.0
2015-02-18 23:00:00,109101.0
2015-02-19 23:00:00,110154.0
2015-02-20 23:00:00,109778.0
2015-02-24 23:00:00,110485.0
2015-02-25 23:00:00,109836.0
2015-02-26 23:00:00,108419.0
2015-02-27 23:00:00,109347.0
2015-03-02 23:00:00,109718.0
2015-03-03 23:00:00,109566.0
2015-03-04 23:00:00,109773.0
2015-03-05 23:00:00,108157.0
2015-03-06 23:00:00,107601.0
2015-03-10 23:00:00,109323.0
2015-03-11 23:00:00,109374.0
2015-03-12 23:00:00,108330.0
2015-03-13 23:00:00,108628.0
2015-03-16 23:00:00,109212.0
2015-03-17 23:00:00,108515.0
2015-03-18 23:00:00,107954.0
2015-03-19 23:00:00,106430.0
2015-03-20 23:00:00,106039.0
2015-03-23 23:00:00,105272.0
2015-03-24 23:00:00,104339.0
2015-03-25 23:00:00,104248.0
2015-03-26 23:00:00,103709.0
2015-03-27 23:00:00,103982.0
2015-03-30 23:00:00,104080.0
2015-03-31 23:00:00,104503.0
2015-04-01 23:00:00,103650.0
2015-04-02 23:00:00,102771.0
2015-04-03 23:00:00,103010.0
2015-04-06 23:00:00,101131.0
2015-04-07 23:00:00,100894.0
2015-04-08 23:00:00,99617.0
2015-04-09 23:00:00,98083.0
2015-04-10 23:00:00,97911.0
2015-04-13 23:00:00,98369.0
2015-04-14 23:00:00,96849.0
2015-04-15 23:00:00,95810.0
2015-04-16 23:00:00,95725.0
2015-04-17 23:00:00,97801.0
2015-04-20 23:00:00,98881.0
2015-04-21 23:00:00,99007.0
2015-04-22 23:00:00,98140.0
2015-04-23 23:00:00,96401.0
2015-04-24 23:00:00,96537.0
2015-04-27 23:00:00,97170.0
2015-04-28 23:00:00,96751.0
2015-04-29 23:00:00,96524.0
2015-04-30 23:00:00,96957.0
2015-05-05 23:00:00,95857.0
2015-05-06 23:00:00,96032.0
2015-05-07 23:00:00,95286.0
2015-05-08 23:00:00,95991.0
2015-05-12 23:00:00,95337.0
2015-05-13 23:00:00,94101.0
2015-05-14 23:00:00,95266.0
2015-05-15 23:00:00,94658.0
2015-05-18 23:00:00,94217.0
2015-05-19 23:00:00,94527.0
2015-05-20 23:00:00,94963.0
2015-05-21 23:00:00,94903.0
2015-05-22 23:00:00,94858.0
2015-05-25 23:00:00,95026.0
2015-05-26 23:00:00,95742.0
2015-05-27 23:00:00,96721.0
2015-05-28 23:00:00,97585.0
2015-05-29 23:00:00,97168.0
2015-06-01 23:00:00,98330.0
2015-06-02 23:00:00,97981.0
2015-06-03 23:00:00,99013.0
2015-06-04 23:00:00,100780.0
2015-06-05 23:00:00,101089.0
2015-06-08 23:00:00,100845.0
2015-06-09 23:00:00,100266.0
2015-06-10 23:00:00,98977.0
2015-06-11 23:00:00,99366.0
2015-06-15 23:00:00,99618.0
2015-06-16 23:00:00,98792.0
2015-06-17 23:00:00,99375.0
2015-06-18 23:00:00,98293.0
2015-06-19 23:00:00,99223.0
2015-06-22 23:00:00,98847.0
2015-06-23 23:00:00,99106.0
2015-06-24 23:00:00,99672.0
2015-06-25 23:00:00,99598.0
2015-06-26 23:00:00,99863.0
2015-06-29 23:00:00,100496.0
2015-06-30 23:00:00,100383.0
2015-07-01 23:00:00,100442.0
2015-07-02 23:00:00,100321.0
2015-07-03 23:00:00,100726.0
2015-07-06 23:00:00,101405.0
2015-07-07 23:00:00,102239.0
2015-07-08 23:00:00,102288.0
2015-07-09 23:00:00,101958.0
2015-07-10 23:00:00,101168.0
2015-07-13 23:00:00,101160.0
2015-07-14 23:00:00,100980.0
2015-07-15 23:00:00,101469.0
2015-07-16 23:00:00,101182.0
2015-07-17 23:00:00,101558.0
2015-07-20 23:00:00,101441.0
2015-07-21 23:00:00,101466.0
2015-07-22 23:00:00,101633.0
2015-07-23 23:00:00,102057.0
2015-07-24 23:00:00,102969.0
2015-07-27 23:00:00,103813.0
2015-07-28 23:00:00,104691.0
2015-07-29 23:00:00,103337.0
2015-07-30 23:00:00,103852.0
2015-07-31 23:00:00,105475.0
2015-08-03 23:00:00,107206.0
2015-08-04 23:00:00,107248.0
2015-08-05 23:00:00,107446.0
2015-08-06 23:00:00,108653.0
2015-08-07 23:00:00,108198.0
2015-08-10 23:00:00,107252.0
2015-08-11 23:00:00,108562.0
2015-08-12 23:00:00,108483.0
2015-08-13 23:00:00,108955.0
2015-08-14 23:00:00,108617.0
2015-08-17 23:00:00,109210.0
2015-08-18 23:00:00,109863.0
2015-08-19 23:00:00,110540.0
2015-08-20 23:00:00,111093.0
2015-08-21 23:00:00,112668.0
2015-08-24 23:00:00,115147.0
2015-08-25 23:00:00,112822.0
2015-08-26 23:00:00,113228.0
2015-08-27 23:00:00,110179.0
2015-08-28 23:00:00,108869.0
2015-08-31 23:00:00,109653.0
2015-09-01 23:00:00,110203.0
2015-09-02 23:00:00,111276.0
2015-09-03 23:00:00,110526.0
2015-09-04 23:00:00,110993.0
2015-09-07 23:00:00,112688.0
2015-09-08 23:00:00,111560.0
2015-09-09 23:00:00,111679.0
2015-09-10 23:00:00,111013.0
2015-09-11 23:00:00,111177.0
2015-09-14 23:00:00,110830.0
2015-09-15 23:00:00,110429.0
2015-09-16 23:00:00,108498.0
2015-09-17 23:00:00,109699.0
2015-09-18 23:00:00,109394.0
2015-09-21 23:00:00,109611.0
2015-09-22 23:00:00,109765.0
2015-09-23 23:00:00,109462.0
2015-09-24 23:00:00,109651.0
2015-09-25 23:00:00,108795.0
2015-09-28 23:00:00,108812.0
2015-09-29 23:00:00,108621.0
2015-09-30 23:00:00,108652.0
2015-10-01 23:00:00,108680.0
2015-10-02 23:00:00,109472.0
2015-10-05 23:00:00,107592.0
2015-10-06 23:00:00,106580.0
2015-10-07 23:00:00,105735.0
2015-10-08 23:00:00,104957.0
2015-10-09 23:00:00,104272.0
2015-10-12 23:00:00,104242.0
2015-10-13 23:00:00,105314.0
2015-10-14 23:00:00,105619.0
2015-10-15 23:00:00,104600.0
2015-10-16 23:00:00,104064.0
2015-10-19 23:00:00,104853.0
2015-10-20 23:00:00,104518.0
2015-10-21 23:00:00,105420.0
2015-10-22 23:00:00,105287.0
2015-10-23 23:00:00,104825.0
2015-10-26 23:00:00,105382.0
2015-10-27 23:00:00,107311.0
2015-10-28 23:00:00,106057.0
2015-10-29 23:00:00,106543.0
2015-10-30 23:00:00,106172.0
2015-11-02 23:00:00,106494.0
2015-11-03 23:00:00,105086.0
2015-11-05 23:00:00,105679.0
2015-11-06 23:00:00,107012.0
2015-11-09 23:00:00,106752.0
2015-11-10 23:00:00,106741.0
2015-11-11 23:00:00,107130.0
2015-11-12 23:00:00,107953.0
2015-11-13 23:00:00,109032.0
2015-11-16 23:00:00,108652.0
2015-11-17 23:00:00,107376.0
2015-11-18 23:00:00,107164.0
2015-11-19 23:00:00,106610.0
2015-11-20 23:00:00,106790.0
2015-11-23 23:00:00,107606.0
2015-11-24 23:00:00,107792.0
2015-11-25 23:00:00,107627.0
2015-11-26 23:00:00,107836.0
2015-11-27 23:00:00,108013.0
2015-11-30 23:00:00,107780.0
2015-12-01 23:00:00,108461.0
2015-12-02 23:00:00,108852.0
2015-12-03 23:00:00,109925.0
2015-12-04 23:00:00,109901.0
2015-12-07 23:00:00,110832.0
2015-12-08 23:00:00,111444.0
2015-12-09 23:00:00,110443.0
2015-12-10 23:00:00,110583.0
2015-12-11 23:00:00,111364.0
2015-12-14 23:00:00,112301.0
2015-12-15 23:00:00,112064.0
2015-12-16 23:00:00,112380.0
2015-12-17 23:00:00,112893.0
2015-12-18 23:00:00,112690.0
2015-12-21 23:00:00,113188.0
2015-12-22 23:00:00,113059.0
2015-12-23 23:00:00,111802.0
2015-12-24 23:00:00,112020.0
2015-12-25 23:00:00,112356.0
2015-12-28 23:00:00,113798.0
2015-12-29 23:00:00,113880.0
2015-12-30 23:00:00,114750.0
2016-01-04 23:00:00,114390.0
2016-01-05 23:00:00,114889.0
2016-01-06 23:00:00,116153.0
2016-01-11 23:00:00,117233.0
2016-01-12 23:00:00,118021.0
2016-01-13 23:00:00,118019.0
2016-01-14 23:00:00,117844.0
2016-01-15 23:00:00,119028.0
2016-01-18 23:00:00,120473.0
2016-01-19 23:00:00,119874.0
2016-01-20 23:00:00,123177.0
2016-01-21 23:00:00,125008.0
2016-01-22 23:00:00,119333.0
2016-01-25 23:00:00,120710.0
2016-01-26 23:00:00,119605.0
2016-01-27 23:00:00,118952.0
2016-01-28 23:00:00,117944.0
2016-01-29 23:00:00,116701.0
2016-02-01 23:00:00,117510.0
2016-02-02 23:00:00,120030.0
2016-02-03 23:00:00,119969.0
2016-02-04 23:00:00,117022.0
2016-02-05 23:00:00,118166.0
2016-02-08 23:00:00,119128.0
2016-02-09 23:00:00,119638.0
2016-02-10 23:00:00,119098.0
2016-02-11 23:00:00,121186.0
2016-02-12 23:00:00,119605.0
2016-02-15 23:00:00,118270.0
2016-02-16 23:00:00,118716.0
2016-02-17 23:00:00,116310.0
2016-02-18 23:00:00,116403.0
2016-02-19 23:00:00,118490.0
2016-02-20 23:00:00,117547.0
2016-02-22 23:00:00,115935.0
2016-02-24 23:00:00,117311.0
2016-02-25 23:00:00,116808.0
2016-02-26 23:00:00,116060.0
2016-02-29 23:00:00,115886.0
2016-03-01 23:00:00,114370.0
2016-03-02 23:00:00,114557.0
2016-03-03 23:00:00,113857.0
2016-03-04 23:00:00,112520.0
2016-03-07 23:00:00,111927.0
2016-03-09 23:00:00,111244.0
2016-03-10 23:00:00,111475.0
2016-03-11 23:00:00,110147.0
2016-03-14 23:00:00,110989.0
2016-03-15 23:00:00,110873.0
2016-03-16 23:00:00,110131.0
2016-03-17 23:00:00,107826.0
2016-03-18 23:00:00,107683.0
2016-03-21 23:00:00,107321.0
2016-03-22 23:00:00,106777.0
2016-03-23 23:00:00,107921.0
2016-03-24 23:00:00,108946.0
2016-03-25 23:00:00,107664.0
2016-03-28 23:00:00,107989.0
2016-03-29 23:00:00,108419.0
2016-03-30 23:00:00,107037.0
2016-03-31 23:00:00,106483.0
2016-04-01 23:00:00,107122.0
2016-04-04 23:00:00,107530.0
2016-04-05 23:00:00,108351.0
2016-04-06 23:00:00,107114.0
2016-04-07 23:00:00,107338.0
2016-04-08 23:00:00,106411.0
2016-04-11 23:00:00,105751.0
2016-04-12 23:00:00,104688.0
2016-04-13 23:00:00,105002.0
2016-04-14 23:00:00,105064.0
2016-04-15 23:00:00,105451.0
2016-04-18 23:00:00,105144.0
2016-04-19 23:00:00,104598.0
2016-04-20 23:00:00,104323.0
2016-04-21 23:00:00,105100.0
2016-04-22 23:00:00,105354.0
2016-04-25 23:00:00,105303.0
2016-04-26 23:00:00,104646.0
2016-04-27 23:00:00,104616.0
2016-04-28 23:00:00,103121.0
2016-04-29 23:00:00,103392.0
2016-05-04 23:00:00,105201.0
2016-05-05 23:00:00,104177.0
2016-05-06 23:00:00,104235.0
2016-05-10 23:00:00,104760.0
2016-05-11 23:00:00,103440.0
2016-05-12 23:00:00,103936.0
2016-05-13 23:00:00,103632.0
2016-05-16 23:00:00,103402.0
2016-05-17 23:00:00,102995.0
2016-05-18 23:00:00,103621.0
2016-05-19 23:00:00,105644.0
2016-05-20 23:00:00,105051.0
2016-05-23 23:00:00,105267.0
2016-05-24 23:00:00,104881.0
2016-05-25 23:00:00,104221.0
2016-05-26 23:00:00,103908.0
2016-05-27 23:00:00,104447.0
2016-05-30 23:00:00,104055.0
2016-05-31 23:00:00,104320.0
2016-06-01 23:00:00,105161.0
2016-06-02 23:00:00,105476.0
2016-06-03 23:00:00,104021.0
2016-06-06 23:00:00,103461.0
2016-06-07 23:00:00,102894.0
2016-06-08 23:00:00,101821.0
2016-06-09 23:00:00,102080.0
2016-06-10 23:00:00,102783.0
2016-06-14 23:00:00,103921.0
2016-06-15 23:00:00,103740.0
2016-06-16 23:00:00,104168.0
2016-06-17 23:00:00,103171.0
2016-06-20 23:00:00,102321.0
2016-06-21 23:00:00,102112.0
2016-06-22 23:00:00,102545.0
2016-06-23 23:00:00,102324.0
2016-06-24 23:00:00,103107.0
2016-06-27 23:00:00,103513.0
2016-06-28 23:00:00,102669.0
2016-06-29 23:00:00,101864.0
2016-06-30 23:00:00,102005.0
2016-07-01 23:00:00,101917.0
2016-07-04 23:00:00,101798.0
2016-07-05 23:00:00,102479.0
2016-07-06 23:00:00,102404.0
2016-07-07 23:00:00,101992.0
2016-07-08 23:00:00,101613.0
2016-07-11 23:00:00,101753.0
2016-07-12 23:00:00,101672.0
2016-07-13 23:00:00,101782.0
2016-07-14 23:00:00,100563.0
2016-07-15 23:00:00,101095.0
2016-07-18 23:00:00,100514.0
2016-07-19 23:00:00,100985.0
2016-07-20 23:00:00,101407.0
2016-07-21 23:00:00,101690.0
2016-07-22 23:00:00,102429.0
2016-07-25 23:00:00,102943.0
2016-07-26 23:00:00,103498.0
2016-07-27 23:00:00,103803.0
2016-07-28 23:00:00,104187.0
2016-07-29 23:00:00,103470.0
2016-08-01 23:00:00,104025.0
2016-08-02 23:00:00,104203.0
2016-08-03 23:00:00,103782.0
2016-08-04 23:00:00,103487.0
2016-08-05 23:00:00,102822.0
2016-08-08 23:00:00,101976.0
2016-08-09 23:00:00,101910.0
2016-08-10 23:00:00,101819.0
2016-08-11 23:00:00,101786.0
2016-08-12 23:00:00,102173.0
2016-08-15 23:00:00,101240.0
2016-08-16 23:00:00,101010.0
2016-08-17 23:00:00,101465.0
2016-08-18 23:00:00,100756.0
2016-08-19 23:00:00,101004.0
2016-08-22 23:00:00,101796.0
2016-08-23 23:00:00,101517.0
2016-08-24 23:00:00,102282.0
2016-08-25 23:00:00,101722.0
2016-08-26 23:00:00,101423.0
2016-08-29 23:00:00,102026.0
2016-08-30 23:00:00,102217.0
2016-08-31 23:00:00,102306.0
2016-09-01 23:00:00,102841.0
2016-09-02 23:00:00,101920.0
2016-09-05 23:00:00,101860.0
2016-09-06 23:00:00,101361.0
2016-09-07 23:00:00,101154.0
2016-09-08 23:00:00,100552.0
2016-09-09 23:00:00,101411.0
2016-09-12 23:00:00,101403.0
2016-09-13 23:00:00,101935.0
2016-09-14 23:00:00,101709.0
2016-09-15 23:00:00,101680.0
2016-09-16 23:00:00,101847.0
2016-09-19 23:00:00,101398.0
2016-09-20 23:00:00,101596.0
2016-09-21 23:00:00,101077.0
2016-09-22 23:00:00,100483.0
2016-09-23 23:00:00,100523.0
2016-09-26 23:00:00,100546.0
2016-09-27 23:00:00,100666.0
2016-09-28 23:00:00,100717.0
2016-09-29 23:00:00,99621.0
2016-09-30 23:00:00,99461.0
2016-10-03 23:00:00,98818.0
2016-10-04 23:00:00,99074.0
2016-10-05 23:00:00,98943.0
2016-10-06 23:00:00,98797.0
2016-10-07 23:00:00,98699.0
2016-10-10 23:00:00,98357.0
2016-10-11 23:00:00,99302.0
2016-10-12 23:00:00,99567.0
2016-10-13 23:00:00,99458.0
2016-10-14 23:00:00,99433.0
2016-10-17 23:00:00,99498.0
2016-10-18 23:00:00,99265.0
2016-10-19 23:00:00,98646.0
2016-10-20 23:00:00,98767.0
2016-10-21 23:00:00,98821.0
2016-10-24 23:00:00,98509.0
2016-10-25 23:00:00,98436.0
2016-10-26 23:00:00,99078.0
2016-10-27 23:00:00,99055.0
2016-10-28 23:00:00,99174.0
2016-10-31 23:00:00,99591.0
2016-11-01 23:00:00,99282.0
2016-11-02 23:00:00,99933.0
2016-11-03 23:00:00,99781.0
2016-11-07 23:00:00,99861.0
2016-11-08 23:00:00,99845.0
2016-11-09 23:00:00,100076.0
2016-11-10 23:00:00,100800.0
2016-11-11 23:00:00,101962.0
2016-11-14 23:00:00,102244.0
2016-11-15 23:00:00,100697.0
2016-11-16 23:00:00,100393.0
2016-11-17 23:00:00,100451.0
2016-11-18 23:00:00,100648.0
2016-11-21 23:00:00,99770.0
2016-11-22 23:00:00,99840.0
2016-11-23 23:00:00,100328.0
2016-11-24 23:00:00,100172.0
2016-11-25 23:00:00,100677.0
2016-11-28 23:00:00,100523.0
2016-11-29 23:00:00,101064.0
2016-11-30 23:00:00,100124.0
2016-12-01 23:00:00,99515.0
2016-12-02 23:00:00,99439.0
2016-12-05 23:00:00,99251.0
2016-12-06 23:00:00,99546.0
2016-12-07 23:00:00,99359.0
2016-12-08 23:00:00,98937.0
2016-12-09 23:00:00,98208.0
2016-12-12 23:00:00,96563.0
2016-12-13 23:00:00,96337.0
2016-12-14 23:00:00,96617.0
2016-12-15 23:00:00,97110.0
2016-12-16 23:00:00,97090.0
2016-12-19 23:00:00,96975.0
2016-12-20 23:00:00,96561.0
2016-12-21 23:00:00,96278.0
2016-12-22 23:00:00,95982.0
2016-12-23 23:00:00,96461.0
2016-12-26 23:00:00,96110.0
2016-12-27 23:00:00,95773.0
2016-12-28 23:00:00,95478.0
2016-12-29 23:00:00,95830.0
2016-12-30 23:00:00,96017.0
2017-01-03 23:00:00,95528.0
2017-01-04 23:00:00,95559.0
2017-01-05 23:00:00,94211.0
2017-01-06 23:00:00,94449.0
2017-01-09 23:00:00,94865.0
2017-01-10 23:00:00,94929.0
2017-01-11 23:00:00,95403.0
2017-01-12 23:00:00,94151.0
2017-01-13 23:00:00,94602.0
2017-01-16 23:00:00,94823.0
2017-01-17 23:00:00,94216.0
2017-01-18 23:00:00,94166.0
2017-01-19 23:00:00,94811.0
2017-01-20 23:00:00,94533.0
2017-01-23 23:00:00,94263.0
2017-01-24 23:00:00,94054.0
2017-01-25 23:00:00,93931.0
2017-01-26 23:00:00,95181.0
2017-01-27 23:00:00,94471.0
2017-01-30 23:00:00,94715.0
2017-01-31 23:00:00,94720.0
2017-02-01 23:00:00,94950.0
2017-02-02 23:00:00,94351.0
2017-02-03 23:00:00,93563.0
2017-02-06 23:00:00,93692.0
2017-02-07 23:00:00,93881.0
2017-02-08 23:00:00,93860.0
2017-02-09 23:00:00,93508.0
2017-02-10 23:00:00,93098.0
2017-02-13 23:00:00,92622.0
2017-02-14 23:00:00,92040.0
2017-02-15 23:00:00,91979.0
2017-02-16 23:00:00,92041.0
2017-02-17 23:00:00,92744.0
2017-02-20 23:00:00,92506.0
2017-02-21 23:00:00,92109.0
2017-02-22 23:00:00,92346.0
2017-02-24 23:00:00,92756.0
2017-02-27 23:00:00,92351.0
2017-02-28 23:00:00,92606.0
2017-03-01 23:00:00,92836.0
2017-03-02 23:00:00,93022.0
2017-03-03 23:00:00,92799.0
2017-03-06 23:00:00,92355.0
2017-03-07 23:00:00,92359.0
2017-03-09 23:00:00,93607.0
2017-03-10 23:00:00,93080.0
2017-03-13 23:00:00,93104.0
2017-03-14 23:00:00,93406.0
2017-03-15 23:00:00,93175.0
2017-03-16 23:00:00,91965.0
2017-03-17 23:00:00,91749.0
2017-03-20 23:00:00,91356.0
2017-03-21 23:00:00,91534.0
2017-03-22 23:00:00,91784.0
2017-03-23 23:00:00,91417.0
2017-03-24 23:00:00,91049.0
2017-03-27 23:00:00,90770.0
2017-03-28 23:00:00,90770.0
2017-03-29 23:00:00,90534.0
2017-03-30 23:00:00,89847.0
2017-03-31 23:00:00,90231.0
2017-04-03 23:00:00,90124.0
2017-04-04 23:00:00,89985.0
2017-04-05 23:00:00,89980.0
2017-04-06 23:00:00,90112.0
2017-04-07 23:00:00,90915.0
2017-04-10 23:00:00,90978.0
2017-04-11 23:00:00,90848.0
2017-04-12 23:00:00,90578.0
2017-04-13 23:00:00,89885.0
2017-04-14 23:00:00,89890.0
2017-04-17 23:00:00,89527.0
2017-04-18 23:00:00,89784.0
2017-04-19 23:00:00,90105.0
2017-04-20 23:00:00,89758.0
2017-04-21 23:00:00,90075.0
2017-04-24 23:00:00,89365.0
2017-04-25 23:00:00,89680.0
2017-04-26 23:00:00,90510.0
2017-04-27 23:00:00,90710.0
2017-04-28 23:00:00,90411.0
2017-05-02 23:00:00,90414.0
2017-05-03 23:00:00,90687.0
2017-05-04 23:00:00,91642.0
2017-05-05 23:00:00,91411.0
2017-05-10 23:00:00,90817.0
2017-05-11 23:00:00,90352.0
2017-05-12 23:00:00,90388.0
2017-05-15 23:00:00,89545.0
2017-05-16 23:00:00,89618.0
2017-05-17 23:00:00,90084.0
2017-05-18 23:00:00,90750.0
2017-05-19 23:00:00,89996.0
2017-05-22 23:00:00,89792.0
2017-05-23 23:00:00,89385.0
2017-05-24 23:00:00,89665.0
2017-05-25 23:00:00,89686.0
2017-05-26 23:00:00,89826.0
2017-05-29 23:00:00,89347.0
2017-05-30 23:00:00,89696.0
2017-05-31 23:00:00,89856.0
2017-06-01 23:00:00,89339.0
2017-06-02 23:00:00,89674.0
2017-06-05 23:00:00,89595.0
2017-06-06 23:00:00,89491.0
2017-06-07 23:00:00,89850.0
2017-06-08 23:00:00,89773.0
2017-06-09 23:00:00,89859.0
2017-06-13 23:00:00,89738.0
2017-06-14 23:00:00,89946.0
2017-06-15 23:00:00,90189.0
2017-06-16 23:00:00,90213.0
2017-06-19 23:00:00,90737.0
2017-06-20 23:00:00,92073.0
2017-06-21 23:00:00,92297.0
2017-06-22 23:00:00,92290.0
2017-06-23 23:00:00,91836.0
2017-06-26 23:00:00,91357.0
2017-06-27 23:00:00,91270.0
2017-06-28 23:00:00,91755.0
2017-06-29 23:00:00,91549.0
2017-06-30 23:00:00,91390.0
2017-07-03 23:00:00,91655.0
2017-07-04 23:00:00,91594.0
2017-07-05 23:00:00,92290.0
2017-07-06 23:00:00,92104.0
2017-07-07 23:00:00,92704.0
2017-07-10 23:00:00,92479.0
2017-07-11 23:00:00,93114.0
2017-07-12 23:00:00,92213.0
2017-07-13 23:00:00,92079.0
2017-07-14 23:00:00,91219.0
2017-07-17 23:00:00,91467.0
2017-07-18 23:00:00,91144.0
2017-07-19 23:00:00,91004.0
2017-07-20 23:00:00,91061.0
2017-07-21 23:00:00,91186.0
2017-07-24 23:00:00,92079.0
2017-07-25 23:00:00,91936.0
2017-07-26 23:00:00,91632.0
2017-07-27 23:00:00,91379.0
2017-07-28 23:00:00,91437.0
2017-07-31 23:00:00,91976.0
2017-08-01 23:00:00,92222.0
2017-08-02 23:00:00,92513.0
2017-08-03 23:00:00,92017.0
2017-08-04 23:00:00,91769.0
2017-08-07 23:00:00,91919.0
2017-08-08 23:00:00,91621.0
2017-08-09 23:00:00,91959.0
2017-08-10 23:00:00,91797.0
2017-08-11 23:00:00,91659.0
2017-08-14 23:00:00,91320.0
2017-08-15 23:00:00,91515.0
2017-08-16 23:00:00,91144.0
2017-08-17 23:00:00,90839.0
2017-08-18 23:00:00,90829.0
2017-08-21 23:00:00,90672.0
2017-08-22 23:00:00,90623.0
2017-08-23 23:00:00,90642.0
2017-08-24 23:00:00,90824.0
2017-08-25 23:00:00,90369.0
2017-08-28 23:00:00,90106.0
2017-08-29 23:00:00,90260.0
2017-08-30 23:00:00,89886.0
2017-08-31 23:00:00,89628.0
2017-09-01 23:00:00,88998.0
2017-09-04 23:00:00,89280.0
2017-09-05 23:00:00,88784.0
2017-09-06 23:00:00,88784.0
2017-09-07 23:00:00,88418.0
2017-09-08 23:00:00,88634.0
2017-09-11 23:00:00,88519.0
2017-09-12 23:00:00,89058.0
2017-09-13 23:00:00,89245.0
2017-09-14 23:00:00,88815.0
2017-09-15 23:00:00,88916.0
2017-09-18 23:00:00,89271.0
2017-09-19 23:00:00,89513.0
2017-09-20 23:00:00,89048.0
2017-09-21 23:00:00,89255.0
2017-09-22 23:00:00,88736.0
2017-09-25 23:00:00,88844.0
2017-09-26 23:00:00,89075.0
2017-09-27 23:00:00,89323.0
2017-09-28 23:00:00,89152.0
2017-09-29 23:00:00,88677.0
2017-10-02 23:00:00,89056.0
2017-10-03 23:00:00,89061.0
2017-10-04 23:00:00,88688.0
2017-10-05 23:00:00,88615.0
2017-10-06 23:00:00,89256.0
2017-10-09 23:00:00,89397.0
2017-10-10 23:00:00,89021.0
2017-10-11 23:00:00,88972.0
2017-10-12 23:00:00,88743.0
2017-10-13 23:00:00,88192.0
2017-10-16 23:00:00,88339.0
2017-10-17 23:00:00,88509.0
2017-10-18 23:00:00,88497.0
2017-10-19 23:00:00,88329.0
2017-10-20 23:00:00,88491.0
2017-10-23 23:00:00,88454.0
2017-10-24 23:00:00,88551.0
2017-10-25 23:00:00,88666.0
2017-10-26 23:00:00,88588.0
2017-10-27 23:00:00,89141.0
2017-10-30 23:00:00,88764.0
2017-10-31 23:00:00,89264.0
2017-11-01 23:00:00,89085.0
2017-11-02 23:00:00,89204.0
2017-11-03 23:00:00,89913.0
2017-11-07 23:00:00,89941.0
2017-11-08 23:00:00,90026.0
2017-11-09 23:00:00,90004.0
2017-11-10 23:00:00,89802.0
2017-11-13 23:00:00,90128.0
2017-11-14 23:00:00,90732.0
2017-11-15 23:00:00,90871.0
2017-11-16 23:00:00,90367.0
2017-11-17 23:00:00,89974.0
2017-11-20 23:00:00,90141.0
2017-11-21 23:00:00,89835.0
2017-11-22 23:00:00,89340.0
2017-11-23 23:00:00,89043.0
2017-11-24 23:00:00,89034.0
2017-11-27 23:00:00,88821.0
2017-11-28 23:00:00,88999.0
2017-11-29 23:00:00,89077.0
2017-11-30 23:00:00,89047.0
2017-12-01 23:00:00,89056.0
2017-12-04 23:00:00,89411.0
2017-12-05 23:00:00,89229.0
2017-12-06 23:00:00,89653.0
2017-12-07 23:00:00,89664.0
2017-12-08 23:00:00,89715.0
2017-12-11 23:00:00,89609.0
2017-12-12 23:00:00,89647.0
2017-12-13 23:00:00,89264.0
2017-12-14 23:00:00,89203.0
2017-12-15 23:00:00,89219.0
2017-12-18 23:00:00,89010.0
2017-12-19 23:00:00,89182.0
2017-12-20 23:00:00,89050.0
2017-12-21 23:00:00,88881.0
2017-12-22 23:00:00,88691.0
2017-12-25 23:00:00,88297.0
2017-12-26 23:00:00,88023.0
2017-12-27 23:00:00,88001.0
2017-12-28 23:00:00,87865.0
2017-12-29 23:00:00,87832.0
2018-01-03 23:00:00,87577.0
2018-01-04 23:00:00,87311.0
2018-01-05 23:00:00,87242.0
2018-01-09 23:00:00,87297.0
2018-01-10 23:00:00,87196.0
2018-01-11 23:00:00,86956.0
2018-01-12 23:00:00,86755.0
2018-01-15 23:00:00,86551.0
2018-01-16 23:00:00,86574.0
2018-01-17 23:00:00,86932.0
2018-01-18 23:00:00,86731.0
2018-01-19 23:00:00,86795.0
2018-01-22 23:00:00,86690.0
2018-01-23 23:00:00,86534.0
2018-01-24 23:00:00,86367.0
2018-01-25 23:00:00,85842.0
2018-01-26 23:00:00,86240.0
2018-01-29 23:00:00,86497.0
2018-01-30 23:00:00,86374.0
2018-01-31 23:00:00,86271.0
2018-02-01 23:00:00,86132.0
2018-02-02 23:00:00,86557.0
2018-02-05 23:00:00,86807.0
2018-02-06 23:00:00,87217.0
2018-02-07 23:00:00,87182.0
2018-02-08 23:00:00,87948.0
2018-02-09 23:00:00,88312.0
2018-02-12 23:00:00,87997.0
2018-02-13 23:00:00,87747.0
2018-02-14 23:00:00,87182.0
2018-02-15 23:00:00,86492.0
2018-02-16 23:00:00,86148.0
2018-02-19 23:00:00,86332.0
2018-02-20 23:00:00,86473.0
2018-02-21 23:00:00,86487.0
2018-02-22 23:00:00,86454.0
2018-02-26 23:00:00,85790.0
2018-02-27 23:00:00,86058.0
2018-02-28 23:00:00,86114.0
2018-03-01 23:00:00,86594.0
2018-03-02 23:00:00,86966.0
2018-03-05 23:00:00,86708.0
2018-03-06 23:00:00,86368.0
2018-03-07 23:00:00,86605.0
2018-03-09 23:00:00,86386.0
2018-03-12 23:00:00,86667.0
2018-03-13 23:00:00,86597.0
2018-03-14 23:00:00,86962.0
2018-03-15 23:00:00,86682.0
2018-03-16 23:00:00,86888.0
2018-03-19 23:00:00,87218.0
2018-03-20 23:00:00,86705.0
2018-03-21 23:00:00,86491.0
2018-03-22 23:00:00,86464.0
2018-03-23 23:00:00,86281.0
2018-03-26 23:00:00,86642.0
2018-03-27 23:00:00,86600.0
2018-03-28 23:00:00,86951.0
2018-03-29 23:00:00,86684.0
2018-03-30 23:00:00,86476.0
2018-04-02 23:00:00,86835.0
2018-04-03 23:00:00,86832.0
2018-04-04 23:00:00,86701.0
2018-04-05 23:00:00,86896.0
2018-04-06 23:00:00,87277.0
2018-04-09 23:00:00,89363.0
2018-04-10 23:00:00,91932.0
2018-04-11 23:00:00,93077.0
2018-04-12 23:00:00,91102.0
2018-04-13 23:00:00,91300.0
2018-04-16 23:00:00,91442.0
2018-04-17 23:00:00,90671.0
2018-04-18 23:00:00,90270.0
2018-04-19 23:00:00,90077.0
2018-04-20 23:00:00,90492.0
2018-04-23 23:00:00,91052.0
2018-04-24 23:00:00,90666.0
2018-04-25 23:00:00,91486.0
2018-04-26 23:00:00,91907.0
2018-04-27 23:00:00,91134.0
2018-04-28 23:00:00,91273.0
2018-04-30 23:00:00,92103.0
2018-05-02 23:00:00,92985.0
2018-05-03 23:00:00,92532.0
2018-05-04 23:00:00,91927.0
2018-05-07 23:00:00,91743.0
2018-05-08 23:00:00,92610.0
2018-05-10 23:00:00,90820.0
2018-05-11 23:00:00,90830.0
2018-05-14 23:00:00,90695.0
2018-05-15 23:00:00,91469.0
2018-05-16 23:00:00,90872.0
2018-05-17 23:00:00,90835.0
2018-05-18 23:00:00,91370.0
2018-05-21 23:00:00,90609.0
2018-05-22 23:00:00,89908.0
2018-05-23 23:00:00,90442.0
2018-05-24 23:00:00,90392.0
2018-05-25 23:00:00,90988.0
2018-05-28 23:00:00,91225.0
2018-05-29 23:00:00,91511.0
2018-05-30 23:00:00,91061.0
2018-05-31 23:00:00,91123.0
2018-06-01 23:00:00,90918.0
2018-06-04 23:00:00,90861.0
2018-06-05 23:00:00,91105.0
2018-06-06 23:00:00,90764.0
2018-06-07 23:00:00,91009.0
2018-06-08 23:00:00,91243.0
2018-06-09 23:00:00,91276.0
2018-06-11 23:00:00,91383.0
2018-06-13 23:00:00,91074.0
2018-06-14 23:00:00,90906.0
2018-06-15 23:00:00,91842.0
2018-06-18 23:00:00,92360.0
2018-06-19 23:00:00,92511.0
2018-06-20 23:00:00,92236.0
2018-06-21 23:00:00,92376.0
2018-06-22 23:00:00,91641.0
2018-06-25 23:00:00,91611.0
2018-06-26 23:00:00,91754.0
2018-06-27 23:00:00,91743.0
2018-06-28 23:00:00,91603.0
2018-06-29 23:00:00,91336.0
2018-07-02 23:00:00,92081.0
2018-07-03 23:00:00,91795.0
2018-07-04 23:00:00,91856.0
2018-07-05 23:00:00,91626.0
2018-07-06 23:00:00,91471.0
2018-07-09 23:00:00,91153.0
2018-07-10 23:00:00,90546.0
2018-07-11 23:00:00,90593.0
2018-07-12 23:00:00,90653.0
2018-07-13 23:00:00,90631.0
2018-07-16 23:00:00,90801.0
2018-07-17 23:00:00,90965.0
2018-07-18 23:00:00,91665.0
2018-07-19 23:00:00,92121.0
2018-07-20 23:00:00,91989.0
2018-07-23 23:00:00,91517.0
2018-07-24 23:00:00,91209.0
2018-07-25 23:00:00,91464.0
2018-07-26 23:00:00,91287.0
2018-07-27 23:00:00,91144.0
2018-07-30 23:00:00,90699.0
2018-07-31 23:00:00,90823.0
2018-08-01 23:00:00,91316.0
2018-08-02 23:00:00,91799.0
2018-08-03 23:00:00,91599.0
2018-08-06 23:00:00,92032.0
2018-08-07 23:00:00,91851.0
2018-08-08 23:00:00,93293.0
2018-08-09 23:00:00,94605.0
2018-08-10 23:00:00,96069.0
2018-08-13 23:00:00,96292.0
2018-08-14 23:00:00,94871.0
2018-08-15 23:00:00,96139.0
2018-08-16 23:00:00,95181.0
2018-08-17 23:00:00,95813.0
2018-08-20 23:00:00,95517.0
2018-08-21 23:00:00,95642.0
2018-08-22 23:00:00,96214.0
2018-08-23 23:00:00,96440.0
2018-08-24 23:00:00,95672.0
2018-08-27 23:00:00,95469.0
2018-08-28 23:00:00,95962.0
2018-08-29 23:00:00,96492.0
2018-08-30 23:00:00,96504.0
2018-08-31 23:00:00,95902.0
2018-09-03 23:00:00,96324.0
2018-09-04 23:00:00,96213.0
2018-09-05 23:00:00,96602.0
2018-09-06 23:00:00,97587.0
2018-09-07 23:00:00,97663.0
2018-09-10 23:00:00,98655.0
2018-09-11 23:00:00,97825.0
2018-09-12 23:00:00,96938.0
2018-09-13 23:00:00,96641.0
2018-09-14 23:00:00,96022.0
2018-09-17 23:00:00,96112.0
2018-09-18 23:00:00,95483.0
2018-09-19 23:00:00,94848.0
2018-09-20 23:00:00,94459.0
2018-09-21 23:00:00,94658.0
2018-09-24 23:00:00,93896.0
2018-09-25 23:00:00,93883.0
2018-09-26 23:00:00,94005.0
2018-09-27 23:00:00,93672.0
2018-09-28 23:00:00,93435.0
2018-10-01 23:00:00,93337.0
2018-10-02 23:00:00,93336.0
2018-10-03 23:00:00,93704.0
2018-10-04 23:00:00,94906.0
2018-10-05 23:00:00,94585.0
2018-10-08 23:00:00,94689.0
2018-10-09 23:00:00,94392.0
2018-10-10 23:00:00,94721.0
2018-10-11 23:00:00,94320.0
2018-10-12 23:00:00,94291.0
2018-10-15 23:00:00,93572.0
2018-10-16 23:00:00,93220.0
2018-10-17 23:00:00,93252.0
2018-10-18 23:00:00,93673.0
2018-10-19 23:00:00,93523.0
2018-10-22 23:00:00,93052.0
2018-10-23 23:00:00,93529.0
2018-10-24 23:00:00,93415.0
2018-10-25 23:00:00,93467.0
2018-10-26 23:00:00,93691.0
2018-10-29 23:00:00,93434.0
2018-10-30 23:00:00,93408.0
2018-10-31 23:00:00,93681.0
2018-11-01 23:00:00,93542.0
2018-11-02 23:00:00,93855.0
2018-11-06 23:00:00,93825.0
2018-11-07 23:00:00,93947.0
2018-11-08 23:00:00,94330.0
2018-11-09 23:00:00,95264.0
2018-11-12 23:00:00,95426.0
2018-11-13 23:00:00,95895.0
2018-11-14 23:00:00,94792.0
2018-11-15 23:00:00,94182.0
2018-11-16 23:00:00,93597.0
2018-11-19 23:00:00,93582.0
2018-11-20 23:00:00,93796.0
2018-11-21 23:00:00,93578.0
2018-11-22 23:00:00,93295.0
2018-11-23 23:00:00,93949.0
2018-11-26 23:00:00,94734.0
2018-11-27 23:00:00,94726.0
2018-11-28 23:00:00,95068.0
2018-11-29 23:00:00,93779.0
2018-11-30 23:00:00,94524.0
2018-12-03 23:00:00,94228.0
2018-12-04 23:00:00,94194.0
2018-12-05 23:00:00,94397.0
2018-12-06 23:00:00,94547.0
2018-12-07 23:00:00,93722.0
2018-12-10 23:00:00,94018.0
2018-12-11 23:00:00,93986.0
2018-12-12 23:00:00,93877.0
2018-12-13 23:00:00,93855.0
2018-12-14 23:00:00,94245.0
2018-12-17 23:00:00,94215.0
2018-12-18 23:00:00,94430.0
2018-12-19 23:00:00,95124.0
2018-12-20 23:00:00,95752.0
2018-12-21 23:00:00,96150.0
2018-12-24 23:00:00,95752.0
2018-12-25 23:00:00,96327.0
2018-12-26 23:00:00,96494.0
2018-12-27 23:00:00,96903.0
2018-12-28 23:00:00,97125.0
2018-12-29 23:00:00,97357.0
2019-01-03 23:00:00,96320.0
2019-01-04 23:00:00,95248.0
2019-01-08 23:00:00,94466.0
2019-01-09 23:00:00,94397.0
2019-01-10 23:00:00,94563.0
2019-01-11 23:00:00,94375.0
2019-01-14 23:00:00,94378.0
2019-01-15 23:00:00,94263.0
2019-01-16 23:00:00,93857.0
2019-01-17 23:00:00,94001.0
2019-01-18 23:00:00,93587.0
2019-01-21 23:00:00,93703.0
2019-01-22 23:00:00,93804.0
2019-01-23 23:00:00,93472.0
2019-01-24 23:00:00,93049.0
2019-01-25 23:00:00,93262.0
2019-01-28 23:00:00,93404.0
2019-01-29 23:00:00,93266.0
2019-01-30 23:00:00,93269.0
2019-01-31 23:00:00,92619.0
2019-02-01 23:00:00,92831.0
2019-02-04 23:00:00,92857.0
2019-02-05 23:00:00,92765.0
2019-02-06 23:00:00,93005.0
2019-02-07 23:00:00,93054.0
2019-02-08 23:00:00,92810.0
2019-02-11 23:00:00,92958.0
2019-02-12 23:00:00,92779.0
2019-02-13 23:00:00,92856.0
2019-02-14 23:00:00,94185.0
2019-02-15 23:00:00,93659.0
2019-02-18 23:00:00,93194.0
2019-02-19 23:00:00,93068.0
2019-02-20 23:00:00,92655.0
2019-02-21 23:00:00,92491.0
2019-02-22 23:00:00,92435.0
2019-02-25 23:00:00,92383.0
2019-02-26 23:00:00,92845.0
2019-02-27 23:00:00,92861.0
2019-02-28 23:00:00,92857.0
2019-03-01 23:00:00,92711.0
2019-03-04 23:00:00,92642.0
2019-03-05 23:00:00,92727.0
2019-03-06 23:00:00,92925.0
2019-03-07 23:00:00,93007.0
2019-03-11 23:00:00,92870.0
2019-03-12 23:00:00,92521.0
2019-03-13 23:00:00,92275.0
2019-03-14 23:00:00,92365.0
2019-03-15 23:00:00,92021.0
2019-03-18 23:00:00,91292.0
2019-03-19 23:00:00,91222.0
2019-03-20 23:00:00,91099.0
2019-03-21 23:00:00,90575.0
2019-03-22 23:00:00,91502.0
2019-03-25 23:00:00,90820.0
2019-03-26 23:00:00,91099.0
2019-03-27 23:00:00,91687.0
2019-03-28 23:00:00,91832.0
2019-03-29 23:00:00,92447.0
2019-04-01 23:00:00,92106.0
2019-04-02 23:00:00,92170.0
2019-04-03 23:00:00,91819.0
2019-04-04 23:00:00,92157.0
2019-04-05 23:00:00,91900.0
2019-04-08 23:00:00,91633.0
2019-04-09 23:00:00,91514.0
2019-04-10 23:00:00,90952.0
2019-04-11 23:00:00,91216.0
2019-04-12 23:00:00,90891.0
2019-04-15 23:00:00,90878.0
2019-04-16 23:00:00,90806.0
2019-04-17 23:00:00,90487.0
2019-04-18 23:00:00,90509.0
2019-04-19 23:00:00,90606.0
2019-04-22 23:00:00,90321.0
2019-04-23 23:00:00,90278.0
2019-04-24 23:00:00,90765.0
2019-04-25 23:00:00,91245.0
2019-04-26 23:00:00,91212.0
2019-04-29 23:00:00,90932.0
2019-04-30 23:00:00,90967.0
2019-05-02 23:00:00,91916.0
2019-05-03 23:00:00,91477.0
2019-05-06 23:00:00,91637.0
2019-05-07 23:00:00,91646.0
2019-05-08 23:00:00,91318.0
2019-05-10 23:00:00,91599.0
2019-05-13 23:00:00,91762.0
2019-05-14 23:00:00,91298.0
2019-05-15 23:00:00,90809.0
2019-05-16 23:00:00,90780.0
2019-05-17 23:00:00,90975.0
2019-05-20 23:00:00,90749.0
2019-05-21 23:00:00,90668.0
2019-05-22 23:00:00,90547.0
2019-05-23 23:00:00,90908.0
2019-05-24 23:00:00,90707.0
2019-05-27 23:00:00,90612.0
2019-05-28 23:00:00,90831.0
2019-05-29 23:00:00,91347.0
2019-05-30 23:00:00,91285.0
2019-05-31 23:00:00,91342.0
2019-06-03 23:00:00,91421.0
2019-06-04 23:00:00,91322.0
2019-06-05 23:00:00,91418.0
2019-06-06 23:00:00,91184.0
2019-06-07 23:00:00,90936.0
2019-06-10 23:00:00,90788.0
2019-06-11 23:00:00,90580.0
2019-06-13 23:00:00,90543.0
2019-06-14 23:00:00,90354.0
2019-06-17 23:00:00,90252.0
2019-06-18 23:00:00,90012.0
2019-06-19 23:00:00,89814.0
2019-06-20 23:00:00,88954.0
2019-06-21 23:00:00,89266.0
2019-06-24 23:00:00,88719.0
2019-06-25 23:00:00,88775.0
2019-06-26 23:00:00,89002.0
2019-06-27 23:00:00,89016.0
2019-06-28 23:00:00,88993.0
2019-07-01 23:00:00,88776.0
2019-07-02 23:00:00,89193.0
2019-07-03 23:00:00,89322.0
2019-07-04 23:00:00,89264.0
2019-07-05 23:00:00,89629.0
2019-07-08 23:00:00,89298.0
2019-07-09 23:00:00,89535.0
2019-07-10 23:00:00,88917.0
2019-07-11 23:00:00,88607.0
2019-07-12 23:00:00,88770.0
2019-07-15 23:00:00,88319.0
2019-07-16 23:00:00,88513.0
2019-07-17 23:00:00,88488.0
2019-07-18 23:00:00,88800.0
2019-07-19 23:00:00,88665.0
2019-07-22 23:00:00,88693.0
2019-07-23 23:00:00,88900.0
2019-07-24 23:00:00,88730.0
2019-07-25 23:00:00,88811.0
2019-07-26 23:00:00,89042.0
2019-07-29 23:00:00,89092.0
2019-07-30 23:00:00,89253.0
2019-07-31 23:00:00,89058.0
2019-08-01 23:00:00,89414.0
2019-08-02 23:00:00,90787.0
2019-08-05 23:00:00,90615.0
2019-08-06 23:00:00,90849.0
2019-08-07 23:00:00,91097.0
2019-08-08 23:00:00,90635.0
2019-08-09 23:00:00,90975.0
2019-08-12 23:00:00,91000.0
2019-08-13 23:00:00,90539.0
2019-08-14 23:00:00,91380.0
2019-08-15 23:00:00,91650.0
2019-08-16 23:00:00,91894.0
2019-08-19 23:00:00,92250.0
2019-08-20 23:00:00,91995.0
2019-08-21 23:00:00,91229.0
2019-08-22 23:00:00,91092.0
2019-08-23 23:00:00,91424.0
2019-08-26 23:00:00,91374.0
2019-08-27 23:00:00,91893.0
2019-08-28 23:00:00,91936.0
2019-08-29 23:00:00,91859.0
2019-08-30 23:00:00,92088.0
2019-09-02 23:00:00,92029.0
2019-09-03 23:00:00,92331.0
2019-09-04 23:00:00,91394.0
2019-09-05 23:00:00,91393.0
2019-09-06 23:00:00,90978.0
2019-09-09 23:00:00,90732.0
2019-09-10 23:00:00,90584.0
2019-09-11 23:00:00,90747.0
2019-09-12 23:00:00,90082.0
2019-09-13 23:00:00,89408.0
2019-09-16 23:00:00,89155.0
2019-09-17 23:00:00,89518.0
2019-09-18 23:00:00,89370.0
2019-09-19 23:00:00,89038.0
2019-09-20 23:00:00,89121.0
2019-09-23 23:00:00,88967.0
2019-09-24 23:00:00,88994.0
2019-09-25 23:00:00,89337.0
2019-09-26 23:00:00,89338.0
2019-09-27 23:00:00,89571.0
2019-09-30 23:00:00,89968.0
2019-10-01 23:00:00,90447.0
2019-10-02 23:00:00,90302.0
2019-10-03 23:00:00,90267.0
2019-10-04 23:00:00,89653.0
2019-10-07 23:00:00,89891.0
2019-10-08 23:00:00,90334.0
2019-10-09 23:00:00,89851.0
2019-10-10 23:00:00,89417.0
2019-10-11 23:00:00,89057.0
2019-10-14 23:00:00,89270.0
2019-10-15 23:00:00,89169.0
2019-10-16 23:00:00,89100.0
2019-10-17 23:00:00,88908.0
2019-10-18 23:00:00,88885.0
2019-10-21 23:00:00,88619.0
2019-10-22 23:00:00,88462.0
2019-10-23 23:00:00,88697.0
2019-10-24 23:00:00,88970.0
2019-10-25 23:00:00,88477.0
2019-10-28 23:00:00,88568.0
2019-10-29 23:00:00,88658.0
2019-10-30 23:00:00,88862.0
2019-10-31 23:00:00,88886.0
2019-11-01 23:00:00,88189.0
2019-11-05 23:00:00,88392.0
2019-11-06 23:00:00,88563.0
2019-11-07 23:00:00,88468.0
2019-11-08 23:00:00,88508.0
2019-11-11 23:00:00,88575.0
2019-11-12 23:00:00,88819.0
2019-11-13 23:00:00,88992.0
2019-11-14 23:00:00,88739.0
2019-11-15 23:00:00,88431.0
2019-11-18 23:00:00,88473.0
2019-11-19 23:00:00,88470.0
2019-11-20 23:00:00,88531.0
2019-11-21 23:00:00,88350.0
2019-11-22 23:00:00,88400.0
2019-11-25 23:00:00,88566.0
2019-11-26 23:00:00,88628.0
2019-11-27 23:00:00,88597.0
2019-11-28 23:00:00,88648.0
2019-11-29 23:00:00,88842.0
2019-12-02 23:00:00,88728.0
2019-12-03 23:00:00,88742.0
2019-12-04 23:00:00,88412.0
2019-12-05 23:00:00,88353.0
2019-12-06 23:00:00,88154.0
2019-12-09 23:00:00,88146.0
2019-12-10 23:00:00,87969.0
2019-12-11 23:00:00,88064.0
2019-12-12 23:00:00,87172.0
2019-12-13 23:00:00,87278.0
2019-12-16 23:00:00,86838.0
2019-12-17 23:00:00,86900.0
2019-12-18 23:00:00,86925.0
2019-12-19 23:00:00,86765.0
2019-12-20 23:00:00,86675.0
2019-12-23 23:00:00,86642.0
2019-12-24 23:00:00,86314.0
2019-12-25 23:00:00,86177.0
2019-12-26 23:00:00,86586.0
2019-12-27 23:00:00,86382.0
2019-12-30 23:00:00,86168.0
2020-01-03 23:00:00,86230.0
2020-01-06 23:00:00,86072.0
2020-01-08 23:00:00,85868.0
2020-01-09 23:00:00,85561.0
2020-01-10 23:00:00,85165.0
2020-01-13 23:00:00,85494.0
2020-01-14 23:00:00,85614.0
2020-01-15 23:00:00,85734.0
2020-01-16 23:00:00,85836.0
2020-01-17 23:00:00,85632.0
2020-01-20 23:00:00,85752.0
2020-01-21 23:00:00,85989.0
2020-01-22 23:00:00,86103.0
2020-01-23 23:00:00,86111.0
2020-01-24 23:00:00,86069.0
2020-01-27 23:00:00,87092.0
2020-01-28 23:00:00,86493.0
2020-01-29 23:00:00,86820.0
2020-01-30 23:00:00,87452.0
2020-01-31 23:00:00,87909.0
2020-02-03 23:00:00,87607.0
2020-02-04 23:00:00,87110.0
2020-02-05 23:00:00,86890.0
2020-02-06 23:00:00,87408.0
2020-02-07 23:00:00,88025.0
2020-02-10 23:00:00,88158.0
2020-02-11 23:00:00,87288.0
2020-02-12 23:00:00,87135.0
2020-02-13 23:00:00,87470.0
2020-02-14 23:00:00,87459.0
2020-02-17 23:00:00,87428.0
2020-02-18 23:00:00,87834.0
2020-02-19 23:00:00,87538.0
2020-02-20 23:00:00,88009.0
2020-02-21 23:00:00,88099.0
2020-02-25 23:00:00,89276.0
2020-02-26 23:00:00,88826.0
2020-02-27 23:00:00,90182.0
2020-02-28 23:00:00,91296.0
2020-03-02 23:00:00,90777.0
2020-03-03 23:00:00,89407.0
2020-03-04 23:00:00,89900.0
2020-03-05 23:00:00,90880.0
2020-03-06 23:00:00,91987.0
2020-03-10 23:00:00,95842.0
2020-03-11 23:00:00,96134.0
2020-03-12 23:00:00,98218.0
2020-03-13 23:00:00,97358.0
2020-03-16 23:00:00,97714.0
2020-03-17 23:00:00,98509.0
2020-03-18 23:00:00,103611.0
2020-03-19 23:00:00,103296.0
2020-03-20 23:00:00,103086.0
2020-03-23 23:00:00,103820.0
2020-03-24 23:00:00,102449.0
2020-03-25 23:00:00,102359.0
2020-03-26 23:00:00,100492.0
2020-03-27 23:00:00,102650.0
2020-03-30 23:00:00,103433.0
2020-03-31 23:00:00,101292.0
2020-04-01 23:00:00,102224.0
2020-04-02 23:00:00,100877.0
2020-04-03 23:00:00,100361.0
2020-04-06 23:00:00,99666.0
2020-04-07 23:00:00,98750.0
2020-04-08 23:00:00,98755.0
2020-04-09 23:00:00,96868.0
2020-04-10 23:00:00,97029.0
2020-04-13 23:00:00,96853.0
2020-04-14 23:00:00,96351.0
2020-04-15 23:00:00,98419.0
2020-04-16 23:00:00,97524.0
2020-04-17 23:00:00,97250.0
2020-04-20 23:00:00,97681.0
2020-04-21 23:00:00,100659.0
2020-04-22 23:00:00,99222.0
2020-04-23 23:00:00,97528.0
2020-04-24 23:00:00,97684.0
2020-04-27 23:00:00,97844.0
2020-04-28 23:00:00,97201.0
2020-04-29 23:00:00,96341.0
2020-04-30 23:00:00,97034.0
2020-05-04 23:00:00,98217.0
2020-05-05 23:00:00,96697.0
2020-05-06 23:00:00,97570.0
2020-05-07 23:00:00,96656.0
2020-05-08 23:00:00,96092.0
2020-05-12 23:00:00,96049.0
2020-05-13 23:00:00,96779.0
2020-05-14 23:00:00,96804.0
2020-05-15 23:00:00,96550.0
2020-05-18 23:00:00,95467.0
2020-05-19 23:00:00,95339.0
2020-05-20 23:00:00,93979.0
2020-05-21 23:00:00,93701.0
2020-05-22 23:00:00,94504.0
2020-05-25 23:00:00,94354.0
2020-05-26 23:00:00,93569.0
2020-05-27 23:00:00,93972.0
2020-05-28 23:00:00,93223.0
2020-05-29 23:00:00,93283.0
2020-06-01 23:00:00,92105.0
2020-06-02 23:00:00,91605.0
2020-06-03 23:00:00,91067.0
2020-06-04 23:00:00,91962.0
2020-06-05 23:00:00,90970.0
2020-06-08 23:00:00,90978.0
2020-06-09 23:00:00,91101.0
2020-06-10 23:00:00,91214.0
2020-06-11 23:00:00,92224.0
2020-06-15 23:00:00,92594.0
2020-06-16 23:00:00,92264.0
2020-06-17 23:00:00,92257.0
2020-06-18 23:00:00,92223.0
2020-06-19 23:00:00,91974.0
2020-06-22 23:00:00,91736.0
2020-06-23 23:00:00,91028.0
2020-06-25 23:00:00,91598.0
2020-06-26 23:00:00,92163.0
2020-06-29 23:00:00,92673.0
2020-06-30 23:00:00,93623.0
2020-07-02 23:00:00,92786.0
2020-07-03 23:00:00,93804.0
2020-07-06 23:00:00,93922.0
2020-07-07 23:00:00,93666.0
2020-07-08 23:00:00,93487.0
2020-07-09 23:00:00,93349.0
2020-07-10 23:00:00,93076.0
2020-07-13 23:00:00,92804.0
2020-07-14 23:00:00,93274.0
2020-07-15 23:00:00,93239.0
2020-07-16 23:00:00,93504.0
2020-07-17 23:00:00,94094.0
2020-07-20 23:00:00,93595.0
2020-07-21 23:00:00,92788.0
2020-07-22 23:00:00,93301.0
2020-07-23 23:00:00,93405.0
2020-07-24 23:00:00,93904.0
2020-07-27 23:00:00,93879.0
2020-07-28 23:00:00,94691.0
2020-07-29 23:00:00,94678.0
2020-07-30 23:00:00,95794.0
2020-07-31 23:00:00,96427.0
2020-08-03 23:00:00,95435.0
2020-08-04 23:00:00,95604.0
2020-08-05 23:00:00,94825.0
2020-08-06 23:00:00,95526.0
2020-08-07 23:00:00,95680.0
2020-08-10 23:00:00,95604.0
2020-08-11 23:00:00,94987.0
2020-08-12 23:00:00,95627.0
2020-08-13 23:00:00,95155.0
2020-08-14 23:00:00,94842.0
2020-08-17 23:00:00,95456.0
2020-08-18 23:00:00,95191.0
2020-08-19 23:00:00,95055.0
2020-08-20 23:00:00,96012.0
2020-08-21 23:00:00,96740.0
2020-08-24 23:00:00,96374.0
2020-08-25 23:00:00,97175.0
2020-08-26 23:00:00,97391.0
2020-08-27 23:00:00,96864.0
2020-08-28 23:00:00,96097.0
2020-08-31 23:00:00,96079.0
2020-09-01 23:00:00,95336.0
2020-09-02 23:00:00,97413.0
2020-09-03 23:00:00,97294.0
2020-09-04 23:00:00,97272.0
2020-09-07 23:00:00,97587.0
2020-09-08 23:00:00,98332.0
2020-09-09 23:00:00,97149.0
2020-09-10 23:00:00,96818.0
2020-09-15 23:00:00,96676.0
2020-09-16 23:00:00,96595.0
2020-09-17 23:00:00,97027.0
2020-09-18 23:00:00,97401.0
2020-09-21 23:00:00,98115.0
2020-09-22 23:00:00,97868.0
2020-09-23 23:00:00,98503.0
2020-09-24 23:00:00,98855.0
2020-09-25 23:00:00,99955.0
2020-09-28 23:00:00,100715.0
2020-09-29 23:00:00,100948.0
2020-09-30 23:00:00,99226.0
2020-10-01 23:00:00,99170.0
2020-10-02 23:00:00,99851.0
2020-10-05 23:00:00,99944.0
2020-10-06 23:00:00,99620.0
2020-10-07 23:00:00,99843.0
2020-10-08 23:00:00,98990.0
2020-10-09 23:00:00,98297.0
2020-10-12 23:00:00,98621.0
2020-10-13 23:00:00,98629.0
2020-10-14 23:00:00,99026.0
2020-10-15 23:00:00,99872.0
2020-10-16 23:00:00,99369.0
2020-10-19 23:00:00,99053.0
2020-10-20 23:00:00,98852.0
2020-10-21 23:00:00,98205.0
2020-10-22 23:00:00,97905.0
2020-10-23 23:00:00,97679.0
2020-10-26 23:00:00,97540.0
2020-10-27 23:00:00,98378.0
2020-10-28 23:00:00,100102.0
2020-10-29 23:00:00,100541.0
2020-10-30 23:00:00,100867.0
2020-11-02 23:00:00,102083.0
2020-11-03 23:00:00,100591.0
2020-11-05 23:00:00,98378.0
2020-11-06 23:00:00,98851.0
2020-11-09 23:00:00,97359.0
2020-11-10 23:00:00,97930.0
2020-11-11 23:00:00,98248.0
2020-11-12 23:00:00,98251.0
2020-11-13 23:00:00,98841.0
2020-11-16 23:00:00,97766.0
2020-11-17 23:00:00,97580.0
2020-11-18 23:00:00,97245.0
2020-11-19 23:00:00,97486.0
2020-11-20 23:00:00,97291.0
2020-11-23 23:00:00,97567.0
2020-11-24 23:00:00,96917.0
2020-11-25 23:00:00,97035.0
2020-11-26 23:00:00,96839.0
2020-11-27 23:00:00,97152.0
2020-11-30 23:00:00,97419.0
2020-12-01 23:00:00,96766.0
2020-12-02 23:00:00,96326.0
2020-12-03 23:00:00,95508.0
2020-12-04 23:00:00,94974.0
2020-12-07 23:00:00,94637.0
2020-12-08 23:00:00,94457.0
2020-12-09 23:00:00,94774.0
2020-12-10 23:00:00,94135.0
2020-12-11 23:00:00,94096.0
2020-12-14 23:00:00,94351.0
2020-12-15 23:00:00,94640.0
2020-12-16 23:00:00,94587.0
2020-12-17 23:00:00,93924.0
2020-12-18 23:00:00,94529.0
2020-12-21 23:00:00,96106.0
2020-12-22 23:00:00,96458.0
2020-12-23 23:00:00,95982.0
2020-12-24 23:00:00,95029.0
2020-12-25 23:00:00,95173.0
2020-12-28 23:00:00,94731.0
2020-12-29 23:00:00,94728.0
2020-12-30 23:00:00,95549.0
2021-01-04 23:00:00,94822.0
2021-01-05 23:00:00,95141.0
2021-01-06 23:00:00,94847.0
2021-01-08 23:00:00,95119.0
2021-01-11 23:00:00,95626.0
2021-01-12 23:00:00,94456.0
2021-01-13 23:00:00,94504.0
2021-01-14 23:00:00,94204.0
2021-01-15 23:00:00,94598.0
2021-01-18 23:00:00,94967.0
2021-01-19 23:00:00,94548.0
2021-01-20 23:00:00,94256.0
2021-01-21 23:00:00,94447.0
2021-01-22 23:00:00,95870.0
2021-01-25 23:00:00,96525.0
2021-01-26 23:00:00,95829.0
2021-01-27 23:00:00,96393.0
2021-01-28 23:00:00,96830.0
2021-01-29 23:00:00,96261.0
2021-02-01 23:00:00,96716.0
2021-02-02 23:00:00,96447.0
2021-02-03 23:00:00,96660.0
2021-02-04 23:00:00,96434.0
2021-02-05 23:00:00,95311.0
2021-02-08 23:00:00,94909.0
2021-02-09 23:00:00,94672.0
2021-02-10 23:00:00,94598.0
2021-02-11 23:00:00,94227.0
2021-02-12 23:00:00,94458.0
2021-02-15 23:00:00,93925.0
2021-02-16 23:00:00,94198.0
2021-02-17 23:00:00,94648.0
2021-02-18 23:00:00,94665.0
2021-02-19 23:00:00,94497.0
2021-02-20 23:00:00,94595.0
2021-02-22 23:00:00,94862.0
2021-02-24 23:00:00,94269.0
2021-02-25 23:00:00,94497.0
2021-02-26 23:00:00,95203.0
2021-03-01 23:00:00,94463.0
2021-03-02 23:00:00,94474.0
2021-03-03 23:00:00,94519.0
2021-03-04 23:00:00,94066.0
2021-03-05 23:00:00,94788.0
2021-03-09 23:00:00,94294.0
2021-03-10 23:00:00,94171.0
2021-03-11 23:00:00,93876.0
2021-03-12 23:00:00,93804.0
2021-03-15 23:00:00,93515.0
2021-03-16 23:00:00,93215.0
2021-03-17 23:00:00,94323.0
2021-03-18 23:00:00,94557.0
2021-03-19 23:00:00,94557.0
2021-03-22 23:00:00,95185.0
2021-03-23 23:00:00,96483.0
2021-03-24 23:00:00,96787.0
2021-03-25 23:00:00,96810.0
2021-03-26 23:00:00,96225.0
2021-03-29 23:00:00,96128.0
2021-03-30 23:00:00,96380.0
2021-03-31 23:00:00,95837.0
2021-04-01 23:00:00,96620.0
2021-04-02 23:00:00,96722.0
2021-04-05 23:00:00,96430.0
2021-04-06 23:00:00,97462.0
2021-04-07 23:00:00,97357.0
2021-04-08 23:00:00,97015.0
2021-04-09 23:00:00,97655.0
2021-04-12 23:00:00,97735.0
2021-04-13 23:00:00,96291.0
2021-04-14 23:00:00,95796.0
2021-04-15 23:00:00,96466.0
2021-04-16 23:00:00,95900.0
2021-04-19 23:00:00,96494.0
2021-04-20 23:00:00,97064.0
2021-04-21 23:00:00,96779.0
2021-04-22 23:00:00,95732.0
2021-04-23 23:00:00,95102.0
2021-04-26 23:00:00,94913.0
2021-04-27 23:00:00,94928.0
2021-04-28 23:00:00,94763.0
2021-04-29 23:00:00,94570.0
2021-04-30 23:00:00,95200.0
2021-05-04 23:00:00,94965.0
2021-05-05 23:00:00,94732.0
2021-05-06 23:00:00,94272.0
2021-05-07 23:00:00,93580.0
2021-05-10 23:00:00,94085.0
2021-05-11 23:00:00,94049.0
2021-05-12 23:00:00,94314.0
2021-05-13 23:00:00,93953.0
2021-05-14 23:00:00,93876.0
2021-05-17 23:00:00,93785.0
2021-05-18 23:00:00,93691.0
2021-05-19 23:00:00,93550.0
2021-05-20 23:00:00,93332.0
2021-05-21 23:00:00,93284.0
2021-05-24 23:00:00,93243.0
2021-05-25 23:00:00,93282.0
2021-05-26 23:00:00,93294.0
2021-05-27 23:00:00,93174.0
2021-05-28 23:00:00,93010.0
2021-05-31 23:00:00,93174.0
2021-06-01 23:00:00,93188.0
2021-06-02 23:00:00,92915.0
2021-06-03 23:00:00,92956.0
2021-06-04 23:00:00,92529.0
2021-06-07 23:00:00,92558.0
2021-06-08 23:00:00,92063.0
2021-06-09 23:00:00,91977.0
2021-06-10 23:00:00,91533.0
2021-06-11 23:00:00,91703.0
2021-06-14 23:00:00,91676.0
2021-06-15 23:00:00,91929.0
2021-06-16 23:00:00,91505.0
2021-06-17 23:00:00,91884.0
2021-06-18 23:00:00,92293.0
2021-06-21 23:00:00,92704.0
2021-06-22 23:00:00,92643.0
2021-06-23 23:00:00,92091.0
2021-06-24 23:00:00,91825.0
2021-06-25 23:00:00,91658.0
2021-06-28 23:00:00,91669.0
2021-06-29 23:00:00,92265.0
2021-06-30 23:00:00,92607.0
2021-07-01 23:00:00,92882.0
2021-07-02 23:00:00,92771.0
2021-07-05 23:00:00,92917.0
2021-07-06 23:00:00,93766.0
2021-07-07 23:00:00,94197.0
2021-07-08 23:00:00,94191.0
2021-07-09 23:00:00,93651.0
2021-07-12 23:00:00,93775.0
2021-07-13 23:00:00,93432.0
2021-07-14 23:00:00,93605.0
2021-07-15 23:00:00,93589.0
2021-07-16 23:00:00,93411.0
2021-07-19 23:00:00,93902.0
2021-07-20 23:00:00,93785.0
2021-07-21 23:00:00,93195.0
2021-07-22 23:00:00,93195.0
2021-07-23 23:00:00,92972.0
2021-07-26 23:00:00,92931.0
2021-07-27 23:00:00,93041.0
2021-07-28 23:00:00,92918.0
2021-07-29 23:00:00,92311.0
2021-07-30 23:00:00,92251.0
2021-08-02 23:00:00,92082.0
2021-08-03 23:00:00,92171.0
2021-08-04 23:00:00,92386.0
2021-08-05 23:00:00,92137.0
2021-08-06 23:00:00,92502.0
2021-08-09 23:00:00,92707.0
2021-08-10 23:00:00,92964.0
2021-08-11 23:00:00,92786.0
2021-08-12 23:00:00,92571.0
2021-08-13 23:00:00,92208.0
2021-08-16 23:00:00,92260.0
2021-08-17 23:00:00,92472.0
2021-08-18 23:00:00,92786.0
2021-08-19 23:00:00,93210.0
2021-08-20 23:00:00,93304.0
2021-08-23 23:00:00,93032.0
2021-08-24 23:00:00,92639.0
2021-08-25 23:00:00,92899.0
2021-08-26 23:00:00,93058.0
2021-08-27 23:00:00,92404.0
2021-08-30 23:00:00,92262.0
2021-08-31 23:00:00,92106.0
2021-09-01 23:00:00,91694.0
2021-09-02 23:00:00,91574.0
2021-09-03 23:00:00,91406.0
2021-09-06 23:00:00,91767.0
2021-09-07 23:00:00,92000.0
2021-09-08 23:00:00,92050.0
2021-09-09 23:00:00,91587.0
2021-09-10 23:00:00,91728.0
2021-09-13 23:00:00,91329.0
2021-09-14 23:00:00,91393.0
2021-09-15 23:00:00,91092.0
2021-09-16 23:00:00,91156.0
2021-09-17 23:00:00,91388.0
2021-09-20 23:00:00,92049.0
2021-09-21 23:00:00,91682.0
2021-09-22 23:00:00,91189.0
2021-09-23 23:00:00,91333.0
2021-09-24 23:00:00,91329.0
2021-09-27 23:00:00,90921.0
2021-09-28 23:00:00,91410.0
2021-09-29 23:00:00,91272.0
2021-09-30 23:00:00,91097.0
2021-10-01 23:00:00,91090.0
2021-10-04 23:00:00,90955.0
2021-10-05 23:00:00,90710.0
2021-10-06 23:00:00,90862.0
2021-10-07 23:00:00,90215.0
2021-10-08 23:00:00,90049.0
2021-10-11 23:00:00,89943.0
2021-10-12 23:00:00,90155.0
2021-10-13 23:00:00,90367.0
2021-10-14 23:00:00,89780.0
2021-10-15 23:00:00,89203.0
2021-10-18 23:00:00,89548.0
2021-10-19 23:00:00,89112.0
2021-10-20 23:00:00,89090.0
2021-10-21 23:00:00,89344.0
2021-10-22 23:00:00,88558.0
2021-10-25 23:00:00,88045.0
2021-10-26 23:00:00,87760.0
2021-10-27 23:00:00,88611.0
2021-10-28 23:00:00,88329.0
2021-10-29 23:00:00,88958.0
2021-11-01 23:00:00,89315.0
2021-11-02 23:00:00,89641.0
2021-11-03 23:00:00,90201.0
2021-11-05 23:00:00,89162.0
2021-11-08 23:00:00,89228.0
2021-11-09 23:00:00,88703.0
2021-11-10 23:00:00,88780.0
2021-11-11 23:00:00,89103.0
2021-11-12 23:00:00,90575.0
2021-11-15 23:00:00,90584.0
2021-11-16 23:00:00,91259.0
2021-11-17 23:00:00,90334.0
2021-11-18 23:00:00,91024.0
2021-11-19 23:00:00,91148.0
2021-11-22 23:00:00,92629.0
2021-11-23 23:00:00,92835.0
2021-11-24 23:00:00,92684.0
2021-11-25 23:00:00,92394.0
2021-11-26 23:00:00,93243.0
2021-11-29 23:00:00,92296.0
2021-11-30 23:00:00,91981.0
2021-12-01 23:00:00,91578.0
2021-12-02 23:00:00,91211.0
2021-12-03 23:00:00,91442.0
2021-12-06 23:00:00,91565.0
2021-12-07 23:00:00,91720.0
2021-12-08 23:00:00,91236.0
2021-12-09 23:00:00,91129.0
2021-12-10 23:00:00,90902.0
2021-12-13 23:00:00,91070.0
2021-12-14 23:00:00,91050.0
2021-12-15 23:00:00,91472.0
2021-12-16 23:00:00,91044.0
2021-12-17 23:00:00,91445.0
2021-12-20 23:00:00,91684.0
2021-12-21 23:00:00,91295.0
2021-12-22 23:00:00,91008.0
2021-12-23 23:00:00,90791.0
2021-12-24 23:00:00,90933.0
2021-12-27 23:00:00,90717.0
2021-12-28 23:00:00,91063.0
2021-12-29 23:00:00,91354.0
2021-12-30 23:00:00,91780.0
2022-01-03 23:00:00,91741.0
2022-01-04 23:00:00,92271.0
2022-01-05 23:00:00,92748.0
2022-01-06 23:00:00,93522.0
2022-01-07 23:00:00,92271.0
2022-01-10 23:00:00,92261.0
2022-01-11 23:00:00,91749.0
2022-01-12 23:00:00,91817.0
2022-01-13 23:00:00,93400.0
2022-01-14 23:00:00,93241.0
2022-01-17 23:00:00,93006.0
2022-01-18 23:00:00,93676.0
2022-01-19 23:00:00,93467.0
2022-01-20 23:00:00,93284.0
2022-01-21 23:00:00,94084.0
2022-01-24 23:00:00,95874.0
2022-01-25 23:00:00,95969.0
2022-01-26 23:00:00,96686.0
2022-01-27 23:00:00,94602.0
2022-01-28 23:00:00,94974.0
2022-01-31 23:00:00,94239.0
2022-02-01 23:00:00,93414.0
2022-02-02 23:00:00,93007.0
2022-02-03 23:00:00,92986.0
2022-02-04 23:00:00,92772.0
2022-02-07 23:00:00,92302.0
2022-02-08 23:00:00,91761.0
2022-02-09 23:00:00,91262.0
2022-02-10 23:00:00,90972.0
2022-02-11 23:00:00,92356.0
2022-02-14 23:00:00,93379.0
2022-02-15 23:00:00,92128.0
2022-02-16 23:00:00,91722.0
2022-02-17 23:00:00,92704.0
2022-02-18 23:00:00,93077.0
2022-02-21 23:00:00,95525.0
2022-02-22 23:00:00,95526.0
2022-02-23 23:00:00,97054.0
2022-02-24 23:00:00,103564.0
2022-02-25 23:00:00,99346.0
2022-02-28 23:00:00,99171.0
2022-03-02 23:00:00,121884.0
2022-03-03 23:00:00,121884.0
2022-03-04 23:00:00,121884.0
2022-03-09 23:00:00,134968.0
2022-03-10 23:00:00,134584.0
2022-03-11 23:00:00,131267.0
2022-03-14 23:00:00,129384.0
2022-03-15 23:00:00,125484.0
2022-03-16 23:00:00,124023.0
2022-03-17 23:00:00,119362.0
2022-03-18 23:00:00,119113.0
2022-03-21 23:00:00,118338.0
2022-03-22 23:00:00,118277.0
2022-03-23 23:00:00,113777.0
2022-03-24 23:00:00,111047.0
2022-03-25 23:00:00,110961.0
2022-03-28 23:00:00,104884.0
2022-03-29 23:00:00,99276.0
2022-03-30 23:00:00,98129.0
2022-03-31 23:00:00,97081.0
2022-04-01 23:00:00,97596.0
2022-04-04 23:00:00,96867.0
2022-04-05 23:00:00,96677.0
2022-04-06 23:00:00,92918.0
2022-04-07 23:00:00,88726.0
2022-04-08 23:00:00,88287.0
2022-04-11 23:00:00,91927.0
2022-04-12 23:00:00,92353.0
2022-04-13 23:00:00,92574.0
2022-04-14 23:00:00,92786.0
2022-04-15 23:00:00,92345.0
2022-04-18 23:00:00,91808.0
2022-04-19 23:00:00,90295.0
2022-04-20 23:00:00,88177.0
2022-04-21 23:00:00,86776.0
2022-04-22 23:00:00,87833.0
2022-04-25 23:00:00,85041.0
2022-04-26 23:00:00,84705.0
2022-04-27 23:00:00,84702.0
2022-04-28 23:00:00,83697.0
2022-04-29 23:00:00,82770.0
2022-05-04 23:00:00,78572.0
2022-05-05 23:00:00,78649.0
2022-05-06 23:00:00,80588.0
2022-05-11 23:00:00,78197.0
2022-05-12 23:00:00,74414.0
2022-05-13 23:00:00,75162.0
2022-05-16 23:00:00,74577.0
2022-05-17 23:00:00,74889.0
2022-05-18 23:00:00,74677.0
2022-05-19 23:00:00,72911.0
2022-05-20 23:00:00,71827.0
2022-05-23 23:00:00,69355.0
2022-05-24 23:00:00,68525.0
2022-05-25 23:00:00,71468.0
2022-05-26 23:00:00,75757.0
2022-05-27 23:00:00,78157.0
2022-05-30 23:00:00,72907.0
2022-05-31 23:00:00,72204.0
2022-06-01 23:00:00,72078.0
2022-06-02 23:00:00,72670.0
2022-06-03 23:00:00,71323.0
2022-06-06 23:00:00,71594.0
2022-06-07 23:00:00,71632.0
2022-06-08 23:00:00,69712.0
2022-06-09 23:00:00,70450.0
2022-06-10 23:00:00,67176.0
2022-06-14 23:00:00,66727.0
2022-06-15 23:00:00,67099.0
2022-06-16 23:00:00,66182.0
2022-06-17 23:00:00,66936.0
2022-06-20 23:00:00,66073.0
2022-06-21 23:00:00,64841.0
2022-06-22 23:00:00,63270.0
2022-06-23 23:00:00,63195.0
2022-06-24 23:00:00,62953.0
2022-06-27 23:00:00,61444.0
2022-06-28 23:00:00,59102.0
2022-06-29 23:00:00,61742.0
2022-06-30 23:00:00,58773.0
2022-07-01 23:00:00,62603.0
2022-07-04 23:00:00,63010.0
2022-07-05 23:00:00,68374.0
2022-07-06 23:00:00,69777.0
2022-07-07 23:00:00,68001.0
2022-07-08 23:00:00,67995.0
2022-07-11 23:00:00,65226.0
2022-07-12 23:00:00,65685.0
2022-07-13 23:00:00,64861.0
2022-07-14 23:00:00,65552.0
2022-07-15 23:00:00,63969.0
2022-07-18 23:00:00,62976.0
2022-07-19 23:00:00,62115.0
2022-07-20 23:00:00,61384.0
2022-07-21 23:00:00,63323.0
2022-07-22 23:00:00,63484.0
2022-07-25 23:00:00,64854.0
2022-07-26 23:00:00,67664.0
2022-07-27 23:00:00,66733.0
2022-07-28 23:00:00,67303.0
2022-07-29 23:00:00,68624.0
2022-08-01 23:00:00,66493.0
2022-08-02 23:00:00,66806.0
2022-08-03 23:00:00,66723.0
2022-08-04 23:00:00,66605.0
2022-08-05 23:00:00,67473.0
2022-08-08 23:00:00,67398.0
2022-08-09 23:00:00,66470.0
2022-08-10 23:00:00,66792.0
2022-08-11 23:00:00,67070.0
2022-08-12 23:00:00,66299.0
2022-08-15 23:00:00,67263.0
2022-08-16 23:00:00,66445.0
2022-08-17 23:00:00,65959.0
2022-08-18 23:00:00,64895.0
2022-08-19 23:00:00,64295.0
2022-08-22 23:00:00,65096.0
2022-08-23 23:00:00,65158.0
2022-08-24 23:00:00,65154.0
2022-08-25 23:00:00,65485.0
2022-08-26 23:00:00,65785.0
2022-08-29 23:00:00,65648.0
2022-08-30 23:00:00,65154.0
2022-08-31 23:00:00,65146.0
2022-09-01 23:00:00,65325.0
2022-09-02 23:00:00,65936.0
2022-09-05 23:00:00,65945.0
2022-09-06 23:00:00,66134.0
2022-09-07 23:00:00,65916.0
2022-09-08 23:00:00,65820.0
2022-09-09 23:00:00,65356.0
2022-09-12 23:00:00,65167.0
2022-09-13 23:00:00,65004.0
2022-09-14 23:00:00,64742.0
2022-09-15 23:00:00,64455.0
2022-09-16 23:00:00,63885.0
2022-09-19 23:00:00,63498.0
2022-09-20 23:00:00,64839.0
2022-09-21 23:00:00,64863.0
2022-09-22 23:00:00,63333.0
2022-09-23 23:00:00,61668.0
2022-09-26 23:00:00,62090.0
2022-09-27 23:00:00,61946.0
2022-09-28 23:00:00,60917.0
2022-09-29 23:00:00,59918.0
2022-09-30 23:00:00,60723.0
2022-10-03 23:00:00,60515.0
2022-10-04 23:00:00,60168.0
2022-10-05 23:00:00,62145.0
2022-10-06 23:00:00,62168.0
2022-10-07 23:00:00,60966.0
2022-10-10 23:00:00,62074.0
2022-10-11 23:00:00,62114.0
2022-10-12 23:00:00,62799.0
2022-10-13 23:00:00,63624.0
2022-10-14 23:00:00,62912.0
2022-10-17 23:00:00,62236.0
2022-10-18 23:00:00,62770.0
2022-10-19 23:00:00,62317.0
2022-10-20 23:00:00,62935.0
2022-10-21 23:00:00,62901.0
2022-10-24 23:00:00,63075.0
2022-10-25 23:00:00,63864.0
2022-10-26 23:00:00,63083.0
2022-10-27 23:00:00,63920.0
2022-10-28 23:00:00,64104.0
2022-10-31 23:00:00,63683.0
2022-11-01 23:00:00,63568.0
2022-11-02 23:00:00,64180.0
2022-11-03 23:00:00,64203.0
2022-11-07 23:00:00,63373.0
2022-11-08 23:00:00,63368.0
2022-11-09 23:00:00,64075.0
2022-11-10 23:00:00,63116.0
2022-11-11 23:00:00,63047.0
2022-11-14 23:00:00,63237.0
2022-11-15 23:00:00,63114.0
2022-11-16 23:00:00,63060.0
2022-11-17 23:00:00,63337.0
2022-11-18 23:00:00,63309.0
2022-11-21 23:00:00,63467.0
2022-11-22 23:00:00,63082.0
2022-11-23 23:00:00,63609.0
2022-11-24 23:00:00,63427.0
2022-11-25 23:00:00,63227.0
2022-11-28 23:00:00,63740.0
2022-11-29 23:00:00,63468.0
2022-11-30 23:00:00,63526.0
2022-12-01 23:00:00,63895.0
2022-12-02 23:00:00,64447.0
2022-12-05 23:00:00,64739.0
2022-12-06 23:00:00,65459.0
2022-12-07 23:00:00,65311.0
2022-12-08 23:00:00,65188.0
2022-12-09 23:00:00,64863.0
2022-12-12 23:00:00,65309.0
2022-12-13 23:00:00,65307.0
2022-12-14 23:00:00,66538.0
2022-12-15 23:00:00,66333.0
2022-12-16 23:00:00,67049.0
2022-12-19 23:00:00,69314.0
2022-12-20 23:00:00,70348.0
2022-12-21 23:00:00,71843.0
2022-12-22 23:00:00,69854.0
2022-12-23 23:00:00,70406.0
2022-12-26 23:00:00,69979.0
2022-12-27 23:00:00,71742.0
2022-12-28 23:00:00,73664.0
2022-12-29 23:00:00,73115.0
2022-12-30 23:00:00,72103.0
2023-01-03 23:00:00,73463.0
2023-01-04 23:00:00,74040.0
2023-01-05 23:00:00,74458.0
2023-01-06 23:00:00,73854.0
2023-01-09 23:00:00,72006.0
2023-01-10 23:00:00,72078.0
2023-01-11 23:00:00,70894.0
2023-01-12 23:00:00,70089.0
2023-01-13 23:00:00,71066.0
2023-01-16 23:00:00,70784.0
2023-01-17 23:00:00,71455.0
2023-01-18 23:00:00,70914.0
2023-01-19 23:00:00,71137.0
2023-01-20 23:00:00,71168.0
2023-01-23 23:00:00,71351.0
2023-01-24 23:00:00,71475.0
2023-01-25 23:00:00,71594.0
2023-01-26 23:00:00,71484.0
2023-01-27 23:00:00,71794.0
2023-01-30 23:00:00,72733.0
2023-01-31 23:00:00,72574.0
2023-02-01 23:00:00,72432.0
2023-02-02 23:00:00,72828.0
2023-02-03 23:00:00,73034.0
2023-02-06 23:00:00,73473.0
2023-02-07 23:00:00,73503.0
2023-02-08 23:00:00,74351.0
2023-02-09 23:00:00,74606.0
2023-02-10 23:00:00,74630.0
2023-02-13 23:00:00,75008.0
2023-02-14 23:00:00,74554.0
2023-02-15 23:00:00,75144.0
2023-02-16 23:00:00,75914.0
2023-02-17 23:00:00,75031.0
2023-02-20 23:00:00,75746.0
2023-02-21 23:00:00,75784.0
2023-02-22 23:00:00,76265.0
2023-02-24 23:00:00,77280.0
2023-02-27 23:00:00,75453.0
2023-02-28 23:00:00,75878.0
2023-03-01 23:00:00,76345.0
2023-03-02 23:00:00,76675.0
2023-03-03 23:00:00,77058.0
2023-03-06 23:00:00,76770.0
2023-03-07 23:00:00,77495.0
2023-03-09 23:00:00,77424.0
2023-03-10 23:00:00,77704.0
2023-03-13 23:00:00,76615.0
2023-03-14 23:00:00,77004.0
2023-03-15 23:00:00,77750.0
2023-03-16 23:00:00,78514.0
2023-03-17 23:00:00,78909.0
2023-03-20 23:00:00,79368.0
2023-03-21 23:00:00,78944.0
2023-03-22 23:00:00,79312.0
2023-03-23 23:00:00,78099.0
2023-03-24 23:00:00,79174.0
2023-03-27 23:00:00,78949.0
2023-03-28 23:00:00,79217.0
2023-03-29 23:00:00,79464.0
2023-03-30 23:00:00,79545.0
2023-03-31 23:00:00,79914.0
2023-04-03 23:00:00,81054.0
2023-04-04 23:00:00,81680.0
2023-04-05 23:00:00,82168.0
2023-04-06 23:00:00,83502.0
2023-04-07 23:00:00,83105.0
2023-04-10 23:00:00,83321.0
2023-04-11 23:00:00,84048.0
2023-04-12 23:00:00,83842.0
2023-04-13 23:00:00,83132.0
2023-04-14 23:00:00,83530.0
2023-04-17 23:00:00,82539.0
2023-04-18 23:00:00,82734.0
2023-04-19 23:00:00,83238.0
2023-04-20 23:00:00,82755.0
2023-04-21 23:00:00,82777.0
2023-04-24 23:00:00,82434.0
2023-04-25 23:00:00,82536.0
2023-04-26 23:00:00,82853.0
2023-04-27 23:00:00,82455.0
2023-04-28 23:00:00,81494.0
2023-05-02 23:00:00,80819.0
2023-05-03 23:00:00,80139.0
2023-05-04 23:00:00,78887.0
2023-05-05 23:00:00,78564.0
2023-05-08 23:00:00,79319.0
2023-05-10 23:00:00,77812.0
2023-05-11 23:00:00,79076.0
2023-05-12 23:00:00,80003.0
2023-05-15 23:00:00,81319.0
2023-05-16 23:00:00,82224.0
2023-05-17 23:00:00,81248.0
2023-05-18 23:00:00,82007.0
2023-05-19 23:00:00,81571.0
2023-05-22 23:00:00,82019.0
2023-05-23 23:00:00,82103.0
2023-05-24 23:00:00,82075.0
2023-05-25 23:00:00,82215.0
2023-05-26 23:00:00,82070.0
2023-05-29 23:00:00,82929.0
2023-05-30 23:00:00,83164.0
2023-05-31 23:00:00,83153.0
2023-06-01 23:00:00,82591.0
2023-06-02 23:00:00,83484.0
2023-06-05 23:00:00,82849.0
2023-06-06 23:00:00,83386.0
2023-06-07 23:00:00,83996.0
2023-06-08 23:00:00,84666.0
2023-06-09 23:00:00,84639.0
2023-06-13 23:00:00,86611.0
2023-06-14 23:00:00,86235.0
2023-06-15 23:00:00,85831.0
2023-06-16 23:00:00,86576.0
2023-06-19 23:00:00,86331.0
2023-06-20 23:00:00,87161.0
2023-06-21 23:00:00,85596.0
2023-06-22 23:00:00,86012.0
2023-06-23 23:00:00,86559.0
2023-06-26 23:00:00,86723.0
2023-06-27 23:00:00,87061.0
2023-06-28 23:00:00,88472.0
2023-06-29 23:00:00,89711.0
2023-06-30 23:00:00,91394.0
2023-07-03 23:00:00,90016.0
2023-07-04 23:00:00,90294.0
2023-07-05 23:00:00,91697.0
2023-07-06 23:00:00,92314.0
2023-07-07 23:00:00,92605.0
2023-07-10 23:00:00,91456.0
2023-07-11 23:00:00,91258.0
2023-07-12 23:00:00,92449.0
2023-07-13 23:00:00,91521.0
2023-07-14 23:00:00,92076.0
2023-07-17 23:00:00,93004.0
2023-07-18 23:00:00,92685.0
2023-07-19 23:00:00,92909.0
2023-07-20 23:00:00,92295.0
2023-07-21 23:00:00,92826.0
2023-07-24 23:00:00,92166.0
2023-07-25 23:00:00,92234.0
2023-07-26 23:00:00,92004.0
2023-07-27 23:00:00,92632.0
2023-07-28 23:00:00,93636.0
2023-07-31 23:00:00,93534.0
2023-08-01 23:00:00,94531.0
2023-08-02 23:00:00,96040.0
2023-08-03 23:00:00,96301.0
2023-08-04 23:00:00,97533.0
2023-08-07 23:00:00,97081.0
2023-08-08 23:00:00,98884.0
2023-08-09 23:00:00,98576.0
2023-08-10 23:00:00,99294.0
2023-08-11 23:00:00,101150.0
2023-08-14 23:00:00,99295.0
2023-08-15 23:00:00,98809.0
2023-08-16 23:00:00,96266.0
2023-08-17 23:00:00,95236.0
2023-08-18 23:00:00,95351.0
2023-08-21 23:00:00,95426.0
2023-08-22 23:00:00,96005.0
2023-08-23 23:00:00,96234.0
2023-08-24 23:00:00,96893.0
2023-08-25 23:00:00,97846.0
2023-08-28 23:00:00,97988.0
2023-08-29 23:00:00,98081.0
2023-08-30 23:00:00,98821.0
2023-08-31 23:00:00,98359.0
2023-09-01 23:00:00,98976.0
2023-09-04 23:00:00,99425.0
2023-09-05 23:00:00,100536.0
2023-09-06 23:00:00,101195.0
2023-09-07 23:00:00,101169.0
2023-09-08 23:00:00,100505.0
2023-09-11 23:00:00,97862.0
2023-09-12 23:00:00,97761.0
2023-09-13 23:00:00,98971.0
2023-09-14 23:00:00,99460.0
2023-09-15 23:00:00,99056.0
2023-09-18 23:00:00,98851.0
2023-09-19 23:00:00,99222.0
2023-09-20 23:00:00,98460.0
2023-09-21 23:00:00,99202.0
2023-09-22 23:00:00,99096.0
2023-09-25 23:00:00,99710.0
2023-09-26 23:00:00,99927.0
2023-09-27 23:00:00,99977.0
2023-09-28 23:00:00,100811.0
2023-09-29 23:00:00,102047.0
2023-10-02 23:00:00,103352.0
2023-10-03 23:00:00,103330.0
2023-10-04 23:00:00,103521.0
2023-10-05 23:00:00,104672.0
2023-10-06 23:00:00,104186.0
2023-10-09 23:00:00,103111.0
2023-10-10 23:00:00,104297.0
2023-10-11 23:00:00,104127.0
2023-10-12 23:00:00,102052.0
2023-10-13 23:00:00,101484.0
2023-10-16 23:00:00,101721.0
2023-10-17 23:00:00,102295.0
2023-10-18 23:00:00,102164.0
2023-10-19 23:00:00,101652.0
2023-10-20 23:00:00,100020.0
2023-10-23 23:00:00,99065.0
2023-10-24 23:00:00,98060.0
2023-10-25 23:00:00,98063.0
2023-10-26 23:00:00,98542.0
2023-10-27 23:00:00,99336.0
2023-10-30 23:00:00,97965.0
2023-10-31 23:00:00,98753.0
2023-11-01 23:00:00,98062.0
2023-11-02 23:00:00,98350.0
2023-11-03 23:00:00,97317.0
2023-11-06 23:00:00,97247.0
2023-11-07 23:00:00,97481.0
2023-11-08 23:00:00,96827.0
2023-11-09 23:00:00,96910.0
2023-11-10 23:00:00,97209.0
2023-11-13 23:00:00,96456.0
2023-11-14 23:00:00,95439.0
2023-11-15 23:00:00,94110.0
2023-11-16 23:00:00,93728.0
2023-11-17 23:00:00,94714.0
2023-11-20 23:00:00,92694.0
2023-11-21 23:00:00,92291.0
2023-11-22 23:00:00,92867.0
2023-11-23 23:00:00,92802.0
2023-11-24 23:00:00,93163.0
2023-11-27 23:00:00,93331.0
2023-11-28 23:00:00,93769.0
2023-11-29 23:00:00,92947.0
2023-11-30 23:00:00,93840.0
2023-12-01 23:00:00,94671.0
2023-12-04 23:00:00,95312.0
2023-12-05 23:00:00,96734.0
2023-12-06 23:00:00,96875.0
2023-12-07 23:00:00,95966.0
2023-12-08 23:00:00,95488.0
2023-12-11 23:00:00,94723.0
2023-12-12 23:00:00,93712.0
2023-12-13 23:00:00,93467.0
2023-12-14 23:00:00,93698.0
2023-12-15 23:00:00,94034.0
2023-12-18 23:00:00,93524.0
2023-12-19 23:00:00,94090.0
2023-12-20 23:00:00,94799.0
2023-12-21 23:00:00,95080.0
2023-12-22 23:00:00,94999.0
2023-12-25 23:00:00,94506.0
2023-12-26 23:00:00,94865.0
2023-12-27 23:00:00,95201.0
2023-12-28 23:00:00,94185.0
2023-12-29 23:00:00,94497.0
2024-01-03 23:00:00,95823.0
2024-01-04 23:00:00,94925.0
2024-01-05 23:00:00,94136.0
2024-01-08 23:00:00,94923.0
2024-01-09 23:00:00,93839.0
2024-01-10 23:00:00,93923.0
2024-01-11 23:00:00,92762.0
2024-01-12 23:00:00,92723.0
2024-01-15 23:00:00,92071.0
2024-01-16 23:00:00,92074.0
2024-01-17 23:00:00,93241.0
2024-01-18 23:00:00,93340.0
2024-01-19 23:00:00,92535.0
2024-01-22 23:00:00,92237.0
2024-01-23 23:00:00,92925.0
2024-01-24 23:00:00,93051.0
2024-01-25 23:00:00,93449.0
2024-01-26 23:00:00,94350.0
2024-01-29 23:00:00,93151.0
2024-01-30 23:00:00,93727.0
2024-01-31 23:00:00,94114.0
2024-02-01 23:00:00,94719.0
2024-02-02 23:00:00,95192.0
2024-02-05 23:00:00,94718.0
2024-02-06 23:00:00,95250.0
2024-02-07 23:00:00,95339.0
2024-02-08 23:00:00,94381.0
2024-02-09 23:00:00,94823.0
2024-02-12 23:00:00,94862.0
2024-02-13 23:00:00,94932.0
2024-02-14 23:00:00,95145.0
2024-02-15 23:00:00,95900.0
2024-02-16 23:00:00,95278.0
2024-02-19 23:00:00,95947.0
2024-02-20 23:00:00,95710.0
2024-02-21 23:00:00,96012.0
2024-02-22 23:00:00,95869.0
2024-02-26 23:00:00,95508.0
2024-02-27 23:00:00,95452.0
2024-02-28 23:00:00,94534.0
2024-02-29 23:00:00,94357.0
2024-03-01 23:00:00,95071.0
2024-03-04 23:00:00,94655.0
2024-03-05 23:00:00,93998.0
2024-03-06 23:00:00,94006.0
2024-03-07 23:00:00,94176.0
2024-03-11 23:00:00,93902.0
2024-03-12 23:00:00,94929.0
2024-03-13 23:00:00,94726.0
2024-03-14 23:00:00,94950.0
2024-03-15 23:00:00,96023.0
2024-03-18 23:00:00,95127.0
2024-03-19 23:00:00,95602.0
2024-03-20 23:00:00,95667.0
2024-03-21 23:00:00,95371.0
2024-03-22 23:00:00,96106.0
2024-03-25 23:00:00,95920.0
2024-03-26 23:00:00,95997.0
2024-03-27 23:00:00,95237.0
2024-03-28 23:00:00,95597.0
2024-03-29 23:00:00,95238.0
2024-04-01 23:00:00,95527.0
2024-04-02 23:00:00,95557.0
2024-04-03 23:00:00,95478.0
2024-04-04 23:00:00,95286.0
2024-04-05 23:00:00,95518.0
2024-04-08 23:00:00,95557.0
2024-04-09 23:00:00,95902.0
2024-04-10 23:00:00,96404.0
2024-04-11 23:00:00,96037.0
2024-04-12 23:00:00,95901.0
2024-04-15 23:00:00,96150.0
2024-04-16 23:00:00,97066.0
2024-04-17 23:00:00,96586.0
2024-04-18 23:00:00,95918.0
2024-04-19 23:00:00,95421.0
2024-04-22 23:00:00,95469.0
2024-04-23 23:00:00,95167.0
2024-04-24 23:00:00,94547.0
2024-04-25 23:00:00,94477.0
2024-04-26 23:00:00,93822.0
2024-04-27 23:00:00,94707.0
2024-04-29 23:00:00,95177.0
2024-04-30 23:00:00,95001.0
2024-05-02 23:00:00,94287.0
2024-05-03 23:00:00,93906.0
2024-05-06 23:00:00,93592.0
2024-05-07 23:00:00,93458.0
2024-05-08 23:00:00,93917.0
2024-05-10 23:00:00,94222.0
2024-05-13 23:00:00,93278.0
2024-05-14 23:00:00,93410.0
2024-05-15 23:00:00,92749.0
2024-05-16 23:00:00,92754.0
2024-05-17 23:00:00,92593.0
2024-05-20 23:00:00,92302.0
2024-05-21 23:00:00,91614.0
2024-05-22 23:00:00,91857.0
2024-05-23 23:00:00,91541.0
2024-05-24 23:00:00,91027.0
2024-05-27 23:00:00,90074.0
2024-05-28 23:00:00,90250.0
2024-05-29 23:00:00,91094.0
2024-05-30 23:00:00,91335.0
2024-05-31 23:00:00,91426.0
2024-06-03 23:00:00,90356.0
2024-06-04 23:00:00,90023.0
2024-06-05 23:00:00,90003.0
2024-06-06 23:00:00,90090.0
2024-06-07 23:00:00,90242.0
2024-06-10 23:00:00,89636.0
2024-06-11 23:00:00,90236.0
2024-06-13 23:00:00,89752.0
2024-06-14 23:00:00,89952.0
2024-06-17 23:00:00,87277.0
2024-06-18 23:00:00,85549.0
2024-06-19 23:00:00,81294.0
2024-06-20 23:00:00,85925.0
2024-06-21 23:00:00,85993.0
2024-06-24 23:00:00,84201.0
2024-06-25 23:00:00,85676.0
2024-06-26 23:00:00,84491.0
2024-06-27 23:00:00,84520.0
2024-06-28 23:00:00,85796.0
2024-07-01 23:00:00,86493.0
2024-07-02 23:00:00,86244.0
2024-07-03 23:00:00,87478.0
2024-07-04 23:00:00,87994.0
2024-07-05 23:00:00,87314.0
2024-07-08 23:00:00,87382.0
2024-07-09 23:00:00,86789.0
2024-07-10 23:00:00,87695.0
2024-07-11 23:00:00,87424.0
2024-07-12 23:00:00,87657.0
2024-07-15 23:00:00,87644.0
2024-07-16 23:00:00,87703.0
2024-07-17 23:00:00,86826.0
2024-07-18 23:00:00,87179.0
2024-07-19 23:00:00,86645.0
2024-07-22 23:00:00,87134.0
2024-07-23 23:00:00,86244.0
2024-07-24 23:00:00,85605.0
2024-07-25 23:00:00,85394.0
2024-07-26 23:00:00,86042.0
2024-07-29 23:00:00,85389.0
2024-07-30 23:00:00,85944.0
2024-07-31 23:00:00,85054.0
2024-08-01 23:00:00,84553.0
2024-08-02 23:00:00,84565.0
2024-08-05 23:00:00,84567.0
2024-08-06 23:00:00,84942.0
2024-08-07 23:00:00,84918.0
2024-08-08 23:00:00,85432.0
2024-08-09 23:00:00,85344.0
2024-08-12 23:00:00,87167.0
2024-08-13 23:00:00,88207.0
2024-08-14 23:00:00,86508.0
2024-08-15 23:00:00,86844.0
2024-08-16 23:00:00,86803.0
2024-08-19 23:00:00,87342.0
2024-08-20 23:00:00,87845.0
2024-08-21 23:00:00,87514.0
2024-08-22 23:00:00,86642.0
2024-08-23 23:00:00,87468.0
2024-08-26 23:00:00,87879.0
2024-08-27 23:00:00,88340.0
2024-08-28 23:00:00,88033.0
2024-08-29 23:00:00,88738.0
2024-08-30 23:00:00,88435.0
2024-09-02 23:00:00,87554.0
2024-09-03 23:00:00,86664.0
2024-09-04 23:00:00,87470.0
2024-09-05 23:00:00,87029.0
2024-09-06 23:00:00,87997.0
2024-09-09 23:00:00,88858.0
2024-09-10 23:00:00,89031.0
2024-09-11 23:00:00,88734.0
2024-09-12 23:00:00,89157.0
2024-09-13 23:00:00,89148.0
2024-09-16 23:00:00,89880.0
2024-09-17 23:00:00,89545.0
2024-09-18 23:00:00,90094.0
2024-09-19 23:00:00,91430.0
2024-09-20 23:00:00,92631.0
2024-09-23 23:00:00,92499.0
2024-09-24 23:00:00,91679.0
2024-09-25 23:00:00,91891.0
2024-09-26 23:00:00,92218.0
