DATETIME,PRICE,FORWARD,CARRY,PRICE_CONTRACT,FORWARD_CONTRACT,CARRY_CONTRACT
2010-03-15 23:00:00,17.22,17.23,17.23,20100600,20100900,20100900
2010-03-16 23:00:00,17.56,17.55,17.55,20100600,20100900,20100900
2010-03-17 23:00:00,17.63,17.59,17.59,20100600,20100900,20100900
2010-03-18 23:00:00,17.53,17.55,17.55,20100600,20100900,20100900
2010-03-19 23:00:00,17.19,17.21,17.21,20100600,20100900,20100900
2010-03-22 23:00:00,16.88,16.76,16.76,20100600,20100900,20100900
2010-03-23 23:00:00,17.2,17.15,17.15,20100600,20100900,20100900
2010-03-24 23:00:00,16.83,16.83,16.83,20100600,20100900,20100900
2010-03-25 23:00:00,16.87,16.85,16.85,20100600,20100900,20100900
2010-03-26 23:00:00,17.05,17.0,17.0,20100600,20100900,20100900
2010-03-29 23:00:00,17.44,17.37,17.37,20100600,20100900,20100900
2010-03-30 23:00:00,17.43,17.52,17.52,20100600,20100900,20100900
2010-03-31 23:00:00,17.68,17.55,17.55,20100600,20100900,20100900
2010-04-01 23:00:00,17.9,18.01,18.01,20100600,20100900,20100900
2010-04-02 23:00:00,17.8,18.18,18.18,20100600,20100900,20100900
2010-04-05 23:00:00,17.97,18.11,18.11,20100600,20100900,20100900
2010-04-06 23:00:00,18.05,18.07,18.07,20100600,20100900,20100900
2010-04-07 23:00:00,18.2,18.21,18.21,20100600,20100900,20100900
2010-04-08 23:00:00,18.11,18.02,18.02,20100600,20100900,20100900
2010-04-09 23:00:00,18.44,18.41,18.41,20100600,20100900,20100900
2010-04-12 23:00:00,18.45,18.42,18.42,20100600,20100900,20100900
2010-04-13 23:00:00,18.12,18.11,18.11,20100600,20100900,20100900
2010-04-14 23:00:00,18.48,18.51,18.51,20100600,20100900,20100900
2010-04-15 23:00:00,18.5,18.31,18.31,20100600,20100900,20100900
2010-04-16 23:00:00,18.29,18.4,18.4,20100600,20100900,20100900
2010-04-19 23:00:00,17.81,17.81,17.81,20100600,20100900,20100900
2010-04-20 23:00:00,18.05,18.0,18.0,20100600,20100900,20100900
2010-04-21 23:00:00,17.99,18.02,18.02,20100600,20100900,20100900
2010-04-22 23:00:00,17.93,17.89,17.89,20100600,20100900,20100900
2010-04-23 23:00:00,18.16,18.02,18.02,20100600,20100900,20100900
2010-04-26 23:00:00,18.39,18.44,18.44,20100600,20100900,20100900
2010-04-27 23:00:00,18.35,18.33,18.33,20100600,20100900,20100900
2010-04-28 23:00:00,17.92,18.23,18.23,20100600,20100900,20100900
2010-04-29 23:00:00,18.33,18.38,18.38,20100600,20100900,20100900
2010-04-30 23:00:00,18.75,18.76,18.76,20100600,20100900,20100900
2010-05-04 23:00:00,18.27,18.41,18.41,20100600,20100900,20100900
2010-05-05 23:00:00,17.45,17.3,17.3,20100600,20100900,20100900
2010-05-06 23:00:00,17.55,17.5,17.5,20100600,20100900,20100900
2010-05-07 23:00:00,17.56,17.76,17.76,20100600,20100900,20100900
2010-05-11 23:00:00,19.12,19.14,19.14,20100600,20100900,20100900
2010-05-12 23:00:00,19.61,19.7,19.7,20100600,20100900,20100900
2010-05-13 23:00:00,19.63,19.58,19.58,20100600,20100900,20100900
2010-05-14 23:00:00,19.4,19.63,19.63,20100600,20100900,20100900
2010-05-17 23:00:00,19.25,19.36,19.36,20100600,20100900,20100900
2010-05-18 23:00:00,19.05,19.14,19.14,20100600,20100900,20100900
2010-05-19 23:00:00,18.4,18.64,18.64,20100600,20100900,20100900
2010-05-20 23:00:00,17.67,17.62,17.62,20100600,20100900,20100900
2010-05-21 23:00:00,17.62,17.68,17.68,20100600,20100900,20100900
2010-05-24 23:00:00,17.94,17.98,17.98,20100600,20100900,20100900
2010-05-25 23:00:00,17.7,17.75,17.75,20100600,20100900,20100900
2010-05-26 23:00:00,18.39,18.39,18.39,20100600,20100900,20100900
2010-05-27 23:00:00,18.49,18.6,18.6,20100600,20100900,20100900
2010-05-28 23:00:00,18.42,18.45,18.45,20100600,20100900,20100900
2010-05-31 23:00:00,18.62,18.69,18.69,20100600,20100900,20100900
2010-06-01 23:00:00,18.68,18.79,18.79,20100600,20100900,20100900
2010-06-02 23:00:00,18.27,18.34,18.34,20100600,20100900,20100900
2010-06-03 23:00:00,18.12,18.27,18.27,20100600,20100900,20100900
2010-06-04 23:00:00,17.61,17.76,17.76,20100600,20100900,20100900
2010-06-07 23:00:00,17.72,17.78,17.78,20100600,20100900,20100900
2010-06-08 23:00:00,18.5,18.47,18.47,20100600,20100900,20100900
2010-06-09 23:00:00,18.32,18.44,18.44,20100600,20100900,20100900
2010-06-10 23:00:00,18.29,18.37,18.37,20100600,20100900,20100900
2010-06-11 23:00:00,18.28,18.34,18.34,20100600,20100900,20100900
2010-06-15 23:00:00,18.45,18.57,18.57,20100900,20101200,20101200
2010-06-16 23:00:00,18.5,18.71,18.71,20100900,20101200,20101200
2010-06-17 23:00:00,18.81,18.91,18.91,20100900,20101200,20101200
2010-06-18 23:00:00,19.14,19.21,19.21,20100900,20101200,20101200
2010-06-21 23:00:00,19.34,19.5,19.5,20100900,20101200,20101200
2010-06-22 23:00:00,18.96,19.0,19.0,20100900,20101200,20101200
2010-06-23 23:00:00,18.44,18.45,18.45,20100900,20101200,20101200
2010-06-24 23:00:00,18.63,18.51,18.51,20100900,20101200,20101200
2010-06-25 23:00:00,18.93,19.0,19.0,20100900,20101200,20101200
2010-06-28 23:00:00,19.28,19.23,19.23,20100900,20101200,20101200
2010-06-29 23:00:00,18.5,18.54,18.54,20100900,20101200,20101200
2010-06-30 23:00:00,18.64,18.7,18.7,20100900,20101200,20101200
2010-07-01 23:00:00,18.18,18.55,18.55,20100900,20101200,20101200
2010-07-02 23:00:00,17.89,17.8,17.8,20100900,20101200,20101200
2010-07-05 23:00:00,17.89,17.93,17.93,20100900,20101200,20101200
2010-07-06 23:00:00,17.8,17.79,17.79,20100900,20101200,20101200
2010-07-07 23:00:00,17.99,17.85,17.85,20100900,20101200,20101200
2010-07-08 23:00:00,17.86,17.87,17.87,20100900,20101200,20101200
2010-07-09 23:00:00,18.25,18.1,18.1,20100900,20101200,20101200
2010-07-12 23:00:00,18.05,18.17,18.17,20100900,20101200,20101200
2010-07-13 23:00:00,18.26,18.38,18.38,20100900,20101200,20101200
2010-07-14 23:00:00,18.26,18.31,18.31,20100900,20101200,20101200
2010-07-15 23:00:00,18.24,18.56,18.56,20100900,20101200,20101200
2010-07-16 23:00:00,17.9,17.9,17.9,20100900,20101200,20101200
2010-07-19 23:00:00,17.76,17.75,17.75,20100900,20101200,20101200
2010-07-20 23:00:00,17.73,17.74,17.74,20100900,20101200,20101200
2010-07-21 23:00:00,17.91,17.94,17.94,20100900,20101200,20101200
2010-07-22 23:00:00,18.22,18.21,18.21,20100900,20101200,20101200
2010-07-23 23:00:00,18.19,18.33,18.33,20100900,20101200,20101200
2010-07-26 23:00:00,18.1,18.33,18.33,20100900,20101200,20101200
2010-07-27 23:00:00,17.72,17.78,17.78,20100900,20101200,20101200
2010-07-28 23:00:00,17.65,17.75,17.75,20100900,20101200,20101200
2010-07-29 23:00:00,17.73,17.75,17.75,20100900,20101200,20101200
2010-07-30 23:00:00,17.99,18.02,18.02,20100900,20101200,20101200
2010-08-02 23:00:00,18.53,18.19,18.19,20100900,20101200,20101200
2010-08-03 23:00:00,18.5,18.53,18.53,20100900,20101200,20101200
2010-08-04 23:00:00,18.57,18.63,18.63,20100900,20101200,20101200
2010-08-05 23:00:00,18.34,18.49,18.49,20100900,20101200,20101200
2010-08-06 23:00:00,18.55,18.65,18.65,20100900,20101200,20101200
2010-08-09 23:00:00,18.39,18.65,18.65,20100900,20101200,20101200
2010-08-10 23:00:00,18.16,18.65,18.65,20100900,20101200,20101200
2010-08-11 23:00:00,18.17,18.65,18.65,20100900,20101200,20101200
2010-08-12 23:00:00,18.16,18.03,18.03,20100900,20101200,20101200
2010-08-13 23:00:00,18.19,18.26,18.26,20100900,20101200,20101200
2010-08-16 23:00:00,18.44,18.26,18.26,20100900,20101200,20101200
2010-08-17 23:00:00,18.55,18.68,18.68,20100900,20101200,20101200
2010-08-18 23:00:00,18.33,18.39,18.39,20100900,20101200,20101200
2010-08-19 23:00:00,18.54,18.59,18.59,20100900,20101200,20101200
2010-08-20 23:00:00,18.07,18.05,18.05,20100900,20101200,20101200
2010-08-23 23:00:00,18.05,18.06,18.06,20100900,20101200,20101200
2010-08-24 23:00:00,18.46,18.5,18.5,20100900,20101200,20101200
2010-08-25 23:00:00,18.75,18.85,18.85,20100900,20101200,20101200
2010-08-26 23:00:00,19.12,19.15,19.15,20100900,20101200,20101200
2010-08-27 23:00:00,19.21,19.3,19.3,20100900,20101200,20101200
2010-08-30 23:00:00,19.08,19.1,19.1,20100900,20101200,20101200
2010-08-31 23:00:00,19.22,19.3,19.3,20100900,20101200,20101200
2010-09-01 23:00:00,19.28,19.42,19.42,20100900,20101200,20101200
2010-09-02 23:00:00,19.53,19.67,19.67,20100900,20101200,20101200
2010-09-03 23:00:00,19.56,19.65,19.65,20100900,20101200,20101200
2010-09-06 23:00:00,19.86,19.96,19.96,20100900,20101200,20101200
2010-09-07 23:00:00,19.85,19.96,19.96,20100900,20101200,20101200
2010-09-08 23:00:00,19.92,20.02,20.02,20100900,20101200,20101200
2010-09-09 23:00:00,19.93,20.12,20.12,20100900,20101200,20101200
2010-09-10 23:00:00,19.93,20.07,20.07,20100900,20101200,20101200
2010-09-13 23:00:00,20.07,20.21,20.21,20100900,20101200,20101200
2010-09-14 23:00:00,20.4,20.35,20.35,20100900,20101200,20101200
2010-09-15 23:00:00,20.56,20.51,20.51,20101200,20110300,20110300
2010-09-16 23:00:00,20.7,20.78,20.78,20101200,20110300,20110300
2010-09-17 23:00:00,20.79,20.75,20.75,20101200,20110300,20110300
2010-09-20 23:00:00,20.9,21.0,21.0,20101200,20110300,20110300
2010-09-21 23:00:00,20.64,20.61,20.61,20101200,20110300,20110300
2010-09-22 23:00:00,21.01,21.26,21.26,20101200,20110300,20110300
2010-09-23 23:00:00,21.14,21.07,21.07,20101200,20110300,20110300
2010-09-24 23:00:00,21.4,21.49,21.49,20101200,20110300,20110300
2010-09-27 23:00:00,21.44,21.55,21.55,20101200,20110300,20110300
2010-09-28 23:00:00,21.51,21.31,21.31,20101200,20110300,20110300
2010-09-29 23:00:00,21.79,21.88,21.88,20101200,20110300,20110300
2010-09-30 23:00:00,21.82,22.0,22.0,20101200,20110300,20110300
2010-10-01 23:00:00,22.06,22.17,22.17,20101200,20110300,20110300
2010-10-04 23:00:00,21.94,22.15,22.15,20101200,20110300,20110300
2010-10-05 23:00:00,22.44,22.5,22.5,20101200,20110300,20110300
2010-10-06 23:00:00,22.86,22.98,22.98,20101200,20110300,20110300
2010-10-07 23:00:00,22.8,22.9,22.9,20101200,20110300,20110300
2010-10-08 23:00:00,23.04,23.15,23.15,20101200,20110300,20110300
2010-10-11 23:00:00,23.11,23.37,23.37,20101200,20110300,20110300
2010-10-12 23:00:00,23.14,23.22,23.22,20101200,20110300,20110300
2010-10-13 23:00:00,23.77,23.83,23.83,20101200,20110300,20110300
2010-10-14 23:00:00,24.61,24.49,24.49,20101200,20110300,20110300
2010-10-15 23:00:00,24.3,24.31,24.31,20101200,20110300,20110300
2010-10-18 23:00:00,24.38,24.4,24.4,20101200,20110300,20110300
2010-10-19 23:00:00,23.8,23.83,23.83,20101200,20110300,20110300
2010-10-20 23:00:00,23.95,23.72,23.72,20101200,20110300,20110300
2010-10-21 23:00:00,23.98,23.95,23.95,20101200,20110300,20110300
2010-10-22 23:00:00,23.17,23.17,23.17,20101200,20110300,20110300
2010-10-25 23:00:00,23.6,23.67,23.67,20101200,20110300,20110300
2010-10-26 23:00:00,23.6,23.66,23.66,20101200,20110300,20110300
2010-10-27 23:00:00,23.58,23.69,23.69,20101200,20110300,20110300
2010-10-28 23:00:00,23.68,23.78,23.78,20101200,20110300,20110300
2010-10-29 23:00:00,24.2,24.3,24.3,20101200,20110300,20110300
2010-11-01 23:00:00,24.59,24.62,24.62,20101200,20110300,20110300
2010-11-02 23:00:00,24.77,24.92,24.92,20101200,20110300,20110300
2010-11-03 23:00:00,24.19,24.22,24.22,20101200,20110300,20110300
2010-11-08 23:00:00,26.79,26.8,26.8,20101200,20110300,20110300
2010-11-09 23:00:00,28.7,28.75,28.75,20101200,20110300,20110300
2010-11-10 23:00:00,27.12,27.2,27.2,20101200,20110300,20110300
2010-11-11 23:00:00,27.14,27.14,27.14,20101200,20110300,20110300
2010-11-12 23:00:00,26.86,26.94,26.94,20101200,20110300,20110300
2010-11-13 23:00:00,26.11,24.66,24.66,20101200,20110300,20110300
2010-11-15 23:00:00,26.35,26.43,26.43,20101200,20110300,20110300
2010-11-16 23:00:00,25.24,25.39,25.39,20101200,20110300,20110300
2010-11-17 23:00:00,25.82,25.91,25.91,20101200,20110300,20110300
2010-11-18 23:00:00,26.42,26.65,26.65,20101200,20110300,20110300
2010-11-19 23:00:00,26.8,26.88,26.88,20101200,20110300,20110300
2010-11-22 23:00:00,27.25,27.45,27.45,20101200,20110300,20110300
2010-11-23 23:00:00,27.5,27.63,27.63,20101200,20110300,20110300
2010-11-24 23:00:00,27.35,27.2,27.2,20101200,20110300,20110300
2010-11-25 23:00:00,27.5,27.54,27.54,20101200,20110300,20110300
2010-11-26 23:00:00,26.84,26.91,26.91,20101200,20110300,20110300
2010-11-29 23:00:00,26.75,26.84,26.84,20101200,20110300,20110300
2010-11-30 23:00:00,27.76,27.8,27.8,20101200,20110300,20110300
2010-12-01 23:00:00,28.08,28.25,28.25,20101200,20110300,20110300
2010-12-02 23:00:00,28.74,28.85,28.85,20101200,20110300,20110300
2010-12-03 23:00:00,29.22,29.21,29.21,20101200,20110300,20110300
2010-12-06 23:00:00,29.72,29.78,29.78,20101200,20110300,20110300
2010-12-07 23:00:00,29.95,29.98,29.98,20101200,20110300,20110300
2010-12-08 23:00:00,28.14,28.12,28.12,20101200,20110300,20110300
2010-12-09 23:00:00,28.71,28.8,28.8,20101200,20110300,20110300
2010-12-10 23:00:00,28.28,28.25,28.25,20101200,20110300,20110300
2010-12-13 23:00:00,29.64,29.62,29.62,20101200,20110300,20110300
2010-12-14 23:00:00,29.57,29.62,29.62,20101200,20110300,20110300
2010-12-15 23:00:00,29.43,29.17,29.17,20110300,20110600,20110600
2010-12-16 23:00:00,28.47,28.94,28.94,20110300,20110600,20110600
2010-12-17 23:00:00,28.71,28.99,28.99,20110300,20110600,20110600
2010-12-20 23:00:00,28.92,29.03,29.03,20110300,20110600,20110600
2010-12-21 23:00:00,29.2,29.17,29.17,20110300,20110600,20110600
2010-12-22 23:00:00,29.25,29.34,29.34,20110300,20110600,20110600
2010-12-23 23:00:00,29.12,29.24,29.24,20110300,20110600,20110600
2010-12-24 23:00:00,29.27,29.36,29.36,20110300,20110600,20110600
2010-12-27 23:00:00,29.18,29.26,29.26,20110300,20110600,20110600
2010-12-28 23:00:00,30.01,29.99,29.99,20110300,20110600,20110600
2010-12-29 23:00:00,30.52,30.76,30.76,20110300,20110600,20110600
2010-12-30 23:00:00,30.46,30.8,30.8,20110300,20110600,20110600
2011-01-11 23:00:00,29.35,29.47,29.47,20110300,20110600,20110600
2011-01-12 23:00:00,29.52,29.58,29.58,20110300,20110600,20110600
2011-01-13 23:00:00,29.43,29.32,29.32,20110300,20110600,20110600
2011-01-14 23:00:00,28.53,28.62,28.62,20110300,20110600,20110600
2011-01-17 23:00:00,28.25,28.32,28.32,20110300,20110600,20110600
2011-01-18 23:00:00,28.91,29.14,29.14,20110300,20110600,20110600
2011-01-19 23:00:00,28.88,29.02,29.02,20110300,20110600,20110600
2011-01-20 23:00:00,27.52,27.61,27.61,20110300,20110600,20110600
2011-01-21 23:00:00,27.4,27.42,27.42,20110300,20110600,20110600
2011-01-24 23:00:00,27.42,27.35,27.35,20110300,20110600,20110600
2011-01-25 23:00:00,26.79,26.87,26.87,20110300,20110600,20110600
2011-01-26 23:00:00,26.75,27.04,27.04,20110300,20110600,20110600
2011-01-27 23:00:00,27.56,27.72,27.72,20110300,20110600,20110600
2011-01-28 23:00:00,27.43,27.55,27.55,20110300,20110600,20110600
2011-01-31 23:00:00,28.08,28.18,28.18,20110300,20110600,20110600
2011-02-01 23:00:00,28.03,28.23,28.23,20110300,20110600,20110600
2011-02-02 23:00:00,28.52,28.53,28.53,20110300,20110600,20110600
2011-02-03 23:00:00,28.17,28.14,28.14,20110300,20110600,20110600
2011-02-04 23:00:00,29.1,29.29,29.29,20110300,20110600,20110600
2011-02-07 23:00:00,29.22,29.3,29.3,20110300,20110600,20110600
2011-02-08 23:00:00,29.9,30.0,30.0,20110300,20110600,20110600
2011-02-09 23:00:00,30.36,30.46,30.46,20110300,20110600,20110600
2011-02-10 23:00:00,29.95,29.93,29.93,20110300,20110600,20110600
2011-02-11 23:00:00,30.11,30.2,30.2,20110300,20110600,20110600
2011-02-14 23:00:00,30.58,30.69,30.69,20110300,20110600,20110600
2011-02-15 23:00:00,30.69,30.85,30.85,20110300,20110600,20110600
2011-02-16 23:00:00,30.53,30.51,30.51,20110300,20110600,20110600
2011-02-17 23:00:00,30.83,30.91,30.91,20110300,20110600,20110600
2011-02-18 23:00:00,32.09,32.05,32.05,20110300,20110600,20110600
2011-02-21 23:00:00,33.7,33.77,33.77,20110300,20110600,20110600
2011-02-22 23:00:00,32.97,33.0,33.0,20110300,20110600,20110600
2011-02-24 23:00:00,33.22,33.14,33.14,20110300,20110600,20110600
2011-02-25 23:00:00,32.85,32.96,32.96,20110300,20110600,20110600
2011-02-28 23:00:00,33.81,33.99,33.99,20110300,20110600,20110600
2011-03-01 23:00:00,34.3,34.4,34.4,20110300,20110600,20110600
2011-03-02 23:00:00,34.71,34.74,34.74,20110300,20110600,20110600
2011-03-03 23:00:00,34.44,34.46,34.46,20110300,20110600,20110600
2011-03-04 23:00:00,35.18,35.25,35.25,20110300,20110600,20110600
2011-03-05 23:00:00,35.76,35.92,35.92,20110300,20110600,20110600
2011-03-09 23:00:00,36.15,36.23,36.23,20110300,20110600,20110600
2011-03-10 23:00:00,34.77,34.84,34.84,20110300,20110600,20110600
2011-03-11 23:00:00,34.9,34.95,34.95,20110300,20110600,20110600
2011-03-14 23:00:00,36.04,36.02,36.02,20110300,20110600,20110600
2011-03-15 23:00:00,34.39,34.38,34.38,20110600,20110900,20110900
2011-03-16 23:00:00,34.85,34.91,34.91,20110600,20110900,20110900
2011-03-17 23:00:00,34.3,34.51,34.51,20110600,20110900,20110900
2011-03-18 23:00:00,35.07,35.39,35.39,20110600,20110900,20110900
2011-03-21 23:00:00,36.03,36.11,36.11,20110600,20110900,20110900
2011-03-22 23:00:00,36.3,36.3,36.3,20110600,20110900,20110900
2011-03-23 23:00:00,36.9,36.99,36.99,20110600,20110900,20110900
2011-03-24 23:00:00,38.05,38.09,38.09,20110600,20110900,20110900
2011-03-25 23:00:00,37.45,37.53,37.53,20110600,20110900,20110900
2011-03-28 23:00:00,37.0,36.91,36.91,20110600,20110900,20110900
2011-03-29 23:00:00,36.99,37.1,37.1,20110600,20110900,20110900
2011-03-30 23:00:00,37.32,37.65,37.65,20110600,20110900,20110900
2011-03-31 23:00:00,37.69,38.0,38.0,20110600,20110900,20110900
2011-04-01 23:00:00,37.36,37.43,37.43,20110600,20110900,20110900
2011-04-04 23:00:00,38.5,38.56,38.56,20110600,20110900,20110900
2011-04-05 23:00:00,38.79,38.9,38.9,20110600,20110900,20110900
2011-04-06 23:00:00,39.66,39.85,39.85,20110600,20110900,20110900
2011-04-07 23:00:00,39.45,39.52,39.52,20110600,20110900,20110900
2011-04-08 23:00:00,40.25,40.36,40.36,20110600,20110900,20110900
2011-04-11 23:00:00,41.1,41.25,41.25,20110600,20110900,20110900
2011-04-12 23:00:00,40.21,40.38,40.38,20110600,20110900,20110900
2011-04-13 23:00:00,40.52,40.53,40.53,20110600,20110900,20110900
2011-04-14 23:00:00,41.3,41.5,41.5,20110600,20110900,20110900
2011-04-15 23:00:00,42.6,42.7,42.7,20110600,20110900,20110900
2011-04-18 23:00:00,42.69,42.74,42.74,20110600,20110900,20110900
2011-04-19 23:00:00,43.14,43.28,43.28,20110600,20110900,20110900
2011-04-20 23:00:00,44.86,45.0,45.0,20110600,20110900,20110900
2011-04-21 23:00:00,45.88,45.98,45.98,20110600,20110900,20110900
2011-04-22 23:00:00,46.79,47.0,47.0,20110600,20110900,20110900
2011-04-25 23:00:00,46.46,46.28,46.28,20110600,20110900,20110900
2011-04-26 23:00:00,45.4,45.33,45.33,20110600,20110900,20110900
2011-04-27 23:00:00,45.15,45.22,45.22,20110600,20110900,20110900
2011-04-28 23:00:00,49.1,49.22,49.22,20110600,20110900,20110900
2011-04-29 23:00:00,48.65,49.06,49.06,20110600,20110900,20110900
2011-05-03 23:00:00,43.4,43.39,43.39,20110600,20110900,20110900
2011-05-04 23:00:00,40.05,39.91,39.91,20110600,20110900,20110900
2011-05-05 23:00:00,36.74,36.92,36.92,20110600,20110900,20110900
2011-05-06 23:00:00,36.19,36.14,36.14,20110600,20110900,20110900
2011-05-10 23:00:00,38.26,38.34,38.34,20110600,20110900,20110900
2011-05-11 23:00:00,36.72,37.45,37.45,20110600,20110900,20110900
2011-05-12 23:00:00,33.52,34.03,34.03,20110600,20110900,20110900
2011-05-13 23:00:00,35.59,35.62,35.62,20110600,20110900,20110900
2011-05-16 23:00:00,34.85,35.01,35.01,20110600,20110900,20110900
2011-05-17 23:00:00,33.54,33.53,33.53,20110600,20110900,20110900
2011-05-18 23:00:00,35.19,35.03,35.03,20110600,20110900,20110900
2011-05-19 23:00:00,34.95,35.32,35.32,20110600,20110900,20110900
2011-05-20 23:00:00,34.56,34.61,34.61,20110600,20110900,20110900
2011-05-23 23:00:00,35.0,35.15,35.15,20110600,20110900,20110900
2011-05-24 23:00:00,36.18,36.23,36.23,20110600,20110900,20110900
2011-05-25 23:00:00,37.38,37.4,37.4,20110600,20110900,20110900
2011-05-26 23:00:00,37.09,37.11,37.11,20110600,20110900,20110900
2011-05-27 23:00:00,37.95,37.92,37.92,20110600,20110900,20110900
2011-05-30 23:00:00,38.17,38.25,38.25,20110600,20110900,20110900
2011-05-31 23:00:00,38.5,38.59,38.59,20110600,20110900,20110900
2011-06-01 23:00:00,37.93,37.96,37.96,20110600,20110900,20110900
2011-06-02 23:00:00,36.74,36.71,36.71,20110600,20110900,20110900
2011-06-03 23:00:00,35.94,36.0,36.0,20110600,20110900,20110900
2011-06-06 23:00:00,37.06,37.25,37.25,20110600,20110900,20110900
2011-06-07 23:00:00,37.07,37.07,37.07,20110600,20110900,20110900
2011-06-08 23:00:00,36.54,36.61,36.61,20110600,20110900,20110900
2011-06-09 23:00:00,37.18,37.25,37.25,20110600,20110900,20110900
2011-06-10 23:00:00,36.53,36.55,36.55,20110600,20110900,20110900
2011-06-14 23:00:00,35.1,35.17,35.17,20110600,20110900,20110900
2011-06-15 23:00:00,35.27,35.76,35.76,20110600,20110900,20110900
2011-06-16 23:00:00,35.58,35.3,35.3,20110900,20111200,20111200
2011-06-17 23:00:00,35.82,35.57,35.57,20110900,20111200,20111200
2011-06-20 23:00:00,35.85,35.85,35.85,20110900,20111200,20111200
2011-06-21 23:00:00,36.55,36.52,36.52,20110900,20111200,20111200
2011-06-22 23:00:00,36.71,36.56,36.56,20110900,20111200,20111200
2011-06-23 23:00:00,35.15,35.55,35.55,20110900,20111200,20111200
2011-06-24 23:00:00,34.69,35.14,35.14,20110900,20111200,20111200
2011-06-27 23:00:00,34.05,34.18,34.18,20110900,20111200,20111200
2011-06-28 23:00:00,34.09,33.8,33.8,20110900,20111200,20111200
2011-06-29 23:00:00,34.36,34.27,34.27,20110900,20111200,20111200
2011-06-30 23:00:00,34.85,35.06,35.06,20110900,20111200,20111200
2011-07-01 23:00:00,33.95,33.91,33.91,20110900,20111200,20111200
2011-07-04 23:00:00,34.22,33.85,33.85,20110900,20111200,20111200
2011-07-05 23:00:00,35.04,35.15,35.15,20110900,20111200,20111200
2011-07-06 23:00:00,35.93,35.85,35.85,20110900,20111200,20111200
2011-07-07 23:00:00,36.36,36.47,36.47,20110900,20111200,20111200
2011-07-08 23:00:00,36.49,36.35,36.35,20110900,20111200,20111200
2011-07-11 23:00:00,36.27,36.21,36.21,20110900,20111200,20111200
2011-07-12 23:00:00,35.51,35.25,35.25,20110900,20111200,20111200
2011-07-13 23:00:00,38.06,36.74,36.74,20110900,20111200,20111200
2011-07-14 23:00:00,39.0,39.0,39.0,20110900,20111200,20111200
2011-07-15 23:00:00,38.88,38.84,38.84,20110900,20111200,20111200
2011-07-18 23:00:00,40.59,40.22,40.22,20110900,20111200,20111200
2011-07-19 23:00:00,40.37,40.5,40.5,20110900,20111200,20111200
2011-07-20 23:00:00,39.03,39.03,39.03,20110900,20111200,20111200
2011-07-21 23:00:00,39.9,39.81,39.81,20110900,20111200,20111200
2011-07-22 23:00:00,40.17,40.15,40.15,20110900,20111200,20111200
2011-07-25 23:00:00,40.47,40.6,40.6,20110900,20111200,20111200
2011-07-26 23:00:00,40.17,40.56,40.56,20110900,20111200,20111200
2011-07-27 23:00:00,40.96,41.45,41.45,20110900,20111200,20111200
2011-07-28 23:00:00,39.81,39.65,39.65,20110900,20111200,20111200
2011-07-29 23:00:00,40.1,40.45,40.45,20110900,20111200,20111200
2011-08-01 23:00:00,39.68,39.49,39.49,20110900,20111200,20111200
2011-08-02 23:00:00,40.18,40.35,40.35,20110900,20111200,20111200
2011-08-03 23:00:00,41.83,41.86,41.86,20110900,20111200,20111200
2011-08-04 23:00:00,42.1,42.0,42.0,20110900,20111200,20111200
2011-08-05 23:00:00,39.3,39.38,39.38,20110900,20111200,20111200
2011-08-08 23:00:00,38.73,39.5,39.5,20110900,20111200,20111200
2011-08-09 23:00:00,37.83,38.25,38.25,20110900,20111200,20111200
2011-08-10 23:00:00,38.63,38.51,38.51,20110900,20111200,20111200
2011-08-11 23:00:00,38.26,38.23,38.23,20110900,20111200,20111200
2011-08-12 23:00:00,38.76,38.88,38.88,20110900,20111200,20111200
2011-08-15 23:00:00,39.56,39.31,39.31,20110900,20111200,20111200
2011-08-16 23:00:00,40.12,40.0,40.0,20110900,20111200,20111200
2011-08-17 23:00:00,40.61,40.42,40.42,20110900,20111200,20111200
2011-08-18 23:00:00,40.56,40.73,40.73,20110900,20111200,20111200
2011-08-19 23:00:00,41.72,41.87,41.87,20110900,20111200,20111200
2011-08-22 23:00:00,43.99,43.4,43.4,20110900,20111200,20111200
2011-08-23 23:00:00,43.27,43.0,43.0,20110900,20111200,20111200
2011-08-24 23:00:00,40.55,40.54,40.54,20110900,20111200,20111200
2011-08-25 23:00:00,40.33,39.98,39.98,20110900,20111200,20111200
2011-08-26 23:00:00,40.73,40.74,40.74,20110900,20111200,20111200
2011-08-29 23:00:00,40.97,40.98,40.98,20110900,20111200,20111200
2011-08-30 23:00:00,41.52,41.64,41.64,20110900,20111200,20111200
2011-08-31 23:00:00,41.69,41.49,41.49,20110900,20111200,20111200
2011-09-01 23:00:00,41.63,41.46,41.46,20110900,20111200,20111200
2011-09-02 23:00:00,43.04,43.13,43.13,20110900,20111200,20111200
2011-09-05 23:00:00,42.93,42.98,42.98,20110900,20111200,20111200
2011-09-06 23:00:00,42.54,42.75,42.75,20110900,20111200,20111200
2011-09-07 23:00:00,40.85,40.9,40.9,20110900,20111200,20111200
2011-09-08 23:00:00,42.11,42.35,42.35,20110900,20111200,20111200
2011-09-09 23:00:00,41.62,41.74,41.74,20110900,20111200,20111200
2011-09-12 23:00:00,41.12,41.1,41.1,20110900,20111200,20111200
2011-09-13 23:00:00,40.54,40.61,40.61,20110900,20111200,20111200
2011-09-14 23:00:00,40.73,40.85,40.85,20110900,20111200,20111200
2011-09-15 23:00:00,40.33,39.88,39.88,20110900,20111200,20111200
2011-09-16 23:00:00,40.52,40.28,40.28,20111200,20120300,20120300
2011-09-19 23:00:00,39.75,39.65,39.65,20111200,20120300,20120300
2011-09-20 23:00:00,40.29,40.11,40.11,20111200,20120300,20120300
2011-09-21 23:00:00,40.29,40.13,40.13,20111200,20120300,20120300
2011-09-22 23:00:00,37.21,37.0,37.0,20111200,20120300,20120300
2011-09-23 23:00:00,32.77,33.35,33.35,20111200,20120300,20120300
2011-09-26 23:00:00,28.9,29.0,29.0,20111200,20120300,20120300
2011-09-27 23:00:00,32.73,32.8,32.8,20111200,20120300,20120300
2011-09-28 23:00:00,31.27,31.22,31.22,20111200,20120300,20120300
2011-09-29 23:00:00,30.2,30.5,30.5,20111200,20120300,20120300
2011-09-30 23:00:00,30.46,30.44,30.44,20111200,20120300,20120300
2011-10-03 23:00:00,30.54,30.54,30.54,20111200,20120300,20120300
2011-10-04 23:00:00,30.17,29.91,29.91,20111200,20120300,20120300
2011-10-05 23:00:00,29.72,29.93,29.93,20111200,20120300,20120300
2011-10-06 23:00:00,31.41,31.4,31.4,20111200,20120300,20120300
2011-10-07 23:00:00,32.61,32.5,32.5,20111200,20120300,20120300
2011-10-10 23:00:00,32.22,32.15,32.15,20111200,20120300,20120300
2011-10-11 23:00:00,32.1,32.13,32.13,20111200,20120300,20120300
2011-10-12 23:00:00,32.68,32.61,32.61,20111200,20120300,20120300
2011-10-13 23:00:00,31.8,31.83,31.83,20111200,20120300,20120300
2011-10-14 23:00:00,32.2,32.25,32.25,20111200,20120300,20120300
2011-10-17 23:00:00,32.0,32.0,32.0,20111200,20120300,20120300
2011-10-18 23:00:00,31.21,30.9,30.9,20111200,20120300,20120300
2011-10-19 23:00:00,31.75,31.9,31.9,20111200,20120300,20120300
2011-10-20 23:00:00,31.2,31.21,31.21,20111200,20120300,20120300
2011-10-21 23:00:00,31.24,31.35,31.35,20111200,20120300,20120300
2011-10-24 23:00:00,31.8,31.85,31.85,20111200,20120300,20120300
2011-10-25 23:00:00,32.37,32.5,32.5,20111200,20120300,20120300
2011-10-26 23:00:00,33.47,33.69,33.69,20111200,20120300,20120300
2011-10-27 23:00:00,34.42,34.46,34.46,20111200,20120300,20120300
2011-10-28 23:00:00,35.19,35.13,35.13,20111200,20120300,20120300
2011-10-31 23:00:00,34.43,34.5,34.5,20111200,20120300,20120300
2011-11-01 23:00:00,33.55,33.4,33.4,20111200,20120300,20120300
2011-11-02 23:00:00,34.38,34.35,34.35,20111200,20120300,20120300
2011-11-03 23:00:00,34.53,34.72,34.72,20111200,20120300,20120300
2011-11-07 23:00:00,34.82,34.76,34.76,20111200,20120300,20120300
2011-11-08 23:00:00,34.96,35.02,35.02,20111200,20120300,20120300
2011-11-09 23:00:00,34.62,35.2,35.2,20111200,20120300,20120300
2011-11-10 23:00:00,34.04,34.37,34.37,20111200,20120300,20120300
2011-11-11 23:00:00,34.4,34.37,34.37,20111200,20120300,20120300
2011-11-14 23:00:00,34.5,34.45,34.45,20111200,20120300,20120300
2011-11-15 23:00:00,34.81,34.54,34.54,20111200,20120300,20120300
2011-11-16 23:00:00,33.96,34.05,34.05,20111200,20120300,20120300
2011-11-17 23:00:00,32.98,33.07,33.07,20111200,20120300,20120300
2011-11-18 23:00:00,31.94,32.0,32.0,20111200,20120300,20120300
2011-11-21 23:00:00,31.25,31.38,31.38,20111200,20120300,20120300
2011-11-22 23:00:00,32.07,31.83,31.83,20111200,20120300,20120300
2011-11-23 23:00:00,31.76,31.82,31.82,20111200,20120300,20120300
2011-11-24 23:00:00,31.84,31.88,31.88,20111200,20120300,20120300
2011-11-25 23:00:00,31.69,31.15,31.15,20111200,20120300,20120300
2011-11-28 23:00:00,32.19,32.21,32.21,20111200,20120300,20120300
2011-11-29 23:00:00,31.99,31.88,31.88,20111200,20120300,20120300
2011-11-30 23:00:00,32.45,32.37,32.37,20111200,20120300,20120300
2011-12-01 23:00:00,33.02,33.02,33.02,20111200,20120300,20120300
2011-12-02 23:00:00,33.13,33.17,33.17,20111200,20120300,20120300
2011-12-05 23:00:00,32.9,32.95,32.95,20111200,20120300,20120300
2011-12-06 23:00:00,31.9,31.96,31.96,20111200,20120300,20120300
2011-12-07 23:00:00,32.65,32.71,32.71,20111200,20120300,20120300
2011-12-08 23:00:00,32.1,32.13,32.13,20111200,20120300,20120300
2011-12-09 23:00:00,32.11,32.21,32.21,20111200,20120300,20120300
2011-12-12 23:00:00,31.19,31.16,31.16,20111200,20120300,20120300
2011-12-13 23:00:00,31.69,31.55,31.55,20111200,20120300,20120300
2011-12-14 23:00:00,29.35,29.44,29.44,20111200,20120300,20120300
2011-12-15 23:00:00,28.81,29.09,29.09,20111200,20120300,20120300
2011-12-16 23:00:00,29.62,29.65,29.65,20120300,20120600,20120600
2011-12-19 23:00:00,29.21,29.62,29.62,20120300,20120600,20120600
2011-12-20 23:00:00,29.62,29.12,29.12,20120300,20120600,20120600
2011-12-21 23:00:00,29.3,29.59,29.59,20120300,20120600,20120600
2011-12-22 23:00:00,29.42,29.49,29.49,20120300,20120600,20120600
2011-12-23 23:00:00,29.4,29.5,29.5,20120300,20120600,20120600
2011-12-26 23:00:00,29.25,29.5,29.5,20120300,20120600,20120600
2011-12-27 23:00:00,29.06,29.04,29.04,20120300,20120600,20120600
2011-12-28 23:00:00,28.32,28.62,28.62,20120300,20120600,20120600
2011-12-29 23:00:00,26.84,26.85,26.85,20120300,20120600,20120600
2011-12-30 23:00:00,28.06,28.05,28.05,20120300,20120600,20120600
2012-01-03 23:00:00,28.91,28.67,28.67,20120300,20120600,20120600
2012-01-04 23:00:00,29.51,29.0,29.0,20120300,20120600,20120600
2012-01-05 23:00:00,28.9,29.18,29.18,20120300,20120600,20120600
2012-01-06 23:00:00,29.2,29.18,29.18,20120300,20120600,20120600
2012-01-09 23:00:00,29.02,29.18,29.18,20120300,20120600,20120600
2012-01-10 23:00:00,30.01,30.21,30.21,20120300,20120600,20120600
2012-01-11 23:00:00,29.86,29.79,29.79,20120300,20120600,20120600
2012-01-12 23:00:00,30.57,30.16,30.16,20120300,20120600,20120600
2012-01-13 23:00:00,29.91,30.14,30.14,20120300,20120600,20120600
2012-01-16 23:00:00,29.84,29.94,29.94,20120300,20120600,20120600
2012-01-17 23:00:00,30.37,30.28,30.28,20120300,20120600,20120600
2012-01-18 23:00:00,30.35,30.36,30.36,20120300,20120600,20120600
2012-01-19 23:00:00,30.59,30.58,30.58,20120300,20120600,20120600
2012-01-20 23:00:00,30.56,30.58,30.58,20120300,20120600,20120600
2012-01-23 23:00:00,32.36,32.24,32.24,20120300,20120600,20120600
2012-01-24 23:00:00,32.15,32.17,32.17,20120300,20120600,20120600
2012-01-25 23:00:00,31.8,31.74,31.74,20120300,20120600,20120600
2012-01-26 23:00:00,33.49,33.7,33.7,20120300,20120600,20120600
2012-01-27 23:00:00,33.65,33.65,33.65,20120300,20120600,20120600
2012-01-30 23:00:00,33.56,33.45,33.45,20120300,20120600,20120600
2012-01-31 23:00:00,33.89,33.73,33.73,20120300,20120600,20120600
2012-02-01 23:00:00,33.77,34.0,34.0,20120300,20120600,20120600
2012-02-02 23:00:00,33.79,33.68,33.68,20120300,20120600,20120600
2012-02-03 23:00:00,33.95,34.15,34.15,20120300,20120600,20120600
2012-02-06 23:00:00,33.47,33.47,33.47,20120300,20120600,20120600
2012-02-07 23:00:00,33.47,33.47,33.47,20120300,20120600,20120600
2012-02-08 23:00:00,34.35,34.45,34.45,20120300,20120600,20120600
2012-02-09 23:00:00,34.28,34.48,34.48,20120300,20120600,20120600
2012-02-10 23:00:00,33.53,33.55,33.55,20120300,20120600,20120600
2012-02-13 23:00:00,33.65,33.87,33.87,20120300,20120600,20120600
2012-02-14 23:00:00,33.83,33.67,33.67,20120300,20120600,20120600
2012-02-15 23:00:00,33.83,33.5,33.5,20120300,20120600,20120600
2012-02-16 23:00:00,32.97,32.91,32.91,20120300,20120600,20120600
2012-02-17 23:00:00,33.57,33.62,33.62,20120300,20120600,20120600
2012-02-20 23:00:00,33.79,33.67,33.67,20120300,20120600,20120600
2012-02-21 23:00:00,34.0,34.01,34.01,20120300,20120600,20120600
2012-02-22 23:00:00,34.19,34.25,34.25,20120300,20120600,20120600
2012-02-24 23:00:00,35.45,35.54,35.54,20120300,20120600,20120600
2012-02-27 23:00:00,35.28,35.53,35.53,20120300,20120600,20120600
2012-02-28 23:00:00,36.05,36.25,36.25,20120300,20120600,20120600
2012-02-29 23:00:00,37.3,37.26,37.26,20120300,20120600,20120600
2012-03-01 23:00:00,34.8,35.0,35.0,20120300,20120600,20120600
2012-03-02 23:00:00,34.74,34.92,34.92,20120300,20120600,20120600
2012-03-05 23:00:00,34.48,34.63,34.63,20120300,20120600,20120600
2012-03-06 23:00:00,32.85,33.0,33.0,20120300,20120600,20120600
2012-03-07 23:00:00,32.93,33.08,33.08,20120300,20120600,20120600
2012-03-11 23:00:00,34.05,34.1,34.1,20120300,20120600,20120600
2012-03-12 23:00:00,33.6,33.67,33.67,20120300,20120600,20120600
2012-03-13 23:00:00,33.33,33.54,33.54,20120300,20120600,20120600
2012-03-14 23:00:00,32.92,33.12,33.12,20120300,20120600,20120600
2012-03-15 23:00:00,32.36,32.59,32.59,20120300,20120600,20120600
2012-03-16 23:00:00,32.64,32.59,32.59,20120600,20120900,20120900
2012-03-19 23:00:00,32.85,32.92,32.92,20120600,20120900,20120900
2012-03-20 23:00:00,32.42,32.36,32.36,20120600,20120900,20120900
2012-03-21 23:00:00,32.3,32.41,32.41,20120600,20120900,20120900
2012-03-22 23:00:00,31.77,31.76,31.76,20120600,20120900,20120900
2012-03-23 23:00:00,32.19,31.78,31.78,20120600,20120900,20120900
2012-03-26 23:00:00,32.81,32.7,32.7,20120600,20120900,20120900
2012-03-27 23:00:00,32.98,33.16,33.16,20120600,20120900,20120900
2012-03-28 23:00:00,32.32,32.38,32.38,20120600,20120900,20120900
2012-03-29 23:00:00,31.82,31.84,31.84,20120600,20120900,20120900
2012-03-30 23:00:00,32.6,32.63,32.63,20120600,20120900,20120900
2012-04-02 23:00:00,33.11,33.19,33.19,20120600,20120900,20120900
2012-04-03 23:00:00,33.01,33.03,33.03,20120600,20120900,20120900
2012-04-04 23:00:00,31.59,31.77,31.77,20120600,20120900,20120900
2012-04-05 23:00:00,31.85,31.73,31.73,20120600,20120900,20120900
2012-04-06 23:00:00,31.65,31.77,31.77,20120600,20120900,20120900
2012-04-09 23:00:00,31.67,31.8,31.8,20120600,20120900,20120900
2012-04-10 23:00:00,31.49,31.5,31.5,20120600,20120900,20120900
2012-04-11 23:00:00,31.7,31.77,31.77,20120600,20120900,20120900
2012-04-12 23:00:00,32.42,32.46,32.46,20120600,20120900,20120900
2012-04-13 23:00:00,32.12,32.11,32.11,20120600,20120900,20120900
2012-04-16 23:00:00,31.43,31.54,31.54,20120600,20120900,20120900
2012-04-17 23:00:00,31.82,31.72,31.72,20120600,20120900,20120900
2012-04-18 23:00:00,31.7,31.67,31.67,20120600,20120900,20120900
2012-04-19 23:00:00,31.98,31.91,31.91,20120600,20120900,20120900
2012-04-20 23:00:00,31.82,31.84,31.84,20120600,20120900,20120900
2012-04-23 23:00:00,30.78,30.75,30.75,20120600,20120900,20120900
2012-04-24 23:00:00,31.11,31.21,31.21,20120600,20120900,20120900
2012-04-25 23:00:00,30.89,30.91,30.91,20120600,20120900,20120900
2012-04-26 23:00:00,31.14,31.1,31.1,20120600,20120900,20120900
2012-04-27 23:00:00,31.35,31.39,31.39,20120600,20120900,20120900
2012-04-28 23:00:00,31.38,31.3,31.3,20120600,20120900,20120900
2012-05-02 23:00:00,30.6,30.6,30.6,20120600,20120900,20120900
2012-05-03 23:00:00,30.23,30.31,30.31,20120600,20120900,20120900
2012-05-04 23:00:00,30.19,30.42,30.42,20120600,20120900,20120900
2012-05-05 23:00:00,30.23,30.47,30.47,20120600,20120900,20120900
2012-05-07 23:00:00,29.75,29.85,29.85,20120600,20120900,20120900
2012-05-08 23:00:00,29.45,29.41,29.41,20120600,20120900,20120900
2012-05-10 23:00:00,29.33,29.44,29.44,20120600,20120900,20120900
2012-05-11 23:00:00,29.12,29.06,29.06,20120600,20120900,20120900
2012-05-12 23:00:00,29.0,29.3,29.3,20120600,20120900,20120900
2012-05-14 23:00:00,28.36,28.47,28.47,20120600,20120900,20120900
2012-05-15 23:00:00,28.2,28.15,28.15,20120600,20120900,20120900
2012-05-16 23:00:00,27.98,27.99,27.99,20120600,20120900,20120900
2012-05-17 23:00:00,28.1,27.91,27.91,20120600,20120900,20120900
2012-05-18 23:00:00,28.88,28.78,28.78,20120600,20120900,20120900
2012-05-21 23:00:00,28.32,28.55,28.55,20120600,20120900,20120900
2012-05-22 23:00:00,28.74,28.75,28.75,20120600,20120900,20120900
2012-05-23 23:00:00,27.29,27.25,27.25,20120600,20120900,20120900
2012-05-24 23:00:00,28.54,28.48,28.48,20120600,20120900,20120900
2012-05-25 23:00:00,28.32,28.44,28.44,20120600,20120900,20120900
2012-05-28 23:00:00,28.37,28.47,28.47,20120600,20120900,20120900
2012-05-29 23:00:00,28.64,28.73,28.73,20120600,20120900,20120900
2012-05-30 23:00:00,27.53,27.72,27.72,20120600,20120900,20120900
2012-05-31 23:00:00,27.65,27.87,27.87,20120600,20120900,20120900
2012-06-01 23:00:00,28.32,28.55,28.55,20120600,20120900,20120900
2012-06-04 23:00:00,28.15,28.24,28.24,20120600,20120900,20120900
2012-06-05 23:00:00,28.47,28.56,28.56,20120600,20120900,20120900
2012-06-06 23:00:00,29.7,29.76,29.76,20120600,20120900,20120900
2012-06-07 23:00:00,28.86,29.03,29.03,20120600,20120900,20120900
2012-06-08 23:00:00,28.29,28.42,28.42,20120600,20120900,20120900
2012-06-09 23:00:00,28.46,29.3,29.3,20120600,20120900,20120900
2012-06-13 23:00:00,29.03,29.29,29.29,20120600,20120900,20120900
2012-06-14 23:00:00,28.45,28.66,28.66,20120600,20120900,20120900
2012-06-15 23:00:00,28.66,29.01,29.01,20120600,20120900,20120900
2012-06-18 23:00:00,29.0,28.86,28.86,20120900,20121200,20121200
2012-06-19 23:00:00,28.86,28.89,28.89,20120900,20121200,20121200
2012-06-20 23:00:00,28.52,28.38,28.38,20120900,20121200,20121200
2012-06-21 23:00:00,27.86,27.93,27.93,20120900,20121200,20121200
2012-06-22 23:00:00,27.03,27.12,27.12,20120900,20121200,20121200
2012-06-25 23:00:00,27.09,27.27,27.27,20120900,20121200,20121200
2012-06-26 23:00:00,27.49,27.47,27.47,20120900,20121200,20121200
2012-06-27 23:00:00,27.26,27.42,27.42,20120900,20121200,20121200
2012-06-28 23:00:00,26.78,26.79,26.79,20120900,20121200,20121200
2012-06-29 23:00:00,27.6,27.76,27.76,20120900,20121200,20121200
2012-07-02 23:00:00,27.68,27.7,27.7,20120900,20121200,20121200
2012-07-03 23:00:00,28.38,28.4,28.4,20120900,20121200,20121200
2012-07-04 23:00:00,28.24,28.31,28.31,20120900,20121200,20121200
2012-07-05 23:00:00,27.89,27.94,27.94,20120900,20121200,20121200
2012-07-06 23:00:00,27.5,27.48,27.48,20120900,20121200,20121200
2012-07-09 23:00:00,27.5,27.65,27.65,20120900,20121200,20121200
2012-07-10 23:00:00,27.4,27.4,27.4,20120900,20121200,20121200
2012-07-11 23:00:00,27.37,27.38,27.38,20120900,20121200,20121200
2012-07-12 23:00:00,27.02,26.96,26.96,20120900,20121200,20121200
2012-07-13 23:00:00,27.66,27.61,27.61,20120900,20121200,20121200
2012-07-16 23:00:00,27.5,27.45,27.45,20120900,20121200,20121200
2012-07-17 23:00:00,27.24,27.16,27.16,20120900,20121200,20121200
2012-07-18 23:00:00,27.43,27.39,27.39,20120900,20121200,20121200
2012-07-19 23:00:00,27.57,27.57,27.57,20120900,20121200,20121200
2012-07-20 23:00:00,27.41,27.4,27.4,20120900,20121200,20121200
2012-07-23 23:00:00,27.27,27.2,27.2,20120900,20121200,20121200
2012-07-24 23:00:00,27.19,27.16,27.16,20120900,20121200,20121200
2012-07-25 23:00:00,27.33,27.31,27.31,20120900,20121200,20121200
2012-07-26 23:00:00,27.66,27.8,27.8,20120900,20121200,20121200
2012-07-27 23:00:00,27.52,27.59,27.59,20120900,20121200,20121200
2012-07-30 23:00:00,28.14,28.13,28.13,20120900,20121200,20121200
2012-07-31 23:00:00,28.26,28.25,28.25,20120900,20121200,20121200
2012-08-01 23:00:00,27.51,27.44,27.44,20120900,20121200,20121200
2012-08-02 23:00:00,27.3,27.41,27.41,20120900,20121200,20121200
2012-08-03 23:00:00,27.69,27.86,27.86,20120900,20121200,20121200
2012-08-06 23:00:00,27.97,27.94,27.94,20120900,20121200,20121200
2012-08-07 23:00:00,28.13,28.26,28.26,20120900,20121200,20121200
2012-08-08 23:00:00,27.98,28.15,28.15,20120900,20121200,20121200
2012-08-09 23:00:00,28.19,28.32,28.32,20120900,20121200,20121200
2012-08-10 23:00:00,28.31,28.31,28.31,20120900,20121200,20121200
2012-08-13 23:00:00,27.86,28.0,28.0,20120900,20121200,20121200
2012-08-14 23:00:00,27.75,27.88,27.88,20120900,20121200,20121200
2012-08-15 23:00:00,27.9,28.06,28.06,20120900,20121200,20121200
2012-08-16 23:00:00,27.97,28.11,28.11,20120900,20121200,20121200
2012-08-17 23:00:00,28.03,28.2,28.2,20120900,20121200,20121200
2012-08-20 23:00:00,28.14,28.29,28.29,20120900,20121200,20121200
2012-08-21 23:00:00,29.26,29.42,29.42,20120900,20121200,20121200
2012-08-22 23:00:00,29.42,29.59,29.59,20120900,20121200,20121200
2012-08-23 23:00:00,30.64,30.82,30.82,20120900,20121200,20121200
2012-08-24 23:00:00,30.61,30.79,30.79,20120900,20121200,20121200
2012-08-27 23:00:00,30.95,31.07,31.07,20120900,20121200,20121200
2012-08-28 23:00:00,30.89,31.07,31.07,20120900,20121200,20121200
2012-08-29 23:00:00,30.61,30.75,30.75,20120900,20121200,20121200
2012-08-30 23:00:00,30.4,30.6,30.6,20120900,20121200,20121200
2012-08-31 23:00:00,30.91,30.98,30.98,20120900,20121200,20121200
2012-09-03 23:00:00,31.84,31.99,31.99,20120900,20121200,20121200
2012-09-04 23:00:00,32.11,32.17,32.17,20120900,20121200,20121200
2012-09-05 23:00:00,32.25,32.41,32.41,20120900,20121200,20121200
2012-09-06 23:00:00,32.86,32.98,32.98,20120900,20121200,20121200
2012-09-07 23:00:00,33.56,33.67,33.67,20120900,20121200,20121200
2012-09-10 23:00:00,33.66,33.74,33.74,20120900,20121200,20121200
2012-09-11 23:00:00,33.7,33.83,33.83,20120900,20121200,20121200
2012-09-12 23:00:00,32.68,32.85,32.85,20120900,20121200,20121200
2012-09-13 23:00:00,32.96,33.15,33.15,20120900,20121200,20121200
2012-09-14 23:00:00,34.45,34.66,34.66,20120900,20121200,20121200
2012-09-17 23:00:00,34.68,34.68,34.68,20121200,20130300,20130300
2012-09-18 23:00:00,34.91,35.1,35.1,20121200,20130300,20130300
2012-09-19 23:00:00,34.78,34.86,34.86,20121200,20130300,20130300
2012-09-20 23:00:00,34.45,34.67,34.67,20121200,20130300,20130300
2012-09-21 23:00:00,34.98,35.29,35.29,20121200,20130300,20130300
2012-09-24 23:00:00,34.11,34.24,34.24,20121200,20130300,20130300
2012-09-25 23:00:00,34.28,34.54,34.54,20121200,20130300,20130300
2012-09-26 23:00:00,33.72,33.8,33.8,20121200,20130300,20130300
2012-09-27 23:00:00,34.27,34.46,34.46,20121200,20130300,20130300
2012-09-28 23:00:00,34.63,34.75,34.75,20121200,20130300,20130300
2012-10-01 23:00:00,34.71,34.86,34.86,20121200,20130300,20130300
2012-10-02 23:00:00,34.8,34.87,34.87,20121200,20130300,20130300
2012-10-03 23:00:00,34.78,34.91,34.91,20121200,20130300,20130300
2012-10-04 23:00:00,34.98,35.02,35.02,20121200,20130300,20130300
2012-10-05 23:00:00,34.97,35.07,35.07,20121200,20130300,20130300
2012-10-08 23:00:00,34.23,34.28,34.28,20121200,20130300,20130300
2012-10-09 23:00:00,34.22,34.24,34.24,20121200,20130300,20130300
2012-10-10 23:00:00,34.22,34.31,34.31,20121200,20130300,20130300
2012-10-11 23:00:00,34.45,34.4,34.4,20121200,20130300,20130300
2012-10-12 23:00:00,34.0,33.96,33.96,20121200,20130300,20130300
2012-10-15 23:00:00,32.83,32.79,32.79,20121200,20130300,20130300
2012-10-16 23:00:00,33.06,33.11,33.11,20121200,20130300,20130300
2012-10-17 23:00:00,32.93,33.18,33.18,20121200,20130300,20130300
2012-10-18 23:00:00,32.95,33.09,33.09,20121200,20130300,20130300
2012-10-19 23:00:00,32.61,32.72,32.72,20121200,20130300,20130300
2012-10-22 23:00:00,32.46,32.34,32.34,20121200,20130300,20130300
2012-10-23 23:00:00,32.08,32.05,32.05,20121200,20130300,20130300
2012-10-24 23:00:00,32.01,32.03,32.03,20121200,20130300,20130300
2012-10-25 23:00:00,32.31,32.35,32.35,20121200,20130300,20130300
2012-10-26 23:00:00,32.43,32.53,32.53,20121200,20130300,20130300
2012-10-29 23:00:00,32.0,31.95,31.95,20121200,20130300,20130300
2012-10-30 23:00:00,32.08,32.1,32.1,20121200,20130300,20130300
2012-10-31 23:00:00,32.21,32.36,32.36,20121200,20130300,20130300
2012-11-01 23:00:00,32.58,32.55,32.55,20121200,20130300,20130300
2012-11-02 23:00:00,31.55,31.49,31.49,20121200,20130300,20130300
2012-11-06 23:00:00,31.43,31.36,31.36,20121200,20130300,20130300
2012-11-07 23:00:00,32.08,32.1,32.1,20121200,20130300,20130300
2012-11-08 23:00:00,32.14,32.12,32.12,20121200,20130300,20130300
2012-11-09 23:00:00,32.85,32.72,32.72,20121200,20130300,20130300
2012-11-12 23:00:00,32.74,32.73,32.73,20121200,20130300,20130300
2012-11-13 23:00:00,32.52,32.39,32.39,20121200,20130300,20130300
2012-11-14 23:00:00,32.86,32.9,32.9,20121200,20130300,20130300
2012-11-15 23:00:00,32.57,32.54,32.54,20121200,20130300,20130300
2012-11-16 23:00:00,32.61,32.46,32.46,20121200,20130300,20130300
2012-11-19 23:00:00,33.04,33.1,33.1,20121200,20130300,20130300
2012-11-20 23:00:00,33.22,33.29,33.29,20121200,20130300,20130300
2012-11-21 23:00:00,33.15,33.2,33.2,20121200,20130300,20130300
2012-11-22 23:00:00,33.42,33.64,33.64,20121200,20130300,20130300
2012-11-23 23:00:00,33.53,33.65,33.65,20121200,20130300,20130300
2012-11-26 23:00:00,34.12,34.25,34.25,20121200,20130300,20130300
2012-11-27 23:00:00,34.1,34.21,34.21,20121200,20130300,20130300
2012-11-28 23:00:00,33.34,33.34,33.34,20121200,20130300,20130300
2012-11-29 23:00:00,34.26,34.36,34.36,20121200,20130300,20130300
2012-11-30 23:00:00,34.22,34.26,34.26,20121200,20130300,20130300
2012-12-03 23:00:00,33.77,33.82,33.82,20121200,20130300,20130300
2012-12-04 23:00:00,33.25,33.34,33.34,20121200,20130300,20130300
2012-12-05 23:00:00,33.04,33.1,33.1,20121200,20130300,20130300
2012-12-06 23:00:00,32.79,32.98,32.98,20121200,20130300,20130300
2012-12-07 23:00:00,33.24,33.36,33.36,20121200,20130300,20130300
2012-12-10 23:00:00,33.37,33.52,33.52,20121200,20130300,20130300
2012-12-11 23:00:00,33.04,33.05,33.05,20121200,20130300,20130300
2012-12-12 23:00:00,33.48,33.56,33.56,20121200,20130300,20130300
2012-12-13 23:00:00,32.55,32.7,32.7,20121200,20130300,20130300
2012-12-14 23:00:00,32.51,32.71,32.71,20121200,20130300,20130300
2012-12-17 23:00:00,32.64,32.64,32.64,20130300,20130600,20130600
2012-12-18 23:00:00,32.64,32.68,32.68,20130300,20130600,20130600
2012-12-19 23:00:00,31.66,31.86,31.86,20130300,20130600,20130600
2012-12-20 23:00:00,30.52,30.52,30.52,20130300,20130600,20130600
2012-12-21 23:00:00,30.36,30.45,30.45,20130300,20130600,20130600
2012-12-24 23:00:00,30.43,30.44,30.44,20130300,20130600,20130600
2012-12-25 23:00:00,30.33,30.36,30.36,20130300,20130600,20130600
2012-12-26 23:00:00,30.46,30.56,30.56,20130300,20130600,20130600
2012-12-27 23:00:00,30.27,30.3,30.3,20130300,20130600,20130600
2012-12-28 23:00:00,30.4,30.47,30.47,20130300,20130600,20130600
2013-01-08 23:00:00,30.69,30.86,30.86,20130300,20130600,20130600
2013-01-09 23:00:00,30.51,30.6,30.6,20130300,20130600,20130600
2013-01-10 23:00:00,30.88,30.97,30.97,20130300,20130600,20130600
2013-01-11 23:00:00,30.69,31.1,31.1,20130300,20130600,20130600
2013-01-14 23:00:00,31.15,31.38,31.38,20130300,20130600,20130600
2013-01-15 23:00:00,31.32,31.42,31.42,20130300,20130600,20130600
2013-01-16 23:00:00,31.42,31.57,31.57,20130300,20130600,20130600
2013-01-17 23:00:00,31.48,31.76,31.76,20130300,20130600,20130600
2013-01-18 23:00:00,32.07,32.31,32.31,20130300,20130600,20130600
2013-01-21 23:00:00,32.1,32.31,32.31,20130300,20130600,20130600
2013-01-22 23:00:00,32.1,32.25,32.25,20130300,20130600,20130600
2013-01-23 23:00:00,32.48,32.63,32.63,20130300,20130600,20130600
2013-01-24 23:00:00,31.99,32.04,32.04,20130300,20130600,20130600
2013-01-25 23:00:00,31.62,31.74,31.74,20130300,20130600,20130600
2013-01-28 23:00:00,31.14,31.26,31.26,20130300,20130600,20130600
2013-01-29 23:00:00,31.34,31.1,31.1,20130300,20130600,20130600
2013-01-30 23:00:00,31.94,32.11,32.11,20130300,20130600,20130600
2013-01-31 23:00:00,31.91,32.1,32.1,20130300,20130600,20130600
2013-02-01 23:00:00,32.02,32.3,32.3,20130300,20130600,20130600
2013-02-04 23:00:00,31.79,31.72,31.72,20130300,20130600,20130600
2013-02-05 23:00:00,31.95,32.22,32.22,20130300,20130600,20130600
2013-02-06 23:00:00,31.85,31.97,31.97,20130300,20130600,20130600
2013-02-07 23:00:00,31.58,31.66,31.66,20130300,20130600,20130600
2013-02-08 23:00:00,31.53,31.65,31.65,20130300,20130600,20130600
2013-02-11 23:00:00,31.04,31.25,31.25,20130300,20130600,20130600
2013-02-12 23:00:00,30.89,31.14,31.14,20130300,20130600,20130600
2013-02-13 23:00:00,31.14,31.32,31.32,20130300,20130600,20130600
2013-02-14 23:00:00,31.01,31.02,31.02,20130300,20130600,20130600
2013-02-15 23:00:00,30.03,30.43,30.43,20130300,20130600,20130600
2013-02-18 23:00:00,30.09,30.2,30.2,20130300,20130600,20130600
2013-02-19 23:00:00,29.91,30.12,30.12,20130300,20130600,20130600
2013-02-20 23:00:00,29.03,29.23,29.23,20130300,20130600,20130600
2013-02-21 23:00:00,28.78,28.96,28.96,20130300,20130600,20130600
2013-02-22 23:00:00,28.66,28.87,28.87,20130300,20130600,20130600
2013-02-25 23:00:00,29.1,29.27,29.27,20130300,20130600,20130600
2013-02-26 23:00:00,28.96,29.1,29.1,20130300,20130600,20130600
2013-02-27 23:00:00,29.2,29.39,29.39,20130300,20130600,20130600
2013-02-28 23:00:00,28.97,29.27,29.27,20130300,20130600,20130600
2013-03-01 23:00:00,28.75,28.9,28.9,20130300,20130600,20130600
2013-03-04 23:00:00,28.6,28.92,28.92,20130300,20130600,20130600
2013-03-05 23:00:00,29.02,29.25,29.25,20130300,20130600,20130600
2013-03-06 23:00:00,28.67,28.89,28.89,20130300,20130600,20130600
2013-03-07 23:00:00,29.09,29.3,29.3,20130300,20130600,20130600
2013-03-11 23:00:00,28.9,29.03,29.03,20130300,20130600,20130600
2013-03-12 23:00:00,29.3,29.5,29.5,20130300,20130600,20130600
2013-03-13 23:00:00,28.91,29.2,29.2,20130300,20130600,20130600
2013-03-14 23:00:00,28.86,29.1,29.1,20130300,20130600,20130600
2013-03-15 23:00:00,28.91,29.25,29.25,20130300,20130600,20130600
2013-03-18 23:00:00,29.23,29.25,29.25,20130600,20130900,20130900
2013-03-19 23:00:00,29.29,29.17,29.17,20130600,20130900,20130900
2013-03-20 23:00:00,29.07,29.2,29.2,20130600,20130900,20130900
2013-03-21 23:00:00,29.47,29.58,29.58,20130600,20130900,20130900
2013-03-22 23:00:00,29.02,29.1,29.1,20130600,20130900,20130900
2013-03-25 23:00:00,28.95,29.1,29.1,20130600,20130900,20130900
2013-03-26 23:00:00,28.93,29.04,29.04,20130600,20130900,20130900
2013-03-27 23:00:00,28.72,28.91,28.91,20130600,20130900,20130900
2013-03-28 23:00:00,28.66,28.92,28.92,20130600,20130900,20130900
2013-03-29 23:00:00,28.55,28.71,28.71,20130600,20130900,20130900
2013-04-01 23:00:00,28.07,28.25,28.25,20130600,20130900,20130900
2013-04-02 23:00:00,27.69,28.18,28.18,20130600,20130900,20130900
2013-04-03 23:00:00,27.25,27.55,27.55,20130600,20130900,20130900
2013-04-04 23:00:00,26.93,27.06,27.06,20130600,20130900,20130900
2013-04-05 23:00:00,27.21,27.36,27.36,20130600,20130900,20130900
2013-04-08 23:00:00,27.28,27.6,27.6,20130600,20130900,20130900
2013-04-09 23:00:00,28.03,28.31,28.31,20130600,20130900,20130900
2013-04-10 23:00:00,27.71,28.15,28.15,20130600,20130900,20130900
2013-04-11 23:00:00,27.8,27.94,27.94,20130600,20130900,20130900
2013-04-12 23:00:00,26.55,27.0,27.0,20130600,20130900,20130900
2013-04-15 23:00:00,23.47,23.63,23.63,20130600,20130900,20130900
2013-04-16 23:00:00,23.5,23.62,23.62,20130600,20130900,20130900
2013-04-17 23:00:00,23.61,23.89,23.89,20130600,20130900,20130900
2013-04-18 23:00:00,23.43,23.54,23.54,20130600,20130900,20130900
2013-04-19 23:00:00,23.36,23.52,23.52,20130600,20130900,20130900
2013-04-22 23:00:00,23.35,23.62,23.62,20130600,20130900,20130900
2013-04-23 23:00:00,22.78,23.14,23.14,20130600,20130900,20130900
2013-04-24 23:00:00,22.96,23.21,23.21,20130600,20130900,20130900
2013-04-25 23:00:00,23.76,24.12,24.12,20130600,20130900,20130900
2013-04-26 23:00:00,24.38,24.56,24.56,20130600,20130900,20130900
2013-04-29 23:00:00,24.16,24.37,24.37,20130600,20130900,20130900
2013-04-30 23:00:00,24.06,24.33,24.33,20130600,20130900,20130900
2013-05-02 23:00:00,23.85,24.12,24.12,20130600,20130900,20130900
2013-05-03 23:00:00,24.15,24.45,24.45,20130600,20130900,20130900
2013-05-06 23:00:00,23.95,24.14,24.14,20130600,20130900,20130900
2013-05-07 23:00:00,23.67,23.86,23.86,20130600,20130900,20130900
2013-05-08 23:00:00,23.73,24.0,24.0,20130600,20130900,20130900
2013-05-10 23:00:00,23.25,23.46,23.46,20130600,20130900,20130900
2013-05-13 23:00:00,23.65,23.77,23.77,20130600,20130900,20130900
2013-05-14 23:00:00,23.45,23.68,23.68,20130600,20130900,20130900
2013-05-15 23:00:00,22.5,22.7,22.7,20130600,20130900,20130900
2013-05-16 23:00:00,22.57,22.75,22.75,20130600,20130900,20130900
2013-05-17 23:00:00,22.25,22.5,22.5,20130600,20130900,20130900
2013-05-20 23:00:00,21.71,21.83,21.83,20130600,20130900,20130900
2013-05-21 23:00:00,22.24,22.3,22.3,20130600,20130900,20130900
2013-05-22 23:00:00,22.64,22.87,22.87,20130600,20130900,20130900
2013-05-23 23:00:00,22.27,22.55,22.55,20130600,20130900,20130900
2013-05-24 23:00:00,22.48,22.66,22.66,20130600,20130900,20130900
2013-05-27 23:00:00,22.6,22.76,22.76,20130600,20130900,20130900
2013-05-28 23:00:00,22.17,22.31,22.31,20130600,20130900,20130900
2013-05-29 23:00:00,22.3,22.51,22.51,20130600,20130900,20130900
2013-05-30 23:00:00,22.9,23.16,23.16,20130600,20130900,20130900
2013-05-31 23:00:00,22.2,22.43,22.43,20130600,20130900,20130900
2013-06-03 23:00:00,22.47,22.71,22.71,20130600,20130900,20130900
2013-06-04 23:00:00,22.32,22.51,22.51,20130600,20130900,20130900
2013-06-05 23:00:00,22.5,22.9,22.9,20130600,20130900,20130900
2013-06-06 23:00:00,22.4,22.63,22.63,20130600,20130900,20130900
2013-06-07 23:00:00,21.92,22.2,22.2,20130600,20130900,20130900
2013-06-10 23:00:00,21.85,22.02,22.02,20130600,20130900,20130900
2013-06-11 23:00:00,21.6,21.82,21.82,20130600,20130900,20130900
2013-06-13 23:00:00,21.67,21.93,21.93,20130600,20130900,20130900
2013-06-14 23:00:00,21.98,22.23,22.23,20130600,20130900,20130900
2013-06-17 23:00:00,22.05,22.11,22.11,20130900,20131200,20131200
2013-06-18 23:00:00,21.76,22.11,22.11,20130900,20131200,20131200
2013-06-19 23:00:00,21.84,21.98,21.98,20130900,20131200,20131200
2013-06-20 23:00:00,20.09,20.08,20.08,20130900,20131200,20131200
2013-06-21 23:00:00,19.99,20.12,20.12,20130900,20131200,20131200
2013-06-24 23:00:00,19.81,19.88,19.88,20130900,20131200,20131200
2013-06-25 23:00:00,19.72,19.86,19.86,20130900,20131200,20131200
2013-06-26 23:00:00,19.06,19.0,19.0,20130900,20131200,20131200
2013-06-27 23:00:00,18.94,19.02,19.02,20130900,20131200,20131200
2013-06-28 23:00:00,19.47,19.32,19.32,20130900,20131200,20131200
2013-07-01 23:00:00,19.72,19.68,19.68,20130900,20131200,20131200
2013-07-02 23:00:00,19.56,19.56,19.56,20130900,20131200,20131200
2013-07-03 23:00:00,19.81,19.97,19.97,20130900,20131200,20131200
2013-07-04 23:00:00,19.63,19.76,19.76,20130900,20131200,20131200
2013-07-05 23:00:00,18.82,18.9,18.9,20130900,20131200,20131200
2013-07-08 23:00:00,19.17,19.27,19.27,20130900,20131200,20131200
2013-07-09 23:00:00,19.29,19.39,19.39,20130900,20131200,20131200
2013-07-10 23:00:00,19.4,19.4,19.4,20130900,20131200,20131200
2013-07-11 23:00:00,20.05,19.98,19.98,20130900,20131200,20131200
2013-07-12 23:00:00,19.88,19.96,19.96,20130900,20131200,20131200
2013-07-15 23:00:00,19.92,19.97,19.97,20130900,20131200,20131200
2013-07-16 23:00:00,20.06,20.13,20.13,20130900,20131200,20131200
2013-07-17 23:00:00,19.8,20.2,20.2,20130900,20131200,20131200
2013-07-18 23:00:00,19.49,19.45,19.45,20130900,20131200,20131200
2013-07-19 23:00:00,19.51,19.45,19.45,20130900,20131200,20131200
2013-07-22 23:00:00,20.44,20.59,20.59,20130900,20131200,20131200
2013-07-23 23:00:00,20.36,20.3,20.3,20130900,20131200,20131200
2013-07-24 23:00:00,20.3,20.35,20.35,20130900,20131200,20131200
2013-07-25 23:00:00,20.2,20.32,20.32,20130900,20131200,20131200
2013-07-26 23:00:00,20.07,20.16,20.16,20130900,20131200,20131200
2013-07-29 23:00:00,19.94,20.04,20.04,20130900,20131200,20131200
2013-07-30 23:00:00,19.8,19.91,19.91,20130900,20131200,20131200
2013-07-31 23:00:00,19.69,19.79,19.79,20130900,20131200,20131200
2013-08-01 23:00:00,19.83,20.05,20.05,20130900,20131200,20131200
2013-08-02 23:00:00,20.02,20.1,20.1,20130900,20131200,20131200
2013-08-05 23:00:00,19.79,19.89,19.89,20130900,20131200,20131200
2013-08-06 23:00:00,19.68,19.65,19.65,20130900,20131200,20131200
2013-08-07 23:00:00,19.55,19.45,19.45,20130900,20131200,20131200
2013-08-08 23:00:00,20.18,20.27,20.27,20130900,20131200,20131200
2013-08-09 23:00:00,20.39,20.53,20.53,20130900,20131200,20131200
2013-08-12 23:00:00,21.4,21.5,21.5,20130900,20131200,20131200
2013-08-13 23:00:00,21.48,21.7,21.7,20130900,20131200,20131200
2013-08-14 23:00:00,21.71,21.85,21.85,20130900,20131200,20131200
2013-08-15 23:00:00,21.88,22.11,22.11,20130900,20131200,20131200
2013-08-16 23:00:00,23.1,23.33,23.33,20130900,20131200,20131200
2013-08-19 23:00:00,23.13,23.2,23.2,20130900,20131200,20131200
2013-08-20 23:00:00,23.25,23.43,23.43,20130900,20131200,20131200
2013-08-21 23:00:00,23.02,23.1,23.1,20130900,20131200,20131200
2013-08-22 23:00:00,23.26,23.4,23.4,20130900,20131200,20131200
2013-08-23 23:00:00,23.71,23.87,23.87,20130900,20131200,20131200
2013-08-26 23:00:00,24.21,24.35,24.35,20130900,20131200,20131200
2013-08-27 23:00:00,24.56,24.69,24.69,20130900,20131200,20131200
2013-08-28 23:00:00,24.39,24.4,24.4,20130900,20131200,20131200
2013-08-29 23:00:00,23.75,23.85,23.85,20130900,20131200,20131200
2013-08-30 23:00:00,23.42,23.6,23.6,20130900,20131200,20131200
2013-09-02 23:00:00,24.16,24.34,24.34,20130900,20131200,20131200
2013-09-03 23:00:00,24.36,24.5,24.5,20130900,20131200,20131200
2013-09-04 23:00:00,23.52,23.48,23.48,20130900,20131200,20131200
2013-09-05 23:00:00,23.14,23.15,23.15,20130900,20131200,20131200
2013-09-06 23:00:00,23.77,23.87,23.87,20130900,20131200,20131200
2013-09-09 23:00:00,23.73,23.79,23.79,20130900,20131200,20131200
2013-09-10 23:00:00,22.94,22.98,22.98,20130900,20131200,20131200
2013-09-11 23:00:00,23.08,23.15,23.15,20130900,20131200,20131200
2013-09-12 23:00:00,22.26,22.33,22.33,20130900,20131200,20131200
2013-09-13 23:00:00,21.83,21.89,21.89,20130900,20131200,20131200
2013-09-16 23:00:00,21.87,22.12,22.12,20130900,20131200,20131200
2013-09-17 23:00:00,21.87,21.86,21.86,20131200,20140300,20140300
2013-09-18 23:00:00,21.54,21.56,21.56,20131200,20140300,20140300
2013-09-19 23:00:00,23.16,23.2,23.2,20131200,20140300,20140300
2013-09-20 23:00:00,22.21,22.24,22.24,20131200,20140300,20140300
2013-09-23 23:00:00,21.95,21.73,21.73,20131200,20140300,20140300
2013-09-24 23:00:00,21.62,21.4,21.4,20131200,20140300,20140300
2013-09-25 23:00:00,21.84,21.71,21.71,20131200,20140300,20140300
2013-09-26 23:00:00,21.77,21.79,21.79,20131200,20140300,20140300
2013-09-27 23:00:00,21.91,21.8,21.8,20131200,20140300,20140300
2013-09-30 23:00:00,21.91,21.84,21.84,20131200,20140300,20140300
2013-10-01 23:00:00,20.75,20.88,20.88,20131200,20140300,20140300
2013-10-02 23:00:00,21.93,22.03,22.03,20131200,20140300,20140300
2013-10-03 23:00:00,21.67,21.71,21.71,20131200,20140300,20140300
2013-10-04 23:00:00,21.74,21.67,21.67,20131200,20140300,20140300
2013-10-07 23:00:00,22.34,22.28,22.28,20131200,20140300,20140300
2013-10-08 23:00:00,22.5,22.22,22.22,20131200,20140300,20140300
2013-10-09 23:00:00,21.9,21.95,21.95,20131200,20140300,20140300
2013-10-10 23:00:00,21.98,22.0,22.0,20131200,20140300,20140300
2013-10-11 23:00:00,21.29,21.26,21.26,20131200,20140300,20140300
2013-10-14 23:00:00,21.59,21.32,21.32,20131200,20140300,20140300
2013-10-15 23:00:00,21.27,21.28,21.28,20131200,20140300,20140300
2013-10-16 23:00:00,21.31,21.38,21.38,20131200,20140300,20140300
2013-10-17 23:00:00,21.89,21.81,21.81,20131200,20140300,20140300
2013-10-18 23:00:00,21.99,21.9,21.9,20131200,20140300,20140300
2013-10-21 23:00:00,22.32,22.33,22.33,20131200,20140300,20140300
2013-10-22 23:00:00,22.85,22.75,22.75,20131200,20140300,20140300
2013-10-23 23:00:00,22.67,22.71,22.71,20131200,20140300,20140300
2013-10-24 23:00:00,22.8,22.81,22.81,20131200,20140300,20140300
2013-10-25 23:00:00,22.52,22.4,22.4,20131200,20140300,20140300
2013-10-28 23:00:00,22.63,22.61,22.61,20131200,20140300,20140300
2013-10-29 23:00:00,22.67,22.63,22.63,20131200,20140300,20140300
2013-10-30 23:00:00,23.06,23.05,23.05,20131200,20140300,20140300
2013-10-31 23:00:00,22.08,22.07,22.07,20131200,20140300,20140300
2013-11-01 23:00:00,21.92,21.88,21.88,20131200,20140300,20140300
2013-11-05 23:00:00,21.81,21.77,21.77,20131200,20140300,20140300
2013-11-06 23:00:00,21.98,22.02,22.02,20131200,20140300,20140300
2013-11-07 23:00:00,21.71,21.66,21.66,20131200,20140300,20140300
2013-11-08 23:00:00,21.52,21.49,21.49,20131200,20140300,20140300
2013-11-11 23:00:00,21.44,21.44,21.44,20131200,20140300,20140300
2013-11-12 23:00:00,21.26,21.24,21.24,20131200,20140300,20140300
2013-11-13 23:00:00,20.8,20.8,20.8,20131200,20140300,20140300
2013-11-14 23:00:00,20.82,20.75,20.75,20131200,20140300,20140300
2013-11-15 23:00:00,20.87,20.83,20.83,20131200,20140300,20140300
2013-11-18 23:00:00,20.76,20.7,20.7,20131200,20140300,20140300
2013-11-19 23:00:00,20.53,20.47,20.47,20131200,20140300,20140300
2013-11-20 23:00:00,20.29,20.38,20.38,20131200,20140300,20140300
2013-11-21 23:00:00,19.89,19.9,19.9,20131200,20140300,20140300
2013-11-22 23:00:00,20.1,20.05,20.05,20131200,20140300,20140300
2013-11-25 23:00:00,20.08,20.1,20.1,20131200,20140300,20140300
2013-11-26 23:00:00,20.01,19.71,19.71,20131200,20140300,20140300
2013-11-27 23:00:00,20.0,20.0,20.0,20131200,20140300,20140300
2013-11-28 23:00:00,19.85,19.86,19.86,20131200,20140300,20140300
2013-11-29 23:00:00,20.13,20.1,20.1,20131200,20140300,20140300
2013-12-02 23:00:00,19.82,19.81,19.81,20131200,20140300,20140300
2013-12-03 23:00:00,19.25,19.3,19.3,20131200,20140300,20140300
2013-12-04 23:00:00,19.46,19.48,19.48,20131200,20140300,20140300
2013-12-05 23:00:00,19.44,19.47,19.47,20131200,20140300,20140300
2013-12-06 23:00:00,19.72,19.7,19.7,20131200,20140300,20140300
2013-12-09 23:00:00,19.82,19.93,19.93,20131200,20140300,20140300
2013-12-10 23:00:00,20.38,20.6,20.6,20131200,20140300,20140300
2013-12-11 23:00:00,20.38,20.64,20.64,20131200,20140300,20140300
2013-12-12 23:00:00,19.51,19.83,19.83,20131200,20140300,20140300
2013-12-13 23:00:00,19.58,19.85,19.85,20131200,20140300,20140300
2013-12-16 23:00:00,19.49,19.96,19.96,20131200,20140300,20140300
2013-12-17 23:00:00,20.12,20.0,20.0,20140300,20140600,20140600
2013-12-18 23:00:00,20.06,20.2,20.2,20140300,20140600,20140600
2013-12-19 23:00:00,19.41,19.55,19.55,20140300,20140600,20140600
2013-12-20 23:00:00,19.41,19.53,19.53,20140300,20140600,20140600
2013-12-23 23:00:00,19.57,19.75,19.75,20140300,20140600,20140600
2013-12-24 23:00:00,19.58,19.6,19.6,20140300,20140600,20140600
2013-12-25 23:00:00,19.66,19.74,19.74,20140300,20140600,20140600
2013-12-26 23:00:00,20.06,20.2,20.2,20140300,20140600,20140600
2013-12-27 23:00:00,20.16,20.3,20.3,20140300,20140600,20140600
2013-12-30 23:00:00,19.85,19.95,19.95,20140300,20140600,20140600
2014-01-06 23:00:00,20.34,20.5,20.5,20140300,20140600,20140600
2014-01-08 23:00:00,19.56,19.66,19.66,20140300,20140600,20140600
2014-01-09 23:00:00,19.67,19.76,19.76,20140300,20140600,20140600
2014-01-10 23:00:00,20.13,20.32,20.32,20140300,20140600,20140600
2014-01-13 23:00:00,20.11,20.28,20.28,20140300,20140600,20140600
2014-01-14 23:00:00,20.39,20.58,20.58,20140300,20140600,20140600
2014-01-15 23:00:00,20.1,20.34,20.34,20140300,20140600,20140600
2014-01-16 23:00:00,20.2,20.35,20.35,20140300,20140600,20140600
2014-01-17 23:00:00,20.3,20.56,20.56,20140300,20140600,20140600
2014-01-20 23:00:00,20.39,20.64,20.64,20140300,20140600,20140600
2014-01-21 23:00:00,19.93,20.07,20.07,20140300,20140600,20140600
2014-01-22 23:00:00,19.96,20.23,20.23,20140300,20140600,20140600
2014-01-23 23:00:00,20.23,20.46,20.46,20140300,20140600,20140600
2014-01-24 23:00:00,20.23,20.47,20.47,20140300,20140600,20140600
2014-01-27 23:00:00,19.88,20.14,20.14,20140300,20140600,20140600
2014-01-28 23:00:00,19.77,20.05,20.05,20140300,20140600,20140600
2014-01-29 23:00:00,19.96,20.23,20.23,20140300,20140600,20140600
2014-01-30 23:00:00,19.32,19.55,19.55,20140300,20140600,20140600
2014-01-31 23:00:00,19.42,19.69,19.69,20140300,20140600,20140600
2014-02-03 23:00:00,19.43,19.6,19.6,20140300,20140600,20140600
2014-02-04 23:00:00,19.45,19.64,19.64,20140300,20140600,20140600
2014-02-05 23:00:00,19.91,20.14,20.14,20140300,20140600,20140600
2014-02-06 23:00:00,20.04,20.36,20.36,20140300,20140600,20140600
2014-02-07 23:00:00,19.92,20.2,20.2,20140300,20140600,20140600
2014-02-10 23:00:00,20.27,20.51,20.51,20140300,20140600,20140600
2014-02-11 23:00:00,20.07,20.29,20.29,20140300,20140600,20140600
2014-02-12 23:00:00,20.19,20.55,20.55,20140300,20140600,20140600
2014-02-13 23:00:00,20.3,20.54,20.54,20140300,20140600,20140600
2014-02-14 23:00:00,21.27,21.5,21.5,20140300,20140600,20140600
2014-02-17 23:00:00,21.79,22.1,22.1,20140300,20140600,20140600
2014-02-18 23:00:00,21.62,21.95,21.95,20140300,20140600,20140600
2014-02-19 23:00:00,21.81,22.07,22.07,20140300,20140600,20140600
2014-02-20 23:00:00,21.67,21.89,21.89,20140300,20140600,20140600
2014-02-21 23:00:00,21.8,21.99,21.99,20140300,20140600,20140600
2014-02-24 23:00:00,22.1,22.35,22.35,20140300,20140600,20140600
2014-02-25 23:00:00,21.88,22.05,22.05,20140300,20140600,20140600
2014-02-26 23:00:00,21.6,21.75,21.75,20140300,20140600,20140600
2014-02-27 23:00:00,21.25,21.5,21.5,20140300,20140600,20140600
2014-02-28 23:00:00,21.32,21.65,21.65,20140300,20140600,20140600
2014-03-03 23:00:00,21.54,21.61,21.61,20140300,20140600,20140600
2014-03-04 23:00:00,21.11,21.43,21.43,20140300,20140600,20140600
2014-03-05 23:00:00,21.2,21.47,21.47,20140300,20140600,20140600
2014-03-06 23:00:00,21.32,21.57,21.57,20140300,20140600,20140600
2014-03-07 23:00:00,20.87,21.1,21.1,20140300,20140600,20140600
2014-03-11 23:00:00,21.05,21.27,21.27,20140300,20140600,20140600
2014-03-12 23:00:00,21.12,21.35,21.35,20140300,20140600,20140600
2014-03-13 23:00:00,21.25,21.48,21.48,20140300,20140600,20140600
2014-03-14 23:00:00,21.62,21.86,21.86,20140300,20140600,20140600
2014-03-17 23:00:00,21.63,21.63,21.63,20140600,20140900,20140900
2014-03-18 23:00:00,20.98,21.22,21.22,20140600,20140900,20140900
2014-03-19 23:00:00,20.75,21.2,21.2,20140600,20140900,20140900
2014-03-20 23:00:00,20.55,21.06,21.06,20140600,20140900,20140900
2014-03-21 23:00:00,20.54,20.99,20.99,20140600,20140900,20140900
2014-03-24 23:00:00,20.32,20.7,20.7,20140600,20140900,20140900
2014-03-25 23:00:00,20.27,20.42,20.42,20140600,20140900,20140900
2014-03-26 23:00:00,20.05,20.38,20.38,20140600,20140900,20140900
2014-03-27 23:00:00,19.84,20.38,20.38,20140600,20140900,20140900
2014-03-28 23:00:00,19.96,20.62,20.62,20140600,20140900,20140900
2014-03-31 23:00:00,20.03,20.6,20.6,20140600,20140900,20140900
2014-04-01 23:00:00,19.93,20.6,20.6,20140600,20140900,20140900
2014-04-02 23:00:00,20.17,20.5,20.5,20140600,20140900,20140900
2014-04-03 23:00:00,19.98,20.5,20.5,20140600,20140900,20140900
2014-04-04 23:00:00,20.21,20.57,20.57,20140600,20140900,20140900
2014-04-07 23:00:00,20.07,20.39,20.39,20140600,20140900,20140900
2014-04-08 23:00:00,20.18,20.51,20.51,20140600,20140900,20140900
2014-04-09 23:00:00,19.9,20.19,20.19,20140600,20140900,20140900
2014-04-10 23:00:00,20.22,20.53,20.53,20140600,20140900,20140900
2014-04-11 23:00:00,20.11,20.53,20.53,20140600,20140900,20140900
2014-04-14 23:00:00,20.14,20.2,20.2,20140600,20140900,20140900
2014-04-15 23:00:00,19.63,19.81,19.81,20140600,20140900,20140900
2014-04-16 23:00:00,19.68,20.1,20.1,20140600,20140900,20140900
2014-04-17 23:00:00,19.75,20.1,20.1,20140600,20140900,20140900
2014-04-18 23:00:00,19.75,20.1,20.1,20140600,20140900,20140900
2014-04-21 23:00:00,19.48,19.93,19.93,20140600,20140900,20140900
2014-04-22 23:00:00,19.45,20.03,20.03,20140600,20140900,20140900
2014-04-23 23:00:00,19.51,20.04,20.04,20140600,20140900,20140900
2014-04-24 23:00:00,19.73,19.85,19.85,20140600,20140900,20140900
2014-04-25 23:00:00,19.84,19.85,19.85,20140600,20140900,20140900
2014-04-28 23:00:00,19.59,20.0,20.0,20140600,20140900,20140900
2014-04-29 23:00:00,19.58,19.88,19.88,20140600,20140900,20140900
2014-04-30 23:00:00,19.3,19.79,19.79,20140600,20140900,20140900
2014-05-02 23:00:00,19.55,20.0,20.0,20140600,20140900,20140900
2014-05-05 23:00:00,19.65,20.1,20.1,20140600,20140900,20140900
2014-05-06 23:00:00,19.66,20.12,20.12,20140600,20140900,20140900
2014-05-07 23:00:00,19.41,20.44,20.44,20140600,20140900,20140900
2014-05-08 23:00:00,19.29,19.92,19.92,20140600,20140900,20140900
2014-05-12 23:00:00,19.64,20.09,20.09,20140600,20140900,20140900
2014-05-13 23:00:00,19.57,20.14,20.14,20140600,20140900,20140900
2014-05-14 23:00:00,19.81,20.29,20.29,20140600,20140900,20140900
2014-05-15 23:00:00,19.6,20.2,20.2,20140600,20140900,20140900
2014-05-16 23:00:00,19.42,20.07,20.07,20140600,20140900,20140900
2014-05-19 23:00:00,19.5,20.27,20.27,20140600,20140900,20140900
2014-05-20 23:00:00,19.45,20.08,20.08,20140600,20140900,20140900
2014-05-21 23:00:00,19.45,20.05,20.05,20140600,20140900,20140900
2014-05-22 23:00:00,19.61,20.32,20.32,20140600,20140900,20140900
2014-05-23 23:00:00,19.5,20.08,20.08,20140600,20140900,20140900
2014-05-26 23:00:00,19.49,20.22,20.22,20140600,20140900,20140900
2014-05-27 23:00:00,19.17,19.8,19.8,20140600,20140900,20140900
2014-05-28 23:00:00,19.09,19.7,19.7,20140600,20140900,20140900
2014-05-29 23:00:00,19.02,19.62,19.62,20140600,20140900,20140900
2014-05-30 23:00:00,18.92,19.5,19.5,20140600,20140900,20140900
2014-06-02 23:00:00,18.82,19.43,19.43,20140600,20140900,20140900
2014-06-03 23:00:00,18.83,19.22,19.22,20140600,20140900,20140900
2014-06-04 23:00:00,18.86,19.2,19.2,20140600,20140900,20140900
2014-06-05 23:00:00,19.07,19.39,19.39,20140600,20140900,20140900
2014-06-06 23:00:00,19.01,19.23,19.23,20140600,20140900,20140900
2014-06-09 23:00:00,19.13,19.35,19.35,20140600,20140900,20140900
2014-06-10 23:00:00,19.21,19.42,19.42,20140600,20140900,20140900
2014-06-11 23:00:00,19.22,19.5,19.5,20140600,20140900,20140900
2014-06-13 23:00:00,19.61,19.83,19.83,20140600,20140900,20140900
2014-06-16 23:00:00,19.66,19.9,19.9,20140600,20140900,20140900
2014-06-17 23:00:00,19.79,19.79,19.79,20140900,20141200,20141200
2014-06-18 23:00:00,19.89,19.89,19.89,20140900,20141200,20141200
2014-06-19 23:00:00,20.45,20.45,20.45,20140900,20141200,20141200
2014-06-20 23:00:00,21.06,21.06,21.06,20140900,20141200,20141200
2014-06-23 23:00:00,21.03,21.03,21.03,20140900,20141200,20141200
2014-06-24 23:00:00,21.1,21.1,21.1,20140900,20141200,20141200
2014-06-25 23:00:00,21.16,21.16,21.16,20140900,20141200,20141200
2014-06-26 23:00:00,21.2,21.2,21.2,20140900,20141200,20141200
2014-06-27 23:00:00,21.23,21.23,21.23,20140900,20141200,20141200
2014-06-30 23:00:00,20.96,20.96,20.96,20140900,20141200,20141200
2014-07-01 23:00:00,21.18,21.18,21.18,20140900,20141200,20141200
2014-07-02 23:00:00,21.24,21.24,21.24,20140900,20141200,20141200
2014-07-03 23:00:00,21.2,21.2,21.2,20140900,20141200,20141200
2014-07-04 23:00:00,21.2,21.2,21.2,20140900,20141200,20141200
2014-07-07 23:00:00,21.01,21.01,21.01,20140900,20141200,20141200
2014-07-08 23:00:00,21.01,21.01,21.01,20140900,20141200,20141200
2014-07-09 23:00:00,21.16,21.16,21.16,20140900,20141200,20141200
2014-07-10 23:00:00,21.46,21.46,21.46,20140900,20141200,20141200
2014-07-11 23:00:00,21.49,21.49,21.49,20140900,20141200,20141200
2014-07-14 23:00:00,21.05,21.05,21.05,20140900,20141200,20141200
2014-07-15 23:00:00,21.04,21.04,21.04,20140900,20141200,20141200
2014-07-16 23:00:00,20.85,20.85,20.85,20140900,20141200,20141200
2014-07-17 23:00:00,20.88,20.88,20.88,20140900,20141200,20141200
2014-07-18 23:00:00,20.94,20.94,20.94,20140900,20141200,20141200
2014-07-21 23:00:00,21.09,21.09,21.09,20140900,20141200,20141200
2014-07-22 23:00:00,21.01,21.25,21.25,20140900,20141200,20141200
2014-07-23 23:00:00,21.04,21.25,21.25,20140900,20141200,20141200
2014-07-24 23:00:00,20.63,20.97,20.97,20140900,20141200,20141200
2014-07-25 23:00:00,20.5,20.97,20.97,20140900,20141200,20141200
2014-07-28 23:00:00,20.64,20.97,20.97,20140900,20141200,20141200
2014-07-29 23:00:00,20.63,20.97,20.97,20140900,20141200,20141200
2014-07-30 23:00:00,20.56,20.97,20.97,20140900,20141200,20141200
2014-07-31 23:00:00,20.52,20.97,20.97,20140900,20141200,20141200
2014-08-01 23:00:00,20.5,21.05,21.05,20140900,20141200,20141200
2014-08-04 23:00:00,20.39,20.91,20.91,20140900,20141200,20141200
2014-08-05 23:00:00,19.94,20.81,20.81,20140900,20141200,20141200
2014-08-06 23:00:00,20.02,20.49,20.49,20140900,20141200,20141200
2014-08-07 23:00:00,20.02,20.3,20.3,20140900,20141200,20141200
2014-08-08 23:00:00,20.03,20.3,20.3,20140900,20141200,20141200
2014-08-11 23:00:00,20.02,20.66,20.66,20140900,20141200,20141200
2014-08-12 23:00:00,20.11,20.63,20.63,20140900,20141200,20141200
2014-08-13 23:00:00,19.95,20.52,20.52,20140900,20141200,20141200
2014-08-14 23:00:00,19.96,20.42,20.42,20140900,20141200,20141200
2014-08-15 23:00:00,19.64,20.05,20.05,20140900,20141200,20141200
2014-08-18 23:00:00,19.71,20.05,20.05,20140900,20141200,20141200
2014-08-19 23:00:00,19.49,20.0,20.0,20140900,20141200,20141200
2014-08-20 23:00:00,19.57,20.15,20.15,20140900,20141200,20141200
2014-08-21 23:00:00,19.45,19.92,19.92,20140900,20141200,20141200
2014-08-22 23:00:00,19.37,19.92,19.92,20140900,20141200,20141200
2014-08-25 23:00:00,19.42,19.98,19.98,20140900,20141200,20141200
2014-08-26 23:00:00,19.5,20.1,20.1,20140900,20141200,20141200
2014-08-27 23:00:00,19.42,20.02,20.02,20140900,20141200,20141200
2014-08-28 23:00:00,19.6,20.11,20.11,20140900,20141200,20141200
2014-08-29 23:00:00,19.6,20.1,20.1,20140900,20141200,20141200
2014-09-01 23:00:00,19.51,20.09,20.09,20140900,20141200,20141200
2014-09-02 23:00:00,19.2,19.74,19.74,20140900,20141200,20141200
2014-09-03 23:00:00,19.18,19.65,19.65,20140900,20141200,20141200
2014-09-04 23:00:00,19.19,19.66,19.66,20140900,20141200,20141200
2014-09-05 23:00:00,19.13,19.38,19.38,20140900,20141200,20141200
2014-09-08 23:00:00,19.08,19.39,19.39,20140900,20141200,20141200
2014-09-09 23:00:00,18.97,19.38,19.38,20140900,20141200,20141200
2014-09-10 23:00:00,18.97,19.27,19.27,20140900,20141200,20141200
2014-09-11 23:00:00,18.64,18.9,18.9,20140900,20141200,20141200
2014-09-12 23:00:00,18.48,18.75,18.75,20140900,20141200,20141200
2014-09-15 23:00:00,18.63,18.73,18.73,20140900,20141200,20141200
2014-09-16 23:00:00,18.8,19.69,19.69,20141200,20150300,20150300
2014-09-17 23:00:00,18.77,19.69,19.69,20141200,20150300,20150300
2014-09-18 23:00:00,18.65,18.8,18.8,20141200,20150300,20150300
2014-09-19 23:00:00,18.13,18.47,18.47,20141200,20150300,20150300
2014-09-22 23:00:00,17.74,18.0,18.0,20141200,20150300,20150300
2014-09-23 23:00:00,17.85,18.15,18.15,20141200,20150300,20150300
2014-09-24 23:00:00,17.81,18.26,18.26,20141200,20150300,20150300
2014-09-25 23:00:00,17.72,17.87,17.87,20141200,20150300,20150300
2014-09-26 23:00:00,17.58,17.95,17.95,20141200,20150300,20150300
2014-09-29 23:00:00,17.53,17.9,17.9,20141200,20150300,20150300
2014-09-30 23:00:00,17.26,17.51,17.51,20141200,20150300,20150300
2014-10-01 23:00:00,17.31,17.6,17.6,20141200,20150300,20150300
2014-10-02 23:00:00,17.12,17.26,17.26,20141200,20150300,20150300
2014-10-03 23:00:00,16.8,17.29,17.29,20141200,20150300,20150300
2014-10-06 23:00:00,17.16,17.29,17.29,20141200,20150300,20150300
2014-10-07 23:00:00,17.21,17.71,17.71,20141200,20150300,20150300
2014-10-08 23:00:00,17.19,17.45,17.45,20141200,20150300,20150300
2014-10-09 23:00:00,17.67,17.79,17.79,20141200,20150300,20150300
2014-10-10 23:00:00,17.33,17.55,17.55,20141200,20150300,20150300
2014-10-13 23:00:00,17.48,17.54,17.54,20141200,20150300,20150300
2014-10-14 23:00:00,17.49,17.54,17.54,20141200,20150300,20150300
2014-10-15 23:00:00,17.59,17.67,17.67,20141200,20150300,20150300
2014-10-16 23:00:00,17.47,17.39,17.39,20141200,20150300,20150300
2014-10-17 23:00:00,17.34,17.5,17.5,20141200,20150300,20150300
2014-10-20 23:00:00,17.52,17.61,17.61,20141200,20150300,20150300
2014-10-21 23:00:00,17.65,17.64,17.64,20141200,20150300,20150300
2014-10-22 23:00:00,17.33,17.45,17.45,20141200,20150300,20150300
2014-10-23 23:00:00,17.19,17.31,17.31,20141200,20150300,20150300
2014-10-24 23:00:00,17.25,17.47,17.47,20141200,20150300,20150300
2014-10-27 23:00:00,17.23,17.47,17.47,20141200,20150300,20150300
2014-10-28 23:00:00,17.25,17.46,17.46,20141200,20150300,20150300
2014-10-29 23:00:00,17.3,17.39,17.39,20141200,20150300,20150300
2014-10-30 23:00:00,16.43,16.75,16.75,20141200,20150300,20150300
2014-10-31 23:00:00,15.95,16.28,16.28,20141200,20150300,20150300
2014-11-03 23:00:00,16.09,16.21,16.21,20141200,20150300,20150300
2014-11-05 23:00:00,15.55,15.6,15.6,20141200,20150300,20150300
2014-11-06 23:00:00,15.4,15.63,15.63,20141200,20150300,20150300
2014-11-07 23:00:00,15.74,16.0,16.0,20141200,20150300,20150300
2014-11-10 23:00:00,15.59,15.93,15.93,20141200,20150300,20150300
2014-11-11 23:00:00,15.58,15.88,15.88,20141200,20150300,20150300
2014-11-12 23:00:00,15.69,15.97,15.97,20141200,20150300,20150300
2014-11-13 23:00:00,15.68,15.98,15.98,20141200,20150300,20150300
2014-11-14 23:00:00,15.94,15.9,15.9,20141200,20150300,20150300
2014-11-17 23:00:00,16.18,16.45,16.45,20141200,20150300,20150300
2014-11-18 23:00:00,16.23,16.49,16.49,20141200,20150300,20150300
2014-11-19 23:00:00,16.12,16.4,16.4,20141200,20150300,20150300
2014-11-20 23:00:00,16.24,16.43,16.43,20141200,20150300,20150300
2014-11-21 23:00:00,16.5,16.8,16.8,20141200,20150300,20150300
2014-11-24 23:00:00,16.52,16.74,16.74,20141200,20150300,20150300
2014-11-25 23:00:00,16.67,16.9,16.9,20141200,20150300,20150300
2014-11-26 23:00:00,16.61,16.85,16.85,20141200,20150300,20150300
2014-11-27 23:00:00,16.34,16.65,16.65,20141200,20150300,20150300
2014-11-28 23:00:00,15.81,16.17,16.17,20141200,20150300,20150300
2014-12-01 23:00:00,16.24,16.4,16.4,20141200,20150300,20150300
2014-12-02 23:00:00,16.39,16.55,16.55,20141200,20150300,20150300
2014-12-03 23:00:00,16.55,16.6,16.6,20141200,20150300,20150300
2014-12-04 23:00:00,16.59,16.9,16.9,20141200,20150300,20150300
2014-12-05 23:00:00,16.28,16.69,16.69,20141200,20150300,20150300
2014-12-08 23:00:00,16.33,16.42,16.42,20141200,20150300,20150300
2014-12-09 23:00:00,17.1,17.34,17.34,20141200,20150300,20150300
2014-12-10 23:00:00,17.1,17.12,17.12,20141200,20150300,20150300
2014-12-11 23:00:00,17.07,17.3,17.3,20141200,20150300,20150300
2014-12-12 23:00:00,17.02,17.27,17.27,20141200,20150300,20150300
2014-12-15 23:00:00,16.84,16.92,16.92,20141200,20150300,20150300
2014-12-16 23:00:00,15.89,15.89,15.89,20150300,20150600,20150600
2014-12-17 23:00:00,15.72,15.72,15.72,20150300,20150600,20150600
2014-12-18 23:00:00,16.01,16.67,16.67,20150300,20150600,20150600
2014-12-19 23:00:00,16.15,16.67,16.67,20150300,20150600,20150600
2014-12-22 23:00:00,15.91,16.67,16.67,20150300,20150600,20150600
2014-12-23 23:00:00,15.86,16.67,16.67,20150300,20150600,20150600
2014-12-24 23:00:00,15.82,15.82,15.82,20150300,20150600,20150600
2014-12-25 23:00:00,15.76,15.82,15.82,20150300,20150600,20150600
2014-12-26 23:00:00,16.15,15.82,15.82,20150300,20150600,20150600
2014-12-29 23:00:00,15.93,15.82,15.82,20150300,20150600,20150600
2014-12-30 23:00:00,16.45,16.21,16.21,20150300,20150600,20150600
2015-01-05 23:00:00,16.23,16.54,16.54,20150300,20150600,20150600
2015-01-06 23:00:00,16.35,16.85,16.85,20150300,20150600,20150600
2015-01-08 23:00:00,16.59,16.99,16.99,20150300,20150600,20150600
2015-01-09 23:00:00,16.6,17.25,17.25,20150300,20150600,20150600
2015-01-12 23:00:00,16.6,17.1,17.1,20150300,20150600,20150600
2015-01-13 23:00:00,17.1,17.1,17.1,20150300,20150600,20150600
2015-01-14 23:00:00,17.1,16.98,16.98,20150300,20150600,20150600
2015-01-15 23:00:00,17.14,17.79,17.79,20150300,20150600,20150600
2015-01-16 23:00:00,17.6,17.4,17.4,20150300,20150600,20150600
2015-01-19 23:00:00,17.75,18.31,18.31,20150300,20150600,20150600
2015-01-20 23:00:00,18.01,18.31,18.31,20150300,20150600,20150600
2015-01-21 23:00:00,18.12,18.62,18.62,20150300,20150600,20150600
2015-01-22 23:00:00,18.47,18.16,18.16,20150300,20150600,20150600
2015-01-23 23:00:00,18.23,18.16,18.16,20150300,20150600,20150600
2015-01-26 23:00:00,18.01,18.4,18.4,20150300,20150600,20150600
2015-01-27 23:00:00,18.27,18.14,18.14,20150300,20150600,20150600
2015-01-28 23:00:00,18.17,18.14,18.14,20150300,20150600,20150600
2015-01-29 23:00:00,17.34,17.89,17.89,20150300,20150600,20150600
2015-01-30 23:00:00,17.15,17.89,17.89,20150300,20150600,20150600
2015-02-02 23:00:00,17.32,17.89,17.89,20150300,20150600,20150600
2015-02-03 23:00:00,17.23,17.7,17.7,20150300,20150600,20150600
2015-02-04 23:00:00,17.46,17.96,17.96,20150300,20150600,20150600
2015-02-05 23:00:00,17.19,17.96,17.96,20150300,20150600,20150600
2015-02-06 23:00:00,16.85,17.21,17.21,20150300,20150600,20150600
2015-02-09 23:00:00,17.13,17.36,17.36,20150300,20150600,20150600
2015-02-10 23:00:00,17.11,17.27,17.27,20150300,20150600,20150600
2015-02-11 23:00:00,16.86,17.16,17.16,20150300,20150600,20150600
2015-02-12 23:00:00,16.81,17.24,17.24,20150300,20150600,20150600
2015-02-13 23:00:00,17.44,17.6,17.6,20150300,20150600,20150600
2015-02-16 23:00:00,17.4,17.6,17.6,20150300,20150600,20150600
2015-02-17 23:00:00,16.5,16.8,16.8,20150300,20150600,20150600
2015-02-18 23:00:00,16.51,16.8,16.8,20150300,20150600,20150600
2015-02-19 23:00:00,16.54,16.87,16.87,20150300,20150600,20150600
2015-02-20 23:00:00,16.48,16.87,16.87,20150300,20150600,20150600
2015-02-24 23:00:00,16.44,16.73,16.73,20150300,20150600,20150600
2015-02-25 23:00:00,16.56,16.87,16.87,20150300,20150600,20150600
2015-02-26 23:00:00,16.66,17.0,17.0,20150300,20150600,20150600
2015-02-27 23:00:00,16.69,16.95,16.95,20150300,20150600,20150600
2015-03-02 23:00:00,16.62,16.91,16.91,20150300,20150600,20150600
2015-03-03 23:00:00,16.41,16.75,16.75,20150300,20150600,20150600
2015-03-04 23:00:00,16.25,16.57,16.57,20150300,20150600,20150600
2015-03-05 23:00:00,16.39,16.74,16.74,20150300,20150600,20150600
2015-03-06 23:00:00,15.93,16.19,16.19,20150300,20150600,20150600
2015-03-10 23:00:00,15.76,15.97,15.97,20150300,20150600,20150600
2015-03-11 23:00:00,15.37,15.56,15.56,20150300,20150600,20150600
2015-03-12 23:00:00,15.59,15.7,15.7,20150300,20150600,20150600
2015-03-13 23:00:00,15.56,15.7,15.7,20150300,20150600,20150600
2015-03-16 23:00:00,15.57,15.79,15.79,20150300,20150600,20150600
2015-03-17 23:00:00,15.71,16.0,16.0,20150600,20150900,20150900
2015-03-18 23:00:00,15.61,15.9,15.9,20150600,20150900,20150900
2015-03-19 23:00:00,16.18,15.9,15.9,20150600,20150900,20150900
2015-03-20 23:00:00,16.8,15.9,15.9,20150600,20150900,20150900
2015-03-23 23:00:00,16.95,15.9,15.9,20150600,20150900,20150900
2015-03-24 23:00:00,16.92,17.12,17.12,20150600,20150900,20150900
2015-03-25 23:00:00,17.08,17.12,17.12,20150600,20150900,20150900
2015-03-26 23:00:00,17.15,17.56,17.56,20150600,20150900,20150900
2015-03-27 23:00:00,17.05,17.26,17.26,20150600,20150900,20150900
2015-03-30 23:00:00,16.73,17.11,17.11,20150600,20150900,20150900
2015-03-31 23:00:00,16.77,16.88,16.88,20150600,20150900,20150900
2015-04-01 23:00:00,16.9,16.88,16.88,20150600,20150900,20150900
2015-04-02 23:00:00,16.7,16.88,16.88,20150600,20150900,20150900
2015-04-03 23:00:00,17.19,16.88,16.88,20150600,20150900,20150900
2015-04-06 23:00:00,17.27,16.88,16.88,20150600,20150900,20150900
2015-04-07 23:00:00,16.87,17.2,17.2,20150600,20150900,20150900
2015-04-08 23:00:00,16.54,16.81,16.81,20150600,20150900,20150900
2015-04-09 23:00:00,16.25,16.46,16.46,20150600,20150900,20150900
2015-04-10 23:00:00,16.54,16.62,16.62,20150600,20150900,20150900
2015-04-13 23:00:00,16.37,16.45,16.45,20150600,20150900,20150900
2015-04-14 23:00:00,16.35,16.16,16.16,20150600,20150900,20150900
2015-04-15 23:00:00,16.3,16.3,16.3,20150600,20150900,20150900
2015-04-16 23:00:00,16.32,16.29,16.29,20150600,20150900,20150900
2015-04-17 23:00:00,16.36,16.46,16.46,20150600,20150900,20150900
2015-04-20 23:00:00,15.96,16.0,16.0,20150600,20150900,20150900
2015-04-21 23:00:00,15.97,16.05,16.05,20150600,20150900,20150900
2015-04-22 23:00:00,15.81,15.85,15.85,20150600,20150900,20150900
2015-04-23 23:00:00,15.89,15.95,15.95,20150600,20150900,20150900
2015-04-24 23:00:00,15.74,15.73,15.73,20150600,20150900,20150900
2015-04-27 23:00:00,16.43,16.29,16.29,20150600,20150900,20150900
2015-04-28 23:00:00,16.64,16.68,16.68,20150600,20150900,20150900
2015-04-29 23:00:00,16.67,16.72,16.72,20150600,20150900,20150900
2015-04-30 23:00:00,16.05,16.07,16.07,20150600,20150900,20150900
2015-05-05 23:00:00,16.63,16.65,16.65,20150600,20150900,20150900
2015-05-06 23:00:00,16.49,16.59,16.59,20150600,20150900,20150900
2015-05-07 23:00:00,16.35,16.52,16.52,20150600,20150900,20150900
2015-05-08 23:00:00,16.47,16.54,16.54,20150600,20150900,20150900
2015-05-12 23:00:00,16.53,16.54,16.54,20150600,20150900,20150900
2015-05-13 23:00:00,17.17,17.21,17.21,20150600,20150900,20150900
2015-05-14 23:00:00,17.45,17.55,17.55,20150600,20150900,20150900
2015-05-15 23:00:00,17.53,17.62,17.62,20150600,20150900,20150900
2015-05-18 23:00:00,17.75,17.68,17.68,20150600,20150900,20150900
2015-05-19 23:00:00,17.08,17.09,17.09,20150600,20150900,20150900
2015-05-20 23:00:00,17.21,17.23,17.23,20150600,20150900,20150900
2015-05-21 23:00:00,17.17,17.23,17.23,20150600,20150900,20150900
2015-05-22 23:00:00,17.17,17.26,17.26,20150600,20150900,20150900
2015-05-25 23:00:00,17.19,17.18,17.18,20150600,20150900,20150900
2015-05-26 23:00:00,16.81,16.76,16.76,20150600,20150900,20150900
2015-05-27 23:00:00,16.7,16.74,16.74,20150600,20150900,20150900
2015-05-28 23:00:00,16.71,16.67,16.67,20150600,20150900,20150900
2015-05-29 23:00:00,16.73,16.84,16.84,20150600,20150900,20150900
2015-06-01 23:00:00,16.9,16.95,16.95,20150600,20150900,20150900
2015-06-02 23:00:00,16.82,16.83,16.83,20150600,20150900,20150900
2015-06-03 23:00:00,16.6,16.66,16.66,20150600,20150900,20150900
2015-06-04 23:00:00,16.19,16.25,16.25,20150600,20150900,20150900
2015-06-05 23:00:00,16.08,16.16,16.16,20150600,20150900,20150900
2015-06-08 23:00:00,16.0,16.05,16.05,20150600,20150900,20150900
2015-06-09 23:00:00,16.02,16.09,16.09,20150600,20150900,20150900
2015-06-10 23:00:00,16.07,16.14,16.14,20150600,20150900,20150900
2015-06-11 23:00:00,15.96,16.05,16.05,20150600,20150900,20150900
2015-06-15 23:00:00,15.92,16.34,16.34,20150600,20150900,20150900
2015-06-16 23:00:00,16.08,16.04,16.04,20150900,20151200,20151200
2015-06-17 23:00:00,16.16,16.17,16.17,20150900,20151200,20151200
2015-06-18 23:00:00,16.37,16.39,16.39,20150900,20151200,20151200
2015-06-19 23:00:00,16.16,16.05,16.05,20150900,20151200,20151200
2015-06-22 23:00:00,16.27,16.28,16.28,20150900,20151200,20151200
2015-06-23 23:00:00,15.94,15.95,15.95,20150900,20151200,20151200
2015-06-24 23:00:00,15.94,15.9,15.9,20150900,20151200,20151200
2015-06-25 23:00:00,15.95,15.9,15.9,20150900,20151200,20151200
2015-06-26 23:00:00,15.89,15.97,15.97,20150900,20151200,20151200
2015-06-29 23:00:00,15.82,15.84,15.84,20150900,20151200,20151200
2015-06-30 23:00:00,15.78,15.78,15.78,20150900,20151200,20151200
2015-07-01 23:00:00,15.72,15.75,15.75,20150900,20151200,20151200
2015-07-02 23:00:00,15.69,15.81,15.81,20150900,20151200,20151200
2015-07-03 23:00:00,15.77,15.81,15.81,20150900,20151200,20151200
2015-07-06 23:00:00,15.77,15.77,15.77,20150900,20151200,20151200
2015-07-07 23:00:00,15.07,15.02,15.02,20150900,20151200,20151200
2015-07-08 23:00:00,15.23,15.32,15.32,20150900,20151200,20151200
2015-07-09 23:00:00,15.47,15.51,15.51,20150900,20151200,20151200
2015-07-10 23:00:00,15.56,15.55,15.55,20150900,20151200,20151200
2015-07-13 23:00:00,15.57,15.45,15.45,20150900,20151200,20151200
2015-07-14 23:00:00,15.43,15.46,15.46,20150900,20151200,20151200
2015-07-15 23:00:00,15.14,15.14,15.14,20150900,20151200,20151200
2015-07-16 23:00:00,15.11,15.17,15.17,20150900,20151200,20151200
2015-07-17 23:00:00,14.96,15.01,15.01,20150900,20151200,20151200
2015-07-20 23:00:00,15.01,15.01,15.01,20150900,20151200,20151200
2015-07-21 23:00:00,14.88,15.04,15.04,20150900,20151200,20151200
2015-07-22 23:00:00,14.9,14.86,14.86,20150900,20151200,20151200
2015-07-23 23:00:00,14.81,14.83,14.83,20150900,20151200,20151200
2015-07-24 23:00:00,14.59,14.56,14.56,20150900,20151200,20151200
2015-07-27 23:00:00,14.75,14.8,14.8,20150900,20151200,20151200
2015-07-28 23:00:00,14.75,14.77,14.77,20150900,20151200,20151200
2015-07-29 23:00:00,14.88,14.91,14.91,20150900,20151200,20151200
2015-07-30 23:00:00,14.8,14.82,14.82,20150900,20151200,20151200
2015-07-31 23:00:00,14.86,15.02,15.02,20150900,20151200,20151200
2015-08-03 23:00:00,14.65,14.83,14.83,20150900,20151200,20151200
2015-08-04 23:00:00,14.64,14.7,14.7,20150900,20151200,20151200
2015-08-05 23:00:00,14.56,14.75,14.75,20150900,20151200,20151200
2015-08-06 23:00:00,14.7,14.77,14.77,20150900,20151200,20151200
2015-08-07 23:00:00,15.01,15.07,15.07,20150900,20151200,20151200
2015-08-10 23:00:00,15.38,15.45,15.45,20150900,20151200,20151200
2015-08-11 23:00:00,15.32,15.37,15.37,20150900,20151200,20151200
2015-08-12 23:00:00,15.57,15.69,15.69,20150900,20151200,20151200
2015-08-13 23:00:00,15.49,15.54,15.54,20150900,20151200,20151200
2015-08-14 23:00:00,15.25,15.49,15.49,20150900,20151200,20151200
2015-08-17 23:00:00,15.35,15.47,15.47,20150900,20151200,20151200
2015-08-18 23:00:00,14.86,14.98,14.98,20150900,20151200,20151200
2015-08-19 23:00:00,15.24,15.38,15.38,20150900,20151200,20151200
2015-08-20 23:00:00,15.53,15.7,15.7,20150900,20151200,20151200
2015-08-21 23:00:00,15.3,15.39,15.39,20150900,20151200,20151200
2015-08-24 23:00:00,14.91,15.05,15.05,20150900,20151200,20151200
2015-08-25 23:00:00,14.7,14.8,14.8,20150900,20151200,20151200
2015-08-26 23:00:00,14.11,14.21,14.21,20150900,20151200,20151200
2015-08-27 23:00:00,14.57,14.66,14.66,20150900,20151200,20151200
2015-08-28 23:00:00,14.53,14.6,14.6,20150900,20151200,20151200
2015-08-31 23:00:00,14.61,14.67,14.67,20150900,20151200,20151200
2015-09-01 23:00:00,14.6,14.72,14.72,20150900,20151200,20151200
2015-09-02 23:00:00,14.55,14.7,14.7,20150900,20151200,20151200
2015-09-03 23:00:00,14.68,14.75,14.75,20150900,20151200,20151200
2015-09-04 23:00:00,14.63,14.69,14.69,20150900,20151200,20151200
2015-09-07 23:00:00,14.53,14.65,14.65,20150900,20151200,20151200
2015-09-08 23:00:00,14.89,14.99,14.99,20150900,20151200,20151200
2015-09-09 23:00:00,14.65,14.75,14.75,20150900,20151200,20151200
2015-09-10 23:00:00,14.71,14.8,14.8,20150900,20151200,20151200
2015-09-11 23:00:00,14.36,14.52,14.52,20150900,20151200,20151200
2015-09-14 23:00:00,14.38,14.53,14.53,20150900,20151200,20151200
2015-09-15 23:00:00,14.34,14.52,14.52,20150900,20151200,20151200
2015-09-16 23:00:00,14.99,14.96,14.96,20151200,20160300,20160300
2015-09-17 23:00:00,15.11,15.15,15.15,20151200,20160300,20160300
2015-09-18 23:00:00,15.32,15.35,15.35,20151200,20160300,20160300
2015-09-21 23:00:00,15.35,15.4,15.4,20151200,20160300,20160300
2015-09-22 23:00:00,14.96,14.97,14.97,20151200,20160300,20160300
2015-09-23 23:00:00,14.95,15.0,15.0,20151200,20160300,20160300
2015-09-24 23:00:00,15.26,15.24,15.24,20151200,20160300,20160300
2015-09-25 23:00:00,15.24,15.19,15.19,20151200,20160300,20160300
2015-09-28 23:00:00,14.71,14.7,14.7,20151200,20160300,20160300
2015-09-29 23:00:00,14.82,14.86,14.86,20151200,20160300,20160300
2015-09-30 23:00:00,14.68,14.7,14.7,20151200,20160300,20160300
2015-10-01 23:00:00,14.74,14.67,14.67,20151200,20160300,20160300
2015-10-02 23:00:00,15.32,15.42,15.42,20151200,20160300,20160300
2015-10-05 23:00:00,15.68,15.86,15.86,20151200,20160300,20160300
2015-10-06 23:00:00,16.09,16.26,16.26,20151200,20160300,20160300
2015-10-07 23:00:00,16.01,16.11,16.11,20151200,20160300,20160300
2015-10-08 23:00:00,15.77,15.8,15.8,20151200,20160300,20160300
2015-10-09 23:00:00,15.93,15.95,15.95,20151200,20160300,20160300
2015-10-12 23:00:00,15.97,16.05,16.05,20151200,20160300,20160300
2015-10-13 23:00:00,16.04,15.85,15.85,20151200,20160300,20160300
2015-10-14 23:00:00,16.21,16.3,16.3,20151200,20160300,20160300
2015-10-15 23:00:00,16.27,16.15,16.15,20151200,20160300,20160300
2015-10-16 23:00:00,16.16,16.27,16.27,20151200,20160300,20160300
2015-10-19 23:00:00,15.9,15.98,15.98,20151200,20160300,20160300
2015-10-20 23:00:00,15.91,16.08,16.08,20151200,20160300,20160300
2015-10-21 23:00:00,15.82,15.94,15.94,20151200,20160300,20160300
2015-10-22 23:00:00,15.91,16.01,16.01,20151200,20160300,20160300
2015-10-23 23:00:00,15.92,16.02,16.02,20151200,20160300,20160300
2015-10-26 23:00:00,16.01,16.08,16.08,20151200,20160300,20160300
2015-10-27 23:00:00,16.02,16.14,16.14,20151200,20160300,20160300
2015-10-28 23:00:00,16.39,16.5,16.5,20151200,20160300,20160300
2015-10-29 23:00:00,15.75,15.85,15.85,20151200,20160300,20160300
2015-10-30 23:00:00,15.62,15.79,15.79,20151200,20160300,20160300
2015-11-02 23:00:00,15.39,15.5,15.5,20151200,20160300,20160300
2015-11-03 23:00:00,15.36,15.49,15.49,20151200,20160300,20160300
2015-11-05 23:00:00,15.06,15.17,15.17,20151200,20160300,20160300
2015-11-06 23:00:00,14.87,14.99,14.99,20151200,20160300,20160300
2015-11-09 23:00:00,14.71,14.74,14.74,20151200,20160300,20160300
2015-11-10 23:00:00,14.45,14.55,14.55,20151200,20160300,20160300
2015-11-11 23:00:00,14.45,14.53,14.53,20151200,20160300,20160300
2015-11-12 23:00:00,14.38,14.49,14.49,20151200,20160300,20160300
2015-11-13 23:00:00,14.32,14.43,14.43,20151200,20160300,20160300
2015-11-16 23:00:00,14.34,14.46,14.46,20151200,20160300,20160300
2015-11-17 23:00:00,14.29,14.4,14.4,20151200,20160300,20160300
2015-11-18 23:00:00,14.19,14.3,14.3,20151200,20160300,20160300
2015-11-19 23:00:00,14.41,14.49,14.49,20151200,20160300,20160300
2015-11-20 23:00:00,14.26,14.39,14.39,20151200,20160300,20160300
2015-11-23 23:00:00,14.15,14.13,14.13,20151200,20160300,20160300
2015-11-24 23:00:00,14.24,14.46,14.46,20151200,20160300,20160300
2015-11-25 23:00:00,14.2,14.26,14.26,20151200,20160300,20160300
2015-11-26 23:00:00,14.32,14.46,14.46,20151200,20160300,20160300
2015-11-27 23:00:00,14.17,14.29,14.29,20151200,20160300,20160300
2015-11-30 23:00:00,14.19,14.35,14.35,20151200,20160300,20160300
2015-12-01 23:00:00,14.18,14.3,14.3,20151200,20160300,20160300
2015-12-02 23:00:00,14.14,14.26,14.26,20151200,20160300,20160300
2015-12-03 23:00:00,14.07,14.19,14.19,20151200,20160300,20160300
2015-12-04 23:00:00,14.66,14.73,14.73,20151200,20160300,20160300
2015-12-07 23:00:00,14.51,14.56,14.56,20151200,20160300,20160300
2015-12-08 23:00:00,14.23,14.37,14.37,20151200,20160300,20160300
2015-12-09 23:00:00,14.33,14.46,14.46,20151200,20160300,20160300
2015-12-10 23:00:00,14.23,14.38,14.38,20151200,20160300,20160300
2015-12-11 23:00:00,13.98,14.12,14.12,20151200,20160300,20160300
2015-12-14 23:00:00,13.77,13.98,13.98,20151200,20160300,20160300
2015-12-15 23:00:00,13.75,13.99,13.99,20151200,20160300,20160300
2015-12-16 23:00:00,14.33,14.55,14.55,20160300,20160600,20160600
2015-12-17 23:00:00,13.92,14.19,14.19,20160300,20160600,20160600
2015-12-18 23:00:00,14.25,14.21,14.21,20160300,20160600,20160600
2015-12-21 23:00:00,14.44,14.41,14.41,20160300,20160600,20160600
2015-12-22 23:00:00,14.45,14.49,14.49,20160300,20160600,20160600
2015-12-23 23:00:00,14.47,14.49,14.49,20160300,20160600,20160600
2015-12-24 23:00:00,14.49,14.5,14.5,20160300,20160600,20160600
2015-12-25 23:00:00,14.45,14.5,14.5,20160300,20160600,20160600
2015-12-28 23:00:00,14.1,14.15,14.15,20160300,20160600,20160600
2015-12-29 23:00:00,14.16,14.17,14.17,20160300,20160600,20160600
2015-12-30 23:00:00,13.99,14.0,14.0,20160300,20160600,20160600
2016-01-04 23:00:00,14.07,14.29,14.29,20160300,20160600,20160600
2016-01-05 23:00:00,14.06,14.2,14.2,20160300,20160600,20160600
2016-01-06 23:00:00,14.04,14.25,14.25,20160300,20160600,20160600
2016-01-11 23:00:00,14.08,14.24,14.24,20160300,20160600,20160600
2016-01-12 23:00:00,13.86,13.95,13.95,20160300,20160600,20160600
2016-01-13 23:00:00,14.24,14.31,14.31,20160300,20160600,20160600
2016-01-14 23:00:00,13.89,13.98,13.98,20160300,20160600,20160600
2016-01-15 23:00:00,13.99,14.1,14.1,20160300,20160600,20160600
2016-01-18 23:00:00,14.02,14.08,14.08,20160300,20160600,20160600
2016-01-19 23:00:00,14.14,14.21,14.21,20160300,20160600,20160600
2016-01-20 23:00:00,14.15,14.31,14.31,20160300,20160600,20160600
2016-01-21 23:00:00,13.99,14.08,14.08,20160300,20160600,20160600
2016-01-22 23:00:00,14.38,14.35,14.35,20160300,20160600,20160600
2016-01-25 23:00:00,14.3,14.32,14.32,20160300,20160600,20160600
2016-01-26 23:00:00,14.47,14.55,14.55,20160300,20160600,20160600
2016-01-27 23:00:00,14.51,14.58,14.58,20160300,20160600,20160600
2016-01-28 23:00:00,14.32,14.46,14.46,20160300,20160600,20160600
2016-01-29 23:00:00,14.33,14.41,14.41,20160300,20160600,20160600
2016-02-01 23:00:00,14.41,14.54,14.54,20160300,20160600,20160600
2016-02-02 23:00:00,14.42,14.53,14.53,20160300,20160600,20160600
2016-02-03 23:00:00,14.68,14.81,14.81,20160300,20160600,20160600
2016-02-04 23:00:00,14.87,15.1,15.1,20160300,20160600,20160600
2016-02-05 23:00:00,14.84,14.93,14.93,20160300,20160600,20160600
2016-02-08 23:00:00,15.38,15.5,15.5,20160300,20160600,20160600
2016-02-09 23:00:00,15.44,15.51,15.51,20160300,20160600,20160600
2016-02-10 23:00:00,15.23,15.44,15.44,20160300,20160600,20160600
2016-02-11 23:00:00,15.78,15.9,15.9,20160300,20160600,20160600
2016-02-12 23:00:00,15.81,15.9,15.9,20160300,20160600,20160600
2016-02-15 23:00:00,15.34,15.44,15.44,20160300,20160600,20160600
2016-02-16 23:00:00,15.42,15.59,15.59,20160300,20160600,20160600
2016-02-17 23:00:00,15.41,15.4,15.4,20160300,20160600,20160600
2016-02-18 23:00:00,15.41,15.48,15.48,20160300,20160600,20160600
2016-02-19 23:00:00,15.44,15.58,15.58,20160300,20160600,20160600
2016-02-20 23:00:00,15.39,15.58,15.58,20160300,20160600,20160600
2016-02-22 23:00:00,15.26,15.4,15.4,20160300,20160600,20160600
2016-02-24 23:00:00,15.57,15.73,15.73,20160300,20160600,20160600
2016-02-25 23:00:00,15.2,15.25,15.25,20160300,20160600,20160600
2016-02-26 23:00:00,14.93,15.05,15.05,20160300,20160600,20160600
2016-02-29 23:00:00,14.85,14.97,14.97,20160300,20160600,20160600
2016-03-01 23:00:00,14.82,14.9,14.9,20160300,20160600,20160600
2016-03-02 23:00:00,15.01,15.14,15.14,20160300,20160600,20160600
2016-03-03 23:00:00,15.17,15.31,15.31,20160300,20160600,20160600
2016-03-04 23:00:00,15.7,15.9,15.9,20160300,20160600,20160600
2016-03-07 23:00:00,15.71,15.85,15.85,20160300,20160600,20160600
2016-03-09 23:00:00,15.41,15.57,15.57,20160300,20160600,20160600
2016-03-10 23:00:00,15.54,15.72,15.72,20160300,20160600,20160600
2016-03-11 23:00:00,15.6,15.74,15.74,20160300,20160600,20160600
2016-03-14 23:00:00,15.44,15.57,15.57,20160300,20160600,20160600
2016-03-15 23:00:00,15.29,15.41,15.41,20160300,20160600,20160600
2016-03-16 23:00:00,15.4,15.4,15.4,20160600,20160900,20160900
2016-03-17 23:00:00,15.99,16.05,16.05,20160600,20160900,20160900
2016-03-18 23:00:00,15.89,15.95,15.95,20160600,20160900,20160900
2016-03-21 23:00:00,15.92,15.9,15.9,20160600,20160900,20160900
2016-03-22 23:00:00,15.93,15.96,15.96,20160600,20160900,20160900
2016-03-23 23:00:00,15.37,15.35,15.35,20160600,20160900,20160900
2016-03-24 23:00:00,15.32,15.32,15.32,20160600,20160900,20160900
2016-03-25 23:00:00,15.26,15.24,15.24,20160600,20160900,20160900
2016-03-28 23:00:00,15.32,15.35,15.35,20160600,20160900,20160900
2016-03-29 23:00:00,15.25,15.25,15.25,20160600,20160900,20160900
2016-03-30 23:00:00,15.3,15.31,15.31,20160600,20160900,20160900
2016-03-31 23:00:00,15.51,15.55,15.55,20160600,20160900,20160900
2016-04-01 23:00:00,14.94,14.95,14.95,20160600,20160900,20160900
2016-04-04 23:00:00,15.09,15.09,15.09,20160600,20160900,20160900
2016-04-05 23:00:00,15.22,15.21,15.21,20160600,20160900,20160900
2016-04-06 23:00:00,15.23,15.12,15.12,20160600,20160900,20160900
2016-04-07 23:00:00,15.38,15.36,15.36,20160600,20160900,20160900
2016-04-08 23:00:00,15.4,15.28,15.28,20160600,20160900,20160900
2016-04-11 23:00:00,15.95,15.86,15.86,20160600,20160900,20160900
2016-04-12 23:00:00,16.25,16.23,16.23,20160600,20160900,20160900
2016-04-13 23:00:00,16.3,16.35,16.35,20160600,20160900,20160900
2016-04-14 23:00:00,16.17,16.3,16.3,20160600,20160900,20160900
2016-04-15 23:00:00,16.34,16.35,16.35,20160600,20160900,20160900
2016-04-18 23:00:00,16.35,16.31,16.31,20160600,20160900,20160900
2016-04-19 23:00:00,17.04,17.05,17.05,20160600,20160900,20160900
2016-04-20 23:00:00,17.21,17.19,17.19,20160600,20160900,20160900
2016-04-21 23:00:00,17.15,17.14,17.14,20160600,20160900,20160900
2016-04-22 23:00:00,17.12,17.2,17.2,20160600,20160900,20160900
2016-04-25 23:00:00,17.11,17.17,17.17,20160600,20160900,20160900
2016-04-26 23:00:00,17.15,17.15,17.15,20160600,20160900,20160900
2016-04-27 23:00:00,17.23,17.19,17.19,20160600,20160900,20160900
2016-04-28 23:00:00,17.61,17.65,17.65,20160600,20160900,20160900
2016-04-29 23:00:00,17.93,17.92,17.92,20160600,20160900,20160900
2016-05-04 23:00:00,17.38,17.5,17.5,20160600,20160900,20160900
2016-05-05 23:00:00,17.36,17.4,17.4,20160600,20160900,20160900
2016-05-06 23:00:00,17.63,17.63,17.63,20160600,20160900,20160900
2016-05-10 23:00:00,17.12,17.08,17.08,20160600,20160900,20160900
2016-05-11 23:00:00,17.44,17.42,17.42,20160600,20160900,20160900
2016-05-12 23:00:00,17.13,17.1,17.1,20160600,20160900,20160900
2016-05-13 23:00:00,17.12,17.15,17.15,20160600,20160900,20160900
2016-05-16 23:00:00,17.25,17.33,17.33,20160600,20160900,20160900
2016-05-17 23:00:00,17.32,17.36,17.36,20160600,20160900,20160900
2016-05-18 23:00:00,17.15,17.13,17.13,20160600,20160900,20160900
2016-05-19 23:00:00,16.5,16.49,16.49,20160600,20160900,20160900
2016-05-20 23:00:00,16.52,16.65,16.65,20160600,20160900,20160900
2016-05-23 23:00:00,16.46,16.46,16.46,20160600,20160900,20160900
2016-05-24 23:00:00,16.31,16.35,16.35,20160600,20160900,20160900
2016-05-25 23:00:00,16.36,16.4,16.4,20160600,20160900,20160900
2016-05-26 23:00:00,16.43,16.4,16.4,20160600,20160900,20160900
2016-05-27 23:00:00,16.29,16.29,16.29,20160600,20160900,20160900
2016-05-30 23:00:00,16.07,16.12,16.12,20160600,20160900,20160900
2016-05-31 23:00:00,16.03,16.07,16.07,20160600,20160900,20160900
2016-06-01 23:00:00,16.03,16.03,16.03,20160600,20160900,20160900
2016-06-02 23:00:00,16.05,16.05,16.05,20160600,20160900,20160900
2016-06-03 23:00:00,16.38,16.41,16.41,20160600,20160900,20160900
2016-06-06 23:00:00,16.48,16.5,16.5,20160600,20160900,20160900
2016-06-07 23:00:00,16.43,16.44,16.44,20160600,20160900,20160900
2016-06-08 23:00:00,17.06,17.09,17.09,20160600,20160900,20160900
2016-06-09 23:00:00,17.26,17.31,17.31,20160600,20160900,20160900
2016-06-10 23:00:00,17.25,17.28,17.28,20160600,20160900,20160900
2016-06-14 23:00:00,17.33,17.42,17.42,20160600,20160900,20160900
2016-06-15 23:00:00,17.5,17.59,17.59,20160600,20160900,20160900
2016-06-16 23:00:00,17.79,17.79,17.79,20160900,20161200,20161200
2016-06-17 23:00:00,17.41,17.41,17.41,20160900,20161200,20161200
2016-06-20 23:00:00,17.57,17.57,17.57,20160900,20161200,20161200
2016-06-21 23:00:00,17.36,17.36,17.36,20160900,20161200,20161200
2016-06-22 23:00:00,17.39,17.39,17.39,20160900,20161200,20161200
2016-06-23 23:00:00,17.39,17.39,17.39,20160900,20161200,20161200
2016-06-24 23:00:00,17.82,17.82,17.82,20160900,20161200,20161200
2016-06-27 23:00:00,17.75,17.75,17.75,20160900,20161200,20161200
2016-06-28 23:00:00,17.87,17.87,17.87,20160900,20161200,20161200
2016-06-29 23:00:00,18.39,18.39,18.39,20160900,20161200,20161200
2016-06-30 23:00:00,18.49,18.49,18.49,20160900,20161200,20161200
2016-07-01 23:00:00,19.49,19.49,19.49,20160900,20161200,20161200
2016-07-04 23:00:00,20.4,20.4,20.4,20160900,20161200,20161200
2016-07-05 23:00:00,19.76,19.76,19.76,20160900,20161200,20161200
2016-07-06 23:00:00,20.11,20.11,20.11,20160900,20161200,20161200
2016-07-07 23:00:00,19.66,19.66,19.66,20160900,20161200,20161200
2016-07-08 23:00:00,19.91,19.91,19.91,20160900,20161200,20161200
2016-07-11 23:00:00,20.38,20.38,20.38,20160900,20161200,20161200
2016-07-12 23:00:00,20.35,20.35,20.35,20160900,20161200,20161200
2016-07-13 23:00:00,20.31,20.31,20.31,20160900,20161200,20161200
2016-07-14 23:00:00,20.3,20.3,20.3,20160900,20161200,20161200
2016-07-15 23:00:00,20.14,20.14,20.14,20160900,20161200,20161200
2016-07-18 23:00:00,20.01,20.01,20.01,20160900,20161200,20161200
2016-07-19 23:00:00,19.96,19.96,19.96,20160900,20161200,20161200
2016-07-20 23:00:00,19.62,19.62,19.62,20160900,20161200,20161200
2016-07-21 23:00:00,19.72,19.72,19.72,20160900,20161200,20161200
2016-07-22 23:00:00,19.67,19.67,19.67,20160900,20161200,20161200
2016-07-25 23:00:00,19.65,19.65,19.65,20160900,20161200,20161200
2016-07-26 23:00:00,19.65,19.65,19.65,20160900,20161200,20161200
2016-07-27 23:00:00,19.99,19.99,19.99,20160900,20161200,20161200
2016-07-28 23:00:00,20.18,20.18,20.18,20160900,20161200,20161200
2016-07-29 23:00:00,20.3,20.3,20.3,20160900,20161200,20161200
2016-08-01 23:00:00,20.55,20.55,20.55,20160900,20161200,20161200
2016-08-02 23:00:00,20.65,20.65,20.65,20160900,20161200,20161200
2016-08-03 23:00:00,20.46,20.46,20.46,20160900,20161200,20161200
2016-08-04 23:00:00,20.45,20.45,20.45,20160900,20161200,20161200
2016-08-05 23:00:00,19.82,19.82,19.82,20160900,20161200,20161200
2016-08-08 23:00:00,19.84,19.84,19.84,20160900,20161200,20161200
2016-08-09 23:00:00,19.91,19.91,19.91,20160900,20161200,20161200
2016-08-10 23:00:00,20.26,20.26,20.26,20160900,20161200,20161200
2016-08-11 23:00:00,20.14,20.14,20.14,20160900,20161200,20161200
2016-08-12 23:00:00,20.17,20.17,20.17,20160900,20161200,20161200
2016-08-15 23:00:00,19.92,19.92,19.92,20160900,20161200,20161200
2016-08-16 23:00:00,19.95,19.95,19.95,20160900,20161200,20161200
2016-08-17 23:00:00,19.66,19.66,19.66,20160900,20161200,20161200
2016-08-18 23:00:00,19.78,19.78,19.78,20160900,20161200,20161200
2016-08-19 23:00:00,19.4,19.4,19.4,20160900,20161200,20161200
2016-08-22 23:00:00,18.94,18.94,18.94,20160900,20161200,20161200
2016-08-23 23:00:00,18.94,18.94,18.94,20160900,20161200,20161200
2016-08-24 23:00:00,18.59,18.59,18.59,20160900,20161200,20161200
2016-08-25 23:00:00,18.6,18.6,18.6,20160900,20161200,20161200
2016-08-26 23:00:00,18.78,18.78,18.78,20160900,20161200,20161200
2016-08-29 23:00:00,18.78,18.78,18.78,20160900,20161200,20161200
2016-08-30 23:00:00,18.65,18.65,18.65,20160900,20161200,20161200
2016-08-31 23:00:00,18.69,18.69,18.69,20160900,20161200,20161200
2016-09-01 23:00:00,18.85,18.85,18.85,20160900,20161200,20161200
2016-09-02 23:00:00,19.23,19.23,19.23,20160900,20161200,20161200
2016-09-05 23:00:00,19.56,19.56,19.56,20160900,20161200,20161200
2016-09-06 23:00:00,19.8,19.8,19.8,20160900,20161200,20161200
2016-09-07 23:00:00,19.77,19.77,19.77,20160900,20161200,20161200
2016-09-08 23:00:00,19.69,19.69,19.69,20160900,20161200,20161200
2016-09-09 23:00:00,19.38,19.38,19.38,20160900,20161200,20161200
2016-09-12 23:00:00,18.89,18.89,18.89,20160900,20161200,20161200
2016-09-13 23:00:00,18.94,18.94,18.94,20160900,20161200,20161200
2016-09-14 23:00:00,19.0,19.0,19.0,20160900,20161200,20161200
2016-09-15 23:00:00,18.96,18.96,18.96,20160900,20161200,20161200
2016-09-19 23:00:00,18.96,19.32,19.32,20160900,20161200,20161200
2016-09-20 23:00:00,18.96,19.31,19.31,20160900,20161200,20161200
2016-09-21 23:00:00,18.96,19.77,19.77,20160900,20161200,20161200
2016-09-22 23:00:00,18.96,20.05,20.05,20160900,20161200,20161200
2016-09-23 23:00:00,18.96,19.82,19.82,20160900,20161200,20161200
2016-09-26 23:00:00,18.96,19.68,19.68,20160900,20161200,20161200
2016-09-27 23:00:00,18.96,19.2,19.2,20160900,20161200,20161200
2016-09-28 23:00:00,18.96,19.09,19.09,20160900,20161200,20161200
2016-09-29 23:00:00,18.96,19.22,19.22,20160900,20161200,20161200
2016-09-30 23:00:00,18.96,19.51,19.51,20160900,20161200,20161200
2016-10-03 23:00:00,18.96,19.08,19.08,20160900,20161200,20161200
2016-10-04 23:00:00,18.96,18.19,18.19,20160900,20161200,20161200
2016-10-05 23:00:00,18.96,17.79,17.79,20160900,20161200,20161200
2016-10-06 23:00:00,18.96,17.36,17.36,20160900,20161200,20161200
2016-10-07 23:00:00,18.96,17.26,17.26,20160900,20161200,20161200
2016-10-10 23:00:00,18.96,17.75,17.75,20160900,20161200,20161200
2016-10-11 23:00:00,18.96,17.68,17.68,20160900,20161200,20161200
2016-10-12 23:00:00,18.96,17.55,17.55,20160900,20161200,20161200
2016-10-13 23:00:00,18.96,17.55,17.55,20160900,20161200,20161200
2016-10-14 23:00:00,18.96,17.53,17.53,20160900,20161200,20161200
2016-10-17 23:00:00,18.96,17.53,17.53,20160900,20161200,20161200
2016-10-18 23:00:00,18.96,17.78,17.78,20160900,20161200,20161200
2016-10-19 23:00:00,18.96,17.79,17.79,20160900,20161200,20161200
2016-10-20 23:00:00,18.96,17.61,17.61,20160900,20161200,20161200
2016-10-21 23:00:00,18.96,17.56,17.56,20160900,20161200,20161200
2016-10-24 23:00:00,18.96,17.68,17.68,20160900,20161200,20161200
2016-10-25 23:00:00,18.96,17.84,17.84,20160900,20161200,20161200
2016-10-26 23:00:00,18.96,17.75,17.75,20160900,20161200,20161200
2016-10-27 23:00:00,18.96,17.7,17.7,20160900,20161200,20161200
2016-10-28 23:00:00,18.96,17.73,17.73,20160900,20161200,20161200
2016-10-31 23:00:00,18.96,17.87,17.87,20160900,20161200,20161200
2016-11-01 23:00:00,18.96,18.46,18.46,20160900,20161200,20161200
2016-11-02 23:00:00,18.96,18.7,18.7,20160900,20161200,20161200
2016-11-03 23:00:00,18.96,18.36,18.36,20160900,20161200,20161200
2016-11-07 23:00:00,18.96,18.21,18.21,20160900,20161200,20161200
2016-11-08 23:00:00,18.96,18.69,18.69,20160900,20161200,20161200
2016-11-09 23:00:00,18.96,18.72,18.72,20160900,20161200,20161200
2016-11-10 23:00:00,18.96,18.65,18.65,20160900,20161200,20161200
2016-11-11 23:00:00,18.96,17.92,17.92,20160900,20161200,20161200
2016-11-14 23:00:00,18.96,16.86,16.86,20160900,20161200,20161200
2016-11-15 23:00:00,18.96,17.14,17.14,20160900,20161200,20161200
2016-11-16 23:00:00,18.96,16.95,16.95,20160900,20161200,20161200
2016-11-17 23:00:00,18.96,17.01,17.01,20160900,20161200,20161200
2016-11-18 23:00:00,18.96,16.55,16.55,20160900,20161200,20161200
2016-11-21 23:00:00,18.96,16.7,16.7,20160900,20161200,20161200
2016-11-22 23:00:00,18.96,16.65,16.65,20160900,20161200,20161200
2016-11-23 23:00:00,18.96,16.28,16.28,20160900,20161200,20161200
2016-11-24 23:00:00,18.96,16.44,16.44,20160900,20161200,20161200
2016-11-25 23:00:00,18.96,16.56,16.56,20160900,20161200,20161200
2016-11-28 23:00:00,18.96,16.69,16.69,20160900,20161200,20161200
2016-11-29 23:00:00,18.96,16.6,16.6,20160900,20161200,20161200
2016-11-30 23:00:00,18.96,16.64,16.64,20160900,20161200,20161200
2016-12-01 23:00:00,18.96,16.46,16.46,20160900,20161200,20161200
2016-12-02 23:00:00,18.96,16.73,16.73,20160900,20161200,20161200
2016-12-05 23:00:00,18.96,16.68,16.68,20160900,20161200,20161200
2016-12-06 23:00:00,18.96,16.86,16.86,20160900,20161200,20161200
2016-12-07 23:00:00,18.96,17.11,17.11,20160900,20161200,20161200
2016-12-08 23:00:00,18.96,17.04,17.04,20160900,20161200,20161200
2016-12-09 23:00:00,18.96,16.93,16.93,20160900,20161200,20161200
2016-12-12 23:00:00,18.96,17.12,17.12,20160900,20161200,20161200
2016-12-13 23:00:00,18.96,16.8,16.8,20160900,20161200,20161200
2016-12-14 23:00:00,18.96,17.2,17.2,20160900,20161200,20161200
2016-12-15 23:00:00,18.96,16.13,16.13,20160900,20161200,20161200
